{
  "list": [
    {
      "id": 1,
      "localizeId": "RailBuffForLine2_A_ALLY",
      "iconId": "",
      "battleBuffKeyword": [
        "RailBuffForLine2_A_ALLY"
      ]
    },
    {
      "id": 2,
      "localizeId": "RailBuffForLine2_B_ALLY",
      "iconId": "",
      "battleBuffKeyword": [
        "RailBuffForLine2_B_ALLY"
      ]
    },
    {
      "id": 3,
      "localizeId": "RailBuffForLine2_C_ALLY",
      "iconId": "",
      "battleBuffKeyword": [
        "RailBuffForLine2_C_ALLY"
      ]
    },
    {
      "id": 4,
      "localizeId": "RailBuffForLine2_D_ALLY",
      "iconId": "",
      "battleBuffKeyword": [
        "RailBuffForLine2_D_ALLY"
      ]
    },
    {
      "id": 5,
      "localizeId": "RailBuffForLine2_E_ALLY",
      "iconId": "",
      "battleBuffKeyword": [
        "RailBuffForLine2_E_ALLY"
      ]
    },
    {
      "id": 6,
      "localizeId": "RailBuffForLine2_F_ALLY",
      "iconId": "",
      "battleBuffKeyword": [
        "RailBuffForLine2_F_ALLY"
      ]
    },
    {
      "id": 7,
      "localizeId": "RailBuffForLine2_G_ALLY",
      "iconId": "",
      "battleBuffKeyword": [
        "RailBuffForLine2_G_ALLY"
      ]
    },
    {
      "id": 8,
      "localizeId": "RailBuffForLine2_H_ALLY",
      "iconId": "",
      "battleBuffKeyword": [
        "RailBuffForLine2_H_ALLY"
      ]
    },
    {
      "id": 9,
      "localizeId": "RailBuffForLine2_I_ALLY",
      "iconId": "",
      "battleBuffKeyword": [
        "RailBuffForLine2_I_ALLY"
      ]
    },
    {
      "id": 10,
      "localizeId": "RailBuffForLine2_J_ALLY",
      "iconId": "",
      "battleBuffKeyword": [
        "RailBuffForLine2_J_ALLY"
      ]
    },
    {
      "id": 11,
      "localizeId": "RailBuffForLine2_K_ALLY",
      "iconId": "",
      "intermissionBuffList": [
        {
          "key": "HealHpPercentageForAll",
          "value": 0.25
        }
      ]
    },
    {
      "id": 12,
      "localizeId": "RailBuffForLine2_L_ALLY",
      "iconId": "",
      "intermissionBuffList": [
        {
          "key": "HealHpMaxForSelected",
          "value": 1
        }
      ]
    },
    {
      "id": 13,
      "localizeId": "RailBuffForLine2_B_ENEMY",
      "iconId": "",
      "battleBuffKeyword": [
        "RailBuffForLine2_B_ENEMY"
      ]
    },
    {
      "id": 14,
      "localizeId": "RailBuffForLine2_C_ENEMY",
      "iconId": "",
      "battleBuffKeyword": [
        "RailBuffForLine2_C_ENEMY"
      ]
    },
    {
      "id": 15,
      "localizeId": "RailBuffForLine2_D_ENEMY",
      "iconId": "",
      "battleBuffKeyword": [
        "RailBuffForLine2_D_ENEMY"
      ]
    },
    {
      "id": 16,
      "localizeId": "RailBuffForLine2_E_ENEMY",
      "iconId": "",
      "battleBuffKeyword": [
        "RailBuffForLine2_E_ENEMY"
      ]
    },
    {
      "id": 17,
      "localizeId": "RailBuffForLine2_F_ENEMY",
      "iconId": "",
      "battleBuffKeyword": [
        "RailBuffForLine2_F_ENEMY"
      ]
    },
    {
      "id": 18,
      "localizeId": "RailBuffForLine2_T_ALLY",
      "iconId": "",
      "intermissionBuffList": [
        {
          "key": "ResurrectForSelected",
          "value": 1
        }
      ]
    },
    {
      "id": 19,
      "localizeId": "RailBuffForLine2_A_ENEMY",
      "iconId": "",
      "battleBuffKeyword": [
        "RailBuffForLine2_A_ENEMY"
      ]
    },
    {
      "id": 20,
      "localizeId": "RailBuffForLine2_M_ALLY",
      "iconId": "",
      "battleBuffKeyword": [
        "RailBuffForLine2_M_ALLY"
      ]
    },
    {
      "id": 21,
      "localizeId": "RailBuffForLine2_N_ALLY",
      "iconId": "",
      "battleBuffKeyword": [
        "RailBuffForLine2_N_ALLY"
      ]
    },
    {
      "id": 22,
      "localizeId": "RailBuffForLine2_O_ALLY",
      "iconId": "",
      "battleBuffKeyword": [
        "RailBuffForLine2_O_ALLY"
      ]
    },
    {
      "id": 23,
      "localizeId": "RailBuffForLine2_P_ALLY",
      "iconId": "",
      "battleBuffKeyword": [
        "RailBuffForLine2_P_ALLY"
      ]
    },
    {
      "id": 24,
      "localizeId": "RailBuffForLine2_Q_ALLY",
      "iconId": "",
      "battleBuffKeyword": [
        "RailBuffForLine2_Q_ALLY"
      ]
    },
    {
      "id": 25,
      "localizeId": "RailBuffForLine2_R_ALLY",
      "iconId": "",
      "battleBuffKeyword": [
        "RailBuffForLine2_R_ALLY"
      ]
    },
    {
      "id": 26,
      "localizeId": "RailBuffForLine2_S_ALLY",
      "iconId": "",
      "battleBuffKeyword": [
        "RailBuffForLine2_S_ALLY"
      ]
    }
  ]
}