{
  "list": [
    {
      "id": 20605,
      "characterId": 6,
      "egoType": "TETH"
    },
    {
      "id": 20205,
      "characterId": 2,
      "egoType": "TETH"
    },
    {
      "id": 21005,
      "characterId": 10,
      "egoType": "HE"
    },
    {
      "id": 20904,
      "characterId": 9,
      "egoType": "TETH"
    },
    {
      "id": 20406,
      "characterId": 4,
      "egoType": "TETH"
    },
    {
      "id": 20805,
      "characterId": 8,
      "egoType": "WAW"
    }
  ]
}