{
  "list": [
    {
      "id": 21206,
      "characterId": 12,
      "egoType": "TETH"
    },
    {
      "id": 20106,
      "characterId": 1,
      "egoType": "TETH"
    },
    {
      "id": 20306,
      "characterId": 3,
      "egoType": "HE"
    },
    {
      "id": 20506,
      "characterId": 5,
      "egoType": "TETH"
    },
    {
      "id": 21106,
      "characterId": 11,
      "egoType": "TETH"
    },
    {
      "id": 20706,
      "characterId": 7,
      "egoType": "WAW"
    }
  ]
}