{
  "list": [
    {
      "category": "SPECIAL",
      "productList": [
        {
          "tab": "LIMITED",
          "productIdList": [
            202,
            203,
            204
          ]
        }
      ]
    },
    {
      "category": "PACKAGE",
      "productList": [
        {
          "tab": "LIMITED",
          "productIdList": [
            401,
            201,
            124,
            125,
            111
          ]
        },
        {
          "tab": "WEEKLY",
          "productIdList": [
            131,
            143,
            134
          ]
        },
        {
          "tab": "MONTHLY",
          "productIdList": [
            101,
            141,
            142
          ]
        }
      ]
    },
    {
      "category": "GROWTH",
      "productList": [
        {
          "tab": "WEEKLY",
          "productIdList": [
            150,
            136
          ]
        },
        {
          "tab": "MONTHLY",
          "productIdList": [
            102,
            103,
            151,
            152,
            153,
            147,
            148,
            149
          ]
        }
      ]
    },
    {
      "category": "LUNACY",
      "productList": [
        {
          "tab": "ALWAYS",
          "productIdList": [
            1,
            2,
            3,
            4,
            5,
            6,
            11,
            12,
            13,
            14,
            15,
            16
          ]
        },
        {
          "tab": "MONTHLY",
          "productIdList": [
            21,
            22
          ]
        }
      ]
    }
  ]
}