{
  "list": [
    {
      "lobotomyStageType": 2,
      "stageId": 10558,
      "ordealStartSoundPath": "UI/UI_Tentacle_Start",
      "ordealClearSoundPath": "UI/UI_Tentacle_End",
      "ordealActTypoInfoList": [
        {
          "ordealActTypoType": 3,
          "referenceValue": 1,
          "textId1": "2"
        },
        {
          "ordealActTypoType": 4,
          "referenceValue": 3,
          "textId1": "2"
        },
        {
          "ordealActTypoType": 5,
          "textId1": "3"
        }
      ]
    },
    {
      "lobotomyStageType": 2,
      "stageId": 10559,
      "ordealStartSoundPath": "UI/UI_Tentacle_Start",
      "ordealClearSoundPath": "UI/UI_Tentacle_End",
      "ordealActTypoInfoList": [
        {
          "ordealActTypoType": 3,
          "referenceValue": 1,
          "textId1": "2"
        },
        {
          "ordealActTypoType": 4,
          "referenceValue": 3,
          "textId1": "2"
        },
        {
          "ordealActTypoType": 5,
          "textId1": "3"
        },
        {
          "ordealActTypoType": 1,
          "textId1": "3"
        }
      ]
    },
    {
      "lobotomyStageType": 2,
      "stageId": 10560,
      "ordealStartSoundPath": "UI/UI_Tentacle_Start",
      "ordealClearSoundPath": "UI/UI_Tentacle_End",
      "ordealActTypoInfoList": [
        {
          "ordealActTypoType": 3,
          "referenceValue": 1,
          "textId1": "2"
        },
        {
          "ordealActTypoType": 4,
          "referenceValue": 3,
          "textId1": "2"
        },
        {
          "ordealActTypoType": 5,
          "textId1": "3"
        }
      ]
    },
    {
      "lobotomyStageType": 2,
      "stageId": 10561,
      "ordealStartSoundPath": "UI/UI_Tentacle_Start",
      "ordealClearSoundPath": "UI/UI_Tentacle_End",
      "ordealActTypoInfoList": [
        {
          "ordealActTypoType": 3,
          "referenceValue": 1,
          "textId1": "2"
        },
        {
          "ordealActTypoType": 4,
          "referenceValue": 3,
          "textId1": "2"
        },
        {
          "ordealActTypoType": 5,
          "textId1": "3"
        },
        {
          "ordealActTypoType": 1,
          "textId1": "3"
        }
      ]
    }
  ]
}