{
  "list": [
    {
      "id": 101,
      "category": "NORMAL",
      "spriteStr": "ticket_ONE"
    },
    {
      "id": 102,
      "category": "NORMAL",
      "spriteStr": "ticket_TEN"
    },
    {
      "id": 103,
      "category": "NORMAL",
      "spriteStr": "ticket_SPECIAL"
    },
    {
      "id": 104,
      "category": "NORMAL",
      "spriteStr": "ticket_SPECIAL_SEASON_1"
    },
    {
      "id": 105,
      "category": "NORMAL",
      "spriteStr": "ticket_SPECIAL_SEASON_2"
    },
    {
      "id": 106,
      "category": "NORMAL",
      "spriteStr": "ticket_SPECIAL_SEASON_3"
    }
  ]
}