{
  "list": [
    {
      "id": 1203,
      "season": 3,
      "seasonalTargetElement": {
        "type": "SEASONAL_O_BOX",
        "id": 0
      },
      "contentsOpenType": "PACKAGE_OPTIONAL",
      "contents": [
        {
          "type": "ITEM",
          "id": 10103,
          "minNum": 1,
          "maxNum": 3
        },
        {
          "type": "ITEM",
          "id": 10203,
          "minNum": 1,
          "maxNum": 3
        },
        {
          "type": "ITEM",
          "id": 10303,
          "minNum": 1,
          "maxNum": 3
        },
        {
          "type": "ITEM",
          "id": 10403,
          "minNum": 1,
          "maxNum": 3
        },
        {
          "type": "ITEM",
          "id": 10503,
          "minNum": 1,
          "maxNum": 3
        },
        {
          "type": "ITEM",
          "id": 10603,
          "minNum": 1,
          "maxNum": 3
        },
        {
          "type": "ITEM",
          "id": 10703,
          "minNum": 1,
          "maxNum": 3
        },
        {
          "type": "ITEM",
          "id": 10803,
          "minNum": 1,
          "maxNum": 3
        },
        {
          "type": "ITEM",
          "id": 10903,
          "minNum": 1,
          "maxNum": 3
        },
        {
          "type": "ITEM",
          "id": 11003,
          "minNum": 1,
          "maxNum": 3
        },
        {
          "type": "ITEM",
          "id": 11103,
          "minNum": 1,
          "maxNum": 3
        },
        {
          "type": "ITEM",
          "id": 11203,
          "minNum": 1,
          "maxNum": 3
        }
      ],
      "category": "CONSUMABLE",
      "itemUseType": "PACKAGE_OPTIONAL",
      "spriteStr": "seasonal_optional_package",
      "optionalSample": {
        "type": "ITEM",
        "id": 10001,
        "minNum": 1,
        "maxNum": 3
      }
    }
  ]
}