{
  "list": [
    {
      "id": 20001,
      "ignoreExcess": true,
      "spriteStr": "umida_event_item_1"
    },
    {
      "id": 20002,
      "ignoreExcess": true,
      "spriteStr": "umida_event_item_2"
    },
    {
      "id": 20003,
      "ignoreExcess": true
    },
    {
      "id": 20004,
      "ignoreExcess": true
    },
    {
      "id": 20005,
      "ignoreExcess": true
    },
    {
      "id": 20006,
      "ignoreExcess": true
    },
    {
      "id": 20007,
      "ignoreExcess": true
    },
    {
      "id": 20008,
      "ignoreExcess": true
    },
    {
      "id": 20009,
      "ignoreExcess": true,
      "spriteStr": "miracle_event_item_1"
    },
    {
      "id": 20010,
      "autoTransformable": true,
      "autoTransformTargetElement": {
        "type": "ITEM",
        "id": 20009,
        "num": 20
      },
      "ignoreExcess": true,
      "spriteStr": "miracle_event_item_2"
    },
    {
      "id": 20011,
      "ignoreExcess": true
    },
    {
      "id": 20012,
      "ignoreExcess": true,
      "spriteStr": "ycgd_event_item_1"
    },
    {
      "id": 20013,
      "autoTransformable": true,
      "autoTransformTargetElement": {
        "type": "ITEM",
        "id": 20012,
        "num": 20
      },
      "ignoreExcess": true,
      "spriteStr": "ycgd_event_item_2"
    },
    {
      "id": 20014,
      "ignoreExcess": true
    },
    {
      "id": 20015,
      "ignoreExcess": true
    },
    {
      "id": 20016,
      "ignoreExcess": true
    },
    {
      "id": 20017,
      "ignoreExcess": true,
      "spriteStr": "tkt_event_item_1"
    },
    {
      "id": 20018,
      "autoTransformable": true,
      "autoTransformTargetElement": {
        "type": "ITEM",
        "id": 20017,
        "num": 20
      },
      "ignoreExcess": true,
      "spriteStr": "tkt_event_item_2"
    },
    {
      "id": 20019,
      "ignoreExcess": true
    },
    {
      "id": 20020,
      "ignoreExcess": true,
      "spriteStr": "mowe_event_item_1"
    },
    {
      "id": 20021,
      "autoTransformable": true,
      "autoTransformTargetElement": {
        "type": "ITEM",
        "id": 20020,
        "num": 20
      },
      "ignoreExcess": true,
      "spriteStr": "mowe_event_item_2"
    },
    {
      "id": 20022,
      "ignoreExcess": true
    },
    {
      "id": 20023,
      "ignoreExcess": true
    }
  ]
}