{
  "list": [
    {
      "id": 10104,
      "season": 4,
      "seasonalTargetElement": {
        "type": "SEASONAL_PIECE",
        "id": 1
      },
      "category": "PIECE",
      "spriteStr": "piece_1"
    },
    {
      "id": 10204,
      "season": 4,
      "seasonalTargetElement": {
        "type": "SEASONAL_PIECE",
        "id": 2
      },
      "category": "PIECE",
      "spriteStr": "piece_2"
    },
    {
      "id": 10304,
      "season": 4,
      "seasonalTargetElement": {
        "type": "SEASONAL_PIECE",
        "id": 3
      },
      "category": "PIECE",
      "spriteStr": "piece_3"
    },
    {
      "id": 10404,
      "season": 4,
      "seasonalTargetElement": {
        "type": "SEASONAL_PIECE",
        "id": 4
      },
      "category": "PIECE",
      "spriteStr": "piece_4"
    },
    {
      "id": 10504,
      "season": 4,
      "seasonalTargetElement": {
        "type": "SEASONAL_PIECE",
        "id": 5
      },
      "category": "PIECE",
      "spriteStr": "piece_5"
    },
    {
      "id": 10604,
      "season": 4,
      "seasonalTargetElement": {
        "type": "SEASONAL_PIECE",
        "id": 6
      },
      "category": "PIECE",
      "spriteStr": "piece_6"
    },
    {
      "id": 10704,
      "season": 4,
      "seasonalTargetElement": {
        "type": "SEASONAL_PIECE",
        "id": 7
      },
      "category": "PIECE",
      "spriteStr": "piece_7"
    },
    {
      "id": 10804,
      "season": 4,
      "seasonalTargetElement": {
        "type": "SEASONAL_PIECE",
        "id": 8
      },
      "category": "PIECE",
      "spriteStr": "piece_8"
    },
    {
      "id": 10904,
      "season": 4,
      "seasonalTargetElement": {
        "type": "SEASONAL_PIECE",
        "id": 9
      },
      "category": "PIECE",
      "spriteStr": "piece_9"
    },
    {
      "id": 11004,
      "season": 4,
      "seasonalTargetElement": {
        "type": "SEASONAL_PIECE",
        "id": 10
      },
      "category": "PIECE",
      "spriteStr": "piece_10"
    },
    {
      "id": 11104,
      "season": 4,
      "seasonalTargetElement": {
        "type": "SEASONAL_PIECE",
        "id": 11
      },
      "category": "PIECE",
      "spriteStr": "piece_11"
    },
    {
      "id": 11204,
      "season": 4,
      "seasonalTargetElement": {
        "type": "SEASONAL_PIECE",
        "id": 12
      },
      "category": "PIECE",
      "spriteStr": "piece_12"
    }
  ]
}