{
  "list": [
    {
      "id": 1204,
      "season": 4,
      "seasonalTargetElement": {
        "type": "SEASONAL_O_BOX",
        "id": 0
      },
      "contentsOpenType": "PACKAGE_OPTIONAL",
      "contents": [
        {
          "type": "ITEM",
          "id": 10104,
          "minNum": 1,
          "maxNum": 3
        },
        {
          "type": "ITEM",
          "id": 10204,
          "minNum": 1,
          "maxNum": 3
        },
        {
          "type": "ITEM",
          "id": 10304,
          "minNum": 1,
          "maxNum": 3
        },
        {
          "type": "ITEM",
          "id": 10404,
          "minNum": 1,
          "maxNum": 3
        },
        {
          "type": "ITEM",
          "id": 10504,
          "minNum": 1,
          "maxNum": 3
        },
        {
          "type": "ITEM",
          "id": 10604,
          "minNum": 1,
          "maxNum": 3
        },
        {
          "type": "ITEM",
          "id": 10704,
          "minNum": 1,
          "maxNum": 3
        },
        {
          "type": "ITEM",
          "id": 10804,
          "minNum": 1,
          "maxNum": 3
        },
        {
          "type": "ITEM",
          "id": 10904,
          "minNum": 1,
          "maxNum": 3
        },
        {
          "type": "ITEM",
          "id": 11004,
          "minNum": 1,
          "maxNum": 3
        },
        {
          "type": "ITEM",
          "id": 11104,
          "minNum": 1,
          "maxNum": 3
        },
        {
          "type": "ITEM",
          "id": 11204,
          "minNum": 1,
          "maxNum": 3
        }
      ],
      "category": "CONSUMABLE",
      "itemUseType": "PACKAGE_OPTIONAL",
      "spriteStr": "seasonal_optional_package",
      "optionalSample": {
        "type": "ITEM",
        "id": 10001,
        "minNum": 1,
        "maxNum": 3
      }
    }
  ]
}