{
  "list": [
    {
      "id": 1101,
      "season": 1,
      "seasonalTargetElement": {
        "type": "SEASONAL_R_BOX",
        "id": 0
      },
      "contentsOpenType": "PACKAGE_RANDOM",
      "contents": [
        {
          "type": "ITEM",
          "id": 10101,
          "minNum": 1,
          "maxNum": 3,
          "prob": 1
        },
        {
          "type": "ITEM",
          "id": 10201,
          "minNum": 1,
          "maxNum": 3,
          "prob": 1
        },
        {
          "type": "ITEM",
          "id": 10301,
          "minNum": 1,
          "maxNum": 3,
          "prob": 1
        },
        {
          "type": "ITEM",
          "id": 10401,
          "minNum": 1,
          "maxNum": 3,
          "prob": 1
        },
        {
          "type": "ITEM",
          "id": 10501,
          "minNum": 1,
          "maxNum": 3,
          "prob": 1
        },
        {
          "type": "ITEM",
          "id": 10601,
          "minNum": 1,
          "maxNum": 3,
          "prob": 1
        },
        {
          "type": "ITEM",
          "id": 10701,
          "minNum": 1,
          "maxNum": 3,
          "prob": 1
        },
        {
          "type": "ITEM",
          "id": 10801,
          "minNum": 1,
          "maxNum": 3,
          "prob": 1
        },
        {
          "type": "ITEM",
          "id": 10901,
          "minNum": 1,
          "maxNum": 3,
          "prob": 1
        },
        {
          "type": "ITEM",
          "id": 11001,
          "minNum": 1,
          "maxNum": 3,
          "prob": 1
        },
        {
          "type": "ITEM",
          "id": 11101,
          "minNum": 1,
          "maxNum": 3,
          "prob": 1
        },
        {
          "type": "ITEM",
          "id": 11201,
          "minNum": 1,
          "maxNum": 3,
          "prob": 1
        }
      ],
      "category": "CONSUMABLE",
      "itemUseType": "PACKAGE_RANDOM",
      "spriteStr": "seasonal_random_package"
    },
    {
      "id": 1102,
      "season": 2,
      "seasonalTargetElement": {
        "type": "SEASONAL_R_BOX",
        "id": 0
      },
      "contentsOpenType": "PACKAGE_RANDOM",
      "contents": [
        {
          "type": "ITEM",
          "id": 10102,
          "minNum": 1,
          "maxNum": 3,
          "prob": 1
        },
        {
          "type": "ITEM",
          "id": 10202,
          "minNum": 1,
          "maxNum": 3,
          "prob": 1
        },
        {
          "type": "ITEM",
          "id": 10302,
          "minNum": 1,
          "maxNum": 3,
          "prob": 1
        },
        {
          "type": "ITEM",
          "id": 10402,
          "minNum": 1,
          "maxNum": 3,
          "prob": 1
        },
        {
          "type": "ITEM",
          "id": 10502,
          "minNum": 1,
          "maxNum": 3,
          "prob": 1
        },
        {
          "type": "ITEM",
          "id": 10602,
          "minNum": 1,
          "maxNum": 3,
          "prob": 1
        },
        {
          "type": "ITEM",
          "id": 10702,
          "minNum": 1,
          "maxNum": 3,
          "prob": 1
        },
        {
          "type": "ITEM",
          "id": 10802,
          "minNum": 1,
          "maxNum": 3,
          "prob": 1
        },
        {
          "type": "ITEM",
          "id": 10902,
          "minNum": 1,
          "maxNum": 3,
          "prob": 1
        },
        {
          "type": "ITEM",
          "id": 11002,
          "minNum": 1,
          "maxNum": 3,
          "prob": 1
        },
        {
          "type": "ITEM",
          "id": 11102,
          "minNum": 1,
          "maxNum": 3,
          "prob": 1
        },
        {
          "type": "ITEM",
          "id": 11202,
          "minNum": 1,
          "maxNum": 3,
          "prob": 1
        }
      ],
      "category": "CONSUMABLE",
      "itemUseType": "PACKAGE_RANDOM",
      "spriteStr": "seasonal_random_package"
    }
  ]
}