{
  "eventStartDate": "2023-05-11T03:00:00.000Z",
  "eventEndDate": "2023-05-31T20:59:59.000Z",
  "eventInitDate": "2023-05-10T21:00:00.000Z",
  "weeklyRewardDataList": [
    {
      "weekId": 1,
      "rewardListByDate": [
        {
          "rewardId": 1,
          "startDate": "2023-05-10T21:00:00.000Z",
          "endDate": "2023-05-11T20:59:59.000Z",
          "rewardItemList": [
            {
              "type": "ITEM",
              "id": 2,
              "num": 100
            }
          ]
        },
        {
          "rewardId": 2,
          "startDate": "2023-05-11T21:00:00.000Z",
          "endDate": "2023-05-12T20:59:59.000Z",
          "rewardItemList": [
            {
              "type": "ITEM",
              "id": 2,
              "num": 100
            }
          ]
        },
        {
          "rewardId": 3,
          "startDate": "2023-05-12T21:00:00.000Z",
          "endDate": "2023-05-13T20:59:59.000Z",
          "rewardItemList": [
            {
              "type": "ITEM",
              "id": 101,
              "num": 2
            }
          ]
        },
        {
          "rewardId": 4,
          "startDate": "2023-05-13T21:00:00.000Z",
          "endDate": "2023-05-14T20:59:59.000Z",
          "rewardItemList": [
            {
              "type": "ITEM",
              "id": 101,
              "num": 3
            }
          ]
        },
        {
          "rewardId": 5,
          "startDate": "2023-05-14T21:00:00.000Z",
          "endDate": "2023-05-15T20:59:59.000Z",
          "rewardItemList": [
            {
              "type": "ITEM",
              "id": 2,
              "num": 100
            }
          ]
        },
        {
          "rewardId": 6,
          "startDate": "2023-05-15T21:00:00.000Z",
          "endDate": "2023-05-16T20:59:59.000Z",
          "rewardItemList": [
            {
              "type": "ITEM",
              "id": 2,
              "num": 100
            }
          ]
        },
        {
          "rewardId": 7,
          "startDate": "2023-05-16T21:00:00.000Z",
          "endDate": "2023-05-17T20:59:59.000Z",
          "rewardItemList": [
            {
              "type": "ITEM",
              "id": 2,
              "num": 100
            }
          ]
        }
      ]
    },
    {
      "weekId": 2,
      "rewardListByDate": [
        {
          "rewardId": 1,
          "startDate": "2023-05-17T21:00:00.000Z",
          "endDate": "2023-05-18T20:59:59.000Z",
          "rewardItemList": [
            {
              "type": "ITEM",
              "id": 2,
              "num": 100
            }
          ]
        },
        {
          "rewardId": 2,
          "startDate": "2023-05-18T21:00:00.000Z",
          "endDate": "2023-05-19T20:59:59.000Z",
          "rewardItemList": [
            {
              "type": "ITEM",
              "id": 2,
              "num": 100
            }
          ]
        },
        {
          "rewardId": 3,
          "startDate": "2023-05-19T21:00:00.000Z",
          "endDate": "2023-05-20T20:59:59.000Z",
          "rewardItemList": [
            {
              "type": "ITEM",
              "id": 101,
              "num": 2
            }
          ]
        },
        {
          "rewardId": 4,
          "startDate": "2023-05-20T21:00:00.000Z",
          "endDate": "2023-05-21T20:59:59.000Z",
          "rewardItemList": [
            {
              "type": "ITEM",
              "id": 101,
              "num": 3
            }
          ]
        },
        {
          "rewardId": 5,
          "startDate": "2023-05-21T21:00:00.000Z",
          "endDate": "2023-05-22T20:59:59.000Z",
          "rewardItemList": [
            {
              "type": "ITEM",
              "id": 2,
              "num": 100
            }
          ]
        },
        {
          "rewardId": 6,
          "startDate": "2023-05-22T21:00:00.000Z",
          "endDate": "2023-05-23T20:59:59.000Z",
          "rewardItemList": [
            {
              "type": "ITEM",
              "id": 2,
              "num": 100
            }
          ]
        },
        {
          "rewardId": 7,
          "startDate": "2023-05-23T21:00:00.000Z",
          "endDate": "2023-05-24T20:59:59.000Z",
          "rewardItemList": [
            {
              "type": "ITEM",
              "id": 2,
              "num": 100
            }
          ]
        }
      ]
    },
    {
      "weekId": 3,
      "rewardListByDate": [
        {
          "rewardId": 1,
          "startDate": "2023-05-24T21:00:00.000Z",
          "endDate": "2023-05-25T20:59:59.000Z",
          "rewardItemList": [
            {
              "type": "ITEM",
              "id": 2,
              "num": 100
            }
          ]
        },
        {
          "rewardId": 2,
          "startDate": "2023-05-25T21:00:00.000Z",
          "endDate": "2023-05-26T20:59:59.000Z",
          "rewardItemList": [
            {
              "type": "ITEM",
              "id": 2,
              "num": 100
            }
          ]
        },
        {
          "rewardId": 3,
          "startDate": "2023-05-26T21:00:00.000Z",
          "endDate": "2023-05-27T20:59:59.000Z",
          "rewardItemList": [
            {
              "type": "ITEM",
              "id": 101,
              "num": 2
            }
          ]
        },
        {
          "rewardId": 4,
          "startDate": "2023-05-27T21:00:00.000Z",
          "endDate": "2023-05-28T20:59:59.000Z",
          "rewardItemList": [
            {
              "type": "ITEM",
              "id": 101,
              "num": 3
            }
          ]
        },
        {
          "rewardId": 5,
          "startDate": "2023-05-28T21:00:00.000Z",
          "endDate": "2023-05-29T20:59:59.000Z",
          "rewardItemList": [
            {
              "type": "ITEM",
              "id": 2,
              "num": 100
            }
          ]
        },
        {
          "rewardId": 6,
          "startDate": "2023-05-29T21:00:00.000Z",
          "endDate": "2023-05-30T20:59:59.000Z",
          "rewardItemList": [
            {
              "type": "ITEM",
              "id": 2,
              "num": 100
            }
          ]
        },
        {
          "rewardId": 7,
          "startDate": "2023-05-30T21:00:00.000Z",
          "endDate": "2023-05-31T20:59:59.000Z",
          "rewardItemList": [
            {
              "type": "ITEM",
              "id": 2,
              "num": 100
            }
          ]
        }
      ]
    }
  ]
}