{
  "list": [
    {
      "id": 104,
      "creditsDataList": [
        {
          "type": 0,
          "division": "Projectmoon"
        },
        {
          "type": 3,
          "title": "Director",
          "name": "Kim JiHoon"
        },
        {
          "type": 2,
          "division": "Game Scenario"
        },
        {
          "type": 3,
          "title": "Lead Scenario Designer",
          "name": "Han EunKyong"
        },
        {
          "type": 3,
          "title": "Scenario Designer",
          "name": "Bak DuYoung"
        },
        {
          "type": 2,
          "division": "Game Design"
        },
        {
          "type": 3,
          "title": "Lead Game Designer",
          "name": "Lee Yumi"
        },
        {
          "type": 3,
          "title": "Game Designer",
          "name": "Jeong MinJu"
        },
        {
          "type": 3,
          "title": "Game Designer",
          "name": "Kwak Taewon"
        },
        {
          "type": 2,
          "division": "Illustration"
        },
        {
          "type": 3,
          "title": "Lead Illustration Artist",
          "name": "Kim YoonJoong"
        },
        {
          "type": 3,
          "title": "Illustration Artist",
          "name": "Kim Donghwan"
        },
        {
          "type": 3,
          "title": "Illustration Artist",
          "name": "Song Seolyeon"
        },
        {
          "type": 3,
          "title": "Illustration Artist",
          "name": "Yang HoYeon"
        },
        {
          "type": 3,
          "title": "Illustration Artist",
          "name": "Jung JaeHee"
        },
        {
          "type": 2,
          "division": "SD Art"
        },
        {
          "type": 3,
          "title": "Lead SD Artist",
          "name": "Park GeunAh"
        },
        {
          "type": 3,
          "title": "SD Artist",
          "name": "Kim Nayeon"
        },
        {
          "type": 3,
          "title": "SD Artist",
          "name": "Kim Ahyeon"
        },
        {
          "type": 3,
          "title": "SD Artist",
          "name": "Park SeongJu"
        },
        {
          "type": 2,
          "division": "UI/UX Design"
        },
        {
          "type": 3,
          "title": "Lead UI Designer",
          "name": "Kwak WonJi"
        },
        {
          "type": 3,
          "title": "UI Designer",
          "name": "P JuBin"
        },
        {
          "type": 3,
          "title": "UI Designer",
          "name": "Cha SoHee"
        },
        {
          "type": 2,
          "division": "VFX"
        },
        {
          "type": 3,
          "title": "VFX Artist",
          "name": "Jo SungHyun"
        },
        {
          "type": 2,
          "division": "Video"
        },
        {
          "type": 3,
          "title": "Video Artist",
          "name": "Son Jeonghoo"
        },
        {
          "type": 2,
          "division": "Sound/SFX"
        },
        {
          "type": 3,
          "title": "Sound/SFX Artist",
          "name": "Yang Gyuhyeong"
        },
        {
          "type": 2,
          "division": "Programming"
        },
        {
          "type": 3,
          "title": "Lead Programmer",
          "name": "Hyun Minsung"
        },
        {
          "type": 3,
          "title": "Client Programmer",
          "name": "Seong YoonJae"
        },
        {
          "type": 3,
          "title": "Client Programmer",
          "name": "Lee TaeHan"
        },
        {
          "type": 3,
          "title": "Client Programmer",
          "name": "Lee Sua"
        },
        {
          "type": 3,
          "title": "Client Programmer",
          "name": "Kim Somin"
        },
        {
          "type": 3,
          "title": "Client Programmer",
          "name": "Kang MinGu"
        },
        {
          "type": 3,
          "title": "Client Programmer",
          "name": "Kim YouJung"
        },
        {
          "type": 3,
          "title": "Client Programmer",
          "name": "Ahn PhilHwan"
        },
        {
          "type": 3,
          "title": "Client Programmer",
          "name": "Ju Hyungjun"
        },
        {
          "type": 3,
          "title": "Server Programmer",
          "name": "Mun JunYeong"
        },
        {
          "type": 3,
          "title": "Server Programmer",
          "name": "Lim JinYeoung"
        },
        {
          "type": 2,
          "division": "Quality Assurance"
        },
        {
          "type": 3,
          "title": "Quality Assurance",
          "name": "Eom Jinyong"
        },
        {
          "type": 2,
          "division": "Translation"
        },
        {
          "type": 3,
          "title": "English Translator",
          "name": "Park Geonwoo"
        },
        {
          "type": 3,
          "title": "English Translator",
          "name": "Ian P. Watson"
        },
        {
          "type": 3,
          "title": "Japanese Translator",
          "name": "Amano Kei"
        },
        {
          "type": 2,
          "division": "Management Team"
        },
        {
          "type": 3,
          "title": "Manager",
          "name": "Yoo HyunSoo"
        },
        {
          "type": 1,
          "division": "Sound"
        },
        {
          "type": 0,
          "division": "Mili",
          "title": "<Fly My Wings>",
          "name": "Mili"
        },
        {
          "type": 3,
          "title": "<Fly My Wings>",
          "name": "Mili"
        },
        {
          "type": 0,
          "division": "EIM"
        },
        {
          "type": 2,
          "division": "Management Team"
        },
        {
          "type": 3,
          "title": "Executive Producer",
          "name": "Shin dong hyuc"
        },
        {
          "type": 3,
          "title": "Studio manager",
          "name": "Koh tae yeon"
        },
        {
          "type": 2,
          "division": "Music Team"
        },
        {
          "type": 3,
          "title": "Music Director",
          "name": "Lee Young Gwang"
        },
        {
          "type": 3,
          "title": "Composer",
          "name": "Oh Jung Hoo"
        },
        {
          "type": 3,
          "title": "Composer",
          "name": "Lee Dong Hoon"
        },
        {
          "type": 3,
          "title": "Composer",
          "name": "Park Dong Sub"
        },
        {
          "type": 3,
          "title": "Composer",
          "name": "Kim Ki Beom"
        },
        {
          "type": 2,
          "division": "Sound Team"
        },
        {
          "type": 3,
          "title": "Sound Director",
          "name": "jung Sain"
        },
        {
          "type": 2,
          "division": "Sound Design Part"
        },
        {
          "type": 3,
          "title": "Sound Design",
          "name": "Park Eunbi"
        },
        {
          "type": 3,
          "title": "Sound Design",
          "name": "Lee Jaemin"
        },
        {
          "type": 2,
          "division": "Voice Recording Part"
        },
        {
          "type": 3,
          "title": "Voice Recording",
          "name": "Lee Hye Bin"
        },
        {
          "type": 3,
          "title": "Voice Design",
          "name": "Kim Won Sik"
        },
        {
          "type": 2,
          "division": "Voice Actor"
        },
        {
          "type": 3,
          "name": "Yi Sang",
          "title": "Min Seung-woo"
        },
        {
          "type": 3,
          "name": "Faust",
          "title": "Park Ji-yoon"
        },
        {
          "type": 3,
          "name": "Don Quixote",
          "title": "Kim Yea-lim"
        },
        {
          "type": 3,
          "name": "Ryōshū",
          "title": "Yi Sae-ah"
        },
        {
          "type": 3,
          "name": "Meursault",
          "title": "Kwon Sung-hyuk"
        },
        {
          "type": 3,
          "name": "Hong Lu",
          "title": "Kim Sin-woo"
        },
        {
          "type": 3,
          "name": "Heathcliff",
          "title": "Hong Seung-hyo"
        },
        {
          "type": 3,
          "name": "Ishmael",
          "title": "Jang Ye-na"
        },
        {
          "type": 3,
          "name": "Rodya",
          "title": "Yoon A-young"
        },
        {
          "type": 3,
          "name": "Sinclair",
          "title": "Kim Da-ol"
        },
        {
          "type": 3,
          "name": "Outis",
          "title": "Kim Bo-na"
        },
        {
          "type": 3,
          "name": "Gregor",
          "title": "Choi Han"
        },
        {
          "type": 3,
          "name": "Vergilius",
          "title": "Jeong Seong-hoon"
        },
        {
          "type": 3,
          "name": "Charon",
          "title": "Song Ha-rim"
        },
        {
          "type": 3,
          "name": "Dongrang",
          "title": "Jang Min-hyeok"
        },
        {
          "type": 3,
          "name": "Dongbaek",
          "title": "Kwak Gyu-mi"
        },
        {
          "type": 3,
          "name": "Samjo",
          "title": "Lim Hyuk "
        },
        {
          "type": 3,
          "name": "Hermann",
          "title": "Bi Ju-eon"
        },
        {
          "type": 3,
          "name": "Gubo",
          "title": "Kim Hyeon-uk"
        },
        {
          "type": 3,
          "name": "Alfonso",
          "title": "Lee Mi-na"
        },
        {
          "type": 3,
          "name": "Young-ji",
          "title": "Park Yo-han"
        },
        {
          "type": 3,
          "name": "Demian",
          "title": "Lee Kyung-tae"
        },
        {
          "type": 1,
          "division": "Audio"
        },
        {
          "type": 0,
          "division": "fmod"
        },
        {
          "type": 3,
          "name": "Made with FMOD Studio by Firelight Technologies Pty Ltd."
        },
        {
          "type": 1,
          "division": "Special Thanks"
        },
        {
          "type": 0,
          "division": "Hampang"
        },
        {
          "type": 3,
          "title": "Cafe Manager",
          "name": "Song Myungsun"
        },
        {
          "type": 3,
          "title": "Restaurant Manager",
          "name": "Shin Bobae"
        },
        {
          "type": 3,
          "title": "Restaurant Crew",
          "name": "Bang jeongcheon"
        },
        {
          "type": 3,
          "title": "Restaurant Crew",
          "name": "Lee gwiseong"
        },
        {
          "type": 3,
          "title": "Cafe Crew",
          "name": "Lee Youngkun"
        },
        {
          "type": 3,
          "title": "Cafe Crew",
          "name": "Lee Heeju"
        },
        {
          "type": 3,
          "title": "Restaurant Crew",
          "name": "Joen YoungJin"
        },
        {
          "type": 1,
          "division": "Ending Song"
        },
        {
          "type": 4,
          "name": "<사라지네>",
          "title": "Sung by Yi Sang"
        },
        {
          "type": 4,
          "name": "<size=35>Ref.이상 <절벽></size>"
        }
      ]
    }
  ]
}