{
  "list": [
    {
      "id": 1,
      "stageLevel": 8,
      "stageType": "Normal",
      "participantInfo": {
        "min": 5,
        "max": 5
      },
      "waveList": [
        {
          "battleMapInfo": {
            "mapName": "LCorpEntrance"
          },
          "unitList": [
            {
              "unitID": 97101,
              "unitCount": 1,
              "unitLevel": 8
            },
            {
              "unitID": 97102,
              "unitCount": 2,
              "unitLevel": 8
            },
            {
              "unitID": 97103,
              "unitCount": 2,
              "unitLevel": 8
            }
          ],
          "bgmList": [
            "Battle_Cp1_Ally_2",
            "Battle_Cp1_Enemy_2"
          ],
          "enemyPositionID": 18
        },
        {
          "battleMapInfo": {
            "mapName": "LCorpCenter"
          },
          "unitList": [
            {
              "unitID": 97104,
              "unitCount": 1,
              "unitLevel": 8
            },
            {
              "unitID": 97105,
              "unitCount": 1,
              "unitLevel": 8
            },
            {
              "unitID": 97106,
              "unitCount": 2,
              "unitLevel": 8
            },
            {
              "unitID": 97151,
              "unitCount": 1,
              "unitLevel": 8
            }
          ]
        }
      ],
      "staminaCost": 30,
      "recommendedLevel": 8,
      "turnLimit": 99,
      "questlist": [
        {
          "args": [
            "10"
          ],
          "localizeId": 1
        }
      ],
      "rewardList": [
        {
          "type": "ITEM",
          "rewardId": 1,
          "num": 1,
          "prob": 0.5
        },
        {
          "type": "EXP",
          "rewardId": 1,
          "num": 1,
          "prob": 1
        },
        {
          "type": "ITEM",
          "rewardId": 1,
          "num": 100,
          "prob": 1
        }
      ]
    },
    {
      "id": 2,
      "stageLevel": 18,
      "stageType": "Normal",
      "participantInfo": {
        "min": 5,
        "max": 5
      },
      "waveList": [
        {
          "battleMapInfo": {
            "mapName": "Casino1F"
          },
          "unitList": [
            {
              "unitID": 97201,
              "unitCount": 1,
              "unitLevel": 18
            },
            {
              "unitID": 97202,
              "unitCount": 1,
              "unitLevel": 18
            },
            {
              "unitID": 97203,
              "unitCount": 1,
              "unitLevel": 18
            },
            {
              "unitID": 97204,
              "unitCount": 1,
              "unitLevel": 18
            },
            {
              "unitID": 97205,
              "unitCount": 1,
              "unitLevel": 18
            }
          ],
          "bgmList": [
            "Battle_Cp2_Ally_2",
            "Battle_Cp2_Enemy_2"
          ],
          "enemyPositionID": 18
        },
        {
          "battleMapInfo": {
            "mapName": "Casino3F"
          },
          "unitList": [
            {
              "unitID": 97202,
              "unitCount": 1,
              "unitLevel": 18
            },
            {
              "unitID": 97203,
              "unitCount": 1,
              "unitLevel": 18
            },
            {
              "unitID": 97204,
              "unitCount": 1,
              "unitLevel": 18
            },
            {
              "unitID": 97205,
              "unitCount": 1,
              "unitLevel": 18
            },
            {
              "unitID": 97251,
              "unitCount": 1,
              "unitLevel": 18
            }
          ]
        }
      ],
      "staminaCost": 35,
      "recommendedLevel": 18,
      "turnLimit": 99,
      "questlist": [
        {
          "args": [
            "10"
          ],
          "localizeId": 1
        }
      ],
      "rewardList": [
        {
          "type": "ITEM",
          "rewardId": 1,
          "num": 1,
          "prob": 0.5
        },
        {
          "type": "EXP",
          "rewardId": 1,
          "num": 1,
          "prob": 1
        },
        {
          "type": "ITEM",
          "rewardId": 1,
          "num": 100,
          "prob": 1
        }
      ]
    },
    {
      "id": 3,
      "stageLevel": 28,
      "stageType": "Normal",
      "participantInfo": {
        "min": 5,
        "max": 5
      },
      "waveList": [
        {
          "battleMapInfo": {
            "mapName": "SinclairForest_1"
          },
          "unitList": [
            {
              "unitID": 97301,
              "unitCount": 1,
              "unitLevel": 28
            },
            {
              "unitID": 97302,
              "unitCount": 1,
              "unitLevel": 28
            },
            {
              "unitID": 97303,
              "unitCount": 1,
              "unitLevel": 28
            },
            {
              "unitID": 97304,
              "unitCount": 1,
              "unitLevel": 28
            },
            {
              "unitID": 97305,
              "unitCount": 1,
              "unitLevel": 28
            }
          ],
          "bgmList": [
            "Battle_Cp1_Ally_1",
            "Battle_Cp1_Enemy_1"
          ],
          "enemyPositionID": 18
        },
        {
          "battleMapInfo": {
            "mapName": "SinclairVillage"
          },
          "unitList": [
            {
              "unitID": 97303,
              "unitCount": 1,
              "unitLevel": 28
            },
            {
              "unitID": 97304,
              "unitCount": 1,
              "unitLevel": 28
            },
            {
              "unitID": 97306,
              "unitCount": 1,
              "unitLevel": 28
            },
            {
              "unitID": 97307,
              "unitCount": 1,
              "unitLevel": 28
            },
            {
              "unitID": 97308,
              "unitCount": 1,
              "unitLevel": 28
            }
          ]
        }
      ],
      "staminaCost": 40,
      "recommendedLevel": 28,
      "turnLimit": 99,
      "questlist": [
        {
          "args": [
            "10"
          ],
          "localizeId": 1
        }
      ],
      "rewardList": [
        {
          "type": "ITEM",
          "rewardId": 1,
          "num": 1,
          "prob": 0.5
        },
        {
          "type": "EXP",
          "rewardId": 1,
          "num": 1,
          "prob": 1
        },
        {
          "type": "ITEM",
          "rewardId": 1,
          "num": 100,
          "prob": 1
        }
      ]
    }
  ]
}