{
  "list": [
    {
      "id": 4,
      "stageLevel": 33,
      "stageType": "Normal",
      "participantInfo": {
        "min": 6,
        "max": 6
      },
      "waveList": [
        {
          "battleMapInfo": {
            "mapName": "Cp4_KCropLab_2F_Corridor_v1"
          },
          "unitList": [
            {
              "unitID": 97401,
              "unitCount": 1,
              "unitLevel": 33
            },
            {
              "unitID": 97402,
              "unitCount": 1,
              "unitLevel": 33
            },
            {
              "unitID": 97403,
              "unitCount": 1,
              "unitLevel": 33
            },
            {
              "unitID": 97404,
              "unitCount": 1,
              "unitLevel": 33
            },
            {
              "unitID": 97405,
              "unitCount": 1,
              "unitLevel": 33
            }
          ],
          "bgmList": [
            "Battle_Cp4_Ally_3",
            "Battle_Cp4_Enemy_3"
          ],
          "enemyPositionID": 18
        },
        {
          "battleMapInfo": {
            "mapName": "Cp4_RelocatedLab_v1"
          },
          "unitList": [
            {
              "unitID": 97406,
              "unitCount": 1,
              "unitLevel": 33
            },
            {
              "unitID": 97407,
              "unitCount": 1,
              "unitLevel": 33
            },
            {
              "unitID": 97408,
              "unitCount": 1,
              "unitLevel": 33
            },
            {
              "unitID": 97409,
              "unitCount": 1,
              "unitLevel": 33
            },
            {
              "unitID": 97410,
              "unitCount": 1,
              "unitLevel": 33
            }
          ]
        }
      ],
      "staminaCost": 40,
      "recommendedLevel": 33,
      "turnLimit": 99,
      "questlist": [
        {
          "args": [
            "10"
          ],
          "localizeId": 1
        }
      ],
      "rewardList": [],
      "stageScriptList": ["KCorpDrone"]
    },
    {
      "id": 5,
      "stageLevel": 38,
      "stageType": "Normal",
      "participantInfo": {
        "min": 6,
        "max": 6
      },
      "waveList": [
        {
          "battleMapInfo": {
            "mapName": "Cp5_DrillingVessel_1F",
            "mapSize": 28
          },
          "unitList": [
            {
              "unitID": 97501,
              "unitCount": 1,
              "unitLevel": 38
            },
            {
              "unitID": 97502,
              "unitCount": 1,
              "unitLevel": 38
            },
            {
              "unitID": 97503,
              "unitCount": 1,
              "unitLevel": 38
            },
            {
              "unitID": 97504,
              "unitCount": 1,
              "unitLevel": 38
            },
            {
              "unitID": 97505,
              "unitCount": 1,
              "unitLevel": 38
            }
          ],
          "bgmList": [
            "Battle_Cp5_Ally_2",
            "Battle_Cp5_Enemy_3"
          ],
          "enemyPositionID": 18
        },
        {
          "battleMapInfo": {
            "mapName": "Cp5_DrillingVessel_Outside"
          },
          "unitList": [
            {
              "unitID": 97505,
              "unitCount": 2,
              "unitLevel": 38
            },
            {
              "unitID": 97506,
              "unitCount": 1,
              "unitLevel": 38
            },
            {
              "unitID": 97507,
              "unitCount": 2,
              "unitLevel": 38
            }
          ]
        }
      ],
      "staminaCost": 40,
      "recommendedLevel": 38,
      "turnLimit": 99,
      "questlist": [
        {
          "args": [
            "10"
          ],
          "localizeId": 1
        }
      ],
      "rewardList": [],
      "stageScriptList": [""]
    }
  ]
}