{
  "list": [
    {
      "keyword": "RailBuffForLine2_A_ENEMY",
      "enemy": "RailBuffForLine2_A_ENEMY"
    },
    {
      "keyword": "RailBuffForLine2_B_ENEMY",
      "enemy": "RailBuffForLine2_B_ENEMY"
    },
    {
      "keyword": "RailBuffForLine2_C_ENEMY",
      "enemy": "RailBuffForLine2_C_ENEMY"
    },
    {
      "keyword": "RailBuffForLine2_D_ENEMY",
      "enemy": "RailBuffForLine2_D_ENEMY"
    },
    {
      "keyword": "RailBuffForLine2_E_ENEMY",
      "enemy": "RailBuffForLine2_E_ENEMY"
    },
    {
      "keyword": "RailBuffForLine2_F_ENEMY",
      "enemy": "RailBuffForLine2_F_ENEMY"
    },
    {
      "keyword": "RailBuffForLine2_A_ALLY",
      "ally": "RailBuffForLine2_A_ALLY"
    },
    {
      "keyword": "RailBuffForLine2_B_ALLY",
      "ally": "RailBuffForLine2_B_ALLY"
    },
    {
      "keyword": "RailBuffForLine2_C_ALLY",
      "ally": "RailBuffForLine2_C_ALLY"
    },
    {
      "keyword": "RailBuffForLine2_D_ALLY",
      "ally": "RailBuffForLine2_D_ALLY"
    },
    {
      "keyword": "RailBuffForLine2_E_ALLY",
      "ally": "RailBuffForLine2_E_ALLY"
    },
    {
      "keyword": "RailBuffForLine2_F_ALLY",
      "ally": "RailBuffForLine2_F_ALLY"
    },
    {
      "keyword": "RailBuffForLine2_G_ALLY",
      "ally": "RailBuffForLine2_G_ALLY"
    },
    {
      "keyword": "RailBuffForLine2_H_ALLY",
      "ally": "RailBuffForLine2_H_ALLY"
    },
    {
      "keyword": "RailBuffForLine2_I_ALLY",
      "ally": "RailBuffForLine2_I_ALLY"
    },
    {
      "keyword": "RailBuffForLine2_J_ALLY",
      "ally": "RailBuffForLine2_J_ALLY"
    },
    {
      "keyword": "RailBuffForLine2_M_ALLY",
      "ally": "RailBuffForLine2_M_ALLY"
    },
    {
      "keyword": "RailBuffForLine2_N_ALLY",
      "ally": "RailBuffForLine2_N_ALLY"
    },
    {
      "keyword": "RailBuffForLine2_O_ALLY",
      "ally": "RailBuffForLine2_O_ALLY"
    },
    {
      "keyword": "RailBuffForLine2_P_ALLY",
      "ally": "RailBuffForLine2_P_ALLY"
    },
    {
      "keyword": "RailBuffForLine2_Q_ALLY",
      "ally": "RailBuffForLine2_Q_ALLY"
    },
    {
      "keyword": "RailBuffForLine2_R_ALLY",
      "ally": "RailBuffForLine2_R_ALLY"
    },
    {
      "keyword": "RailBuffForLine2_S_ALLY",
      "ally": "RailBuffForLine2_S_ALLY"
    }
  ]
}