{
  "list": [
    {
      "keyword": "85560101CRIMSON",
      "ally": "FullBloomRose_Crimson",
      "enemy": "FullBloomRose_Crimson"
    },
    {
      "keyword": "85560101SCARLET",
      "ally": "FullBloomRose_Scarlet",
      "enemy": "FullBloomRose_Scarlet"
    },
    {
      "keyword": "85560101AMBER",
      "ally": "FullBloomRose_Amber",
      "enemy": "FullBloomRose_Amber"
    },
    {
      "keyword": "85560101SHAMROCK",
      "ally": "FullBloomRose_Shamrock",
      "enemy": "FullBloomRose_Shamrock"
    },
    {
      "keyword": "85560101AZURE",
      "ally": "FullBloomRose_Azure",
      "enemy": "FullBloomRose_Azure"
    },
    {
      "keyword": "85560101INDIGO",
      "ally": "FullBloomRose_Indigo",
      "enemy": "FullBloomRose_Indigo"
    },
    {
      "keyword": "85560101VIOLET",
      "ally": "FullBloomRose_Violet",
      "enemy": "FullBloomRose_Violet"
    }
  ]
}