{
  "list": [
    {
      "dungeonId": 4,
      "typeIndex": 0,
      "encounters": [
        {
          "encounterType": "BATTLE",
          "floorList": [
            {
              "floor": 1,
              "rewardList": [
                {
                  "type": "GetBattleRewardCase",
                  "probability": 0.075,
                  "showNumber": 2,
                  "selectNumber": 1
                }
              ]
            },
            {
              "floor": 2,
              "rewardList": [
                {
                  "type": "GetBattleRewardCase",
                  "probability": 0.1,
                  "showNumber": 2,
                  "selectNumber": 1
                }
              ]
            },
            {
              "floor": 3,
              "rewardList": [
                {
                  "type": "GetBattleRewardCase",
                  "probability": 0.1,
                  "showNumber": 3,
                  "selectNumber": 1
                }
              ]
            },
            {
              "floor": 4,
              "rewardList": [
                {
                  "type": "GetBattleRewardCase",
                  "probability": 0.125,
                  "showNumber": 3,
                  "selectNumber": 1
                }
              ]
            }
          ]
        },
        {
          "encounterType": "AB_BATTLE",
          "floorList": [
            {
              "floor": 2,
              "rewardList": [
                {
                  "type": "GetEgogift",
                  "probability": 0.75,
                  "showNumber": 1,
                  "selectNumber": 1
                },
                {
                  "type": "GetBattleRewardCase",
                  "probability": 0.2,
                  "showNumber": 2,
                  "selectNumber": 1
                }
              ]
            },
            {
              "floor": 3,
              "rewardList": [
                {
                  "type": "GetEgogift",
                  "probability": 0.75,
                  "showNumber": 1,
                  "selectNumber": 1
                },
                {
                  "type": "GetBattleRewardCase",
                  "probability": 0.2,
                  "showNumber": 3,
                  "selectNumber": 1
                }
              ]
            },
            {
              "floor": 4,
              "rewardList": [
                {
                  "type": "GetEgogift",
                  "probability": 0.75,
                  "showNumber": 1,
                  "selectNumber": 1
                },
                {
                  "type": "GetBattleRewardCase",
                  "probability": 0.25,
                  "showNumber": 3,
                  "selectNumber": 1
                }
              ]
            }
          ]
        },
        {
          "encounterType": "HARD_BATTLE",
          "floorList": [
            {
              "floor": 2,
              "rewardList": [
                {
                  "type": "GetEgogift",
                  "probability": 1,
                  "showNumber": 1,
                  "selectNumber": 1
                },
                {
                  "type": "GetBattleRewardCase",
                  "probability": 0.33,
                  "showNumber": 2,
                  "selectNumber": 1
                }
              ]
            },
            {
              "floor": 3,
              "rewardList": [
                {
                  "type": "GetEgogift",
                  "probability": 1,
                  "showNumber": 1,
                  "selectNumber": 1
                },
                {
                  "type": "GetBattleRewardCase",
                  "probability": 0.33,
                  "showNumber": 3,
                  "selectNumber": 1
                }
              ]
            },
            {
              "floor": 4,
              "rewardList": [
                {
                  "type": "GetEgogift",
                  "probability": 1,
                  "showNumber": 1,
                  "selectNumber": 1
                },
                {
                  "type": "GetBattleRewardCase",
                  "probability": 0.5,
                  "showNumber": 3,
                  "selectNumber": 1
                }
              ]
            }
          ]
        },
        {
          "encounterType": "BOSS",
          "floorList": [
            {
              "floor": 1,
              "rewardList": [
                {
                  "type": "GetBattleRewardCase",
                  "probability": 1,
                  "showNumber": 2,
                  "selectNumber": 1
                },
                {
                  "type": "GetEgogiftWithEnemyBuf",
                  "probability": 1,
                  "showNumber": 3,
                  "selectNumber": 1
                }
              ]
            },
            {
              "floor": 2,
              "rewardList": [
                {
                  "type": "GetBattleRewardCase",
                  "probability": 1,
                  "showNumber": 2,
                  "selectNumber": 1
                },
                {
                  "type": "GetEgogiftWithEnemyBuf",
                  "probability": 1,
                  "showNumber": 3,
                  "selectNumber": 1
                }
              ]
            },
            {
              "floor": 3,
              "rewardList": [
                {
                  "type": "GetBattleRewardCase",
                  "probability": 1,
                  "showNumber": 3,
                  "selectNumber": 1
                },
                {
                  "type": "GetEgogiftWithEnemyBuf",
                  "probability": 1,
                  "showNumber": 3,
                  "selectNumber": 1
                }
              ]
            }
          ]
        }
      ]
    }
  ]
}