{
  "list": [
    {
      "id": "BROKEN_RULE",
      "buffA": {
        "id": "AaCfPbBg",
        "stack": 1,
        "turn": 0,
        "buffClass": "VolatileBuff",
        "buffType": "Neutral",
        "canBeDespelled": false,
        "list": [
          {
            "ability": "GiveBuffOnPanicOrLowMorale",
            "buffData": {
              "buffKeyword": "Enhancement",
              "target": "IfAbnormalityAllPartsOrSelf",
              "stack": 1,
              "turn": 0,
              "activeRound": 0
            }
          },
          {
            "ability": "GiveBuffOnPanicOrLowMorale",
            "buffData": {
              "buffKeyword": "Vulnerable",
              "target": "IfAbnormalityAllPartsOrSelf",
              "stack": 1,
              "turn": 0,
              "activeRound": 0
            }
          }
        ]
      },
      "buffB": {
        "id": "AaCfPbBh",
        "stack": 1,
        "turn": 0,
        "buffClass": "VolatileBuff",
        "buffType": "Neutral",
        "canBeDespelled": false,
        "list": [
          {
            "ability": "GiveBuffOnPanicOrLowMorale",
            "buffData": {
              "buffKeyword": "PlusCoinValueUp",
              "target": "IfAbnormalityAllPartsOrSelf",
              "stack": 1,
              "turn": 0,
              "activeRound": 0
            }
          },
          {
            "ability": "GiveBuffOnPanicOrLowMorale",
            "buffData": {
              "buffKeyword": "Vulnerable",
              "target": "IfAbnormalityAllPartsOrSelf",
              "stack": 3,
              "turn": 0,
              "activeRound": 0
            }
          }
        ]
      }
    },
    {
      "id": "VENGEANCE",
      "buffA": {
        "id": "Vengeance_LowMorale",
        "stack": 1,
        "turn": 0,
        "buffClass": "VolatileBuff",
        "buffType": "Neutral",
        "canBeDespelled": false,
        "list": [
          {
            "ability": "GiveBuffOnPanicOrLowMorale",
            "buffData": {
              "buffKeyword": "DefenseDown",
              "target": "IfAbnormalityAllPartsOrSelf",
              "stack": 3,
              "turn": 0,
              "activeRound": 0
            }
          },
          {
            "ability": "GiveBuffOnPanicOrLowMorale",
            "buffData": {
              "buffKeyword": "AttackDmgUp",
              "target": "IfAbnormalityAllPartsOrSelf",
              "stack": 3,
              "turn": 0,
              "activeRound": 0
            }
          }
        ]
      },
      "buffB": {
        "id": "Vengeance_Panic",
        "stack": 1,
        "turn": 0,
        "buffClass": "VolatileBuff",
        "buffType": "Neutral",
        "canBeDespelled": false,
        "list": [
          {
            "ability": "GiveBuffOnPanicOrLowMorale",
            "buffData": {
              "buffKeyword": "DefenseDown",
              "target": "IfAbnormalityAllPartsOrSelf",
              "stack": 6,
              "turn": 0,
              "activeRound": 0
            }
          },
          {
            "ability": "GiveBuffOnPanicOrLowMorale",
            "buffData": {
              "buffKeyword": "AttackDmgUp",
              "target": "IfAbnormalityAllPartsOrSelf",
              "stack": 5,
              "turn": 0,
              "activeRound": 0
            }
          }
        ]
      }
    },
    {
      "id": "HARTED",
      "buffA": {
        "id": "AaCfPbBi",
        "stack": 1,
        "turn": 0,
        "buffClass": "VolatileBuff",
        "buffType": "Neutral",
        "canBeDespelled": false,
        "list": [
          {
            "ability": "GiveBuffOnWinDuelMax_3",
            "buffData": {
              "buffKeyword": "AttackUp",
              "target": "IfAbnormalityAllPartsOrSelf",
              "stack": 1,
              "turn": 0,
              "activeRound": 1
            }
          },
          {
            "ability": "GiveBuffOnLoseDuelMax_3",
            "buffData": {
              "buffKeyword": "DefenseUp",
              "target": "IfAbnormalityAllPartsOrSelf",
              "stack": 1,
              "turn": 0,
              "activeRound": 0
            }
          }
        ]
      },
      "buffB": {
        "id": "AaCfPbBj",
        "stack": 1,
        "turn": 0,
        "buffClass": "VolatileBuff",
        "buffType": "Neutral",
        "canBeDespelled": false,
        "list": [
          {
            "ability": "GiveBuffOnWinDuelMax_3",
            "buffData": {
              "buffKeyword": "AttackUp",
              "target": "IfAbnormalityAllPartsOrSelf",
              "stack": 1,
              "turn": 0,
              "activeRound": 0
            }
          },
          {
            "ability": "GiveBuffOnWinDuelMax_3",
            "buffData": {
              "buffKeyword": "AttackUp",
              "target": "IfAbnormalityAllPartsOrSelf",
              "stack": 1,
              "turn": 0,
              "activeRound": 1
            }
          },
          {
            "ability": "GiveBuffOnLoseDuelMax_3",
            "buffData": {
              "buffKeyword": "DefenseUp",
              "target": "IfAbnormalityAllPartsOrSelf",
              "stack": 1,
              "turn": 0,
              "activeRound": 0
            }
          },
          {
            "ability": "GiveBuffOnRoundEnd",
            "buffData": {
              "buffKeyword": "Agility",
              "target": "IfAbnormalityAllPartsOrSelf",
              "stack": 2,
              "turn": 0,
              "activeRound": 1
            }
          }
        ]
      }
    }
  ]
}