{
  "list": [
    {
      "id": "BLOODPOCKET",
      "buffA": {
        "id": "BloodPocket_LowMorale",
        "stack": 1,
        "turn": 0,
        "buffClass": "VolatileBuff",
        "buffType": "Neutral",
        "canBeDespelled": false,
        "list": [
          {
            "ability": "GiveBuffOnPanicOrLowMorale",
            "buffData": {
              "buffKeyword": "Vulnerable",
              "target": "IfAbnormalityAllPartsOrSelf",
              "stack": 1,
              "turn": 0,
              "activeRound": 0
            }
          },
          {
            "ability": "GiveBuffOnPanicOrLowMorale",
            "buffData": {
              "buffKeyword": "AttackDmgUp",
              "target": "IfAbnormalityAllPartsOrSelf",
              "stack": 1,
              "turn": 0,
              "activeRound": 0
            }
          }
        ]
      },
      "buffB": {
        "id": "BloodPocket_Panic",
        "stack": 1,
        "turn": 0,
        "buffClass": "VolatileBuff",
        "buffType": "Neutral",
        "canBeDespelled": false,
        "list": [
          {
            "ability": "GiveBuffOnPanicOrLowMorale",
            "buffData": {
              "buffKeyword": "Vulnerable",
              "target": "IfAbnormalityAllPartsOrSelf",
              "stack": 2,
              "turn": 0,
              "activeRound": 0
            }
          },
          {
            "ability": "GiveBuffOnPanicOrLowMorale",
            "buffData": {
              "buffKeyword": "AttackDmgUp",
              "target": "IfAbnormalityAllPartsOrSelf",
              "stack": 2,
              "turn": 0,
              "activeRound": 0
            }
          }
        ]
      }
    }
  ]
}