{
  "defaultSetting": {
    "subChapterId": -1,
    "stageMapPosZ": -2000,
    "stageNodeZoomAnimationPivotX": 0.35,
    "upperStageNodeZoomAnimationPivotY": 0.55,
    "lowerStageNodeZoomAnimationPivotY": 0.4,
    "zoomInScale": 1.4,
    "stageIconSlotScale": 0.5,
    "selectedIconScale": 1
  },
  "list": [
    {
      "subChapterId": 104,
      "stageMapPosZ": 0,
      "stageNodeZoomAnimationPivotX": 0.275,
      "upperStageNodeZoomAnimationPivotY": 0.55,
      "lowerStageNodeZoomAnimationPivotY": 0.4,
      "zoomInScale": 1.4,
      "stageIconSlotScale": 0.75,
      "selectedIconScale": 1.25,
      "boundarySetting": {
        "xAxisBoundaryList": [
          {
            "range": {
              "from": 0,
              "to": 0
            },
            "min": -30420,
            "max": 0
          },
          {
            "range": {
              "from": 1,
              "to": 1
            },
            "min": -34476,
            "max": 0
          },
          {
            "range": {
              "from": 2,
              "to": 2
            },
            "min": -34476,
            "max": -22308
          },
          {
            "range": {
              "from": 3,
              "to": 3
            },
            "min": -36504,
            "max": -22308
          }
        ],
        "yAxisBoundaryList": [
          {
            "range": {
              "from": 0,
              "to": 10
            },
            "min": -4056,
            "max": 0
          },
          {
            "range": {
              "from": 16,
              "to": 18
            },
            "min": -8112,
            "max": -7084
          }
        ]
      }
    },
    {
      "subChapterId": 9104,
      "stageMapPosZ": 0,
      "stageNodeZoomAnimationPivotX": 0.29,
      "upperStageNodeZoomAnimationPivotY": 0.535,
      "lowerStageNodeZoomAnimationPivotY": 0.4,
      "zoomInScale": 1.4,
      "stageIconSlotScale": 0.75,
      "selectedIconScale": 1.25
    }
  ]
}