{
  "list": [
    {
      "subChapterId": 105,
      "stageMapPosZ": 0,
      "stageNodeZoomAnimationPivotX": 0.31,
      "upperStageNodeZoomAnimationPivotY": 0.55,
      "lowerStageNodeZoomAnimationPivotY": 0.4,
      "zoomInScale": 1.7,
      "stageIconSlotScale": 0.55,
      "selectedIconScale": 1.05,
      "isUseEffectPositionData": true,
      "effectPosition": {
        "positionX": 2000,
        "positionY": 2028
      },
      "boundarySetting": {
        "xAxisBoundaryList": [
          {
            "range": {
              "from": 0,
              "to": 2
            },
            "min": -999999,
            "max": -2048
          }
        ]
      }
    },
    {
      "subChapterId": 9105,
      "stageMapPosZ": 0,
      "stageNodeZoomAnimationPivotX": 0.295,
      "upperStageNodeZoomAnimationPivotY": 0.575,
      "lowerStageNodeZoomAnimationPivotY": 0.4,
      "zoomInScale": 1.7,
      "stageIconSlotScale": 0.6,
      "selectedIconScale": 1.15,
      "isUseEffectPositionData": false,
      "effectPosition": {
        "positionX": 2000,
        "positionY": 2028
      }
    },
    {
      "subChapterId": 9107,
      "stageMapPosZ": 0,
      "stageNodeZoomAnimationPivotX": 0.295,
      "upperStageNodeZoomAnimationPivotY": 0.575,
      "lowerStageNodeZoomAnimationPivotY": 0.4,
      "zoomInScale": 1.7,
      "stageIconSlotScale": 0.6,
      "selectedIconScale": 1.15,
      "isUseEffectPositionData": false,
      "effectPosition": {
        "positionX": 2000,
        "positionY": 2028
      }
    }
  ]
}