{
  "list": [
    {
      "subChapterId": 106,
      "stageMapPosZ": 0,
      "stageNodeZoomAnimationPivotX": 0.31,
      "upperStageNodeZoomAnimationPivotY": 0.55,
      "lowerStageNodeZoomAnimationPivotY": 0.4,
      "zoomInScale": 1.7,
      "stageIconSlotScale": 0.55,
      "selectedIconScale": 1.05,
      "isUseEffectPositionData": true,
      "effectPosition": {
        "positionX": 2000,
        "positionY": 2028
      },
      "boundarySetting": {
        "yAxisBoundaryList": [
          {
            "range": {
              "from": 0,
              "to": 6
            },
            "min": -6084,
            "max": -1350
          },
          {
            "range": {
              "from": 7,
              "to": 12
            },
            "min": -4056,
            "max": -1350
          },
          {
            "range": {
              "from": 13,
              "to": 18
            },
            "min": -8132,
            "max": -2048
          }
        ]
      }
    },
    {
      "subChapterId": 9110,
      "stageMapPosZ": 0,
      "stageNodeZoomAnimationPivotX": 0.31,
      "upperStageNodeZoomAnimationPivotY": 0.55,
      "lowerStageNodeZoomAnimationPivotY": 0.4,
      "zoomInScale": 1.7,
      "stageIconSlotScale": 0.55,
      "selectedIconScale": 1.05
    }
  ]
}