{
  "list": [
    {
      "id": 21,
      "category": "MEMBERSHIP",
      "returnpolicytype": "LUNACY_B",
      "productId": "lunacy_monthly_1",
      "priceTier": 7,
      "membershipDailyChanceId": 1021,
      "defaultElements": [
        {
          "type": "ITEM",
          "id": 1,
          "num": 650
        }
      ],
      "membershipDailyElements": [
        {
          "type": "ITEM",
          "id": 2,
          "num": 65
        }
      ]
    },
    {
      "id": 22,
      "category": "MEMBERSHIP",
      "returnpolicytype": "LUNACY_B",
      "productId": "lunacy_monthly_2",
      "priceTier": 3,
      "membershipDailyChanceId": 1022,
      "defaultElements": [
        {
          "type": "ITEM",
          "id": 1,
          "num": 130
        }
      ],
      "membershipDailyElements": [
        {
          "type": "ITEM",
          "id": 2,
          "num": 39
        }
      ]
    }
  ]
}