{
  "list": [
    {
      "groupID": 1,
      "rewardCaseList": [
        {
          "id": 101,
          "rewardType": "COST",
          "rewardLV": 1,
          "rewardParams": {
            "acquireCostMin": 80,
            "acquireCostMax": 120
          },
          "localizeTextFormat": "dungeon_battle_reward_case_format_cost_acquisition"
        },
        {
          "id": 102,
          "rewardType": "COST",
          "rewardLV": 2,
          "rewardParams": {
            "acquireCostMin": 90,
            "acquireCostMax": 135
          },
          "localizeTextFormat": "dungeon_battle_reward_case_format_cost_acquisition"
        },
        {
          "id": 103,
          "rewardType": "COST",
          "rewardLV": 3,
          "rewardParams": {
            "acquireCostMin": 100,
            "acquireCostMax": 150
          },
          "localizeTextFormat": "dungeon_battle_reward_case_format_cost_acquisition"
        },
        {
          "id": 104,
          "rewardType": "COST",
          "rewardLV": 4,
          "rewardParams": {
            "acquireCostMin": 110,
            "acquireCostMax": 165
          },
          "localizeTextFormat": "dungeon_battle_reward_case_format_cost_acquisition"
        },
        {
          "id": 105,
          "rewardType": "COST",
          "rewardLV": 5,
          "rewardParams": {
            "acquireCostMin": 120,
            "acquireCostMax": 180
          },
          "localizeTextFormat": "dungeon_battle_reward_case_format_cost_acquisition"
        },
        {
          "id": 106,
          "rewardType": "COST",
          "rewardLV": 6,
          "rewardParams": {
            "acquireCostMin": 135,
            "acquireCostMax": 210
          },
          "localizeTextFormat": "dungeon_battle_reward_case_format_cost_acquisition"
        },
        {
          "id": 107,
          "rewardType": "COST",
          "rewardLV": 7,
          "rewardParams": {
            "acquireCostMin": 150,
            "acquireCostMax": 230
          },
          "localizeTextFormat": "dungeon_battle_reward_case_format_cost_acquisition"
        }
      ]
    }
  ]
}