{
  "list": [
    {
      "id": 20201,
      "characterId": 2,
      "egoType": "ZAYIN",
      "egoClass": 1,
      "season": 0,
      "skillTier": 3,
      "attributeResistList": [
        {
          "type": "CRIMSON",
          "value": 1
        },
        {
          "type": "SCARLET",
          "value": 2
        },
        {
          "type": "AMBER",
          "value": 1
        },
        {
          "type": "SHAMROCK",
          "value": 2
        },
        {
          "type": "AZURE",
          "value": 1
        },
        {
          "type": "INDIGO",
          "value": 0.75
        },
        {
          "type": "VIOLET",
          "value": 1
        },
        {
          "type": "WHITE",
          "value": 2
        },
        {
          "type": "BLACK",
          "value": 2
        }
      ],
      "requirementList": [
        {
          "attributeType": "SHAMROCK",
          "num": 2
        },
        {
          "attributeType": "INDIGO",
          "num": 4
        }
      ],
      "corrosionSectionList": [
        {
          "section": 0.5,
          "probability": 0.25
        },
        {
          "section": 0.25,
          "probability": 0.75
        },
        {
          "section": 0,
          "probability": 1
        }
      ],
      "awakeningPassiveList": [
        2020111
      ],
      "awakeningSkillId": 2020111
    },
    {
      "id": 20202,
      "characterId": 2,
      "egoType": "HE",
      "egoClass": 2,
      "season": 1,
      "skillTier": 3,
      "attributeResistList": [
        {
          "type": "CRIMSON",
          "value": 1
        },
        {
          "type": "SCARLET",
          "value": 0.75
        },
        {
          "type": "AMBER",
          "value": 1
        },
        {
          "type": "SHAMROCK",
          "value": 1
        },
        {
          "type": "AZURE",
          "value": 0.5
        },
        {
          "type": "INDIGO",
          "value": 2
        },
        {
          "type": "VIOLET",
          "value": 2
        },
        {
          "type": "WHITE",
          "value": 2
        },
        {
          "type": "BLACK",
          "value": 2
        }
      ],
      "requirementList": [
        {
          "attributeType": "SCARLET",
          "num": 2
        },
        {
          "attributeType": "AZURE",
          "num": 4
        },
        {
          "attributeType": "VIOLET",
          "num": 3
        }
      ],
      "corrosionSectionList": [
        {
          "section": 0.5,
          "probability": 0.25
        },
        {
          "section": 0.25,
          "probability": 0.75
        },
        {
          "section": 0,
          "probability": 1
        }
      ],
      "awakeningPassiveList": [
        2020211
      ],
      "awakeningSkillId": 2020211,
      "corrosionSkillId": 2020221
    },
    {
      "id": 20203,
      "characterId": 2,
      "egoType": "TETH",
      "egoClass": 2,
      "season": 0,
      "skillTier": 3,
      "attributeResistList": [
        {
          "type": "CRIMSON",
          "value": 1
        },
        {
          "type": "SCARLET",
          "value": 2
        },
        {
          "type": "AMBER",
          "value": 1
        },
        {
          "type": "SHAMROCK",
          "value": 1
        },
        {
          "type": "AZURE",
          "value": 1
        },
        {
          "type": "INDIGO",
          "value": 2
        },
        {
          "type": "VIOLET",
          "value": 0.5
        },
        {
          "type": "WHITE",
          "value": 2
        },
        {
          "type": "BLACK",
          "value": 2
        }
      ],
      "requirementList": [
        {
          "attributeType": "VIOLET",
          "num": 6
        }
      ],
      "corrosionSectionList": [
        {
          "section": 0.5,
          "probability": 0.25
        },
        {
          "section": 0.25,
          "probability": 0.75
        },
        {
          "section": 0,
          "probability": 1
        }
      ],
      "awakeningPassiveList": [
        2020311
      ],
      "awakeningSkillId": 2020311,
      "corrosionSkillId": 2020321
    },
    {
      "id": 20204,
      "characterId": 2,
      "egoType": "HE",
      "egoClass": 3,
      "season": 0,
      "skillTier": 3,
      "attributeResistList": [
        {
          "type": "CRIMSON",
          "value": 1
        },
        {
          "type": "SCARLET",
          "value": 1
        },
        {
          "type": "AMBER",
          "value": 2
        },
        {
          "type": "SHAMROCK",
          "value": 2
        },
        {
          "type": "AZURE",
          "value": 1
        },
        {
          "type": "INDIGO",
          "value": 0.75
        },
        {
          "type": "VIOLET",
          "value": 0.5
        },
        {
          "type": "WHITE",
          "value": 2
        },
        {
          "type": "BLACK",
          "value": 2
        }
      ],
      "requirementList": [
        {
          "attributeType": "CRIMSON",
          "num": 1
        },
        {
          "attributeType": "SCARLET",
          "num": 3
        },
        {
          "attributeType": "VIOLET",
          "num": 2
        }
      ],
      "corrosionSectionList": [
        {
          "section": 0.5,
          "probability": 0.25
        },
        {
          "section": 0.25,
          "probability": 0.75
        },
        {
          "section": 0,
          "probability": 1
        }
      ],
      "awakeningPassiveList": [
        2020411
      ],
      "awakeningSkillId": 2020411,
      "corrosionSkillId": 2020421
    },
    {
      "id": 20206,
      "characterId": 2,
      "egoType": "WAW",
      "egoClass": 4,
      "season": 4,
      "additionalAttachment": "EVENT",
      "skillTier": 3,
      "attributeResistList": [
        {
          "type": "CRIMSON",
          "value": 0.75
        },
        {
          "type": "SCARLET",
          "value": 2
        },
        {
          "type": "AMBER",
          "value": 0.5
        },
        {
          "type": "SHAMROCK",
          "value": 1
        },
        {
          "type": "AZURE",
          "value": 1
        },
        {
          "type": "INDIGO",
          "value": 0.5
        },
        {
          "type": "VIOLET",
          "value": 2
        },
        {
          "type": "WHITE",
          "value": 2
        },
        {
          "type": "BLACK",
          "value": 2
        }
      ],
      "requirementList": [
        {
          "attributeType": "SCARLET",
          "num": 2
        },
        {
          "attributeType": "AMBER",
          "num": 4
        },
        {
          "attributeType": "AZURE",
          "num": 2
        },
        {
          "attributeType": "INDIGO",
          "num": 3
        }
      ],
      "corrosionSectionList": [
        {
          "section": 0.5,
          "probability": 0.25
        },
        {
          "section": 0.25,
          "probability": 0.75
        },
        {
          "section": 0,
          "probability": 1
        }
      ],
      "awakeningPassiveList": [
        2020611
      ],
      "awakeningSkillId": 2020611,
      "corrosionSkillId": 2020621
    }
  ]
}