{
  "list": [
    {
      "id": 20401,
      "characterId": 4,
      "egoType": "ZAYIN",
      "egoClass": 1,
      "season": 0,
      "attributeResistList": [
        {
          "type": "CRIMSON",
          "value": 1
        },
        {
          "type": "SCARLET",
          "value": 0.75
        },
        {
          "type": "AMBER",
          "value": 1
        },
        {
          "type": "SHAMROCK",
          "value": 2
        },
        {
          "type": "AZURE",
          "value": 1
        },
        {
          "type": "INDIGO",
          "value": 1
        },
        {
          "type": "VIOLET",
          "value": 2
        },
        {
          "type": "WHITE",
          "value": 2
        },
        {
          "type": "BLACK",
          "value": 2
        }
      ],
      "requirementList": [
        {
          "attributeType": "CRIMSON",
          "num": 2
        },
        {
          "attributeType": "SCARLET",
          "num": 2
        }
      ],
      "corrosionSectionList": [
        {
          "section": 0.5,
          "probability": 0.25
        },
        {
          "section": 0.25,
          "probability": 0.75
        },
        {
          "section": 0,
          "probability": 1
        }
      ],
      "awakeningPassiveList": [
        2040111
      ],
      "awakeningSkillId": 2040111
    },
    {
      "id": 20402,
      "characterId": 4,
      "egoType": "HE",
      "egoClass": 2,
      "season": 1,
      "attributeResistList": [
        {
          "type": "CRIMSON",
          "value": 0.5
        },
        {
          "type": "SCARLET",
          "value": 1
        },
        {
          "type": "AMBER",
          "value": 2
        },
        {
          "type": "SHAMROCK",
          "value": 1
        },
        {
          "type": "AZURE",
          "value": 2
        },
        {
          "type": "INDIGO",
          "value": 1
        },
        {
          "type": "VIOLET",
          "value": 0.75
        },
        {
          "type": "WHITE",
          "value": 2
        },
        {
          "type": "BLACK",
          "value": 2
        }
      ],
      "requirementList": [
        {
          "attributeType": "CRIMSON",
          "num": 4
        },
        {
          "attributeType": "INDIGO",
          "num": 2
        }
      ],
      "corrosionSectionList": [
        {
          "section": 0.5,
          "probability": 0.25
        },
        {
          "section": 0.25,
          "probability": 0.75
        },
        {
          "section": 0,
          "probability": 1
        }
      ],
      "awakeningPassiveList": [
        2040211
      ],
      "awakeningSkillId": 2040211,
      "corrosionSkillId": 2040221
    },
    {
      "id": 20403,
      "characterId": 4,
      "egoType": "TETH",
      "egoClass": 2,
      "season": 0,
      "attributeResistList": [
        {
          "type": "CRIMSON",
          "value": 1
        },
        {
          "type": "SCARLET",
          "value": 0.5
        },
        {
          "type": "AMBER",
          "value": 1
        },
        {
          "type": "SHAMROCK",
          "value": 2
        },
        {
          "type": "AZURE",
          "value": 1
        },
        {
          "type": "INDIGO",
          "value": 2
        },
        {
          "type": "VIOLET",
          "value": 1
        },
        {
          "type": "WHITE",
          "value": 2
        },
        {
          "type": "BLACK",
          "value": 2
        }
      ],
      "requirementList": [
        {
          "attributeType": "SCARLET",
          "num": 2
        },
        {
          "attributeType": "SHAMROCK",
          "num": 2
        },
        {
          "attributeType": "VIOLET",
          "num": 1
        }
      ],
      "corrosionSectionList": [
        {
          "section": 0.5,
          "probability": 0.25
        },
        {
          "section": 0.25,
          "probability": 0.75
        },
        {
          "section": 0,
          "probability": 1
        }
      ],
      "awakeningPassiveList": [
        2040311
      ],
      "awakeningSkillId": 2040311,
      "corrosionSkillId": 2040321
    },
    {
      "id": 20404,
      "characterId": 4,
      "egoType": "HE",
      "egoClass": 2,
      "season": 0,
      "attributeResistList": [
        {
          "type": "CRIMSON",
          "value": 2
        },
        {
          "type": "SCARLET",
          "value": 1
        },
        {
          "type": "AMBER",
          "value": 1
        },
        {
          "type": "SHAMROCK",
          "value": 0.75
        },
        {
          "type": "AZURE",
          "value": 1
        },
        {
          "type": "INDIGO",
          "value": 2
        },
        {
          "type": "VIOLET",
          "value": 0.5
        },
        {
          "type": "WHITE",
          "value": 2
        },
        {
          "type": "BLACK",
          "value": 2
        }
      ],
      "requirementList": [
        {
          "attributeType": "CRIMSON",
          "num": 2
        },
        {
          "attributeType": "SCARLET",
          "num": 2
        },
        {
          "attributeType": "VIOLET",
          "num": 3
        }
      ],
      "corrosionSectionList": [
        {
          "section": 0.5,
          "probability": 0.25
        },
        {
          "section": 0.25,
          "probability": 0.75
        },
        {
          "section": 0,
          "probability": 1
        }
      ],
      "awakeningPassiveList": [
        2040411
      ],
      "awakeningSkillId": 2040411,
      "corrosionSkillId": 2040421
    },
    {
      "id": 20405,
      "characterId": 4,
      "egoType": "ZAYIN",
      "egoClass": 2,
      "season": 2,
      "additionalAttachment": "EVENT",
      "attributeResistList": [
        {
          "type": "CRIMSON",
          "value": 1
        },
        {
          "type": "SCARLET",
          "value": 1
        },
        {
          "type": "AMBER",
          "value": 2
        },
        {
          "type": "SHAMROCK",
          "value": 1
        },
        {
          "type": "AZURE",
          "value": 0.75
        },
        {
          "type": "INDIGO",
          "value": 1
        },
        {
          "type": "VIOLET",
          "value": 2
        },
        {
          "type": "WHITE",
          "value": 2
        },
        {
          "type": "BLACK",
          "value": 2
        }
      ],
      "requirementList": [
        {
          "attributeType": "SHAMROCK",
          "num": 2
        },
        {
          "attributeType": "INDIGO",
          "num": 2
        },
        {
          "attributeType": "VIOLET",
          "num": 2
        }
      ],
      "corrosionSectionList": [
        {
          "section": 0.5,
          "probability": 0.25
        },
        {
          "section": 0.25,
          "probability": 0.75
        },
        {
          "section": 0,
          "probability": 1
        }
      ],
      "awakeningPassiveList": [
        2040511
      ],
      "awakeningSkillId": 2040511,
      "corrosionSkillId": 2040521
    },
    {
      "id": 20407,
      "characterId": 4,
      "egoType": "WAW",
      "egoClass": 2,
      "season": 4,
      "attributeResistList": [
        {
          "type": "CRIMSON",
          "value": 0.5
        },
        {
          "type": "SCARLET",
          "value": 2
        },
        {
          "type": "AMBER",
          "value": 0.5
        },
        {
          "type": "SHAMROCK",
          "value": 1
        },
        {
          "type": "AZURE",
          "value": 2
        },
        {
          "type": "INDIGO",
          "value": 0.75
        },
        {
          "type": "VIOLET",
          "value": 1
        },
        {
          "type": "WHITE",
          "value": 2
        },
        {
          "type": "BLACK",
          "value": 2
        }
      ],
      "requirementList": [
        {
          "attributeType": "CRIMSON",
          "num": 3
        },
        {
          "attributeType": "SCARLET",
          "num": 4
        },
        {
          "attributeType": "INDIGO",
          "num": 4
        },
        {
          "attributeType": "VIOLET",
          "num": 3
        }
      ],
      "corrosionSectionList": [
        {
          "section": 0.5,
          "probability": 0.25
        },
        {
          "section": 0.25,
          "probability": 0.75
        },
        {
          "section": 0,
          "probability": 1
        }
      ],
      "awakeningPassiveList": [
        2040711
      ],
      "awakeningSkillId": 2040711,
      "corrosionSkillId": 2040721
    }
  ]
}