{
  "list": [
    {
      "id": 20501,
      "characterId": 5,
      "egoType": "ZAYIN",
      "egoClass": 1,
      "season": 0,
      "skillTier": 3,
      "attributeResistList": [
        {
          "type": "CRIMSON",
          "value": 1
        },
        {
          "type": "SCARLET",
          "value": 2
        },
        {
          "type": "AMBER",
          "value": 1
        },
        {
          "type": "SHAMROCK",
          "value": 2
        },
        {
          "type": "AZURE",
          "value": 1
        },
        {
          "type": "INDIGO",
          "value": 0.75
        },
        {
          "type": "VIOLET",
          "value": 1
        },
        {
          "type": "WHITE",
          "value": 2
        },
        {
          "type": "BLACK",
          "value": 2
        }
      ],
      "requirementList": [
        {
          "attributeType": "AMBER",
          "num": 1
        },
        {
          "attributeType": "AZURE",
          "num": 1
        },
        {
          "attributeType": "VIOLET",
          "num": 2
        }
      ],
      "corrosionSectionList": [
        {
          "section": 0.5,
          "probability": 0.25
        },
        {
          "section": 0.25,
          "probability": 0.75
        },
        {
          "section": 0,
          "probability": 1
        }
      ],
      "awakeningPassiveList": [
        2050111
      ],
      "awakeningSkillId": 2050111
    },
    {
      "id": 20502,
      "characterId": 5,
      "egoType": "TETH",
      "egoClass": 1,
      "season": 1,
      "skillTier": 3,
      "attributeResistList": [
        {
          "type": "CRIMSON",
          "value": 2
        },
        {
          "type": "SCARLET",
          "value": 1
        },
        {
          "type": "AMBER",
          "value": 1
        },
        {
          "type": "SHAMROCK",
          "value": 1
        },
        {
          "type": "AZURE",
          "value": 2
        },
        {
          "type": "INDIGO",
          "value": 0.5
        },
        {
          "type": "VIOLET",
          "value": 1
        },
        {
          "type": "WHITE",
          "value": 2
        },
        {
          "type": "BLACK",
          "value": 2
        }
      ],
      "requirementList": [
        {
          "attributeType": "AMBER",
          "num": 2
        },
        {
          "attributeType": "INDIGO",
          "num": 1
        },
        {
          "attributeType": "VIOLET",
          "num": 2
        }
      ],
      "corrosionSectionList": [
        {
          "section": 0.5,
          "probability": 0.25
        },
        {
          "section": 0.25,
          "probability": 0.75
        },
        {
          "section": 0,
          "probability": 1
        }
      ],
      "awakeningPassiveList": [
        2050211
      ],
      "awakeningSkillId": 2050211,
      "corrosionSkillId": 2050221
    },
    {
      "id": 20503,
      "characterId": 5,
      "egoType": "HE",
      "egoClass": 1,
      "season": 0,
      "skillTier": 3,
      "attributeResistList": [
        {
          "type": "CRIMSON",
          "value": 1
        },
        {
          "type": "SCARLET",
          "value": 2
        },
        {
          "type": "AMBER",
          "value": 0.5
        },
        {
          "type": "SHAMROCK",
          "value": 2
        },
        {
          "type": "AZURE",
          "value": 1
        },
        {
          "type": "INDIGO",
          "value": 0.75
        },
        {
          "type": "VIOLET",
          "value": 1
        },
        {
          "type": "WHITE",
          "value": 2
        },
        {
          "type": "BLACK",
          "value": 2
        }
      ],
      "requirementList": [
        {
          "attributeType": "AMBER",
          "num": 4
        },
        {
          "attributeType": "AZURE",
          "num": 1
        },
        {
          "attributeType": "INDIGO",
          "num": 2
        }
      ],
      "corrosionSectionList": [
        {
          "section": 0.5,
          "probability": 0.25
        },
        {
          "section": 0.25,
          "probability": 0.75
        },
        {
          "section": 0,
          "probability": 1
        }
      ],
      "awakeningPassiveList": [
        2050311
      ],
      "awakeningSkillId": 2050311,
      "corrosionSkillId": 2050321
    },
    {
      "id": 20504,
      "characterId": 5,
      "egoType": "HE",
      "egoClass": 1,
      "season": 2,
      "skillTier": 3,
      "attributeResistList": [
        {
          "type": "CRIMSON",
          "value": 0.5
        },
        {
          "type": "SCARLET",
          "value": 2
        },
        {
          "type": "AMBER",
          "value": 1
        },
        {
          "type": "SHAMROCK",
          "value": 0.75
        },
        {
          "type": "AZURE",
          "value": 2
        },
        {
          "type": "INDIGO",
          "value": 1
        },
        {
          "type": "VIOLET",
          "value": 1
        },
        {
          "type": "WHITE",
          "value": 2
        },
        {
          "type": "BLACK",
          "value": 2
        }
      ],
      "requirementList": [
        {
          "attributeType": "CRIMSON",
          "num": 2
        },
        {
          "attributeType": "SCARLET",
          "num": 1
        },
        {
          "attributeType": "AMBER",
          "num": 2
        }
      ],
      "corrosionSectionList": [
        {
          "section": 0.5,
          "probability": 0.25
        },
        {
          "section": 0.25,
          "probability": 0.75
        },
        {
          "section": 0,
          "probability": 1
        }
      ],
      "awakeningPassiveList": [
        2050411
      ],
      "awakeningSkillId": 2050411,
      "corrosionSkillId": 2050421
    },
    {
      "id": 20505,
      "characterId": 5,
      "egoType": "TETH",
      "egoClass": 1,
      "season": 9101,
      "walpurgisType": "LC",
      "skillTier": 3,
      "egoKeywordList": ["WALPURGIS","LAIBRARY_OF_RUINA"],
      "attributeResistList": [
        {
          "type": "CRIMSON",
          "value": 1
        },
        {
          "type": "SCARLET",
          "value": 1
        },
        {
          "type": "AMBER",
          "value": 1
        },
        {
          "type": "SHAMROCK",
          "value": 1
        },
        {
          "type": "AZURE",
          "value": 0.5
        },
        {
          "type": "INDIGO",
          "value": 2
        },
        {
          "type": "VIOLET",
          "value": 2
        },
        {
          "type": "WHITE",
          "value": 2
        },
        {
          "type": "BLACK",
          "value": 2
        }
      ],
      "requirementList": [
        {
          "attributeType": "CRIMSON",
          "num": 3
        },
        {
          "attributeType": "INDIGO",
          "num": 2
        }
      ],
      "corrosionSectionList": [
        {
          "section": 0.5,
          "probability": 0.25
        },
        {
          "section": 0.25,
          "probability": 0.75
        },
        {
          "section": 0,
          "probability": 1
        }
      ],
      "awakeningPassiveList": [
        2050511
      ],
      "awakeningSkillId": 2050511,
      "corrosionSkillId": 2050521
    },
    {
      "id": 20506,
      "characterId": 5,
      "egoType": "TETH",
      "egoClass": 1,
      "season": 4,
      "skillTier": 3,
      "attributeResistList": [
        {
          "type": "CRIMSON",
          "value": 1
        },
        {
          "type": "SCARLET",
          "value": 1
        },
        {
          "type": "AMBER",
          "value": 2
        },
        {
          "type": "SHAMROCK",
          "value": 1
        },
        {
          "type": "AZURE",
          "value": 2
        },
        {
          "type": "INDIGO",
          "value": 1
        },
        {
          "type": "VIOLET",
          "value": 0.5
        },
        {
          "type": "WHITE",
          "value": 2
        },
        {
          "type": "BLACK",
          "value": 2
        }
      ],
      "requirementList": [
        {
          "attributeType": "CRIMSON",
          "num": 1
        },
        {
          "attributeType": "VIOLET",
          "num": 4
        }
      ],
      "corrosionSectionList": [
        {
          "section": 0.5,
          "probability": 0.25
        },
        {
          "section": 0.25,
          "probability": 0.75
        },
        {
          "section": 0,
          "probability": 1
        }
      ],
      "awakeningPassiveList": [
        2050611
      ],
      "awakeningSkillId": 2050611,
      "corrosionSkillId": 2050621
    }
  ]
}