{
  "list": [
    {
      "id": 20901,
      "characterId": 9,
      "egoType": "ZAYIN",
      "egoClass": 1,
      "season": 0,
      "attributeResistList": [
        {
          "type": "CRIMSON",
          "value": 1
        },
        {
          "type": "SCARLET",
          "value": 1
        },
        {
          "type": "AMBER",
          "value": 1
        },
        {
          "type": "SHAMROCK",
          "value": 1
        },
        {
          "type": "AZURE",
          "value": 2
        },
        {
          "type": "INDIGO",
          "value": 0.75
        },
        {
          "type": "VIOLET",
          "value": 2
        },
        {
          "type": "WHITE",
          "value": 2
        },
        {
          "type": "BLACK",
          "value": 2
        }
      ],
      "requirementList": [
        {
          "attributeType": "AZURE",
          "num": 1
        },
        {
          "attributeType": "INDIGO",
          "num": 3
        }
      ],
      "corrosionSectionList": [
        {
          "section": 0.5,
          "probability": 0.25
        },
        {
          "section": 0.25,
          "probability": 0.75
        },
        {
          "section": 0,
          "probability": 1
        }
      ],
      "awakeningPassiveList": [
        2090111
      ],
      "awakeningSkillId": 2090111
    },
    {
      "id": 20902,
      "characterId": 9,
      "egoType": "HE",
      "egoClass": 2,
      "season": 1,
      "attributeResistList": [
        {
          "type": "CRIMSON",
          "value": 0.5
        },
        {
          "type": "SCARLET",
          "value": 1
        },
        {
          "type": "AMBER",
          "value": 2
        },
        {
          "type": "SHAMROCK",
          "value": 1
        },
        {
          "type": "AZURE",
          "value": 2
        },
        {
          "type": "INDIGO",
          "value": 1
        },
        {
          "type": "VIOLET",
          "value": 0.75
        },
        {
          "type": "WHITE",
          "value": 2
        },
        {
          "type": "BLACK",
          "value": 2
        }
      ],
      "requirementList": [
        {
          "attributeType": "CRIMSON",
          "num": 3
        },
        {
          "attributeType": "INDIGO",
          "num": 2
        },
        {
          "attributeType": "VIOLET",
          "num": 1
        }
      ],
      "corrosionSectionList": [
        {
          "section": 0.5,
          "probability": 0.25
        },
        {
          "section": 0.25,
          "probability": 0.75
        },
        {
          "section": 0,
          "probability": 1
        }
      ],
      "awakeningPassiveList": [
        2090211
      ],
      "awakeningSkillId": 2090211,
      "corrosionSkillId": 2090221
    },
    {
      "id": 20903,
      "characterId": 9,
      "egoType": "TETH",
      "egoClass": 2,
      "season": 1,
      "attributeResistList": [
        {
          "type": "CRIMSON",
          "value": 2
        },
        {
          "type": "SCARLET",
          "value": 1
        },
        {
          "type": "AMBER",
          "value": 2
        },
        {
          "type": "SHAMROCK",
          "value": 1
        },
        {
          "type": "AZURE",
          "value": 0.5
        },
        {
          "type": "INDIGO",
          "value": 1
        },
        {
          "type": "VIOLET",
          "value": 1
        },
        {
          "type": "WHITE",
          "value": 2
        },
        {
          "type": "BLACK",
          "value": 2
        }
      ],
      "requirementList": [
        {
          "attributeType": "AZURE",
          "num": 5
        },
        {
          "attributeType": "VIOLET",
          "num": 3
        }
      ],
      "corrosionSectionList": [
        {
          "section": 0.5,
          "probability": 0.25
        },
        {
          "section": 0.25,
          "probability": 0.75
        },
        {
          "section": 0,
          "probability": 1
        }
      ],
      "awakeningPassiveList": [
        2090311
      ],
      "awakeningSkillId": 2090311,
      "corrosionSkillId": 2090321
    },
    {
      "id": 20905,
      "characterId": 9,
      "egoType": "HE",
      "egoClass": 2,
      "season": 0,
      "attributeResistList": [
        {
          "type": "CRIMSON",
          "value": 1
        },
        {
          "type": "SCARLET",
          "value": 2
        },
        {
          "type": "AMBER",
          "value": 0.75
        },
        {
          "type": "SHAMROCK",
          "value": 2
        },
        {
          "type": "AZURE",
          "value": 1
        },
        {
          "type": "INDIGO",
          "value": 0.5
        },
        {
          "type": "VIOLET",
          "value": 1
        },
        {
          "type": "WHITE",
          "value": 2
        },
        {
          "type": "BLACK",
          "value": 2
        }
      ],
      "requirementList": [
        {
          "attributeType": "AMBER",
          "num": 4
        },
        {
          "attributeType": "INDIGO",
          "num": 3
        }
      ],
      "corrosionSectionList": [
        {
          "section": 0.5,
          "probability": 0.25
        },
        {
          "section": 0.25,
          "probability": 0.75
        },
        {
          "section": 0,
          "probability": 1
        }
      ],
      "awakeningPassiveList": [
        2090511
      ],
      "awakeningSkillId": 2090511,
      "corrosionSkillId": 2090521
    },
    {
      "id": 20906,
      "characterId": 9,
      "egoKeywordList": ["WALPURGIS","LAIBRARY_OF_RUINA"],
      "egoType": "WAW",
      "egoClass": 4,
      "season": 9103,
      "walpurgisType": "LOR",
      "skillTier": 3,
      "attributeResistList": [
        {
          "type": "CRIMSON",
          "value": 0.75
        },
        {
          "type": "SCARLET",
          "value": 0.5
        },
        {
          "type": "AMBER",
          "value": 2
        },
        {
          "type": "SHAMROCK",
          "value": 1
        },
        {
          "type": "AZURE",
          "value": 2
        },
        {
          "type": "INDIGO",
          "value": 1
        },
        {
          "type": "VIOLET",
          "value": 0.5
        },
        {
          "type": "WHITE",
          "value": 2
        },
        {
          "type": "BLACK",
          "value": 2
        }
      ],
      "requirementList": [
        {
          "attributeType": "CRIMSON",
          "num": 1
        },
        {
          "attributeType": "SCARLET",
          "num": 3
        },
        {
          "attributeType": "INDIGO",
          "num": 3
        },
        {
          "attributeType": "VIOLET",
          "num": 3
        }
      ],
      "corrosionSectionList": [
        {
          "section": 0.5,
          "probability": 0.25
        },
        {
          "section": 0.25,
          "probability": 0.75
        },
        {
          "section": 0,
          "probability": 1
        }
      ],
      "awakeningPassiveList": [
        2090611
      ],
      "awakeningSkillId": 2090611,
      "corrosionSkillId": 2090621
    }
  ]
}