{
  "list": [
    {
      "id": 2,
      "endNodeIdByRotation": [3,4,6,7,8],
      "requiredModule": 25,
      "openChapterData": {
        "mainChapterId": 1,
        "subChapterId": 103,
        "nodeId": 10322,
        "unlockCode": 103
      },
      "challengeType": "ROTATION_COUNT",
      "isSaveBattleState": true,
      "isLoadSinFromSave": true,
      "isGetEnemySaveData": true,
      "isRotationBuffExist": false,
      "isNotAbleToAddSlot": true,
      "isGiveUpNodeWhenAllDead": false,
      "hasRestHeal": false,
      "isResetMPAtRestNode": false,
      "isResetAfterLose": true,
      "startDate": "2023-07-24T00:00:00.000Z",
      "startDateForUI": "2023-09-14T03:00:00.000Z",
      "endDate": "2025-11-09T00:59:59.000Z",
      "endDateForUI": "2025-11-09T00:59:59.000Z",
      "bannerRewards": [
        {
          "isMinValue": true,
          "requiredConditions": [
            {
              "type": "ROTATION_COUNT",
              "count": 3
            }
          ],
          "endDate": "2024-02-01T00:59:59.000Z",
          "reward": {
            "type": "USERBANNER",
            "id": 13,
            "num": 1
          },
          "localizeId": "railway_dungeon_2_banner_reward_condition_1"
        },
        {
          "requiredConditions": [
            {
              "type": "ROTATION_COUNT",
              "count": 5
            }
          ],
          "endDate": "2024-02-01T00:59:59.000Z",
          "reward": {
            "type": "USERBANNER",
            "id": 14,
            "num": 1
          },
          "localizeId": "railway_dungeon_2_banner_reward_condition_2"
        },
        {
          "isDateLimited": true,
          "requiredConditions": [
            {
              "type": "ROTATION_COUNT",
              "count": 5
            },
            {
              "type": "CLEAR_TURN_COUNT",
              "count": 200
            }
          ],
          "startDateForUI": "2023-09-14T03:00:00.000Z",
          "endDate": "2024-02-01T00:59:59.000Z",
          "reward": {
            "type": "USERBANNER",
            "id": 15,
            "num": 1
          },
          "localizeId": "railway_dungeon_2_banner_reward_condition_3"
        },
        {
          "isDateLimited": true,
          "requiredConditions": [
            {
              "type": "ROTATION_COUNT",
              "count": 3
            }
          ],
          "startDateForUI": "2023-09-14T03:00:00.000Z",
          "endDate": "2023-11-16T00:59:59.000Z",
          "reward": {
            "type": "USERBANNER",
            "id": 16,
            "num": 1
          },
          "localizeId": "railway_dungeon_2_banner_reward_condition_4"
        },
        {
          "isDateLimited": true,
          "requiredConditions": [
            {
              "type": "ROTATION_COUNT",
              "count": 5
            }
          ],
          "startDateForUI": "2023-09-14T03:00:00.000Z",
          "endDate": "2023-11-16T00:59:59.000Z",
          "reward": {
            "type": "USERBANNER",
            "id": 17,
            "num": 1
          },
          "localizeId": "railway_dungeon_2_banner_reward_condition_5"
        },
        {
          "isDateLimited": true,
          "requiredConditions": [
            {
              "type": "ROTATION_COUNT",
              "count": 5
            },
            {
              "type": "CLEAR_TURN_COUNT",
              "count": 200
            }
          ],
          "startDateForUI": "2023-09-14T03:00:00.000Z",
          "endDate": "2023-11-16T00:59:59.000Z",
          "reward": {
            "type": "USERBANNER",
            "id": 18,
            "num": 1
          },
          "localizeId": "railway_dungeon_2_banner_reward_condition_6"
        },
        {
          "isDateLimited": true,
          "requiredConditions": [
            {
              "type": "ROTATION_COUNT",
              "count": 5
            },
            {
              "type": "CLEAR_TURN_COUNT",
              "count": 150
            }
          ],
          "startDateForUI": "2023-09-15T11:15:00.000Z",
          "startDate": "2023-09-15T11:15:00.000Z",
          "endDate": "2023-11-16T00:59:59.000Z",
          "reward": {
            "type": "USERBANNER",
            "id": 19,
            "num": 1
          },
          "localizeId": "railway_dungeon_2_banner_reward_condition_7"
        }
      ],
      "extraRewards": [
        {
          "id": 1,
          "requiredConditions": [
            {
              "type": "ROTATION_COUNT",
              "count": 1
            },
            {
              "type": "CLEAR_NODE",
              "count": 9
            }
          ],
          "rewards": [
            {
              "type": "ITEM",
              "id": 223,
              "num": 1
            }
          ]
        },
        {
          "id": 2,
          "requiredConditions": [
            {
              "type": "ROTATION_COUNT",
              "count": 2
            },
            {
              "type": "CLEAR_NODE",
              "count": 9
            }
          ],
          "rewards": [
            {
              "type": "ITEM",
              "id": 201,
              "num": 125
            }
          ]
        },
        {
          "id": 3,
          "requiredConditions": [
            {
              "type": "ROTATION_COUNT",
              "count": 3
            },
            {
              "type": "CLEAR_NODE",
              "count": 9
            }
          ],
          "rewards": [
            {
              "type": "ITEM",
              "id": 1202,
              "num": 40
            }
          ]
        },
        {
          "id": 4,
          "requiredConditions": [
            {
              "type": "ROTATION_COUNT",
              "count": 4
            },
            {
              "type": "CLEAR_NODE",
              "count": 9
            }
          ],
          "rewards": [
            {
              "type": "ITEM",
              "id": 102,
              "num": 2
            }
          ]
        },
        {
          "id": 5,
          "requiredConditions": [
            {
              "type": "ROTATION_COUNT",
              "count": 5
            },
            {
              "type": "CLEAR_NODE",
              "count": 9
            }
          ],
          "rewards": [
            {
              "type": "USER_TICKET_DECO_LEFT",
              "id": 12,
              "num": 1
            },
            {
              "type": "USER_TICKET_DECO_RIGHT",
              "id": 12,
              "num": 1
            },
            {
              "type": "USER_TICKET_DECO_EGOBG",
              "id": 12,
              "num": 1
            }
          ]
        },
        {
          "id": 6,
          "isDateLimited": true,
          "requiredConditions": [
            {
              "type": "ROTATION_COUNT",
              "count": 5
            },
            {
              "type": "CLEAR_TURN_COUNT",
              "count": 200
            },
            {
              "type": "CLEAR_NODE",
              "count": 9
            }
          ],
          "startDateForUI": "2023-09-14T03:00:00.000Z",
          "endDate": "2023-11-16T00:59:59.000Z",
          "rewards": [
            {
              "type": "USER_TICKET_DECO_LEFT",
              "id": 13,
              "num": 1
            },
            {
              "type": "USER_TICKET_DECO_RIGHT",
              "id": 13,
              "num": 1
            },
            {
              "type": "USER_TICKET_DECO_EGOBG",
              "id": 13,
              "num": 1
            }
          ],
          "uiConfig": {
            "isSpecialReward": true,
            "descLocalizeId": "railway_dungeon_2_reward_condition_special_ticket",
            "isHideAtNode": true
          }
        },
        {
          "id": 7,
          "requiredConditions": [
            {
              "type": "CLEAR_NODE",
              "count": 1
            }
          ],
          "rewards": [
            {
              "type": "ITEM",
              "id": 213,
              "num": 15
            }
          ]
        },
        {
          "id": 8,
          "requiredConditions": [
            {
              "type": "CLEAR_NODE",
              "count": 2
            }
          ],
          "rewards": [
            {
              "type": "ITEM",
              "id": 201,
              "num": 75
            }
          ]
        },
        {
          "id": 9,
          "requiredConditions": [
            {
              "type": "CLEAR_NODE",
              "count": 3
            }
          ],
          "rewards": [
            {
              "type": "ITEM",
              "id": 1102,
              "num": 20
            }
          ]
        },
        {
          "id": 10,
          "requiredConditions": [
            {
              "type": "CLEAR_NODE",
              "count": 4
            }
          ],
          "rewards": [
            {
              "type": "ITEM",
              "id": 213,
              "num": 20
            }
          ]
        },
        {
          "id": 11,
          "requiredConditions": [
            {
              "type": "CLEAR_NODE",
              "count": 5
            }
          ],
          "rewards": [
            {
              "type": "ITEM",
              "id": 1202,
              "num": 20
            }
          ]
        },
        {
          "id": 12,
          "requiredConditions": [
            {
              "type": "CLEAR_NODE",
              "count": 6
            }
          ],
          "rewards": [
            {
              "type": "ITEM",
              "id": 213,
              "num": 25
            }
          ]
        },
        {
          "id": 13,
          "requiredConditions": [
            {
              "type": "CLEAR_NODE",
              "count": 7
            }
          ],
          "rewards": [
            {
              "type": "ITEM",
              "id": 102,
              "num": 1
            }
          ]
        },
        {
          "id": 14,
          "requiredConditions": [
            {
              "type": "CLEAR_NODE",
              "count": 8
            }
          ],
          "rewards": [
            {
              "type": "ITEM",
              "id": 105,
              "num": 1
            }
          ]
        },
        {
          "id": 15,
          "isDateLimited": true,
          "requiredConditions": [
            {
              "type": "ROTATION_COUNT",
              "count": 5
            },
            {
              "type": "CLEAR_TURN_COUNT",
              "count": 150
            },
            {
              "type": "CLEAR_NODE",
              "count": 9
            }
          ],
          "startDateForUI": "2023-09-15T11:15:00.000Z",
          "startDate": "2023-09-15T11:15:00.000Z",
          "endDate": "2023-11-16T00:59:59.000Z",
          "rewards": [
            {
              "type": "USER_TICKET_DECO_LEFT",
              "id": 14,
              "num": 1
            },
            {
              "type": "USER_TICKET_DECO_RIGHT",
              "id": 14,
              "num": 1
            },
            {
              "type": "USER_TICKET_DECO_EGOBG",
              "id": 14,
              "num": 1
            }
          ],
          "uiConfig": {
            "isSpecialReward": true,
            "descLocalizeId": "railway_dungeon_2_reward_condition_special_ticket_14",
            "isHideAtNode": true
          }
        }
      ],
      "buffSet": [
        {
          "buffSetId": 1,
          "isAlly": true,
          "acquireCondition": [
            {
              "type": "PER_ROTATION_COUNT",
              "value": 1
            }
          ],
          "selectOption": [
            {
              "type": "EXCLUDE_RECENT"
            }
          ],
          "idList": [12,11,1,2,3,4,5,6,7,8,9,10,20,21,22,23,24,25,26]
        },
        {
          "buffSetId": 2,
          "isAlly": true,
          "acquireCondition": [
            {
              "type": "PER_ROTATION_COUNT",
              "value": 5
            }
          ],
          "idList": [18]
        },
        {
          "buffSetId": 3,
          "isAlly": false,
          "acquireCondition": [
            {
              "type": "PER_ROTATION_COUNT",
              "value": 1
            }
          ],
          "selectOption": [
            {
              "type": "EXCLUDE_ACQUIRED_UNTIL_GET_ALL"
            }
          ],
          "idList": [13,14,15,16,17],
          "autoAddIdPerBuffList": [19]
        }
      ],
      "sector": [
        {
          "nodeId": 1,
          "stageId": 201,
          "reward": {
            "rewardList": [
            ]
          },
          "isAbBattleIcon": true,
          "spriteId": "201",
          "nextNodes": [2,9],
          "clearRequiredNodesForEnter": [],
          "isStartOfOneCycle": true,
          "UI_nextMoveTargetId": 2
        },
        {
          "nodeId": 2,
          "stageId": 202,
          "reward": {
            "rewardList": [
            ]
          },
          "isAbBattleIcon": true,
          "spriteId": "202",
          "nextNodes": [3,9],
          "clearRequiredNodesForEnter": [1],
          "isTutorialExistAfterClear": true,
          "UI_nextMoveTargetId": 3
        },
        {
          "nodeId": 3,
          "stageId": 203,
          "reward": {
            "rewardList": [
            ]
          },
          "isAbBattleIcon": true,
          "spriteId": "203",
          "nextNodes": [4,9],
          "clearRequiredNodesForEnter": [2],
          "UI_nextMoveTargetId": 4
        },
        {
          "nodeId": 4,
          "stageId": 204,
          "stageIdAfterRotation": 209,
          "stageIdAfterRotationCondition": 3,
          "reward": {
            "rewardList": [
            ]
          },
          "isAbBattleIcon": true,
          "spriteId": "204",
          "nextNodes": [5,9],
          "clearRequiredNodesForEnter": [3],
          "UI_nextMoveTargetId": 5
        },
        {
          "nodeId": 5,
          "stageId": 205,
          "reward": {
            "rewardList": [
            ]
          },
          "isAbBattleIcon": true,
          "spriteId": "205",
          "nextNodes": [6,9],
          "clearRequiredNodesForEnter": [4],
          "UI_nextMoveTargetId": 6
        },
        {
          "nodeId": 6,
          "stageId": 206,
          "reward": {
            "rewardList": [
            ]
          },
          "isAbBattleIcon": true,
          "spriteId": "206",
          "nextNodes": [7,9],
          "clearRequiredNodesForEnter": [5],
          "UI_nextMoveTargetId": 7
        },
        {
          "nodeId": 7,
          "stageId": 207,
          "stageIdAfterRotation": 210,
          "stageIdAfterRotationCondition": 4,
          "reward": {
            "rewardList": [
            ]
          },
          "isAbBattleIcon": true,
          "spriteId": "207",
          "spriteIdAfterRotation": "210",
          "nextNodes": [8,9],
          "clearRequiredNodesForEnter": [6],
          "UI_nextMoveTargetId": 8
        },
        {
          "nodeId": 8,
          "stageId": 208,
          "reward": {
            "rewardList": [
            ]
          },
          "isAbBattleIcon": true,
          "spriteId": "208",
          "nextNodes": [1,9],
          "clearRequiredNodesForEnter": [7],
          "isEndOfOneCycle": true,
          "UI_nextMoveTargetId": 1
        },
        {
          "nodeId": 9,
          "stageId": 211,
          "reward": {
            "rewardList": [
            ]
          },
          "isAbBattleIcon": true,
          "spriteId": "211",
          "nextNodes": [],
          "clearRequiredNodesForEnter": [],
          "isBossNode": true
        }
      ]
    }
  ]
}