{
  "list": [
    {
      "id": 8541,
      "partPositionDatas": [
        {
          "id": 804501,
          "offsetX": -400,
          "offsetY": 150,
          "lineDirection": "RIGHT"
        },
        {
          "id": 804502,
          "offsetX": 200,
          "offsetY": 200,
          "lineDirection": "LEFT"
        }
      ]
    },
    {
      "id": 8539,
      "partPositionDatas": [
        {
          "id": 804601,
          "offsetX": 200,
          "offsetY": 150,
          "lineDirection": "RIGHT"
        },
        {
          "id": 804602,
          "offsetX": 0,
          "offsetY": 200,
          "lineDirection": "LEFT"
        }
      ]
    },
    {
      "id": 8544,
      "partPositionDatas": [
        {
          "id": 804701,
          "offsetX": 200,
          "offsetY": 150,
          "lineDirection": "LEFT"
        },
        {
          "id": 804702,
          "offsetX": -200,
          "offsetY": 200,
          "lineDirection": "RIGHT"
        }
      ]
    },
    {
      "id": 8542,
      "partPositionDatas": [
        {
          "id": 804801,
          "offsetX": -400,
          "offsetY": 150,
          "lineDirection": "RIGHT"
        },
        {
          "id": 804802,
          "offsetX": 200,
          "offsetY": 200,
          "lineDirection": "LEFT"
        }
      ]
    },
    {
      "id": 8545,
      "partPositionDatas": [
        {
          "id": 805901,
          "offsetX": -400,
          "offsetY": 150,
          "lineDirection": "RIGHT"
        },
        {
          "id": 805902,
          "offsetX": 200,
          "offsetY": 200,
          "lineDirection": "LEFT"
        }
      ]
    },
    {
      "id": 8547,
      "partPositionDatas": [
        {
          "id": 804801,
          "offsetX": -400,
          "offsetY": 150,
          "lineDirection": "RIGHT"
        },
        {
          "id": 804802,
          "offsetX": 200,
          "offsetY": 200,
          "lineDirection": "LEFT"
        }
      ]
    },
    {
      "id": 8549,
      "partPositionDatas": [
        {
          "id": 854901,
          "offsetX": -200,
          "offsetY": 150,
          "lineDirection": "RIGHT"
        },
        {
          "id": 854902,
          "offsetX": 200,
          "offsetY": 200,
          "lineDirection": "LEFT"
        }
      ]
    },
    {
      "id": 8555,
      "partPositionDatas": [
        {
          "id": 855501,
          "offsetX": 300,
          "offsetY": 150,
          "lineDirection": "RIGHT"
        },
        {
          "id": 855502,
          "offsetX": 100,
          "offsetY": 200,
          "lineDirection": "LEFT"
        }
      ]
    },
    {
      "id": 8550,
      "partPositionDatas": [
        {
          "id": 855001,
          "offsetX": 100,
          "offsetY": 150,
          "lineDirection": "RIGHT"
        },
        {
          "id": 855002,
          "offsetX": -100,
          "offsetY": 200,
          "lineDirection": "LEFT"
        }
      ]
    },
    {
      "id": 8556,
      "partPositionDatas": [
        {
          "id": 855601,
          "offsetX": 300,
          "offsetY": 0,
          "lineDirection": "RIGHT"
        },
        {
          "id": 855602,
          "offsetX": -200,
          "offsetY": 0,
          "lineDirection": "RIGHT"
        }
      ]
    }
  ]
}