{
  "list": [
    {
      "id": 8366,
      "partPositionDatas": [
        {
          "id": 836601,
          "offsetX": 0,
          "offsetY": 0,
          "lineDirection": "RIGHT"
        },
        {
          "id": 836602,
          "offsetX": -100,
          "offsetY": 0,
          "lineDirection": "RIGHT"
        },
        {
          "id": 836603,
          "offsetX": 100,
          "offsetY": 0,
          "lineDirection": "RIGHT"
        }
      ]
    },
    {
      "id": 8370,
      "partPositionDatas": [
        {
          "id": 836601,
          "offsetX": 0,
          "offsetY": 0,
          "lineDirection": "RIGHT"
        },
        {
          "id": 836602,
          "offsetX": -100,
          "offsetY": 0,
          "lineDirection": "RIGHT"
        },
        {
          "id": 836603,
          "offsetX": 100,
          "offsetY": 0,
          "lineDirection": "RIGHT"
        }
      ]
    }
  ]
}