{
  "list": [
    {
      "id": "NailPersonality",
      "iconId": "Nail",
      "buffClass": "NonvolatileBuff",
      "buffType": "Negative",
      "canBeDespelled": true,
      "list": [
        {
          "ability": "GiveBuffOnRoundStart",
          "value": 1,
          "buffData": {
            "buffKeyword": "Laceration",
            "target": "Self",
            "stack": 1,
            "turn": -1,
            "activeRound": 0
          }
        },
        {
          "ability": "LoseStackOnRoundEndByRatio",
          "value": 0.5
        }
      ],
      "categoryKeywordList": ["LACERATION"]
    },
    {
      "id": "AssemblePersonality",
      "iconId": "Assemble",
      "buffClass": "VolatileBuff",
      "buffType": "Positive",
      "canBeDespelled": true,
      "list": [
        {
          "ability": "AssemblePersonality"
        }
      ]
    },
    {
      "id": "MarkOfHeresy",
      "buffClass": "VolatileBuff",
      "buffType": "Negative",
      "maxStack": 1,
      "canBeDespelled": true,
      "list": [
        {
          "ability": "TakeAtkDamageMultiplierByStack",
          "atk": "PENETRATE",
          "value": 0.2
        },
        {
          "ability": "TakeAtkDamageMultiplierByStack",
          "atk": "HIT",
          "value": 0.2
        },
        {
          "ability": "MarkOfHeresy"
        }
      ]
    },
    {
      "id": "Thirst",
      "buffClass": "NonvolatileBuff",
      "buffType": "Positive",
      "canBeDespelled": true,
      "list": [
      ]
    },
    {
      "id": "MpTakeDamageDown",
      "buffClass": "VolatileBuff",
      "buffType": "Positive",
      "canBeDespelled": true,
      "list": [
        {
          "ability": "MpTakeDamageDown",
          "value": -0.1
        }
      ]
    },
    {
      "id": "KCorpSerum",
      "buffClass": "NonvolatileBuff",
      "buffType": "Neutral",
      "canBeDespelled": false,
      "list": [
        {
          "ability": "InstantDeathOnRoundStart",
          "value": 4
        },
        {
          "ability": "RecoverSelfHpByMaxHpOnRoundStartFloor",
          "value": 0.05
        }
      ]
    },
    {
      "id": "Talisman",
      "buffClass": "NonvolatileBuff",
      "buffType": "Negative",
      "canBeDespelled": true,
      "list": [
        {
          "ability": "Talisman"
        }
      ]
    },
    {
      "id": "DuelDeclaration_DonQuixote",
      "iconId": "DuelDeclaration",
      "buffClass": "NonvolatileBuff",
      "buffType": "Negative",
      "maxStack": 1,
      "canBeDespelled": true,
      "canBeDuplicated": true,
      "list": [
        {
          "ability": "DuelDeclaration"
        },
        {
          "ability": "LoseAllStackOnDie"
        }
      ]
    },
    {
      "id": "DuelDeclaration_Outis",
      "iconId": "DuelDeclaration",
      "buffClass": "NonvolatileBuff",
      "buffType": "Negative",
      "maxStack": 1,
      "canBeDespelled": true,
      "canBeDuplicated": true,
      "list": [
        {
          "ability": "DuelDeclaration"
        },
        {
          "ability": "LoseAllStackOnDie"
        }
      ]
    },
    {
      "id": "DuelDeclaration_Sinclair",
      "iconId": "DuelDeclaration",
      "buffClass": "NonvolatileBuff",
      "buffType": "Negative",
      "maxStack": 1,
      "canBeDespelled": true,
      "canBeDuplicated": true,
      "list": [
        {
          "ability": "DuelDeclaration"
        },
        {
          "ability": "LoseAllStackOnDie"
        }
      ]
    },
    {
      "id": "Muckworm",
      "buffClass": "NonvolatileBuff",
      "buffType": "Negative",
      "canBeDespelled": true,
      "list": [
        {
          "ability": "TakeHpDamageOnRoundEndByStack",
          "attribute": "SHAMROCK"
        },
        {
          "ability": "GiveBuffOnRoundEnd",
          "buffData": {
            "buffKeyword": "Laceration",
            "target": "Self",
            "stack": 0,
            "turn": 1,
            "activeRound": 0
          }
        },
        {
          "ability": "LoseStackOnRoundEnd",
          "value": 1
        }
      ]
    },
    {
      "id": "PinkRibbon_Ishmael",
      "buffClass": "VolatileBuff",
      "buffType": "Negative",
      "canBeDespelled": true,
      "list": [
        {
          "ability": "PinkRibbonIshmael"
        }
      ]
    },
    {
      "id": "Unjust_Enrichment",
      "buffClass": "NonvolatileBuff",
      "buffType": "Positive",
      "maxStack": 4,
      "canBeDespelled": true,
      "list": [
      ]
    },
    {
      "id": "Resentment",
      "buffClass": "VolatileBuff",
      "buffType": "Positive",
      "maxStack": 5,
      "canBeDespelled": true,
      "list": [
        {
          "ability": "Resentment"
        }
      ]
    },
    {
      "id": "RetaliationBook",
      "buffClass": "VolatileBuff",
      "buffType": "Negative",
      "totalStack": 1,
      "maxStack": 1,
      "canBeDespelled": true,
      "list": [
        {
          "ability": "LoseAllStackOnDie"
        }
      ]
    },
    {
      "id": "FreischutzShotCount",
      "buffClass": "BuffClassFreischutzShotCount",
      "buffType": "Neutral",
      "maxStack": 7,
      "canBeDespelled": false,
      "destroyableOnZero": false,
      "list": [
      ]
    },
    {
      "id": "DarkFlame",
      "buffClass": "VolatileBuff",
      "buffType": "Negative",
      "maxStack": 7,
      "canBeDespelled": true,
      "list": [
        {
          "ability": "DefAdderByStack",
          "value": -1
        },
        {
          "ability": "DarkFlame"
        }
      ],
      "categoryKeywordList": ["COMBUSTION"]
    },
    {
      "id": "ForwardToTheKing",
      "buffClass": "VolatileBuff",
      "buffType": "Positive",
      "canBeDespelled": true,
      "list": [
        {
          "ability": "ForwardToTheKing_2",
          "value": 0.5
        }
      ]
    },
    {
      "id": "ForwardToTheBoundKing",
      "buffClass": "VolatileBuff",
      "buffType": "Positive",
      "canBeDespelled": true,
      "list": [
        {
          "ability": "ForwardToTheKing_2",
          "value": 1
        }
      ]
    },
    {
      "id": "MarkOfButler",
      "buffClass": "NonvolatileBuff",
      "buffType": "Negative",
      "maxStack": 3,
      "canBeDespelled": true,
      "list": [
        {
          "ability": "LoseStackOnRoundEnd",
          "value": 1
        }
      ]
    },
    {
      "id": "UnstableFeeling",
      "buffClass": "NonvolatileBuff",
      "buffType": "Neutral",
      "maxStack": 8,
      "canBeDespelled": false,
      "list": [
        {
          "ability": "GiveBuffOnSA",
          "buffData": {
            "buffKeyword": "Combustion",
            "target": "Target",
            "stack": 1,
            "turn": 0,
            "activeRound": 0
          }
        },
        {
          "ability": "SkillPowerResultAdderIfSatisfied",
          "value": 1,
          "buffData": {
            "buffKeyword": "Combustion",
            "buffOwner": "Target",
            "stack": 1,
            "turn": 0,
            "value": 1
          }
        },
        {
          "ability": "UnstableFeeling",
          "buffData": {
            "buffKeyword": "Combustion",
            "target": "Target",
            "stack": 1,
            "turn": 0,
            "activeRound": 0
          }
        }
      ]
    },
    {
      "id": "CanvasA",
      "buffClass": "CountableBuff",
      "buffType": "Negative",
      "maxTurn": 10,
      "canBeDespelled": true,
      "destroyableOnZero": false,
      "list": [
        {
          "ability": "CanvasBase",
          "value": 10,
          "buffData": {
            "buffKeyword": "CompletedCanvasA",
            "buffOwner": "Target",
            "stack": 0,
            "turn": 10,
            "value": 0
          }
        },
        {
          "ability": "LoseStackOnRoundEnd",
          "value": 1
        }
      ]
    },
    {
      "id": "CompletedCanvasA",
      "buffClass": "CountableBuff",
      "buffType": "Negative",
      "maxTurn": 10,
      "canBeDespelled": true,
      "destroyableOnZero": false,
      "list": [
        {
          "ability": "CantGetBuff",
          "buffData": {
            "buffKeyword": "CanvasA"
          }
        },
        {
          "ability": "LoseStackOnRoundEnd",
          "value": 1
        }
      ]
    },
    {
      "id": "ShieldManagerCryingToad",
      "buffClass": "NonvolatileBuff",
      "buffType": "Neutral",
      "canBeDespelled": true,
      "list": [
        {
          "ability": "ShieldManagerCryingToad",
          "value": 0.6,
          "buffData": {
            "buffKeyword": "Sinking",
            "activeRound": 0,
            "value": 4
          }
        },
        {
          "ability": "LoseStackOnRoundEnd",
          "value": 1
        }
      ],
      "categoryKeywordList": ["SHIELD_MANAGER"]
    },
    {
      "id": "GazePersonality",
      "buffClass": "VolatileBuff",
      "buffType": "Positive",
      "maxStack": 7,
      "canBeDespelled": true,
      "list": [
        {
          "ability": "AtkDamageMultiplierByStack",
          "value": 0.07
        },
        {
          "ability": "GazePersonality"
        }
      ]
    },
    {
      "id": "ContemptPersonality",
      "buffClass": "VolatileBuff",
      "buffType": "Negative",
      "maxStack": 1,
      "canBeDespelled": true,
      "list": [
        {
          "ability": "GiveBuffOnRoundStart",
          "buffData": {
            "buffKeyword": "AttackDmgDown",
            "target": "Self",
            "stack": 7,
            "turn": 0,
            "activeRound": 0
          }
        },
        {
          "ability": "GiveBuffOnRoundStart",
          "buffData": {
            "buffKeyword": "Protection",
            "target": "Self",
            "stack": 7,
            "turn": 0,
            "activeRound": 0
          }
        },
        {
          "ability": "ContemptPersonality"
        }
      ]
    },
    {
      "id": "KnowledgeTraining",
      "buffClass": "NonvolatileBuff",
      "buffType": "Positive",
      "maxStack": 6,
      "canBeDespelled": true,
      "list": [
        {
          "ability": "KnowledgeTraining",
          "buffData": {
            "buffKeyword": "ParryingResultUp",
            "target": "Self",
            "stack": 1,
            "turn": 0,
            "activeRound": 0
          }
        }
      ]
    },
    {
      "id": "ChargeStorage",
      "buffClass": "NonvolatileBuff",
      "buffType": "Positive",
      "maxStack": 5,
      "canBeDespelled": false,
      "list": [
        {
          "ability": "ChargeStorageFirstAbility",
          "value": 0.1,
          "buffData": {
            "buffKeyword": "Charge",
            "turn": 1
          }
        },
        {
          "ability": "ChargeStorageSecondAbility",
          "value": 5,
          "buffData": {
            "buffKeyword": "Charge"
          }
        }
      ],
      "categoryKeywordList": ["CHARGE"]
    },
    {
      "id": "ChargeLoad",
      "buffClass": "VolatileBuff",
      "buffType": "Positive",
      "maxStack": 6,
      "canBeDespelled": false,
      "list": [
        {
          "ability": "ChargeLoad",
          "value": 0.025,
          "buffData": {
            "buffKeyword": "Charge",
            "turn": 1,
            "value": 2,
            "limit": 6
          }
        }
      ],
      "categoryKeywordList": ["CHARGE"]
    },
    {
      "id": "BoseProjektil",
      "buffClass": "VolatileBuff",
      "buffType": "Neutral",
      "canBeDespelled": false,
      "maxStack": 7,
      "list": []
    },
    {
      "id": "PhotoElectricity",
      "buffClass": "VolatileBuff",
      "buffType": "Negative",
      "maxStack": 3,
      "canBeDespelled": true,
      "list": [
        {
          "ability": "PhotoElectricity",
          "value": 1,
          "buffData": {
            "buffKeyword": "Charge",
            "target": "Target",
            "stack": 0,
            "turn": -1,
            "activeRound": 0,
            "value": 3,
            "limit": 5
          }
        }
      ]
    },
    {
      "id": "Coffin",
      "buffClass": "NonvolatileBuff",
      "buffType": "Positive",
      "maxStack": 10,
      "canBeDespelled": false,
      "list": [
        {
          "ability": "GiveBuffOnREPerStack",
          "value": 3,
          "buffData": {
            "buffKeyword": "AttackDmgUp",
            "target": "Self",
            "stack": 2,
            "turn": 0,
            "activeRound": 1,
            "limit": 6
          }
        },
        {
          "ability": "MinSpeedAdderPerBuffStack",
          "value": 4
        },
        {
          "ability": "GiveBuffOnREPerStack",
          "value": 5,
          "buffData": {
            "buffKeyword": "ParryingResultUp",
            "target": "Self",
            "stack": 1,
            "turn": 0,
            "activeRound": 1,
            "limit": 2
          }
        }
      ]
    },
    {
      "id": "WildHunt",
      "buffClass": "NonvolatileBuff",
      "buffType": "Positive",
      "maxStack": 1,
      "canBeDespelled": false,
      "list": [
        {
          "ability": "WildHunt",
          "value": 3
        },
        {
          "ability": "GetLowestSinStockOnDie",
          "value": 1
        },
        {
          "ability": "DoNotAffectAllyMpDownOnDie"
        }
      ]
    },
    {
      "id": "NightPathfinding",
      "buffClass": "NonvolatileBuff",
      "buffType": "Positive",
      "maxStack": 3,
      "canBeDespelled": false,
      "list": [
        {
          "ability": "DefAdder",
          "value": -3
        },
        {
          "ability": "AtkAdder",
          "value": 3
        },
        {
          "ability": "MinSpeedAdder",
          "value": 1
        },
        {
          "ability": "MaxSpeedAdder",
          "value": 1
        },
        {
          "ability": "NightPathfinding",
          "value": -25,
          "buffData": {
            "buffKeyword": "Coffin",
            "limit": 10
          }
        }
      ]
    },
    {
      "id": "SinkingWhite",
      "buffClass": "SinkingWhite",
      "buffType": "Negative",
      "maxStack": 15,
      "maxTurn": 15,
      "destroyableOnZero": false,
      "destroyableOnZeroTurn": false,
      "canBeDespelled": true,
      "canIgnoreGiveAdder": true,
      "list": [
        {
          "ability": "SinkingWhiteBase"
        },
        {
          "ability": "SinkingWhiteAllInOne",
          "value": 4,
          "attribute": "AZURE",
          "buffData": {
            "buffKeyword": "Sinking",
            "stack": 5,
            "limit": 30
          }
        }
      ],
      "categoryKeywordList": ["SINKING"]
    },
    {
      "id": "RedEyeFirst",
      "buffClass": "NonvolatileBuff",
      "buffType": "Positive",
      "maxStack": 20,
      "canBeDespelled": true,
      "list": [
        {
          "ability": "RedEyeBase"
        },
        {
          "ability": "GiveBuffStackAdderIfDefaultSkill",
          "buffData": {
            "buffKeyword": "Laceration",
            "stack": 1
          }
        }
      ],
      "categoryKeywordList": ["CHARGE"]
    },
    {
      "id": "RedEyeSecond",
      "subIdList": ["RedEyeFirst"],
      "buffClass": "NonvolatileBuff",
      "buffType": "Positive",
      "maxStack": 20,
      "canBeDespelled": true,
      "list": [
        {
          "ability": "RedEyeBase"
        },
        {
          "ability": "GiveBuffStackAdderIfDefaultSkill",
          "buffData": {
            "buffKeyword": "Laceration",
            "stack": 2
          }
        }
      ],
      "categoryKeywordList": ["CHARGE"]
    },
    {
      "id": "RedEyeThird",
      "subIdList": ["RedEyeFirst"],
      "buffClass": "NonvolatileBuff",
      "buffType": "Positive",
      "maxStack": 20,
      "canBeDespelled": true,
      "list": [
        {
          "ability": "RedEyeBase"
        },
        {
          "ability": "GiveBuffStackAdderIfDefaultSkill",
          "buffData": {
            "buffKeyword": "Laceration",
            "stack": 3
          }
        }
      ],
      "categoryKeywordList": ["CHARGE"]
    },
    {
      "id": "PenanceFirst",
      "buffClass": "NonvolatileBuff",
      "buffType": "Positive",
      "maxStack": 20,
      "canBeDespelled": true,
      "list": [
        {
          "ability": "PenanceBase",
          "value": 0.01
        },
        {
          "ability": "PenanceMpHeal",
          "value": 2
        }
      ],
      "categoryKeywordList": ["CHARGE"]
    },
    {
      "id": "PenanceSecond",
      "subIdList": ["PenanceFirst"],
      "buffClass": "NonvolatileBuff",
      "buffType": "Positive",
      "maxStack": 20,
      "canBeDespelled": true,
      "list": [
        {
          "ability": "PenanceBase",
          "value": 0.01
        },
        {
          "ability": "PenanceMpHeal",
          "value": 4
        }
      ],
      "categoryKeywordList": ["CHARGE"]
    },
    {
      "id": "PenanceThird",
      "subIdList": ["PenanceFirst"],
      "buffClass": "NonvolatileBuff",
      "buffType": "Positive",
      "maxStack": 20,
      "canBeDespelled": true,
      "list": [
        {
          "ability": "PenanceBase",
          "value": 0.01
        },
        {
          "ability": "PenanceMpHeal",
          "value": 6
        }
      ],
      "categoryKeywordList": ["CHARGE"]
    },
    {
      "id": "Emptiness",
      "buffClass": "VolatileBuff",
      "buffType": "Negative",
      "maxStack": 1,
      "canBeDespelled": true,
      "list": [
        {
          "ability": "Emptiness"
        }
      ]
    },
    {
      "id": "UninvitedGuestPersonality",
      "buffClass": "RenewalTypeBuff",
      "buffType": "Negative",
      "maxStack": 2,
      "canBeDespelled": true,
      "list": [
        {
          "ability": "UninvitedGuestPersonalityMpHeal",
          "value": 3
        },
        {
          "ability": "UninvitedGuestPersonalityDmgUp",
          "value": 0.005,
          "buffData": {
            "buffKeyword": "Sinking",
            "buffOwner": "Self",
            "stack": 1,
            "turn": 0,
            "limit": 10
          }
        },
        {
          "ability": "LoseStackOnRoundEnd",
          "value": 1
        }
      ]
    },
    {
      "id": "DevyatDimensionalSack",
      "buffClass": "NonvolatileBuff",
      "buffType": "Neutral",
      "canBeDespelled": false,
      "destroyableOnZero": false,
      "destroyableOnRetreat": false,
      "list": [
        {
          "ability": "GiveBuffOnRoundStart",
          "value": 1,
          "buffData": {
            "buffKeyword": "DevyatDimensionalSack",
            "target": "Self",
            "stack": 3,
            "turn": 0,
            "activeRound": 0
          }
        },
        {
          "ability": "DevyatDimensionalSack"
        }
      ]
    }
  ]
}