{
  "list": [
    {
      "id": "RailLine2Buff",
      "buffClass": "VariableBuff",
      "buffType": "Neutral",
      "canBeDespelled": false,
      "list": [
      ]
    },
    {
      "id": "RailBuffForLine2_A_ALLY",
      "buffClass": "VariableBuff",
      "buffType": "Neutral",
      "canBeDespelled": false,
      "list": [
        {
          "ability": "AtkDamageMultiplier",
          "atk": "SLASH",
          "value": 0.1
        }
      ]
    },
    {
      "id": "RailBuffForLine2_B_ALLY",
      "buffClass": "VariableBuff",
      "buffType": "Neutral",
      "canBeDespelled": false,
      "list": [
        {
          "ability": "AtkDamageMultiplier",
          "atk": "PENETRATE",
          "value": 0.1
        }
      ]
    },
    {
      "id": "RailBuffForLine2_C_ALLY",
      "buffClass": "VariableBuff",
      "buffType": "Neutral",
      "canBeDespelled": false,
      "list": [
        {
          "ability": "AtkDamageMultiplier",
          "atk": "HIT",
          "value": 0.1
        }
      ]
    },
    {
      "id": "RailBuffForLine2_D_ALLY",
      "buffClass": "VariableBuff",
      "buffType": "Neutral",
      "canBeDespelled": false,
      "list": [
        {
          "ability": "AtkDamageMultiplier",
          "attribute": "CRIMSON",
          "value": 0.2
        }
      ]
    },
    {
      "id": "RailBuffForLine2_E_ALLY",
      "buffClass": "VariableBuff",
      "buffType": "Neutral",
      "canBeDespelled": false,
      "list": [
        {
          "ability": "AtkDamageMultiplier",
          "attribute": "SCARLET",
          "value": 0.2
        }
      ]
    },
    {
      "id": "RailBuffForLine2_F_ALLY",
      "buffClass": "VariableBuff",
      "buffType": "Neutral",
      "canBeDespelled": false,
      "list": [
        {
          "ability": "AtkDamageMultiplier",
          "attribute": "AMBER",
          "value": 0.2
        }
      ]
    },
    {
      "id": "RailBuffForLine2_G_ALLY",
      "buffClass": "VariableBuff",
      "buffType": "Neutral",
      "canBeDespelled": false,
      "list": [
        {
          "ability": "AtkDamageMultiplier",
          "attribute": "SHAMROCK",
          "value": 0.2
        }
      ]
    },
    {
      "id": "RailBuffForLine2_H_ALLY",
      "buffClass": "VariableBuff",
      "buffType": "Neutral",
      "canBeDespelled": false,
      "list": [
        {
          "ability": "AtkDamageMultiplier",
          "attribute": "AZURE",
          "value": 0.2
        }
      ]
    },
    {
      "id": "RailBuffForLine2_I_ALLY",
      "buffClass": "VariableBuff",
      "buffType": "Neutral",
      "canBeDespelled": false,
      "list": [
        {
          "ability": "AtkDamageMultiplier",
          "attribute": "INDIGO",
          "value": 0.2
        }
      ]
    },
    {
      "id": "RailBuffForLine2_J_ALLY",
      "buffClass": "VariableBuff",
      "buffType": "Neutral",
      "canBeDespelled": false,
      "list": [
        {
          "ability": "AtkDamageMultiplier",
          "attribute": "VIOLET",
          "value": 0.2
        }
      ]
    },
    {
      "id": "RailBuffForLine2_M_ALLY",
      "buffClass": "VariableBuff",
      "buffType": "Neutral",
      "canBeDespelled": false,
      "list": [
        {
          "ability": "GiveBuffOnRoundStartToAllEnemyExtra",
          "value": 1,
          "buffData": {
            "buffKeyword": "Combustion",
            "stack": 1,
            "turn": 1,
            "activeRound": 0
          }
        }
      ]
    },
    {
      "id": "RailBuffForLine2_N_ALLY",
      "buffClass": "VariableBuff",
      "buffType": "Neutral",
      "canBeDespelled": false,
      "list": [
        {
          "ability": "GiveBuffOnRoundStartToAllEnemyExtra",
          "value": 1,
          "buffData": {
            "buffKeyword": "Laceration",
            "stack": 1,
            "turn": 1,
            "activeRound": 0
          }
        }
      ]
    },
    {
      "id": "RailBuffForLine2_O_ALLY",
      "buffClass": "VariableBuff",
      "buffType": "Neutral",
      "canBeDespelled": false,
      "list": [
        {
          "ability": "GiveBuffOnRoundStartToAllEnemyExtra",
          "value": 1,
          "buffData": {
            "buffKeyword": "Vibration",
            "stack": 1,
            "turn": 1,
            "activeRound": 0
          }
        }
      ]
    },
    {
      "id": "RailBuffForLine2_P_ALLY",
      "buffClass": "VariableBuff",
      "buffType": "Neutral",
      "canBeDespelled": false,
      "list": [
        {
          "ability": "GiveBuffOnRoundStartToAllEnemyExtra",
          "value": 1,
          "buffData": {
            "buffKeyword": "Burst",
            "stack": 1,
            "turn": 1,
            "activeRound": 0
          }
        }
      ]
    },
    {
      "id": "RailBuffForLine2_Q_ALLY",
      "buffClass": "VariableBuff",
      "buffType": "Neutral",
      "canBeDespelled": false,
      "list": [
        {
          "ability": "GiveBuffOnRoundStartToAllEnemyExtra",
          "value": 1,
          "buffData": {
            "buffKeyword": "Sinking",
            "stack": 1,
            "turn": 1,
            "activeRound": 0
          }
        }
      ]
    },
    {
      "id": "RailBuffForLine2_R_ALLY",
      "buffClass": "VariableBuff",
      "buffType": "Neutral",
      "canBeDespelled": false,
      "list": [
        {
          "ability": "GiveBuffOnRoundStartToAllAllyExtra",
          "value": 2,
          "buffData": {
            "buffKeyword": "Breath",
            "stack": 1,
            "turn": 1,
            "activeRound": 0
          }
        }
      ]
    },
    {
      "id": "RailBuffForLine2_S_ALLY",
      "buffClass": "VariableBuff",
      "buffType": "Neutral",
      "canBeDespelled": false,
      "list": [
        {
          "ability": "GiveBuffOnRoundStartToAllAlly",
          "value": 2,
          "buffData": {
            "buffKeyword": "Charge",
            "stack": 0,
            "turn": 1,
            "activeRound": 0
          }
        }
      ]
    },
    {
      "id": "RailBuffForLine2_A_ENEMY",
      "buffClass": "VariableBuff",
      "buffType": "Neutral",
      "canBeDespelled": false,
      "list": [
        {
          "ability": "AtkDamageMultiplier",
          "value": 0.1
        },
        {
          "ability": "AtkAndDefAdder",
          "value": 1
        }
      ]
    },
    {
      "id": "RailBuffForLine2_B_ENEMY",
      "buffClass": "VariableBuff",
      "buffType": "Neutral",
      "canBeDespelled": false,
      "list": [
        {
          "ability": "AtkAdderIfNotDamagedPrevTurn",
          "value": 3
        }
      ]
    },
    {
      "id": "RailBuffForLine2_C_ENEMY",
      "buffClass": "VariableBuff",
      "buffType": "Neutral",
      "canBeDespelled": false,
      "list": [
        {
          "ability": "MaxHpMultiplierRail",
          "value": 0.15
        },
        {
          "ability": "SlotWeightAdder",
          "value": 1
        }
      ]
    },
    {
      "id": "RailBuffForLine2_D_ENEMY",
      "buffClass": "VariableBuff",
      "buffType": "Neutral",
      "canBeDespelled": false,
      "list": [
        {
          "ability": "MaxSpeedAdder",
          "value": 1
        }
      ]
    },
    {
      "id": "RailBuffForLine2_E_ENEMY",
      "buffClass": "VariableBuff",
      "buffType": "Neutral",
      "canBeDespelled": false,
      "list": [
        {
          "ability": "TakeHpHealMultiplier",
          "value": 0.3
        },
        {
          "ability": "RecoverSelfHpOnSucceedAttackByDmg",
          "value": 0.08
        }
      ]
    },
    {
      "id": "RailBuffForLine2_F_ENEMY",
      "buffClass": "VariableBuff",
      "buffType": "Neutral",
      "canBeDespelled": false,
      "list": [
        {
          "ability": "RailEnemyBuffF",
          "value": 1
        }
      ]
    }
  ]
}