{
  "list": [
    {
      "id": "AaCePaBa",
      "buffClass": "NonvolatileBuff",
      "buffType": "Neutral",
      "maxStack": 1,
      "canBeDespelled": false,
      "list": [
        {
          "ability": "AaCePaBa",
          "value": -25
        },
        {
          "ability": "AaCePaBaTypo",
          "value": 0
        },
        {
          "ability": "GiveBuffOnRoundStartIfMpLessThan_0",
          "value": 1,
          "buffData": {
            "buffKeyword": "Enhancement",
            "target": "Self",
            "stack": 3,
            "turn": 0,
            "activeRound": 0
          }
        }
      ]
    },
    {
      "id": "ReCompulsion",
      "buffClass": "NonvolatileBuff",
      "buffType": "Neutral",
      "maxStack": 1,
      "canBeDespelled": false,
      "list": [
        {
          "ability": "RecoverSelfMpOnRoundStart",
          "value": 15
        }
      ]
    }
  ]
}