{
  "list": [
    {
      "id": "AaCePcBa",
      "buffClass": "NonvolatileBuff",
      "buffType": "Negative",
      "maxStack": 1,
      "canBeDespelled": false,
      "list": [
        {
          "ability": "MultipleWhenGettingBuff",
          "buffData": {
            "buffKeyword": "Combustion",
            "value": 2
          }
        }
      ]
    },
    {
      "id": "AaCePcBb",
      "buffClass": "NonvolatileBuff",
      "buffType": "Positive",
      "maxStack": 1,
      "canBeDespelled": false,
      "list": [
        {
          "ability": "AaCePcBb"
        },
        {
          "ability": "GiveBuffOnRoundStart",
          "value": 1,
          "buffData": {
            "buffKeyword": "Breath",
            "target": "Self",
            "stack": 3,
            "turn": 2,
            "activeRound": 0
          }
        }
      ]
    },
    {
      "id": "AaCePcBc",
      "buffClass": "NonvolatileBuff",
      "buffType": "Negative",
      "maxStack": 3,
      "canBeDespelled": false,
      "list": [
      ]
    },
    {
      "id": "AaCePcBg",
      "buffClass": "NonvolatileBuff",
      "buffType": "Negative",
      "maxStack": 10,
      "canBeDespelled": false,
      "list": [
        {
          "ability": "AaCePcBg"
        },
        {
          "ability": "GiveMpDmgOnRSSelf",
          "value": 1
        }
      ]
    },
    {
      "id": "AaCePcBh",
      "buffClass": "NonvolatileBuff",
      "buffType": "Neutral",
      "maxStack": 10,
      "canBeDespelled": false,
      "destroyableOnZero": false,
      "list": [
        {
          "ability": "AaCePcBh",
          "value": 1
        }
      ]
    },
    {
      "id": "AaCePcBi",
      "buffClass": "VolatileBuff",
      "buffType": "Neutral",
      "canBeDespelled": false,
      "list": [
        {
          "ability": "AaCePcBi",
          "value": 0.5,
          "buffData": {
            "buffKeyword": "Breath",
            "target": "Self",
            "stack": 5,
            "turn": 0,
            "activeRound": 0
          }
        }
      ]
    },
    {
      "id": "AaCePcBj",
      "buffClass": "VolatileBuff",
      "buffType": "Negative",
      "canBeDespelled": false,
      "list": [
        {
          "ability": "AaCePcBj",
          "value": 0.5
        }
      ]
    },
    {
      "id": "AaCePcBk",
      "buffClass": "VolatileBuff",
      "buffType": "Negative",
      "canBeDespelled": true,
      "list": [
        {
          "ability": "AaCePcBk",
          "value": 1
        }
      ]
    },
    {
      "id": "AaCePcBl",
      "buffClass": "VolatileBuff",
      "buffType": "Negative",
      "canBeDespelled": true,
      "list": [
        {
          "ability": "AaCePcBl",
          "value": 1
        }
      ]
    },
    {
      "id": "AaCePcBm",
      "buffClass": "VolatileBuff",
      "buffType": "Negative",
      "canBeDespelled": true,
      "list": [
        {
          "ability": "BreakForcelyOnRoundStart",
          "value": 1
        }
      ]
    },
    {
      "id": "AaCePcBn",
      "buffClass": "VolatileBuff",
      "buffType": "Neutral",
      "canBeDespelled": false,
      "list": [
        {
          "ability": "SkillPowerResultAdderAsStack",
          "value": 1
        },
        {
          "ability": "AaCePcBn",
          "value": 0.1,
          "buffData": {
            "buffKeyword": "Breath",
            "target": "",
            "stack": 2,
            "turn": 0,
            "activeRound": 0
          }
        }
      ]
    },
    {
      "id": "AaCePcBo",
      "buffClass": "NonvolatileBuff",
      "buffType": "Neutral",
      "canBeDespelled": false,
      "destroyableOnZero": false,
      "list": [
      ]
    },
    {
      "id": "AaCePcBp",
      "buffClass": "NonvolatileBuff",
      "buffType": "Neutral",
      "canBeDespelled": false,
      "destroyableOnZero": false,
      "list": [
      ]
    },
    {
      "id": "AaCePcBq",
      "buffClass": "NonvolatileBuff",
      "buffType": "Neutral",
      "canBeDespelled": false,
      "destroyableOnZero": false,
      "list": [
      ]
    }
  ]
}