{
  "list": [
    {
      "id": "AaCfPaBa",
      "buffClass": "NonvolatileBuff",
      "buffType": "Neutral",
      "maxStack": 1,
      "canBeDespelled": false,
      "list": [
        {
          "ability": "GiveMpDmgOnRESelfIfMpNotLessThanMinus_15",
          "value": 10
        },
        {
          "ability": "GiveMpDamageOnTakeAttackDamageSelfWithLimitCount_3",
          "value": 2
        },
        {
          "ability": "GiveBuffOnTakeAttackDamageWithLimitCount_3",
          "buffData": {
            "buffKeyword": "AttackUp",
            "target": "Self",
            "stack": 1,
            "turn": 0,
            "activeRound": 1
          }
        },
        {
          "ability": "AaCfPaBaTypo",
          "value": 0
        },
        {
          "ability": "GiveBuffOnRoundStartIfMpLessThan_0",
          "value": 1,
          "buffData": {
            "buffKeyword": "Enhancement",
            "target": "Self",
            "stack": 3,
            "turn": 0,
            "activeRound": 0
          }
        }
      ]
    },
    {
      "id": "AaCfPaBa_Alt1",
      "buffClass": "NonvolatileBuff",
      "buffType": "Neutral",
      "maxStack": 1,
      "canBeDespelled": false,
      "list": [
        {
          "ability": "RecoverSelfMpOnRoundStart",
          "value": 5
        },
        {
          "ability": "GiveMpDamageOnTakeAttackDamageSelfWithLimitCount_3",
          "value": 3
        },
        {
          "ability": "GiveBuffOnTakeAttackDamageWithLimitCount_3",
          "buffData": {
            "buffKeyword": "AttackUp",
            "target": "Self",
            "stack": 2,
            "turn": 0,
            "activeRound": 1
          }
        },
        {
          "ability": "AaCfPaBaTypo",
          "value": 0
        },
        {
          "ability": "GiveBuffOnRoundStartIfMpLessThan_0",
          "value": 1,
          "buffData": {
            "buffKeyword": "Enhancement",
            "target": "Self",
            "stack": 3,
            "turn": 0,
            "activeRound": 0
          }
        }
      ]
    },
    {
      "id": "AaCfPaBa_Alt2",
      "buffClass": "NonvolatileBuff",
      "buffType": "Neutral",
      "maxStack": 1,
      "canBeDespelled": false,
      "list": [
        {
          "ability": "RecoverSelfMpOnRoundStart",
          "value": 10
        },
        {
          "ability": "GiveBuffOnTakeAttackDamageWithLimitCount_3",
          "buffData": {
            "buffKeyword": "AttackUp",
            "target": "Self",
            "stack": 2,
            "turn": 0,
            "activeRound": 1
          }
        },
        {
          "ability": "AaCfPaBaTypo",
          "value": 0
        },
        {
          "ability": "GiveBuffOnRoundStartIfMpLessThan_0",
          "value": 1,
          "buffData": {
            "buffKeyword": "Enhancement",
            "target": "Self",
            "stack": 3,
            "turn": 0,
            "activeRound": 0
          }
        }
      ]
    }
  ]
}