{
  "list": [
    {
      "id": "AaCfPcBa",
      "buffClass": "NonvolatileBuff",
      "buffType": "Neutral",
      "maxStack": 1,
      "canBeDespelled": false,
      "list": [
        {
          "ability": "GiveBuffOnTakeAttackDamageWithLimitCount_3",
          "buffData": {
            "buffKeyword": "AttackUp",
            "target": "Self",
            "stack": 1,
            "turn": 0,
            "activeRound": 1
          }
        },
        {
          "ability": "AaCfPcBaTypo",
          "value": 0
        },
        {
          "ability": "GiveBuffOnRoundStartIfMpLessThan_0",
          "value": 1,
          "buffData": {
            "buffKeyword": "Enhancement",
            "target": "Self",
            "stack": 3,
            "turn": 0,
            "activeRound": 0
          }
        }
      ]
    },
    {
      "id": "AaCfPcBb",
      "buffClass": "NonvolatileBuff",
      "buffType": "Negative",
      "maxStack": 1,
      "canBeDespelled": false,
      "list": [
        {}
      ],
      "categoryKeywordList": []
    },
    {
      "id": "AaCfPcBc",
      "buffClass": "NonvolatileBuff",
      "buffType": "Negative",
      "maxStack": 3,
      "canBeDespelled": false,
      "list": [
        {
          "ability": "AaCfPcBc"
        }
      ],
      "categoryKeywordList": []
    },
    {
      "id": "AaCfPcBe",
      "buffClass": "NonvolatileBuff",
      "buffType": "Negative",
      "iconID": "AaCfPbBd",
      "maxStack": 1,
      "canBeDespelled": false,
      "list": [
        {
          "ability": "AaCfPcBe"
        }
      ],
      "categoryKeywordList": []
    },
    {
      "id": "AaCfPcBf",
      "buffClass": "NonvolatileBuff",
      "buffType": "Negative",
      "maxStack": 3,
      "canBeDespelled": false,
      "list": [
        {
          "ability": "AaCfPcBf"
        }
      ],
      "categoryKeywordList": []
    },
    {
      "id": "AaCfPcBg",
      "buffClass": "NonvolatileBuff",
      "buffType": "Negative",
      "maxStack": 1,
      "canBeDespelled": false,
      "list": [
        {
          "ability": "AaCfPcBg"
        }
      ],
      "categoryKeywordList": []
    },
    {
      "id": "AaCfPcBh",
      "buffClass": "NonvolatileBuff",
      "buffType": "Neutral",
      "canBeDespelled": false,
      "list": [
        {
          "ability": "TakeAtkDamageMultiplierViaBuffCheck",
          "value": 1,
          "buffData": {
            "buffKeyword": "AaCfPbBc",
            "buffOwner": "AbnormalityTarget",
            "stack": 1,
            "turn": 0
          }
        }
      ]
    },
    {
      "id": "AaCfPcBi",
      "buffClass": "VolatileBuff",
      "buffType": "Negative",
      "canBeDespelled": true,
      "list": [
        {
          "ability": "AaCfPcBi",
          "value": 1
        }
      ]
    },
    {
      "id": "AaCfPcBj",
      "buffClass": "NonvolatileBuff",
      "buffType": "Positive",
      "maxStack": 1,
      "canBeDespelled": false,
      "list": [
        {
          "ability": "AaCfPcBj",
          "buffData": {
            "buffKeyword": "AaCfPcBk",
            "target": "",
            "stack": 1,
            "turn": 0,
            "activeRound": 0
          }
        }
      ]
    },
    {
      "id": "AaCfPcBk",
      "buffClass": "NonvolatileBuff",
      "buffType": "Positive",
      "maxStack": 1,
      "canBeDespelled": false,
      "list": [
        {
          "ability": "AaCfPcBk",
          "value": 1
        }
      ]
    },
    {
      "id": "AaCfPcBl",
      "buffClass": "VolatileBuff",
      "buffType": "Negative",
      "maxStack": 1,
      "canBeDespelled": false,
      "list": [
        {
          "ability": "TakeBsGaugeUpMultiplier",
          "value": 0.5
        },
        {
          "ability": "AaCfPcBl",
          "value": 0.5,
          "buffData": {
            "buffKeyword": "AaCfPcBk"
          }
        },
        {
          "ability": "GiveBuffOnRoundEndIfNotBreakSelf",
          "buffData": {
            "buffKeyword": "AttackDmgUp",
            "target": "IfAbnormalityAllPartsOrSelf",
            "stack": 5,
            "turn": 0,
            "activeRound": 1
          }
        }
      ]
    },
    {
      "id": "AaCfPcBm",
      "buffClass": "VolatileBuff",
      "buffType": "Negative",
      "canBeDespelled": false,
      "maxStack": 1,
      "list": [
        {
          "ability": "GiveBuffOnWinDuel",
          "buffData": {
            "buffKeyword": "AaCfPcBn",
            "target": "AbnormalityTarget",
            "stack": 1,
            "turn": 0,
            "activeRound": 1
          }
        },
        {
          "ability": "GiveHpDmgOnWinDuelTarget",
          "value": 7
        },
        {
          "ability": "GiveBuffOnLoseDuel",
          "buffData": {
            "buffKeyword": "AaCfPcBn",
            "target": "AbnormalitySelf",
            "stack": 1,
            "turn": 0,
            "activeRound": 0
          }
        },
        {
          "ability": "GiveHpDmgOnLoseDuelSelf",
          "value": 7
        },
        {
          "ability": "GiveBuffOnEndOneSideAttack",
          "buffData": {
            "buffKeyword": "AaCfPcBn",
            "target": "AbnormalitySelf",
            "stack": 1,
            "turn": 0,
            "activeRound": 0
          }
        },
        {
          "ability": "GiveHpDmgOnEndOneSideAttack",
          "value": 7
        },
        {
          "ability": "LoseStackOnEndSkill",
          "value": 1
        }
      ]
    },
    {
      "id": "AaCfPcBn",
      "buffClass": "NonvolatileBuff",
      "buffType": "Negative",
      "maxStack": 3,
      "canBeDespelled": false,
      "list": [
        {
          "ability": "AttributeResistAdderAllByStack",
          "value": 0.2
        },
        {
          "ability": "AaCfPcBn",
          "value": 3
        }
      ]
    },
    {
      "id": "AaCfPcBo",
      "buffClass": "NonvolatileBuff",
      "buffType": "Neutral",
      "maxStack": 1,
      "canBeDespelled": false,
      "list": [
        {
          "ability": "GiveBuffOnTakeAttackDamageWithLimitCount_3",
          "buffData": {
            "buffKeyword": "AttackUp",
            "target": "Self",
            "stack": 1,
            "turn": 0,
            "activeRound": 1
          }
        },
        {
          "ability": "AaCfPcBaTypo",
          "value": 0
        },
        {
          "ability": "GiveBuffOnRoundStartIfMpLessThan_0",
          "value": 1,
          "buffData": {
            "buffKeyword": "Enhancement",
            "target": "Self",
            "stack": 3,
            "turn": 0,
            "activeRound": 0
          }
        },
        {
          "ability": "RecoverSelfMpOnRoundEnd",
          "value": 10
        },
        {
          "ability": "ImmortalIfNotAlone"
        }
      ]
    },
    {
      "id": "AaCfPcBp",
      "buffClass": "NonvolatileBuff",
      "buffType": "Neutral",
      "maxStack": 1,
      "canBeDespelled": false,
      "list": [
        {
          "ability": "GiveBuffOnRoundStart",
          "buffData": {
            "buffKeyword": "Enhancement",
            "target": "IfAbnormalityAllPartsOrSelf",
            "stack": 3,
            "turn": 0,
            "activeRound": 0
          }
        },
        {
          "ability": "GiveBuffOnRoundStart",
          "buffData": {
            "buffKeyword": "Protection",
            "target": "IfAbnormalityAllPartsOrSelf",
            "stack": 5,
            "turn": 0,
            "activeRound": 0
          }
        },
        {
          "ability": "RecoverSelfMpOnTakeAttackDamageWithLimitCount_3",
          "value": 5
        },
        {
          "ability": "GiveBuffOnTakeAttackDamageWithLimitCount_3",
          "buffData": {
            "buffKeyword": "AttackUp",
            "target": "Self",
            "stack": 1,
            "turn": 0,
            "activeRound": 1
          }
        },
        {
          "ability": "AaCfPcBpTypo",
          "value": 0
        },
        {
          "ability": "GiveBuffOnRoundStartIfMpLessThan_0",
          "value": 1,
          "buffData": {
            "buffKeyword": "Enhancement",
            "target": "IfAbnormalityAllPartsOrSelf",
            "stack": 3,
            "turn": 0,
            "activeRound": 0
          }
        },
        {
          "ability": "RecoverSelfMpOnRoundEnd",
          "value": 10
        },
        {
          "ability": "ImmortalIfNotAlone"
        }
      ]
    },
    {
      "id": "AaCfPcBq",
      "buffClass": "NonvolatileBuff",
      "buffType": "Positive",
      "maxStack": 1,
      "canBeDespelled": false,
      "list": [
        {
          "ability": "MaxSpeedAdder",
          "value": 2
        },
        {
          "ability": "GiveBuffOnRoundStart",
          "buffData": {
            "buffKeyword": "AttackDmgUp",
            "target": "IfAbnormalityAllPartsOrSelf",
            "stack": 3,
            "turn": 0,
            "activeRound": 0
          }
        },
        {
          "ability": "GiveBuffOnRoundStart",
          "buffData": {
            "buffKeyword": "Vulnerable",
            "target": "IfAbnormalityAllPartsOrSelf",
            "stack": 3,
            "turn": 0,
            "activeRound": 0
          }
        },
        {
          "ability": "AaCfPcBqAdder",
          "value": 2
        },
        {
          "ability": "AaCfPcBqBuff",
          "buffData": {
            "buffKeyword": "Binding",
            "target": "IfAbnormalityAllPartsOrSelf",
            "stack": 3,
            "turn": 0,
            "activeRound": 1
          }
        },
        {
          "ability": "AaCfPcBqBuff",
          "buffData": {
            "buffKeyword": "AttackDmgDown",
            "target": "IfAbnormalityAllPartsOrSelf",
            "stack": 3,
            "turn": 0,
            "activeRound": 1
          }
        }
      ]
    },
    {
      "id": "AaCfPcBr",
      "buffClass": "NonvolatileBuff",
      "buffType": "Neutral",
      "maxStack": 1,
      "canBeDespelled": false,
      "list": [
        {
          "ability": "ParryingResultAdderViaBuffCheck",
          "value": -6,
          "buffData": {
            "buffKeyword": "AaCfPcBm",
            "buffOwner": "AbnormalityTarget",
            "stack": 1,
            "turn": 0
          }
        }
      ]
    },
    {
      "id": "AaCfPcBs",
      "buffClass": "NonvolatileBuff",
      "buffType": "Neutral",
      "maxStack": 999,
      "canBeDespelled": false,
      "list": [
        {
          "ability": "ShieldByStack",
          "value": 1
        }
      ]
    },
    {
      "id": "AaCfPcBa_Alt1",
      "buffClass": "NonvolatileBuff",
      "buffType": "Neutral",
      "maxStack": 1,
      "canBeDespelled": false,
      "list": [
        {
          "ability": "RecoverSelfMpOnRoundEnd",
          "value": 10
        },
        {
          "ability": "GiveBuffOnTakeAttackDamageWithLimitCount_3",
          "buffData": {
            "buffKeyword": "AttackUp",
            "target": "Self",
            "stack": 1,
            "turn": 0,
            "activeRound": 1
          }
        },
        {
          "ability": "AaCfPcBaTypo",
          "value": 0
        },
        {
          "ability": "GiveBuffOnRoundStartIfMpLessThan_0",
          "value": 1,
          "buffData": {
            "buffKeyword": "Enhancement",
            "target": "Self",
            "stack": 3,
            "turn": 0,
            "activeRound": 0
          }
        },
        {
          "ability": "AaCfPcBaAltTypo"
        },
        {
          "ability": "GiveBuffOnRoundStartByStackIfHasStack_NightPathfinding1",
          "value": 1,
          "buffData": {
            "buffKeyword": "AttackDmgUp",
            "target": "Self",
            "stack": 1,
            "turn": 0,
            "activeRound": 0
          }
        },
        {
          "ability": "GiveBuffOnRoundStartByStackIfHasStack_NightPathfinding1",
          "value": 1,
          "buffData": {
            "buffKeyword": "DefenseDown",
            "target": "Self",
            "stack": 3,
            "turn": 0,
            "activeRound": 0
          }
        }
      ]
    },
    {
      "id": "AaCfPcBa_Alt2",
      "buffClass": "NonvolatileBuff",
      "buffType": "Neutral",
      "maxStack": 1,
      "canBeDespelled": false,
      "list": [
        {
          "ability": "RecoverSelfMpOnRoundEnd",
          "value": 10
        },
        {
          "ability": "GiveBuffOnTakeAttackDamageWithLimitCount_3",
          "buffData": {
            "buffKeyword": "AttackUp",
            "target": "Self",
            "stack": 1,
            "turn": 0,
            "activeRound": 1
          }
        },
        {
          "ability": "AaCfPcBaTypo",
          "value": 10
        },
        {
          "ability": "GiveBuffOnRoundStartIfMpLessThan_10",
          "value": 1,
          "buffData": {
            "buffKeyword": "Enhancement",
            "target": "Self",
            "stack": 3,
            "turn": 0,
            "activeRound": 0
          }
        },
        {
          "ability": "AaCfPcBaAltTypo"
        },
        {
          "ability": "GiveBuffOnRoundStartByStackIfHasStack_NightPathfinding1",
          "value": 1,
          "buffData": {
            "buffKeyword": "AttackDmgUp",
            "target": "Self",
            "stack": 3,
            "turn": 0,
            "activeRound": 0
          }
        },
        {
          "ability": "GiveBuffOnRoundStartByStackIfHasStack_NightPathfinding1",
          "value": 1,
          "buffData": {
            "buffKeyword": "DefenseDown",
            "target": "Self",
            "stack": 3,
            "turn": 0,
            "activeRound": 0
          }
        }
      ]
    },
    {
      "id": "AaCfPcBa_Alt3",
      "buffClass": "NonvolatileBuff",
      "buffType": "Neutral",
      "maxStack": 1,
      "canBeDespelled": false,
      "list": [
        {
          "ability": "RecoverSelfMpOnRoundEnd",
          "value": 15
        },
        {
          "ability": "GiveBuffOnSAWithLimitCount_3",
          "buffData": {
            "buffKeyword": "Agility",
            "target": "Self",
            "stack": 1,
            "turn": 0,
            "activeRound": 1
          }
        },
        {
          "ability": "GiveBuffOnSAWithLimitCount_3",
          "buffData": {
            "buffKeyword": "AttackUp",
            "target": "Self",
            "stack": 1,
            "turn": 0,
            "activeRound": 1
          }
        },
        {
          "ability": "AaCfPcBaTypo",
          "value": 10
        },
        {
          "ability": "GiveBuffOnRoundStartIfMpLessThan_10",
          "value": 1,
          "buffData": {
            "buffKeyword": "Enhancement",
            "target": "Self",
            "stack": 3,
            "turn": 0,
            "activeRound": 0
          }
        },
        {
          "ability": "AaCfPcBaAltTypo"
        },
        {
          "ability": "GiveBuffOnRoundStartByStackIfHasStack_NightPathfinding1",
          "value": 1,
          "buffData": {
            "buffKeyword": "AttackDmgUp",
            "target": "Self",
            "stack": 3,
            "turn": 0,
            "activeRound": 0
          }
        }
      ]
    },
    {
      "id": "AaCfPcBa_Alt4",
      "buffClass": "NonvolatileBuff",
      "buffType": "Neutral",
      "maxStack": 1,
      "canBeDespelled": false,
      "list": [
        {
          "ability": "RecoverSelfMpOnRoundEnd",
          "value": 15
        },
        {
          "ability": "GiveBuffOnSAWithLimitCount_3",
          "buffData": {
            "buffKeyword": "AttackUp",
            "target": "Self",
            "stack": 1,
            "turn": 0,
            "activeRound": 1
          }
        },
        {
          "ability": "AaCfPcBaTypo",
          "value": 20
        },
        {
          "ability": "GiveBuffOnRoundStartIfMpLessThan_20",
          "value": 1,
          "buffData": {
            "buffKeyword": "Enhancement",
            "target": "Self",
            "stack": 3,
            "turn": 0,
            "activeRound": 0
          }
        },
        {
          "ability": "AaCfPcBaAltTypo"
        },
        {
          "ability": "GiveBuffOnRoundStartByStackIfHasStack_NightPathfinding1",
          "value": 1,
          "buffData": {
            "buffKeyword": "AttackDmgUp",
            "target": "Self",
            "stack": 3,
            "turn": 0,
            "activeRound": 0
          }
        },
        {
          "ability": "GiveBuffOnRoundStartByStackIfHasStack_NightPathfinding1",
          "value": 1,
          "buffData": {
            "buffKeyword": "AttackUp",
            "target": "Self",
            "stack": 3,
            "turn": 0,
            "activeRound": 0
          }
        },
        {
          "ability": "AaCfPcBaAltAbility_40_25_1"
        }
      ]
    },
    {
      "id": "AaCfPcBa_Alt5",
      "buffClass": "NonvolatileBuff",
      "buffType": "Neutral",
      "maxStack": 1,
      "canBeDespelled": false,
      "list": [
        {
          "ability": "RecoverSelfMpOnRoundEnd",
          "value": 15
        },
        {
          "ability": "GiveBuffOnSAWithLimitCount_3",
          "buffData": {
            "buffKeyword": "AttackUp",
            "target": "Self",
            "stack": 1,
            "turn": 0,
            "activeRound": 1
          }
        },
        {
          "ability": "AaCfPcBaTypo",
          "value": 20
        },
        {
          "ability": "GiveBuffOnRoundStartIfMpLessThan_20",
          "value": 1,
          "buffData": {
            "buffKeyword": "Enhancement",
            "target": "Self",
            "stack": 3,
            "turn": 0,
            "activeRound": 0
          }
        },
        {
          "ability": "AaCfPcBaAltTypo"
        },
        {
          "ability": "GiveBuffOnRoundStartByStackIfHasStack_NightPathfinding1",
          "value": 1,
          "buffData": {
            "buffKeyword": "AttackDmgUp",
            "target": "Self",
            "stack": 3,
            "turn": 0,
            "activeRound": 0
          }
        },
        {
          "ability": "GiveBuffOnRoundStartByStackIfHasStack_NightPathfinding1",
          "value": 1,
          "buffData": {
            "buffKeyword": "AttackUp",
            "target": "Self",
            "stack": 3,
            "turn": 0,
            "activeRound": 0
          }
        },
        {
          "ability": "AaCfPcBaAltAbility_40_25_1"
        },
        {
          "ability": "ImmortalIfNotAlone"
        }
      ]
    }
  ]
}