{
  "list": [
    {
      "id": "PreparedMeat",
      "buffClass": "NonvolatileBuff",
      "buffType": "Neutral",
      "maxStack": 1,
      "canBeDespelled": false,
      "destroyableOnZero": false,
      "list": []
    },
    {
      "id": "Hunger",
      "buffClass": "NonvolatileBuff",
      "buffType": "Neutral",
      "maxStack": 4,
      "canBeDespelled": false,
      "destroyableOnZero": false,
      "list": [
        {
          "ability": "Hunger"
        }
      ]
    },
    {
      "id": "PriceOfCare",
      "buffClass": "NonvolatileBuff",
      "buffType": "Neutral",
      "maxStack": 999,
      "canBeDespelled": false,
      "destroyableOnZero": false,
      "list": [
        {
        }
      ]
    }
  ]
}