{
  "list": [
    {
      "id": 1,
      "stageLevel": 20,
      "stageType": "Abnormality",
      "participantInfo": {
        "min": 5,
        "max": 5
      },
      "waveList": [
        {
          "battleMapInfo": {
            "mapName": "Ab_EbonyQueen",
            "mapSize": 40
          },
          "unitList": [
            {
              "unitID": 8701,
              "unitCount": 1,
              "unitLevel": 20
            }
          ],
          "bgmList": [
            "Battle_Cp1_Ally_2",
            "Battle_Cp1_Enemy_2"
          ],
          "enemyPositionID": 11
        }
      ],
      "staminaCost": 35,
      "recommendedLevel": 20,
      "turnLimit": 99,
      "questlist": [
        {
          "args": [
            "10"
          ],
          "localizeId": 1
        }
      ],
      "rewardList": [
        {
          "type": "ITEM",
          "rewardId": 1,
          "num": 1,
          "prob": 0.5
        },
        {
          "type": "EXP",
          "rewardId": 1,
          "num": 1,
          "prob": 1
        },
        {
          "type": "ITEM",
          "rewardId": 1,
          "num": 100,
          "prob": 1
        }
      ],
      "dangerLevel": 0,
      "stageScriptList": ["SnowWhite_Easy"],
      "eventScriptName": "SnowWhite",
      "abnormalityEventList": [
        800101,
        800105
      ]
    },
    {
      "id": 2,
      "stageLevel": 20,
      "stageType": "Abnormality",
      "participantInfo": {
        "min": 5,
        "max": 5
      },
      "waveList": [
        {
          "battleMapInfo": {
            "mapName": "Ab_WaterFish"
          },
          "unitList": [
            {
              "unitID": 8702,
              "unitCount": 1,
              "unitLevel": 20
            }
          ],
          "bgmList": [
            "Battle_Cp3_Ally_3",
            "Battle_Cp3_Enemy_4"
          ],
          "enemyPositionID": 13
        }
      ],
      "staminaCost": 35,
      "recommendedLevel": 20,
      "turnLimit": 99,
      "questlist": [
        {
          "args": [
            "10"
          ],
          "localizeId": 1
        }
      ],
      "rewardList": [
        {
          "type": "ITEM",
          "rewardId": 1,
          "num": 1,
          "prob": 0.5
        },
        {
          "type": "EXP",
          "rewardId": 1,
          "num": 1,
          "prob": 1
        },
        {
          "type": "ITEM",
          "rewardId": 1,
          "num": 100,
          "prob": 1
        }
      ],
      "dangerLevel": 0,
      "stageScriptList": ["WaterFish"],
      "abnormalityEventList": [
        803101
      ]
    },
    {
      "id": 3,
      "stageLevel": 20,
      "stageType": "Abnormality",
      "participantInfo": {
        "min": 5,
        "max": 5
      },
      "waveList": [
        {
          "battleMapInfo": {
            "mapName": "Ab_MaggotApple"
          },
          "unitList": [
            {
              "unitID": 8703,
              "unitCount": 1,
              "unitLevel": 20
            }
          ],
          "bgmList": [
            "Battle_Cp1_Ally_3",
            "Battle_Cp1_Enemy_3"
          ],
          "enemyPositionID": 13
        }
      ],
      "staminaCost": 35,
      "recommendedLevel": 20,
      "turnLimit": 99,
      "questlist": [
        {
          "args": [
            "10"
          ],
          "localizeId": 1
        }
      ],
      "rewardList": [
        {
          "type": "ITEM",
          "rewardId": 1,
          "num": 1,
          "prob": 0.5
        },
        {
          "type": "EXP",
          "rewardId": 1,
          "num": 1,
          "prob": 1
        },
        {
          "type": "ITEM",
          "rewardId": 1,
          "num": 100,
          "prob": 1
        }
      ],
      "dangerLevel": 0,
      "stageScriptList": ["MuckwormedApple"],
      "abnormalityEventList": [
        800801
      ]
    },
    {
      "id": 4,
      "stageLevel": 20,
      "stageType": "Abnormality",
      "participantInfo": {
        "min": 5,
        "max": 5
      },
      "waveList": [
        {
          "battleMapInfo": {
            "mapName": "Ab_ElectricWolf"
          },
          "unitList": [
            {
              "unitID": 8705,
              "unitCount": 1,
              "unitLevel": 20
            }
          ],
          "bgmList": [
            "Battle_Cp3_Ally_3",
            "Battle_Cp3_Enemy_4"
          ],
          "enemyPositionID": 13
        }
      ],
      "staminaCost": 35,
      "recommendedLevel": 20,
      "turnLimit": 99,
      "questlist": [
        {
          "args": [
            "10"
          ],
          "localizeId": 1
        }
      ],
      "rewardList": [
        {
          "type": "ITEM",
          "rewardId": 1,
          "num": 1,
          "prob": 0.5
        },
        {
          "type": "EXP",
          "rewardId": 1,
          "num": 1,
          "prob": 1
        },
        {
          "type": "ITEM",
          "rewardId": 1,
          "num": 100,
          "prob": 1
        }
      ],
      "dangerLevel": 0,
      "stageScriptList": ["LightningBeast_Easy"],
      "abnormalityEventList": [
        803201
      ]
    },
    {
      "id": 5,
      "stageLevel": 20,
      "stageType": "Abnormality",
      "participantInfo": {
        "min": 5,
        "max": 5
      },
      "waveList": [
        {
          "battleMapInfo": {
            "mapName": "Ab_SuperHuman"
          },
          "unitList": [
            {
              "unitID": 8706,
              "unitCount": 1,
              "unitLevel": 20
            },
            {
              "unitID": 8707,
              "unitCount": 1,
              "unitLevel": 20
            },
            {
              "unitID": 8708,
              "unitCount": 1,
              "unitLevel": 20
            }
          ],
          "bgmList": [
            "Battle_Cp2_Ally_3",
            "Battle_Cp2_Enemy_3"
          ],
          "enemyPositionID": 16
        }
      ],
      "staminaCost": 35,
      "recommendedLevel": 20,
      "turnLimit": 99,
      "questlist": [
        {
          "args": [
            "10"
          ],
          "localizeId": 1
        }
      ],
      "rewardList": [
        {
          "type": "ITEM",
          "rewardId": 1,
          "num": 1,
          "prob": 0.5
        },
        {
          "type": "EXP",
          "rewardId": 1,
          "num": 1,
          "prob": 1
        },
        {
          "type": "ITEM",
          "rewardId": 1,
          "num": 100,
          "prob": 1
        }
      ],
      "dangerLevel": 0,
      "stageScriptList": ["ReinforcedHuman_Easy"],
      "eventScriptName": "ReinforcedHuman_Easy",
      "abnormalityEventList": [
        801201,
        801202,
        801203,
        801204
      ]
    },
    {
      "id": 6,
      "stageLevel": 20,
      "stageType": "Abnormality",
      "participantInfo": {
        "min": 5,
        "max": 5
      },
      "waveList": [
        {
          "battleMapInfo": {
            "mapName": "Ab_PinkShoes"
          },
          "unitList": [
            {
              "unitID": 8709,
              "unitCount": 1,
              "unitLevel": 20
            },
            {
              "unitID": 8710,
              "unitCount": 1,
              "unitLevel": 20
            },
            {
              "unitID": 8711,
              "unitCount": 1,
              "unitLevel": 20
            }
          ],
          "bgmList": [
            "Battle_Cp2_Ally_3",
            "Battle_Cp2_Enemy_3"
          ],
          "enemyPositionID": 16
        }
      ],
      "staminaCost": 35,
      "recommendedLevel": 20,
      "turnLimit": 99,
      "questlist": [
        {
          "args": [
            "10"
          ],
          "localizeId": 1
        }
      ],
      "rewardList": [
        {
          "type": "ITEM",
          "rewardId": 1,
          "num": 1,
          "prob": 0.5
        },
        {
          "type": "EXP",
          "rewardId": 1,
          "num": 1,
          "prob": 1
        },
        {
          "type": "ITEM",
          "rewardId": 1,
          "num": 100,
          "prob": 1
        }
      ],
      "dangerLevel": 0,
      "stageScriptList": ["PinkShoe"],
      "eventScriptName": "PinkShoe_Easy",
      "abnormalityEventList": [
        801501,
        801502
      ]
    },
    {
      "id": 7,
      "stageLevel": 20,
      "stageType": "Abnormality",
      "participantInfo": {
        "min": 5,
        "max": 5
      },
      "waveList": [
        {
          "battleMapInfo": {
            "mapName": "Ab_AztecCalendar"
          },
          "unitList": [
            {
              "unitID": 8712,
              "unitCount": 1,
              "unitLevel": 20
            },
            {
              "unitID": 8713,
              "unitCount": 2,
              "unitLevel": 20
            }
          ],
          "subUnitList": [
            {
              "unitID": 8713,
              "unitCount": 3,
              "unitLevel": 20
            },
            {
              "unitID": 8714,
              "unitCount": 4,
              "unitLevel": 20
            },
            {
              "unitID": 8714,
              "unitCount": 4,
              "unitLevel": 20
            }
          ],
          "bgmList": [
            "Battle_Cp1_Ally_2",
            "Battle_Cp1_Enemy_2"
          ],
          "enemyPositionID": 19
        }
      ],
      "staminaCost": 35,
      "recommendedLevel": 20,
      "turnLimit": 99,
      "questlist": [
        {
          "args": [
            "10"
          ],
          "localizeId": 1
        }
      ],
      "rewardList": [
        {
          "type": "ITEM",
          "rewardId": 1,
          "num": 1,
          "prob": 0.5
        },
        {
          "type": "EXP",
          "rewardId": 1,
          "num": 1,
          "prob": 1
        },
        {
          "type": "ITEM",
          "rewardId": 1,
          "num": 100,
          "prob": 1
        }
      ],
      "dangerLevel": 0,
      "stageScriptList": ["AztecDisk_Easy"],
      "eventScriptName": "AztecDisk_Easy",
      "abnormalityEventList": [
        800201,
        800202,
        800203,
        800204,
        800205,
        800206
      ]
    },
    {
      "id": 8,
      "stageLevel": 30,
      "stageType": "Abnormality",
      "participantInfo": {
        "min": 5,
        "max": 5
      },
      "waveList": [
        {
          "battleMapInfo": {
            "mapName": "Ab_EbonyQueen",
            "mapSize": 40
          },
          "unitList": [
            {
              "unitID": 8721,
              "unitCount": 1,
              "unitLevel": 30
            }
          ],
          "bgmList": [
            "Battle_Cp1_Ally_2",
            "Battle_Cp1_Enemy_2"
          ],
          "enemyPositionID": 11
        }
      ],
      "staminaCost": 40,
      "recommendedLevel": 30,
      "turnLimit": 99,
      "questlist": [
        {
          "args": [
            "10"
          ],
          "localizeId": 1
        }
      ],
      "rewardList": [
        {
          "type": "ITEM",
          "rewardId": 1,
          "num": 1,
          "prob": 0.5
        },
        {
          "type": "EXP",
          "rewardId": 1,
          "num": 1,
          "prob": 1
        },
        {
          "type": "ITEM",
          "rewardId": 1,
          "num": 100,
          "prob": 1
        }
      ],
      "dangerLevel": 0,
      "stageScriptList": ["SnowWhite"],
      "eventScriptName": "SnowWhite",
      "abnormalityEventList": [
        800101,
        800105
      ]
    },
    {
      "id": 9,
      "stageLevel": 30,
      "stageType": "Abnormality",
      "participantInfo": {
        "min": 5,
        "max": 5
      },
      "waveList": [
        {
          "battleMapInfo": {
            "mapName": "Ab_WaterFish"
          },
          "unitList": [
            {
              "unitID": 8722,
              "unitCount": 1,
              "unitLevel": 30
            }
          ],
          "bgmList": [
            "Battle_Cp3_Ally_3",
            "Battle_Cp3_Enemy_4"
          ],
          "enemyPositionID": 13
        }
      ],
      "staminaCost": 40,
      "recommendedLevel": 30,
      "turnLimit": 99,
      "questlist": [
        {
          "args": [
            "10"
          ],
          "localizeId": 1
        }
      ],
      "rewardList": [
        {
          "type": "ITEM",
          "rewardId": 1,
          "num": 1,
          "prob": 0.5
        },
        {
          "type": "EXP",
          "rewardId": 1,
          "num": 1,
          "prob": 1
        },
        {
          "type": "ITEM",
          "rewardId": 1,
          "num": 100,
          "prob": 1
        }
      ],
      "dangerLevel": 0,
      "stageScriptList": ["WaterFish"],
      "abnormalityEventList": [
        803101
      ]
    },
    {
      "id": 10,
      "stageLevel": 30,
      "stageType": "Abnormality",
      "participantInfo": {
        "min": 5,
        "max": 5
      },
      "waveList": [
        {
          "battleMapInfo": {
            "mapName": "Ab_MaggotApple"
          },
          "unitList": [
            {
              "unitID": 8723,
              "unitCount": 1,
              "unitLevel": 30
            }
          ],
          "bgmList": [
            "Battle_Cp1_Ally_3",
            "Battle_Cp1_Enemy_3"
          ],
          "enemyPositionID": 13
        }
      ],
      "staminaCost": 40,
      "recommendedLevel": 30,
      "turnLimit": 99,
      "questlist": [
        {
          "args": [
            "10"
          ],
          "localizeId": 1
        }
      ],
      "rewardList": [
        {
          "type": "ITEM",
          "rewardId": 1,
          "num": 1,
          "prob": 0.5
        },
        {
          "type": "EXP",
          "rewardId": 1,
          "num": 1,
          "prob": 1
        },
        {
          "type": "ITEM",
          "rewardId": 1,
          "num": 100,
          "prob": 1
        }
      ],
      "dangerLevel": 0,
      "stageScriptList": ["MuckwormedApple"],
      "abnormalityEventList": [
        800801
      ]
    },
    {
      "id": 11,
      "stageLevel": 30,
      "stageType": "Abnormality",
      "participantInfo": {
        "min": 5,
        "max": 5
      },
      "waveList": [
        {
          "battleMapInfo": {
            "mapName": "Ab_ElectricWolf"
          },
          "unitList": [
            {
              "unitID": 8725,
              "unitCount": 1,
              "unitLevel": 30
            }
          ],
          "bgmList": [
            "Battle_Cp3_Ally_3",
            "Battle_Cp3_Enemy_4"
          ],
          "enemyPositionID": 13
        }
      ],
      "staminaCost": 40,
      "recommendedLevel": 30,
      "turnLimit": 99,
      "questlist": [
        {
          "args": [
            "10"
          ],
          "localizeId": 1
        }
      ],
      "rewardList": [
        {
          "type": "ITEM",
          "rewardId": 1,
          "num": 1,
          "prob": 0.5
        },
        {
          "type": "EXP",
          "rewardId": 1,
          "num": 1,
          "prob": 1
        },
        {
          "type": "ITEM",
          "rewardId": 1,
          "num": 100,
          "prob": 1
        }
      ],
      "dangerLevel": 0,
      "stageScriptList": ["LightningBeast_Hard"],
      "abnormalityEventList": [
        803201
      ]
    },
    {
      "id": 12,
      "stageLevel": 30,
      "stageType": "Abnormality",
      "participantInfo": {
        "min": 5,
        "max": 5
      },
      "waveList": [
        {
          "battleMapInfo": {
            "mapName": "Ab_SuperHuman"
          },
          "unitList": [
            {
              "unitID": 8726,
              "unitCount": 1,
              "unitLevel": 30
            },
            {
              "unitID": 8727,
              "unitCount": 1,
              "unitLevel": 30
            },
            {
              "unitID": 8728,
              "unitCount": 1,
              "unitLevel": 30
            }
          ],
          "bgmList": [
            "Battle_Cp2_Ally_3",
            "Battle_Cp2_Enemy_3"
          ],
          "enemyPositionID": 16
        }
      ],
      "staminaCost": 40,
      "recommendedLevel": 30,
      "turnLimit": 99,
      "questlist": [
        {
          "args": [
            "10"
          ],
          "localizeId": 1
        }
      ],
      "rewardList": [
        {
          "type": "ITEM",
          "rewardId": 1,
          "num": 1,
          "prob": 0.5
        },
        {
          "type": "EXP",
          "rewardId": 1,
          "num": 1,
          "prob": 1
        },
        {
          "type": "ITEM",
          "rewardId": 1,
          "num": 100,
          "prob": 1
        }
      ],
      "dangerLevel": 0,
      "stageScriptList": ["ReinforcedHuman_Hard"],
      "eventScriptName": "ReinforcedHuman_Hard",
      "abnormalityEventList": [
        801201,
        801202,
        801203,
        801204
      ]
    },
    {
      "id": 13,
      "stageLevel": 30,
      "stageType": "Abnormality",
      "participantInfo": {
        "min": 5,
        "max": 5
      },
      "waveList": [
        {
          "battleMapInfo": {
            "mapName": "Ab_PinkShoes"
          },
          "unitList": [
            {
              "unitID": 8729,
              "unitCount": 1,
              "unitLevel": 30
            },
            {
              "unitID": 8730,
              "unitCount": 1,
              "unitLevel": 30
            },
            {
              "unitID": 8731,
              "unitCount": 1,
              "unitLevel": 30
            }
          ],
          "bgmList": [
            "Battle_Cp2_Ally_3",
            "Battle_Cp2_Enemy_3"
          ],
          "enemyPositionID": 16
        }
      ],
      "staminaCost": 40,
      "recommendedLevel": 30,
      "turnLimit": 99,
      "questlist": [
        {
          "args": [
            "10"
          ],
          "localizeId": 1
        }
      ],
      "rewardList": [
        {
          "type": "ITEM",
          "rewardId": 1,
          "num": 1,
          "prob": 0.5
        },
        {
          "type": "EXP",
          "rewardId": 1,
          "num": 1,
          "prob": 1
        },
        {
          "type": "ITEM",
          "rewardId": 1,
          "num": 100,
          "prob": 1
        }
      ],
      "dangerLevel": 0,
      "stageScriptList": ["PinkShoe"],
      "eventScriptName": "PinkShoe_Hard",
      "abnormalityEventList": [
        801501,
        801502
      ]
    },
    {
      "id": 14,
      "stageLevel": 30,
      "stageType": "Abnormality",
      "participantInfo": {
        "min": 5,
        "max": 5
      },
      "waveList": [
        {
          "battleMapInfo": {
            "mapName": "Ab_AztecCalendar"
          },
          "unitList": [
            {
              "unitID": 8732,
              "unitCount": 1,
              "unitLevel": 30
            },
            {
              "unitID": 8733,
              "unitCount": 2,
              "unitLevel": 30
            }
          ],
          "subUnitList": [
            {
              "unitID": 8733,
              "unitCount": 3,
              "unitLevel": 30
            },
            {
              "unitID": 8734,
              "unitCount": 4,
              "unitLevel": 30
            },
            {
              "unitID": 8734,
              "unitCount": 4,
              "unitLevel": 30
            }
          ],
          "bgmList": [
            "Battle_Cp1_Ally_2",
            "Battle_Cp1_Enemy_2"
          ],
          "enemyPositionID": 19
        }
      ],
      "staminaCost": 40,
      "recommendedLevel": 30,
      "turnLimit": 99,
      "questlist": [
        {
          "args": [
            "10"
          ],
          "localizeId": 1
        }
      ],
      "rewardList": [
        {
          "type": "ITEM",
          "rewardId": 1,
          "num": 1,
          "prob": 0.5
        },
        {
          "type": "EXP",
          "rewardId": 1,
          "num": 1,
          "prob": 1
        },
        {
          "type": "ITEM",
          "rewardId": 1,
          "num": 100,
          "prob": 1
        }
      ],
      "dangerLevel": 0,
      "stageScriptList": ["AztecDisk_Hard"],
      "eventScriptName": "AztecDisk_Hard",
      "abnormalityEventList": [
        800201,
        800202,
        800203,
        800204,
        800205,
        800206
      ]
    }
  ]
}