{
  "list": [
    {
      "id": 15,
      "stageLevel": 40,
      "stageType": "Abnormality",
      "participantInfo": {
        "min": 6,
        "max": 6
      },
      "waveList": [
        {
          "battleMapInfo": {
            "mapName": "Cp4_Nobody"
          },
          "unitList": [
            {
              "unitID": 8741,
              "unitCount": 1,
              "unitLevel": 40
            }
          ],
          "bgmList": [
            "Battle_Cp4_Ally_6",
            "Battle_Cp4_Enemy_6"
          ],
          "enemyPositionID": 37
        }
      ],
      "staminaCost": 40,
      "recommendedLevel": 40,
      "turnLimit": 99,
      "questlist": [
        {
          "args": [
            "10"
          ],
          "localizeId": 1
        }
      ],
      "rewardList": [],
      "dangerLevel": 0,
      "stageScriptList": ["AbnormalityEvent"],
      "eventScriptName": "NobodyGonnaCry",
      "abnormalityEventList": [
        804701
      ]
    },
    {
      "id": 16,
      "stageLevel": 40,
      "stageType": "Abnormality",
      "participantInfo": {
        "min": 6,
        "max": 6
      },
      "waveList": [
        {
          "battleMapInfo": {
            "mapName": "Cp4_UmbrellaFox"
          },
          "unitList": [
            {
              "unitID": 8742,
              "unitCount": 1,
              "unitLevel": 40
            },
            {
              "unitID": 8743,
              "unitCount": 4,
              "unitLevel": 40
            }
          ],
          "subUnitList": [
            {
              "unitID": 8743,
              "unitCount": 1,
              "unitLevel": 40
            }
          ],
          "bgmList": [
            "Battle_Cp4_Ally_5",
            "Battle_Cp4_Enemy_5"
          ],
          "enemyPositionID": 31
        }
      ],
      "staminaCost": 40,
      "recommendedLevel": 40,
      "turnLimit": 99,
      "questlist": [
        {
          "args": [
            "10"
          ],
          "localizeId": 1
        }
      ],
      "rewardList": [],
      "dangerLevel": 0,
      "stageScriptList": ["AbnormalityEvent"],
      "eventScriptName": "UmbrellaFox",
      "abnormalityEventList": [
        804601
      ]
    },
    {
      "id": 17,
      "stageLevel": 40,
      "stageType": "Abnormality",
      "participantInfo": {
        "min": 6,
        "max": 6
      },
      "waveList": [
        {
          "battleMapInfo": {
            "mapName": "Cp4_GentleFairy"
          },
          "unitList": [
            {
              "unitID": 8744,
              "unitCount": 1,
              "unitLevel": 40
            }
          ],
          "subUnitList": [
            {
              "unitID": 8745,
              "unitCount": 1,
              "unitLevel": 40
            }
          ],
          "bgmList": [
            "Battle_Cp4_Ally_5",
            "Battle_Cp4_Enemy_5"
          ],
          "enemyPositionID": 32
        }
      ],
      "staminaCost": 40,
      "recommendedLevel": 40,
      "turnLimit": 99,
      "questlist": [
        {
          "args": [
            "10"
          ],
          "localizeId": 1
        }
      ],
      "rewardList": [],
      "dangerLevel": 0,
      "stageScriptList": ["AbnormaltiyBattle_10408"],
      "eventScriptName": "GentleFairy",
      "abnormalityEventList": [
        804801
      ]
    },
    {
      "id": 18,
      "stageLevel": 40,
      "stageType": "Abnormality",
      "participantInfo": {
        "min": 6,
        "max": 6
      },
      "waveList": [
        {
          "battleMapInfo": {
            "mapName": "Cp4_LongFairy"
          },
          "unitList": [
            {
              "unitID": 8746,
              "unitCount": 1,
              "unitLevel": 40
            }
          ],
          "subUnitList": [
            {
              "unitID": 8747,
              "unitCount": 1,
              "unitLevel": 40
            }
          ],
          "bgmList": [
            "Battle_Cp4_Ally_6",
            "Battle_Cp4_Enemy_6"
          ],
          "enemyPositionID": 40
        }
      ],
      "staminaCost": 40,
      "recommendedLevel": 40,
      "turnLimit": 99,
      "questlist": [
        {
          "args": [
            "10"
          ],
          "localizeId": 1
        }
      ],
      "rewardList": [],
      "dangerLevel": 0,
      "stageScriptList": ["AbnormalityEvent"],
      "eventScriptName": "8059",
      "abnormalityEventList": [
        805901
      ]
    },
    {
      "id": 19,
      "stageLevel": 40,
      "stageType": "Abnormality",
      "participantInfo": {
        "min": 6,
        "max": 6
      },
      "waveList": [
        {
          "battleMapInfo": {
            "mapName": "Cp4_BrassBull"
          },
          "unitList": [
            {
              "unitID": 8748,
              "unitCount": 1,
              "unitLevel": 40
            }
          ],
          "bgmList": [
            "Battle_Cp1_Ally_3",
            "Battle_Cp1_Enemy_3"
          ],
          "enemyPositionID": 30
        }
      ],
      "staminaCost": 40,
      "recommendedLevel": 40,
      "turnLimit": 99,
      "questlist": [
        {
          "args": [
            "10"
          ],
          "localizeId": 1
        }
      ],
      "rewardList": [],
      "dangerLevel": 0,
      "stageScriptList": ["8748"]
    },
    {
      "id": 20,
      "stageLevel": 40,
      "stageType": "Abnormality",
      "participantInfo": {
        "min": 6,
        "max": 6
      },
      "waveList": [
        {
          "battleMapInfo": {
            "mapName": "Ab_LogicCircuit"
          },
          "unitList": [
            {
              "unitID": 8749,
              "unitCount": 1,
              "unitLevel": 40
            }
          ],
          "subUnitList": [
            {
              "unitID": 8750,
              "unitCount": 1,
              "unitLevel": 40
            }
          ],
          "bgmList": [
            "Battle_Cp4_Ally_5",
            "Battle_Cp4_Enemy_5"
          ],
          "enemyPositionID": 23
        }
      ],
      "staminaCost": 40,
      "recommendedLevel": 40,
      "turnLimit": 99,
      "questlist": [
        {
          "args": [
            "10"
          ],
          "localizeId": 1
        }
      ],
      "rewardList": [],
      "dangerLevel": 0,
      "stageScriptList": ["AbnormalityEvent"],
      "eventScriptName": "KQE",
      "abnormalityEventList": [
        851901
      ]
    },
    {
      "id": 21,
      "stageLevel": 40,
      "stageType": "Abnormality",
      "participantInfo": {
        "min": 6,
        "max": 6
      },
      "waveList": [
        {
          "battleMapInfo": {
            "mapName": "Ab_CroohooToad"
          },
          "unitList": [
            {
              "unitID": 8751,
              "unitCount": 1,
              "unitLevel": 40
            }
          ],
          "bgmList": [
            "Battle_Cp3_Ally_3",
            "Battle_Cp3_Enemy_3"
          ],
          "enemyPositionID": 13
        }
      ],
      "staminaCost": 40,
      "recommendedLevel": 40,
      "turnLimit": 99,
      "questlist": [
        {
          "args": [
            "10"
          ],
          "localizeId": 1
        }
      ],
      "rewardList": [],
      "dangerLevel": 0,
      "stageScriptList": ["AbnormalityEvent"],
      "eventScriptName": "CryingToad",
      "abnormalityEventList": [
        851001
      ]
    }
  ]
}