{
  "list": [
    {
      "id": 10202,
      "stageLevel": 6,
      "stageType": "Normal",
      "participantInfo": {
        "min": 5,
        "max": 5
      },
      "waveList": [
        {
          "battleMapInfo": {
            "mapName": "CasinoFar"
          },
          "unitList": [
            {
              "unitID": 90004,
              "unitCount": 3,
              "unitLevel": 6
            }
          ],
          "bgmList": [
            "Battle_Cp2_Ally_1",
            "Battle_Cp2_Enemy_1"
          ],
          "enemyPositionID": 16
        },
        {
          "unitList": [
            {
              "unitID": 90005,
              "unitCount": 2,
              "unitLevel": 6
            },
            {
              "unitID": 90007,
              "unitCount": 2,
              "unitLevel": 6
            }
          ],
          "enemyPositionID": 17
        }
      ],
      "staminaCost": 16,
      "recommendedLevel": 6,
      "turnLimit": 99,
      "questlist": [
        {
          "args": [
            "10"
          ],
          "localizeId": 1
        }
      ],
      "rewardList": [
      ],
      "story": {
        "enter": [
          "S202B"
        ],
        "exit": [
          "S202A"
        ]
      }
    },
    {
      "id": 10204,
      "stageLevel": 7,
      "stageType": "Normal",
      "participantInfo": {
        "min": 5,
        "max": 5
      },
      "waveList": [
        {
          "battleMapInfo": {
            "mapName": "CasinoFar"
          },
          "unitList": [
            {
              "unitID": 90018,
              "unitCount": 2,
              "unitLevel": 7
            },
            {
              "unitID": 90019,
              "unitCount": 1,
              "unitLevel": 7
            }
          ],
          "bgmList": [
            "Battle_Cp2_Ally_1",
            "Battle_Cp2_Enemy_1"
          ],
          "enemyPositionID": 16
        },
        {
          "unitList": [
            {
              "unitID": 90018,
              "unitCount": 2,
              "unitLevel": 7
            },
            {
              "unitID": 90019,
              "unitCount": 2,
              "unitLevel": 7
            }
          ],
          "enemyPositionID": 17
        }
      ],
      "staminaCost": 16,
      "recommendedLevel": 7,
      "turnLimit": 99,
      "questlist": [
        {
          "args": [
            "10"
          ],
          "localizeId": 1
        }
      ],
      "rewardList": [
      ],
      "story": {
        "enter": [
          "S204B"
        ]
      }
    },
    {
      "id": 10205,
      "stageLevel": 8,
      "stageType": "Normal",
      "participantInfo": {
        "min": 5,
        "max": 5
      },
      "waveList": [
        {
          "battleMapInfo": {
            "mapName": "CasinoFar"
          },
          "unitList": [
            {
              "unitID": 90018,
              "unitCount": 4,
              "unitLevel": 8
            }
          ],
          "bgmList": [
            "Battle_Cp2_Ally_1",
            "Battle_Cp2_Enemy_1"
          ],
          "enemyPositionID": 17
        },
        {
          "unitList": [
            {
              "unitID": 90019,
              "unitCount": 3,
              "unitLevel": 8
            },
            {
              "unitID": 90017,
              "unitCount": 1,
              "unitLevel": 8
            }
          ],
          "enemyPositionID": 17
        }
      ],
      "staminaCost": 16,
      "recommendedLevel": 8,
      "turnLimit": 99,
      "questlist": [
        {
          "args": [
            "10"
          ],
          "localizeId": 1
        }
      ],
      "rewardList": [
      ],
      "story": {
        "enter": [
          "S205B"
        ],
        "exit": [
          "S205A"
        ]
      }
    },
    {
      "id": 10206,
      "stageLevel": 9,
      "stageType": "Normal",
      "participantInfo": {
        "min": 5,
        "max": 5
      },
      "waveList": [
        {
          "battleMapInfo": {
            "mapName": "CasinoEntrance"
          },
          "unitList": [
            {
              "unitID": 90018,
              "unitCount": 2,
              "unitLevel": 9
            },
            {
              "unitID": 90019,
              "unitCount": 2,
              "unitLevel": 9
            },
            {
              "unitID": 90017,
              "unitCount": 1,
              "unitLevel": 9
            }
          ],
          "bgmList": [
            "Battle_Cp2_Ally_1",
            "Battle_Cp2_Enemy_1"
          ],
          "enemyPositionID": 18
        },
        {
          "unitList": [
            {
              "unitID": 90018,
              "unitCount": 1,
              "unitLevel": 9
            },
            {
              "unitID": 90019,
              "unitCount": 2,
              "unitLevel": 9
            },
            {
              "unitID": 90017,
              "unitCount": 2,
              "unitLevel": 9
            }
          ],
          "enemyPositionID": 18
        }
      ],
      "staminaCost": 16,
      "recommendedLevel": 9,
      "turnLimit": 99,
      "questlist": [
        {
          "args": [
            "10"
          ],
          "localizeId": 1
        }
      ],
      "rewardList": [
      ],
      "story": {
        "enter": [
          "S206B"
        ]
      }
    },
    {
      "id": 10207,
      "stageLevel": 11,
      "stageType": "Normal",
      "participantInfo": {
        "min": 5,
        "max": 5
      },
      "waveList": [
        {
          "battleMapInfo": {
            "mapName": "CasinoEntrance"
          },
          "unitList": [
            {
              "unitID": 90017,
              "unitCount": 2,
              "unitLevel": 11
            },
            {
              "unitID": 90018,
              "unitCount": 1,
              "unitLevel": 11
            },
            {
              "unitID": 90019,
              "unitCount": 1,
              "unitLevel": 11
            }
          ],
          "bgmList": [
            "Battle_Cp2_Ally_1",
            "Battle_Cp2_Enemy_1"
          ],
          "enemyPositionID": 17
        },
        {
          "unitList": [
            {
              "unitID": 90017,
              "unitCount": 1,
              "unitLevel": 11
            },
            {
              "unitID": 90018,
              "unitCount": 1,
              "unitLevel": 11
            },
            {
              "unitID": 90019,
              "unitCount": 2,
              "unitLevel": 11
            }
          ],
          "enemyPositionID": 17
        },
        {
          "unitList": [
            {
              "unitID": 90018,
              "unitCount": 1,
              "unitLevel": 11
            },
            {
              "unitID": 90019,
              "unitCount": 1,
              "unitLevel": 11
            },
            {
              "unitID": 90017,
              "unitCount": 2,
              "unitLevel": 11
            },
            {
              "unitID": 91003,
              "unitCount": 1,
              "unitLevel": 11
            }
          ],
          "enemyPositionID": 18
        }
      ],
      "staminaCost": 16,
      "recommendedLevel": 11,
      "turnLimit": 99,
      "questlist": [
        {
          "args": [
            "10"
          ],
          "localizeId": 1
        }
      ],
      "rewardList": [
      ],
      "story": {
        "enter": [
          "S207B"
        ],
        "exit": [
          "S207A"
        ]
      }
    },
    {
      "id": 10208,
      "stageLevel": 10,
      "stageType": "Normal",
      "participantInfo": {
        "min": 5,
        "max": 5
      },
      "waveList": [
        {
          "battleMapInfo": {
            "mapName": "Casino1F"
          },
          "unitList": [
            {
              "unitID": 90020,
              "unitCount": 3,
              "unitLevel": 10
            }
          ],
          "bgmList": [
            "Battle_Cp2_Ally_2",
            "Battle_Cp2_Enemy_2"
          ],
          "enemyPositionID": 16
        },
        {
          "unitList": [
            {
              "unitID": 90020,
              "unitCount": 2,
              "unitLevel": 10
            },
            {
              "unitID": 90021,
              "unitCount": 2,
              "unitLevel": 10
            }
          ],
          "enemyPositionID": 17
        }
      ],
      "staminaCost": 16,
      "recommendedLevel": 10,
      "turnLimit": 99,
      "questlist": [
        {
          "args": [
            "10"
          ],
          "localizeId": 1
        }
      ],
      "rewardList": [
      ],
      "story": {
        "enter": [
          "S208B"
        ]
      },
      "stageScriptList": ["Casino"]
    },
    {
      "id": 10209,
      "stageLevel": 10,
      "stageType": "Normal",
      "participantInfo": {
        "min": 5,
        "max": 5
      },
      "waveList": [
        {
          "battleMapInfo": {
            "mapName": "Casino1F_Broken"
          },
          "unitList": [
            {
              "unitID": 90020,
              "unitCount": 2,
              "unitLevel": 10
            },
            {
              "unitID": 90021,
              "unitCount": 2,
              "unitLevel": 10
            }
          ],
          "bgmList": [
            "Battle_Cp2_Ally_2",
            "Battle_Cp2_Enemy_2"
          ],
          "enemyPositionID": 17
        },
        {
          "unitList": [
            {
              "unitID": 90020,
              "unitCount": 1,
              "unitLevel": 10
            },
            {
              "unitID": 90021,
              "unitCount": 1,
              "unitLevel": 10
            },
            {
              "unitID": 90022,
              "unitCount": 2,
              "unitLevel": 10
            },
            {
              "unitID": 90023,
              "unitCount": 1,
              "unitLevel": 10
            }
          ],
          "enemyPositionID": 18
        }
      ],
      "staminaCost": 16,
      "recommendedLevel": 10,
      "turnLimit": 99,
      "questlist": [
        {
          "args": [
            "10"
          ],
          "localizeId": 1
        }
      ],
      "rewardList": [
      ],
      "story": {
        "enter": [
          "S209B"
        ],
        "exit": [
          "S209A"
        ]
      },
      "stageScriptList": ["Casino"]
    },
    {
      "id": 10210,
      "stageLevel": 11,
      "stageType": "Normal",
      "participantInfo": {
        "min": 5,
        "max": 5
      },
      "waveList": [
        {
          "battleMapInfo": {
            "mapName": "Casino2F_v1"
          },
          "unitList": [
            {
              "unitID": 90020,
              "unitCount": 2,
              "unitLevel": 11
            },
            {
              "unitID": 90024,
              "unitCount": 2,
              "unitLevel": 11
            }
          ],
          "bgmList": [
            "Battle_Cp2_Ally_2",
            "Battle_Cp2_Enemy_2"
          ],
          "enemyPositionID": 17
        },
        {
          "unitList": [
            {
              "unitID": 90020,
              "unitCount": 1,
              "unitLevel": 11
            },
            {
              "unitID": 90021,
              "unitCount": 1,
              "unitLevel": 11
            },
            {
              "unitID": 90024,
              "unitCount": 2,
              "unitLevel": 11
            }
          ],
          "enemyPositionID": 17
        }
      ],
      "staminaCost": 16,
      "recommendedLevel": 11,
      "turnLimit": 99,
      "questlist": [
        {
          "args": [
            "10"
          ],
          "localizeId": 1
        }
      ],
      "rewardList": [
      ],
      "story": {
        "enter": [
          "S210B"
        ]
      },
      "stageScriptList": ["Casino"]
    },
    {
      "id": 10211,
      "stageLevel": 11,
      "stageType": "Normal",
      "participantInfo": {
        "min": 5,
        "max": 5
      },
      "waveList": [
        {
          "battleMapInfo": {
            "mapName": "Casino2F_v1"
          },
          "unitList": [
            {
              "unitID": 90024,
              "unitCount": 4,
              "unitLevel": 11
            }
          ],
          "bgmList": [
            "Battle_Cp2_Ally_2",
            "Battle_Cp2_Enemy_2"
          ],
          "enemyPositionID": 17
        },
        {
          "battleMapInfo": {
            "mapName": "Casino2F"
          },
          "unitList": [
            {
              "unitID": 90025,
              "unitCount": 4,
              "unitLevel": 11
            }
          ],
          "enemyPositionID": 17
        }
      ],
      "staminaCost": 16,
      "recommendedLevel": 11,
      "turnLimit": 99,
      "questlist": [
        {
          "args": [
            "10"
          ],
          "localizeId": 1
        }
      ],
      "rewardList": [
      ],
      "stageScriptList": ["Casino"]
    },
    {
      "id": 10212,
      "stageLevel": 12,
      "stageType": "Normal",
      "participantInfo": {
        "min": 5,
        "max": 5
      },
      "waveList": [
        {
          "battleMapInfo": {
            "mapName": "Casino2F"
          },
          "unitList": [
            {
              "unitID": 90024,
              "unitCount": 3,
              "unitLevel": 12
            },
            {
              "unitID": 90025,
              "unitCount": 2,
              "unitLevel": 12
            }
          ],
          "bgmList": [
            "Battle_Cp2_Ally_2",
            "Battle_Cp2_Enemy_2"
          ],
          "enemyPositionID": 18
        },
        {
          "unitList": [
            {
              "unitID": 90024,
              "unitCount": 2,
              "unitLevel": 12
            },
            {
              "unitID": 90025,
              "unitCount": 3,
              "unitLevel": 12
            }
          ],
          "enemyPositionID": 18
        }
      ],
      "staminaCost": 16,
      "recommendedLevel": 12,
      "turnLimit": 99,
      "questlist": [
        {
          "args": [
            "10"
          ],
          "localizeId": 1
        }
      ],
      "rewardList": [
      ],
      "story": {
        "enter": [
          "S212B"
        ],
        "exit": [
          "S212A"
        ]
      },
      "stageScriptList": ["Casino"]
    },
    {
      "id": 10213,
      "stageLevel": 10,
      "stageType": "Normal",
      "participantInfo": {
        "min": 5,
        "max": 5
      },
      "waveList": [
        {
          "battleMapInfo": {
            "mapName": "Casino3F"
          },
          "unitList": [
            {
              "unitID": 90020,
              "unitCount": 1,
              "unitLevel": 10
            },
            {
              "unitID": 90021,
              "unitCount": 2,
              "unitLevel": 10
            },
            {
              "unitID": 90027,
              "unitCount": 1,
              "unitLevel": 10
            }
          ],
          "bgmList": [
            "Battle_Cp2_Ally_2",
            "Battle_Cp2_Enemy_2"
          ],
          "enemyPositionID": 17
        },
        {
          "unitList": [
            {
              "unitID": 90021,
              "unitCount": 2,
              "unitLevel": 10
            },
            {
              "unitID": 90027,
              "unitCount": 2,
              "unitLevel": 10
            }
          ],
          "enemyPositionID": 17
        }
      ],
      "staminaCost": 16,
      "recommendedLevel": 10,
      "turnLimit": 99,
      "questlist": [
        {
          "args": [
            "10"
          ],
          "localizeId": 1
        }
      ],
      "rewardList": [
      ],
      "story": {
        "enter": [
          "S213B"
        ]
      },
      "stageScriptList": ["Casino"]
    },
    {
      "id": 10214,
      "stageLevel": 11,
      "stageType": "Normal",
      "participantInfo": {
        "min": 5,
        "max": 5
      },
      "waveList": [
        {
          "battleMapInfo": {
            "mapName": "Casino3F"
          },
          "unitList": [
            {
              "unitID": 90026,
              "unitCount": 2,
              "unitLevel": 11
            },
            {
              "unitID": 90027,
              "unitCount": 2,
              "unitLevel": 11
            }
          ],
          "bgmList": [
            "Battle_Cp2_Ally_2",
            "Battle_Cp2_Enemy_2"
          ],
          "enemyPositionID": 17
        },
        {
          "unitList": [
            {
              "unitID": 90026,
              "unitCount": 2,
              "unitLevel": 11
            },
            {
              "unitID": 90027,
              "unitCount": 3,
              "unitLevel": 11
            }
          ],
          "enemyPositionID": 18
        }
      ],
      "staminaCost": 16,
      "recommendedLevel": 11,
      "turnLimit": 99,
      "questlist": [
        {
          "args": [
            "10"
          ],
          "localizeId": 1
        }
      ],
      "rewardList": [
      ],
      "stageScriptList": ["Casino"]
    },
    {
      "id": 10215,
      "stageLevel": 12,
      "stageType": "Normal",
      "participantInfo": {
        "min": 5,
        "max": 5
      },
      "waveList": [
        {
          "battleMapInfo": {
            "mapName": "Casino3F"
          },
          "unitList": [
            {
              "unitID": 90026,
              "unitCount": 2,
              "unitLevel": 12
            },
            {
              "unitID": 90027,
              "unitCount": 3,
              "unitLevel": 12
            }
          ],
          "bgmList": [
            "Battle_Cp2_Ally_2",
            "Battle_Cp2_Enemy_2"
          ],
          "enemyPositionID": 18
        },
        {
          "unitList": [
            {
              "unitID": 90026,
              "unitCount": 2,
              "unitLevel": 12
            },
            {
              "unitID": 90027,
              "unitCount": 3,
              "unitLevel": 12
            }
          ],
          "enemyPositionID": 18
        }
      ],
      "staminaCost": 16,
      "recommendedLevel": 12,
      "turnLimit": 99,
      "questlist": [
        {
          "args": [
            "10"
          ],
          "localizeId": 1
        }
      ],
      "rewardList": [
      ],
      "story": {
        "enter": [
          "S215B"
        ],
        "exit": [
          "S215A"
        ]
      },
      "stageScriptList": ["Casino"]
    },
    {
      "id": 10218,
      "stageLevel": 13,
      "stageType": "Normal",
      "participantInfo": {
        "min": 5,
        "max": 5
      },
      "waveList": [
        {
          "battleMapInfo": {
            "mapName": "OrientalCorridor"
          },
          "unitList": [
            {
              "unitID": 90024,
              "unitCount": 2,
              "unitLevel": 13
            },
            {
              "unitID": 90025,
              "unitCount": 2,
              "unitLevel": 13
            }
          ],
          "bgmList": [
            "Battle_Cp2_Ally_2",
            "Battle_Cp2_Enemy_2"
          ],
          "enemyPositionID": 17
        },
        {
          "unitList": [
            {
              "unitID": 90024,
              "unitCount": 2,
              "unitLevel": 13
            },
            {
              "unitID": 90025,
              "unitCount": 2,
              "unitLevel": 13
            }
          ],
          "enemyPositionID": 18
        },
        {
          "unitList": [
            {
              "unitID": 90024,
              "unitCount": 1,
              "unitLevel": 13
            },
            {
              "unitID": 90025,
              "unitCount": 1,
              "unitLevel": 13
            },
            {
              "unitID": 91004,
              "unitCount": 1,
              "unitLevel": 13
            }
          ],
          "enemyPositionID": 18
        }
      ],
      "staminaCost": 16,
      "recommendedLevel": 13,
      "turnLimit": 99,
      "questlist": [
        {
          "args": [
            "10"
          ],
          "localizeId": 1
        }
      ],
      "rewardList": [
      ],
      "story": {
        "enter": [
          "S218B"
        ]
      },
      "stageScriptList": ["Casino_Eyed"]
    }
  ]
}