{
  "list": [
    {
      "id": 10602,
      "stageLevel": 25,
      "stageType": "Normal",
      "participantInfo": {
        "min": 6,
        "max": 6
      },
      "waveList": [
        {
          "battleMapInfo": {
            "mapName": "Cp6_TCorpBackstreet"
          },
          "unitList": [
            {
              "unitID": 90114,
              "unitCount": 2,
              "unitLevel": 25
            },
            {
              "unitID": 90115,
              "unitCount": 3,
              "unitLevel": 25
            }
          ],
          "bgmList": [
            "Battle_Cp4_Ally_4",
            "Battle_Cp4_Enemy_4"
          ]
        },
        {
          "unitList": [
            {
              "unitID": 90114,
              "unitCount": 3,
              "unitLevel": 25
            },
            {
              "unitID": 90115,
              "unitCount": 3,
              "unitLevel": 25
            }
          ]
        }
      ],
      "staminaCost": 20,
      "recommendedLevel": 25,
      "turnLimit": 99,
      "questlist": [
        {
          "args": [
            "10"
          ],
          "localizeId": 1
        }
      ],
      "rewardList": [],
      "story": {
        "enter": [
          "S602B"
        ]
      },
      "stageScriptList": ["FilterAddForce"]
    },
    {
      "id": 10603,
      "stageLevel": 25,
      "stageType": "Normal",
      "participantInfo": {
        "min": 6,
        "max": 6
      },
      "waveList": [
        {
          "battleMapInfo": {
            "mapName": "Cp6_TCorpBackstreet"
          },
          "unitList": [
            {
              "unitID": 90114,
              "unitCount": 2,
              "unitLevel": 25
            },
            {
              "unitID": 90115,
              "unitCount": 3,
              "unitLevel": 25
            }
          ],
          "bgmList": [
            "Battle_Cp4_Ally_4",
            "Battle_Cp4_Enemy_4"
          ]
        },
        {
          "unitList": [
            {
              "unitID": 90114,
              "unitCount": 3,
              "unitLevel": 25
            },
            {
              "unitID": 90115,
              "unitCount": 3,
              "unitLevel": 25
            }
          ]
        }
      ],
      "staminaCost": 20,
      "recommendedLevel": 25,
      "turnLimit": 99,
      "questlist": [
        {
          "args": [
            "10"
          ],
          "localizeId": 1
        }
      ],
      "rewardList": [],
      "story": {
        "enter": [
          "S603B"
        ],
        "exit": [
          "S603A"
        ]
      },
      "stageScriptList": ["FilterAddForce"]
    },
    {
      "id": 10609,
      "stageLevel": 37,
      "stageType": "Normal",
      "participantInfo": {
        "min": 6,
        "max": 6
      },
      "waveList": [
        {
          "battleMapInfo": {
            "mapName": "Cp6_Mansion_DrawingRoom",
            "mapSize": 28
          },
          "unitList": [
            {
              "unitID": 90116,
              "unitCount": 2,
              "unitLevel": 37
            },
            {
              "unitID": 90117,
              "unitCount": 2,
              "unitLevel": 37
            }
          ],
          "bgmList": [
            "Battle_Cp4_Ally_5",
            "Battle_Cp4_Enemy_5"
          ]
        },
        {
          "unitList": [
            {
              "unitID": 90116,
              "unitCount": 3,
              "unitLevel": 37
            },
            {
              "unitID": 90117,
              "unitCount": 2,
              "unitLevel": 37
            }
          ]
        }
      ],
      "staminaCost": 20,
      "recommendedLevel": 37,
      "turnLimit": 99,
      "questlist": [
        {
          "args": [
            "10"
          ],
          "localizeId": 1
        }
      ],
      "rewardList": [],
      "story": {
        "enter": [
          "S609B"
        ],
        "exit": [
          "S609A"
        ]
      },
      "stageScriptList": ["a1c6p1_EnemyRun_Normal_Filter"]
    },
    {
      "id": 10614,
      "stageLevel": 40,
      "stageType": "Normal",
      "participantInfo": {
        "min": 6,
        "max": 6
      },
      "waveList": [
        {
          "battleMapInfo": {
            "mapName": "Cp6_Mansion_Hallway",
            "mapSize": 28
          },
          "unitList": [
            {
              "unitID": 90126,
              "unitCount": 2,
              "unitLevel": 40
            },
            {
              "unitID": 90127,
              "unitCount": 3,
              "unitLevel": 40
            }
          ],
          "bgmList": [
            "Battle_Cp6_Ally_1",
            "Battle_Cp6_Enemy_1"
          ]
        },
        {
          "unitList": [
            {
              "unitID": 90126,
              "unitCount": 2,
              "unitLevel": 40
            },
            {
              "unitID": 90127,
              "unitCount": 3,
              "unitLevel": 40
            }
          ]
        }
      ],
      "staminaCost": 20,
      "recommendedLevel": 40,
      "turnLimit": 99,
      "questlist": [
        {
          "args": [
            "10"
          ],
          "localizeId": 1
        }
      ],
      "rewardList": [],
      "story": {
        "enter": [
          "S614B"
        ]
      },
      "stageScriptList": ["a1c6p1_Buff_EnemyRun_Normal_Filter"]
    },
    {
      "id": 10615,
      "stageLevel": 42,
      "stageType": "Normal",
      "participantInfo": {
        "min": 6,
        "max": 6
      },
      "waveList": [
        {
          "battleMapInfo": {
            "mapName": "Cp6_Mansion_Hallway",
            "mapSize": 28
          },
          "unitList": [
            {
              "unitID": 90126,
              "unitCount": 2,
              "unitLevel": 42
            },
            {
              "unitID": 90127,
              "unitCount": 3,
              "unitLevel": 42
            }
          ],
          "bgmList": [
            "Battle_Cp6_Ally_2",
            "Battle_Cp6_Enemy_2"
          ]
        },
        {
          "unitList": [
            {
              "unitID": 90126,
              "unitCount": 2,
              "unitLevel": 42
            },
            {
              "unitID": 90127,
              "unitCount": 4,
              "unitLevel": 42
            }
          ]
        },
        {
          "unitList": [
            {
              "unitID": 90126,
              "unitCount": 2,
              "unitLevel": 42
            },
            {
              "unitID": 90127,
              "unitCount": 2,
              "unitLevel": 42
            },
            {
              "unitID": 91014,
              "unitCount": 1,
              "unitLevel": 42
            }
          ]
        }
      ],
      "staminaCost": 20,
      "recommendedLevel": 42,
      "turnLimit": 99,
      "questlist": [
        {
          "args": [
            "10"
          ],
          "localizeId": 1
        }
      ],
      "rewardList": [],
      "stageScriptList": ["a1c6p1_Buff_EnemyRun_Normal_Filter"]
    },
    {
      "id": 10616,
      "stageLevel": 39,
      "stageType": "Normal",
      "participantInfo": {
        "min": 6,
        "max": 6
      },
      "waveList": [
        {
          "battleMapInfo": {
            "mapName": "Cp6_Mansion_Hallway_v1",
            "mapSize": 28
          },
          "unitList": [
            {
              "unitID": 90118,
              "unitCount": 2,
              "unitLevel": 39
            },
            {
              "unitID": 90119,
              "unitCount": 2,
              "unitLevel": 39
            }
          ],
          "bgmList": [
            "Battle_Cp6_Ally_1",
            "Battle_Cp6_Enemy_1"
          ]
        },
        {
          "unitList": [
            {
              "unitID": 90118,
              "unitCount": 3,
              "unitLevel": 39
            },
            {
              "unitID": 90119,
              "unitCount": 2,
              "unitLevel": 39
            }
          ]
        }
      ],
      "staminaCost": 20,
      "recommendedLevel": 39,
      "turnLimit": 99,
      "questlist": [
        {
          "args": [
            "10"
          ],
          "localizeId": 1
        }
      ],
      "rewardList": [],
      "story": {
        "enter": [
          "S616B"
        ]
      },
      "stageScriptList": ["a1c6p1_Buff_Normal_Filter"]
    },
    {
      "id": 10617,
      "stageLevel": 40,
      "stageType": "Normal",
      "participantInfo": {
        "min": 6,
        "max": 6
      },
      "waveList": [
        {
          "battleMapInfo": {
            "mapName": "Cp6_Mansion_Hallway_v1",
            "mapSize": 28
          },
          "unitList": [
            {
              "unitID": 90118,
              "unitCount": 3,
              "unitLevel": 40
            },
            {
              "unitID": 90119,
              "unitCount": 2,
              "unitLevel": 40
            }
          ],
          "bgmList": [
            "Battle_Cp6_Ally_2",
            "Battle_Cp6_Enemy_2"
          ]
        },
        {
          "unitList": [
            {
              "unitID": 90118,
              "unitCount": 3,
              "unitLevel": 40
            },
            {
              "unitID": 90119,
              "unitCount": 2,
              "unitLevel": 40
            }
          ]
        }
      ],
      "staminaCost": 20,
      "recommendedLevel": 40,
      "turnLimit": 99,
      "questlist": [
        {
          "args": [
            "10"
          ],
          "localizeId": 1
        }
      ],
      "rewardList": [],
      "story": {
        "enter": [
          "S617B"
        ]
      },
      "stageScriptList": ["a1c6p1_Buff_Normal_Filter"]
    },
    {
      "id": 10618,
      "stageLevel": 41,
      "stageType": "Normal",
      "participantInfo": {
        "min": 6,
        "max": 6
      },
      "waveList": [
        {
          "battleMapInfo": {
            "mapName": "Cp6_Mansion_Hallway_v1",
            "mapSize": 28
          },
          "unitList": [
            {
              "unitID": 90118,
              "unitCount": 2,
              "unitLevel": 41
            },
            {
              "unitID": 90119,
              "unitCount": 3,
              "unitLevel": 41
            }
          ],
          "bgmList": [
            "Battle_Cp6_Ally_1",
            "Battle_Cp6_Enemy_1"
          ]
        },
        {
          "unitList": [
            {
              "unitID": 90118,
              "unitCount": 3,
              "unitLevel": 41
            },
            {
              "unitID": 90119,
              "unitCount": 3,
              "unitLevel": 41
            }
          ]
        }
      ],
      "staminaCost": 20,
      "recommendedLevel": 41,
      "turnLimit": 99,
      "questlist": [
        {
          "args": [
            "10"
          ],
          "localizeId": 1
        }
      ],
      "rewardList": [],
      "story": {
        "enter": [
          "S618B"
        ]
      },
      "stageScriptList": ["a1c6p1_Buff_Normal_Filter"]
    },
    {
      "id": 10619,
      "stageLevel": 42,
      "stageType": "Normal",
      "participantInfo": {
        "min": 6,
        "max": 6
      },
      "waveList": [
        {
          "battleMapInfo": {
            "mapName": "Cp6_Mansion_CatherineRoom"
          },
          "unitList": [
            {
              "unitID": 90120,
              "unitCount": 3,
              "unitLevel": 42
            },
            {
              "unitID": 90121,
              "unitCount": 1,
              "unitLevel": 42
            },
            {
              "unitID": 90122,
              "unitCount": 1,
              "unitLevel": 42
            }
          ],
          "bgmList": [
            "Battle_Cp6_Ally_2",
            "Battle_Cp6_Enemy_2"
          ]
        },
        {
          "unitList": [
            {
              "unitID": 90123,
              "unitCount": 2,
              "unitLevel": 42
            },
            {
              "unitID": 90124,
              "unitCount": 3,
              "unitLevel": 42
            },
            {
              "unitID": 90125,
              "unitCount": 1,
              "unitLevel": 42
            }
          ]
        }
      ],
      "staminaCost": 20,
      "recommendedLevel": 42,
      "turnLimit": 99,
      "questlist": [
        {
          "args": [
            "10"
          ],
          "localizeId": 1
        }
      ],
      "rewardList": [],
      "story": {
        "enter": [
          "S619B"
        ],
        "exit": [
          "S619A"
        ]
      },
      "stageScriptList": ["a1c6p1_Buff_EnemyRun_Normal_Filter"]
    },
    {
      "id": 10620,
      "stageLevel": 41,
      "stageType": "Normal",
      "participantInfo": {
        "min": 6,
        "max": 6
      },
      "waveList": [
        {
          "battleMapInfo": {
            "mapName": "Cp6_Mansion_Hallway_v1",
            "mapSize": 28
          },
          "unitList": [
            {
              "unitID": 90118,
              "unitCount": 2,
              "unitLevel": 41
            },
            {
              "unitID": 90119,
              "unitCount": 3,
              "unitLevel": 41
            }
          ],
          "bgmList": [
            "Battle_Cp6_Ally_1",
            "Battle_Cp6_Enemy_1"
          ]
        },
        {
          "unitList": [
            {
              "unitID": 90118,
              "unitCount": 3,
              "unitLevel": 41
            },
            {
              "unitID": 90119,
              "unitCount": 3,
              "unitLevel": 41
            }
          ]
        }
      ],
      "staminaCost": 20,
      "recommendedLevel": 41,
      "turnLimit": 99,
      "questlist": [
        {
          "args": [
            "10"
          ],
          "localizeId": 1
        }
      ],
      "rewardList": [],
      "story": {
        "enter": [
          "S620B"
        ]
      },
      "stageScriptList": ["a1c6p1_Buff_Normal_Filter"]
    },
    {
      "id": 10621,
      "stageLevel": 43,
      "stageType": "Normal",
      "participantInfo": {
        "min": 6,
        "max": 6
      },
      "waveList": [
        {
          "battleMapInfo": {
            "mapName": "Cp6_Mansion_Fireplace",
            "mapSize": 24
          },
          "unitList": [
            {
              "unitID": 90120,
              "unitCount": 2,
              "unitLevel": 43
            },
            {
              "unitID": 90121,
              "unitCount": 2,
              "unitLevel": 43
            },
            {
              "unitID": 90123,
              "unitCount": 1,
              "unitLevel": 43
            }
          ],
          "bgmList": [
            "Battle_Cp6_Ally_2",
            "Battle_Cp6_Enemy_2"
          ]
        },
        {
          "unitList": [
            {
              "unitID": 90123,
              "unitCount": 2,
              "unitLevel": 43
            },
            {
              "unitID": 90124,
              "unitCount": 3,
              "unitLevel": 43
            },
            {
              "unitID": 90122,
              "unitCount": 1,
              "unitLevel": 43
            }
          ]
        },
        {
          "unitList": [
            {
              "unitID": 90120,
              "unitCount": 1,
              "unitLevel": 43
            },
            {
              "unitID": 90121,
              "unitCount": 1,
              "unitLevel": 43
            },
            {
              "unitID": 90123,
              "unitCount": 1,
              "unitLevel": 43
            },
            {
              "unitID": 90124,
              "unitCount": 1,
              "unitLevel": 43
            },
            {
              "unitID": 90122,
              "unitCount": 1,
              "unitLevel": 43
            },
            {
              "unitID": 90125,
              "unitCount": 1,
              "unitLevel": 43
            }
          ]
        }
      ],
      "staminaCost": 20,
      "recommendedLevel": 43,
      "turnLimit": 99,
      "questlist": [
        {
          "args": [
            "10"
          ],
          "localizeId": 1
        }
      ],
      "rewardList": [],
      "story": {
        "enter": [
          "S621B"
        ],
        "exit": [
          "S621A"
        ]
      },
      "stageScriptList": ["a1c6p1_Buff_EnemyRun_Normal_Filter"]
    }
  ]
}