{
  "list": [
    {
      "id": 10622,
      "stageLevel": 39,
      "stageType": "Abnormality",
      "participantInfo": {
        "min": 6,
        "max": 6
      },
      "waveList": [
        {
          "battleMapInfo": {
            "mapName": "Cp6_Mansion_StairsToLaboratory",
            "mapSize": 24
          },
          "unitList": [
            {
              "unitID": 8067,
              "unitCount": 2,
              "unitLevel": 39
            },
            {
              "unitID": 8066,
              "unitCount": 1,
              "unitLevel": 39
            },
            {
              "unitID": 8068,
              "unitCount": 1,
              "unitLevel": 39
            }
          ],
          "bgmList": [
            "Battle_Cp6_Ally_1",
            "Battle_Cp6_Enemy_4"
          ]
        },
        {
          "unitList": [
            {
              "unitID": 8203,
              "unitCount": 1,
              "unitLevel": 39
            },
            {
              "unitID": 8066,
              "unitCount": 1,
              "unitLevel": 39
            },
            {
              "unitID": 8068,
              "unitCount": 2,
              "unitLevel": 39
            }
          ]
        }
      ],
      "staminaCost": 20,
      "recommendedLevel": 39,
      "turnLimit": 99,
      "questlist": [
        {
          "args": [
            "10"
          ],
          "localizeId": 1
        }
      ],
      "rewardList": [],
      "story": {
        "enter": [
          "S622B"
        ]
      },
      "stageScriptList": ["a1c6p2_Buff_Abnormality_Filter"]
    },
    {
      "id": 10623,
      "stageLevel": 39,
      "stageType": "Abnormality",
      "participantInfo": {
        "min": 6,
        "max": 6
      },
      "waveList": [
        {
          "battleMapInfo": {
            "mapName": "Cp6_Mansion_StairsToLaboratory",
            "mapSize": 24
          },
          "unitList": [
            {
              "unitID": 8064,
              "unitCount": 2,
              "unitLevel": 39
            },
            {
              "unitID": 8068,
              "unitCount": 2,
              "unitLevel": 39
            },
            {
              "unitID": 8069,
              "unitCount": 1,
              "unitLevel": 39
            }
          ],
          "bgmList": [
            "Battle_Cp6_Ally_1",
            "Battle_Cp6_Enemy_4"
          ]
        },
        {
          "unitList": [
            {
              "unitID": 8160,
              "unitCount": 1,
              "unitLevel": 39
            },
            {
              "unitID": 8068,
              "unitCount": 2,
              "unitLevel": 39
            },
            {
              "unitID": 8066,
              "unitCount": 2,
              "unitLevel": 39
            }
          ]
        }
      ],
      "staminaCost": 20,
      "recommendedLevel": 39,
      "turnLimit": 99,
      "questlist": [
        {
          "args": [
            "10"
          ],
          "localizeId": 1
        }
      ],
      "rewardList": [],
      "story": {
        "exit": [
          "S623A"
        ]
      },
      "stageScriptList": ["a1c6p2_Buff_Abnormality_Filter"]
    },
    {
      "id": 10624,
      "stageLevel": 39,
      "stageType": "Abnormality",
      "participantInfo": {
        "min": 6,
        "max": 6
      },
      "waveList": [
        {
          "battleMapInfo": {
            "mapName": "Cp6_Mansion_Laboratory_B1",
            "mapSize": 24
          },
          "unitList": [
            {
              "unitID": 8202,
              "unitCount": 1,
              "unitLevel": 39
            },
            {
              "unitID": 8065,
              "unitCount": 2,
              "unitLevel": 39
            },
            {
              "unitID": 8067,
              "unitCount": 3,
              "unitLevel": 39
            }
          ],
          "bgmList": [
            "Battle_Cp6_Ally_1",
            "Battle_Cp6_Enemy_4"
          ]
        },
        {
          "unitList": [
            {
              "unitID": 8202,
              "unitCount": 1,
              "unitLevel": 39
            },
            {
              "unitID": 8159,
              "unitCount": 1,
              "unitLevel": 39
            },
            {
              "unitID": 8066,
              "unitCount": 2,
              "unitLevel": 39
            },
            {
              "unitID": 8067,
              "unitCount": 1,
              "unitLevel": 39
            }
          ]
        }
      ],
      "staminaCost": 20,
      "recommendedLevel": 39,
      "turnLimit": 99,
      "questlist": [
        {
          "args": [
            "10"
          ],
          "localizeId": 1
        }
      ],
      "rewardList": [],
      "story": {
        "enter": [
          "S624B"
        ]
      },
      "stageScriptList": ["a1c6p2_Buff_Abnormality_Filter"]
    },
    {
      "id": 10625,
      "stageLevel": 40,
      "stageType": "Normal",
      "participantInfo": {
        "min": 6,
        "max": 6
      },
      "waveList": [
        {
          "battleMapInfo": {
            "mapName": "Cp6_Mansion_Laboratory_B1",
            "mapSize": 24
          },
          "unitList": [
            {
              "unitID": 90131,
              "unitCount": 3,
              "unitLevel": 40
            },
            {
              "unitID": 90132,
              "unitCount": 1,
              "unitLevel": 40
            }
          ],
          "bgmList": [
            "Battle_Cp6_Ally_2",
            "Battle_Cp6_Enemy_2"
          ],
          "enemyPositionID": 64
        },
        {
          "unitList": [
            {
              "unitID": 90131,
              "unitCount": 2,
              "unitLevel": 40
            },
            {
              "unitID": 90132,
              "unitCount": 2,
              "unitLevel": 40
            }
          ],
          "enemyPositionID": 64
        }
      ],
      "staminaCost": 20,
      "recommendedLevel": 40,
      "turnLimit": 99,
      "questlist": [
        {
          "args": [
            "10"
          ],
          "localizeId": 1
        }
      ],
      "rewardList": [],
      "story": {
        "enter": [
          "S625B"
        ]
      },
      "stageScriptList": ["a1c6p2_Buff_Normal_Filter"]
    },
    {
      "id": 10626,
      "stageLevel": 40,
      "stageType": "Abnormality",
      "participantInfo": {
        "min": 6,
        "max": 6
      },
      "battleCameraInfo": {
        "defaultPosX": 0,
        "defaultPosY": 0,
        "defaultPosZ": 20
      },
      "waveList": [
        {
          "battleMapInfo": {
            "mapName": "Cp6_Mansion_Laboratory_B2",
            "mapSize": 20
          },
          "unitList": [
            {
              "unitID": 8159,
              "unitCount": 1,
              "unitLevel": 40
            },
            {
              "unitID": 8160,
              "unitCount": 1,
              "unitLevel": 40
            },
            {
              "unitID": 8202,
              "unitCount": 1,
              "unitLevel": 40
            },
            {
              "unitID": 8203,
              "unitCount": 1,
              "unitLevel": 40
            }
          ],
          "bgmList": [
            "Battle_Cp6_Ally_2",
            "Battle_Cp6_Enemy_2"
          ],
          "allyPositionID": 65,
          "enemyPositionID": 66
        }
      ],
      "staminaCost": 20,
      "recommendedLevel": 40,
      "turnLimit": 99,
      "questlist": [
        {
          "args": [
            "10"
          ],
          "localizeId": 1
        }
      ],
      "rewardList": [],
      "stageScriptList": ["a1c6p2_Buff_Abnormality_Filter"]
    },
    {
      "id": 10627,
      "stageLevel": 40,
      "stageType": "Normal",
      "participantInfo": {
        "min": 6,
        "max": 6
      },
      "battleCameraInfo": {
        "defaultPosX": 0,
        "defaultPosY": 0,
        "defaultPosZ": 20
      },
      "waveList": [
        {
          "battleMapInfo": {
            "mapName": "Cp6_Mansion_Laboratory_B2",
            "mapSize": 20
          },
          "unitList": [
            {
              "unitID": 90131,
              "unitCount": 3,
              "unitLevel": 40
            },
            {
              "unitID": 90132,
              "unitCount": 2,
              "unitLevel": 40
            }
          ],
          "bgmList": [
            "Battle_Cp4_Ally_5",
            "Battle_Cp4_Enemy_5"
          ],
          "allyPositionID": 65,
          "enemyPositionID": 66
        },
        {
          "unitList": [
            {
              "unitID": 90131,
              "unitCount": 2,
              "unitLevel": 40
            },
            {
              "unitID": 90132,
              "unitCount": 3,
              "unitLevel": 40
            }
          ],
          "allyPositionID": 65,
          "enemyPositionID": 66
        }
      ],
      "staminaCost": 20,
      "recommendedLevel": 40,
      "turnLimit": 99,
      "questlist": [
        {
          "args": [
            "10"
          ],
          "localizeId": 1
        }
      ],
      "rewardList": [],
      "stageScriptList": ["a1c6p2_Buff_Normal_Filter"]
    },
    {
      "id": 10628,
      "stageLevel": 42,
      "stageType": "Normal",
      "participantInfo": {
        "min": 6,
        "max": 6
      },
      "battleCameraInfo": {
        "defaultPosX": 0,
        "defaultPosY": 0,
        "defaultPosZ": 20
      },
      "waveList": [
        {
          "battleMapInfo": {
            "mapName": "Cp6_Mansion_Laboratory_B2",
            "mapSize": 20
          },
          "unitList": [
            {
              "unitID": 90131,
              "unitCount": 3,
              "unitLevel": 42
            },
            {
              "unitID": 90132,
              "unitCount": 2,
              "unitLevel": 42
            }
          ],
          "bgmList": [
            "Battle_Cp4_Ally_5",
            "Battle_Cp4_Enemy_5"
          ],
          "allyPositionID": 65,
          "enemyPositionID": 66
        },
        {
          "unitList": [
            {
              "unitID": 90131,
              "unitCount": 2,
              "unitLevel": 42
            },
            {
              "unitID": 90132,
              "unitCount": 3,
              "unitLevel": 42
            }
          ],
          "allyPositionID": 65,
          "enemyPositionID": 66
        }
      ],
      "staminaCost": 20,
      "recommendedLevel": 42,
      "turnLimit": 99,
      "questlist": [
        {
          "args": [
            "10"
          ],
          "localizeId": 1
        }
      ],
      "rewardList": [],
      "story": {
        "enter": [
          "S628B"
        ]
      },
      "stageScriptList": ["a1c6p2_Buff_Normal_Filter"]
    },
    {
      "id": 10629,
      "stageLevel": 43,
      "stageType": "Abnormality",
      "participantInfo": {
        "min": 6,
        "max": 6
      },
      "battleCameraInfo": {
        "defaultPosX": 0,
        "defaultPosY": 0,
        "defaultPosZ": 20
      },
      "waveList": [
        {
          "battleMapInfo": {
            "mapName": "Cp6_Mansion_Laboratory_B2",
            "mapSize": 20
          },
          "unitList": [
            {
              "unitID": 8207,
              "unitCount": 1,
              "unitLevel": 43
            },
            {
              "unitID": 8205,
              "unitCount": 1,
              "unitLevel": 43
            },
            {
              "unitID": 8206,
              "unitCount": 1,
              "unitLevel": 43
            }
          ],
          "bgmList": [
            "Battle_Cp4_Ally_6",
            "Battle_Cp4_Enemy_6"
          ],
          "allyPositionID": 65,
          "enemyPositionID": 68
        }
      ],
      "staminaCost": 20,
      "recommendedLevel": 43,
      "turnLimit": 99,
      "questlist": [
        {
          "args": [
            "10"
          ],
          "localizeId": 1
        }
      ],
      "rewardList": [],
      "story": {
        "exit": [
          "S629A"
        ]
      },
      "stageScriptList": ["a1c6p2_Buff_Abnormality_Filter"]
    },
    {
      "id": 10630,
      "stageLevel": 40,
      "stageType": "Normal",
      "participantInfo": {
        "min": 6,
        "max": 6
      },
      "battleCameraInfo": {
        "defaultPosX": 0,
        "defaultPosY": 0,
        "defaultPosZ": 20
      },
      "waveList": [
        {
          "battleMapInfo": {
            "mapName": "Cp6_Mansion_Laboratory_B2",
            "mapSize": 20
          },
          "unitList": [
            {
              "unitID": 90118,
              "unitCount": 3,
              "unitLevel": 40
            },
            {
              "unitID": 90119,
              "unitCount": 1,
              "unitLevel": 40
            }
          ],
          "bgmList": [
            "Battle_Cp6_Ally_1",
            "Battle_Cp6_Enemy_1"
          ],
          "allyPositionID": 65,
          "enemyPositionID": 66
        },
        {
          "unitList": [
            {
              "unitID": 90118,
              "unitCount": 3,
              "unitLevel": 40
            },
            {
              "unitID": 90119,
              "unitCount": 1,
              "unitLevel": 40
            }
          ],
          "allyPositionID": 65,
          "enemyPositionID": 66
        }
      ],
      "staminaCost": 20,
      "recommendedLevel": 40,
      "turnLimit": 99,
      "questlist": [
        {
          "args": [
            "10"
          ],
          "localizeId": 1
        }
      ],
      "rewardList": [],
      "story": {
        "enter": [
          "S630B"
        ]
      },
      "stageScriptList": ["a1c6p2_Buff_Normal_Filter"]
    },
    {
      "id": 10631,
      "stageLevel": 42,
      "stageType": "Normal",
      "participantInfo": {
        "min": 6,
        "max": 6
      },
      "battleCameraInfo": {
        "defaultPosX": 0,
        "defaultPosY": 0,
        "defaultPosZ": 20
      },
      "waveList": [
        {
          "battleMapInfo": {
            "mapName": "Cp6_Mansion_Laboratory_B2",
            "mapSize": 20
          },
          "unitList": [
            {
              "unitID": 90118,
              "unitCount": 2,
              "unitLevel": 42
            },
            {
              "unitID": 90119,
              "unitCount": 3,
              "unitLevel": 42
            }
          ],
          "bgmList": [
            "Battle_Cp6_Ally_2",
            "Battle_Cp6_Enemy_2"
          ],
          "allyPositionID": 65,
          "enemyPositionID": 66
        },
        {
          "unitList": [
            {
              "unitID": 90118,
              "unitCount": 2,
              "unitLevel": 42
            },
            {
              "unitID": 90119,
              "unitCount": 2,
              "unitLevel": 42
            },
            {
              "unitID": 91015,
              "unitCount": 1,
              "unitLevel": 42
            }
          ],
          "allyPositionID": 65,
          "enemyPositionID": 66
        }
      ],
      "staminaCost": 20,
      "recommendedLevel": 42,
      "turnLimit": 99,
      "questlist": [
        {
          "args": [
            "10"
          ],
          "localizeId": 1
        }
      ],
      "rewardList": [],
      "story": {
        "exit": [
          "S631A"
        ]
      },
      "stageScriptList": ["a1c6p2_Buff_Normal_Filter"]
    },
    {
      "id": 10632,
      "stageLevel": 43,
      "stageType": "Abnormality",
      "participantInfo": {
        "min": 6,
        "max": 6
      },
      "battleCameraInfo": {
        "defaultPosX": 0,
        "defaultPosY": 0,
        "defaultPosZ": 20
      },
      "waveList": [
        {
          "battleMapInfo": {
            "mapName": "Cp6_Mansion_Laboratory_B2",
            "mapSize": 20
          },
          "unitList": [
            {
              "unitID": 8165,
              "unitCount": 1,
              "unitLevel": 43
            }
          ],
          "bgmList": [
            "Battle_Cp6_Enemy_5",
            "Falling_Down"
          ],
          "allyPositionID": 65,
          "enemyPositionID": 67
        }
      ],
      "staminaCost": 20,
      "recommendedLevel": 43,
      "turnLimit": 99,
      "questlist": [
        {
          "args": [
            "10"
          ],
          "localizeId": 1
        }
      ],
      "rewardList": [],
      "story": {
        "enter": [
          "S632B"
        ],
        "exit": [
          "S632A"
        ],
        "others": [
          {
            "phase": "STORY_AFTER_ABNORMALITY_CHOICE",
            "storyID": "S632I"
          }
        ]
      },
      "stageScriptList": ["8165"]
    },
    {
      "id": 10633,
      "stageLevel": 44,
      "stageType": "Abnormality",
      "participantInfo": {
        "min": 6,
        "max": 6
      },
      "battleCameraInfo": {
        "defaultPosX": 0,
        "defaultPosY": 0,
        "defaultPosZ": 20
      },
      "waveList": [
        {
          "battleMapInfo": {
            "mapName": "Cp6_Mansion_Laboratory_B2",
            "mapSize": 20
          },
          "unitList": [
            {
              "unitID": 8204,
              "unitCount": 1,
              "unitLevel": 44
            },
            {
              "unitID": 8162,
              "unitCount": 2,
              "unitLevel": 44
            },
            {
              "unitID": 8163,
              "unitCount": 1,
              "unitLevel": 44
            }
          ],
          "bgmList": [
            "Battle_Cp6_Enemy_3"
          ],
          "allyPositionID": 65,
          "enemyPositionID": 68
        }
      ],
      "staminaCost": 20,
      "recommendedLevel": 44,
      "turnLimit": 99,
      "questlist": [
        {
          "args": [
            "10"
          ],
          "localizeId": 1
        }
      ],
      "rewardList": [],
      "story": {
        "enter": [
          "S633B"
        ]
      },
      "stageScriptList": ["a1c6p2_Buff_Abnormality_Filter"]
    },
    {
      "id": 10634,
      "stageLevel": 45,
      "stageType": "Abnormality",
      "participantInfo": {
        "min": 6,
        "max": 6
      },
      "battleCameraInfo": {
        "defaultPosX": 0,
        "defaultPosY": 0,
        "defaultPosZ": 20
      },
      "waveList": [
        {
          "battleMapInfo": {
            "mapName": "Cp6_Mansion_Laboratory_B2",
            "mapSize": 20
          },
          "unitList": [
            {
              "unitID": 8164,
              "unitCount": 1,
              "unitLevel": 45
            }
          ],
          "bgmList": [
            "Battle_Cp6_Middle_BossBattle"
          ],
          "allyPositionID": 65,
          "enemyPositionID": 67
        }
      ],
      "staminaCost": 20,
      "recommendedLevel": 45,
      "turnLimit": 99,
      "questlist": [
        {
          "args": [
            "10"
          ],
          "localizeId": 1
        }
      ],
      "rewardList": [],
      "story": {
        "others": [
          {
            "phase": "BEFORE_ROUND_END",
            "storyID": "S634I"
          }
        ],
        "enter": [
          "S634B"
        ],
        "exit": [
          "S634A"
        ]
      },
      "stageScriptList": ["8164"],
      "eventScriptName": "8164",
      "abnormalityEventList": [
        816401
      ]
    }
  ]
}