{
  "list": [
    {
      "id": 911004,
      "stageLevel": 40,
      "stageType": "Normal",
      "isBatonPassOn": true,
      "participantInfo": {
        "min": 6,
        "max": 6
      },
      "waveList": [
        {
          "battleMapInfo": {
            "mapName": "Cp6.5-2_WarpTrain"
          },
          "unitList": [
            {
              "unitID": 90145,
              "unitCount": 3,
              "unitLevel": 40
            },
            {
              "unitID": 90146,
              "unitCount": 2,
              "unitLevel": 40
            }
          ],
          "bgmList": [
            "Battle_Cp6_5_MOWE_Enemy"
          ]
        }
      ],
      "staminaCost": 20,
      "recommendedLevel": 40,
      "turnLimit": 99,
      "questlist": [
        {
          "args": [
            "10"
          ],
          "localizeId": 1
        }
      ],
      "rewardList": [],
      "story": {
        "enter": [
          "E619B"
        ],
        "exit": [
          "E619A"
        ]
      }
    },
    {
      "id": 911006,
      "stageLevel": 42,
      "stageType": "Normal",
      "isBatonPassOn": true,
      "participantInfo": {
        "min": 6,
        "max": 6
      },
      "waveList": [
        {
          "battleMapInfo": {
            "mapName": "Cp6.5-2_WarpTrain_v1"
          },
          "unitList": [
            {
              "unitID": 90146,
              "unitCount": 2,
              "unitLevel": 42
            },
            {
              "unitID": 90147,
              "unitCount": 3,
              "unitLevel": 42
            }
          ],
          "bgmList": [
            "Battle_Cp6_5_MOWE_Enemy"
          ]
        }
      ],
      "staminaCost": 20,
      "recommendedLevel": 42,
      "turnLimit": 99,
      "questlist": [
        {
          "args": [
            "10"
          ],
          "localizeId": 1
        }
      ],
      "rewardList": []
    },
    {
      "id": 911007,
      "stageLevel": 44,
      "stageType": "Normal",
      "isBatonPassOn": true,
      "participantInfo": {
        "min": 6,
        "max": 6
      },
      "waveList": [
        {
          "battleMapInfo": {
            "mapName": "Cp6.5-2_WarpTrain_v1"
          },
          "unitList": [
            {
              "unitID": 90145,
              "unitCount": 2,
              "unitLevel": 44
            },
            {
              "unitID": 90146,
              "unitCount": 3,
              "unitLevel": 44
            }
          ],
          "bgmList": [
            "Battle_Cp6_5_MOWE_Enemy"
          ],
          "subUnitList": [
            {
              "unitID": 90147,
              "unitCount": 1,
              "unitLevel": 44
            },
            {
              "unitID": 90147,
              "unitCount": 1,
              "unitLevel": 44
            },
            {
              "unitID": 90146,
              "unitCount": 1,
              "unitLevel": 44
            },
            {
              "unitID": 90146,
              "unitCount": 1,
              "unitLevel": 44
            },
            {
              "unitID": 90145,
              "unitCount": 1,
              "unitLevel": 44
            },
            {
              "unitID": 90145,
              "unitCount": 1,
              "unitLevel": 44
            }
          ]
        }
      ],
      "staminaCost": 20,
      "recommendedLevel": 44,
      "turnLimit": 99,
      "questlist": [
        {
          "args": [
            "10"
          ],
          "localizeId": 1
        }
      ],
      "rewardList": [],
      "story": {
        "exit": [
          "E621A"
        ]
      },
      "stageScriptList": ["Refill"]
    },
    {
      "id": 911008,
      "stageLevel": 45,
      "stageType": "Normal",
      "isBatonPassOn": true,
      "participantInfo": {
        "min": 6,
        "max": 6
      },
      "waveList": [
        {
          "battleMapInfo": {
            "mapName": "Cp6.5-2_WarpTrain_v1"
          },
          "unitList": [
            {
              "unitID": 90145,
              "unitCount": 1,
              "unitLevel": 45
            },
            {
              "unitID": 90146,
              "unitCount": 1,
              "unitLevel": 45
            },
            {
              "unitID": 90147,
              "unitCount": 1,
              "unitLevel": 45
            },
            {
              "unitID": 90149,
              "unitCount": 1,
              "unitLevel": 45
            }
          ],
          "bgmList": [
            "Battle_Cp6_5_MOWE_Enemy"
          ],
          "subUnitList": [
            {
              "unitID": 90148,
              "unitCount": 1,
              "unitLevel": 45
            },
            {
              "unitID": 90145,
              "unitCount": 1,
              "unitLevel": 45
            },
            {
              "unitID": 90148,
              "unitCount": 1,
              "unitLevel": 45
            },
            {
              "unitID": 90146,
              "unitCount": 1,
              "unitLevel": 45
            },
            {
              "unitID": 90147,
              "unitCount": 1,
              "unitLevel": 45
            },
            {
              "unitID": 90149,
              "unitCount": 1,
              "unitLevel": 45
            }
          ]
        }
      ],
      "staminaCost": 20,
      "recommendedLevel": 45,
      "turnLimit": 99,
      "questlist": [
        {
          "args": [
            "10"
          ],
          "localizeId": 1
        }
      ],
      "rewardList": [],
      "story": {
        "enter": [
          "E622B"
        ]
      },
      "stageScriptList": ["Refill"]
    },
    {
      "id": 911009,
      "stageLevel": 45,
      "stageType": "Normal",
      "isBatonPassOn": true,
      "participantInfo": {
        "min": 6,
        "max": 6
      },
      "waveList": [
        {
          "battleMapInfo": {
            "mapName": "Cp6.5-2_WarpTrain_v1"
          },
          "unitList": [
            {
              "unitID": 90150,
              "unitCount": 1,
              "unitLevel": 45
            },
            {
              "unitID": 90148,
              "unitCount": 1,
              "unitLevel": 45
            },
            {
              "unitID": 90145,
              "unitCount": 1,
              "unitLevel": 45
            },
            {
              "unitID": 90146,
              "unitCount": 1,
              "unitLevel": 45
            },
            {
              "unitID": 90147,
              "unitCount": 1,
              "unitLevel": 45
            }
          ],
          "bgmList": [
            "Battle_Cp6_5_MOWE_Enemy"
          ],
          "subUnitList": [
            {
              "unitID": 90147,
              "unitCount": 1,
              "unitLevel": 45
            },
            {
              "unitID": 90150,
              "unitCount": 1,
              "unitLevel": 45
            },
            {
              "unitID": 90150,
              "unitCount": 1,
              "unitLevel": 45
            },
            {
              "unitID": 90148,
              "unitCount": 1,
              "unitLevel": 45
            },
            {
              "unitID": 90149,
              "unitCount": 1,
              "unitLevel": 45
            },
            {
              "unitID": 90148,
              "unitCount": 1,
              "unitLevel": 45
            }
          ]
        }
      ],
      "staminaCost": 20,
      "recommendedLevel": 45,
      "turnLimit": 99,
      "questlist": [
        {
          "args": [
            "10"
          ],
          "localizeId": 1
        }
      ],
      "rewardList": [],
      "story": {
        "exit": [
          "E623A"
        ]
      },
      "stageScriptList": ["Refill"]
    },
    {
      "id": 911010,
      "stageLevel": 45,
      "stageType": "Normal",
      "isBatonPassOn": true,
      "participantInfo": {
        "min": 6,
        "max": 6
      },
      "waveList": [
        {
          "battleMapInfo": {
            "mapName": "Cp6.5-2_WarpTrain_v1"
          },
          "unitList": [
            {
              "unitID": 90150,
              "unitCount": 2,
              "unitLevel": 45
            },
            {
              "unitID": 90149,
              "unitCount": 1,
              "unitLevel": 45
            },
            {
              "unitID": 90148,
              "unitCount": 1,
              "unitLevel": 45
            },
            {
              "unitID": 90146,
              "unitCount": 1,
              "unitLevel": 45
            }
          ],
          "bgmList": [
            "Battle_Cp6_5_MOWE_Enemy"
          ],
          "subUnitList": [
            {
              "unitID": 90147,
              "unitCount": 1,
              "unitLevel": 45
            },
            {
              "unitID": 90145,
              "unitCount": 1,
              "unitLevel": 45
            },
            {
              "unitID": 90150,
              "unitCount": 1,
              "unitLevel": 45
            },
            {
              "unitID": 90148,
              "unitCount": 1,
              "unitLevel": 45
            },
            {
              "unitID": 90145,
              "unitCount": 1,
              "unitLevel": 45
            },
            {
              "unitID": 90146,
              "unitCount": 1,
              "unitLevel": 45
            }
          ]
        }
      ],
      "staminaCost": 20,
      "recommendedLevel": 45,
      "turnLimit": 99,
      "questlist": [
        {
          "args": [
            "10"
          ],
          "localizeId": 1
        }
      ],
      "rewardList": [],
      "stageScriptList": ["Refill"]
    },
    {
      "id": 911011,
      "stageLevel": 45,
      "stageType": "Normal",
      "isBatonPassOn": true,
      "participantInfo": {
        "min": 6,
        "max": 6
      },
      "waveList": [
        {
          "battleMapInfo": {
            "mapName": "Cp6.5-2_WarpTrain_v2"
          },
          "unitList": [
            {
              "unitID": 90150,
              "unitCount": 1,
              "unitLevel": 45
            },
            {
              "unitID": 90149,
              "unitCount": 1,
              "unitLevel": 45
            },
            {
              "unitID": 90148,
              "unitCount": 2,
              "unitLevel": 45
            },
            {
              "unitID": 90147,
              "unitCount": 1,
              "unitLevel": 45
            }
          ],
          "bgmList": [
            "Battle_Cp6_5_MOWE_Enemy"
          ],
          "subUnitList": [
            {
              "unitID": 90151,
              "unitCount": 1,
              "unitLevel": 45
            },
            {
              "unitID": 90146,
              "unitCount": 1,
              "unitLevel": 45
            },
            {
              "unitID": 90151,
              "unitCount": 1,
              "unitLevel": 45
            },
            {
              "unitID": 90150,
              "unitCount": 1,
              "unitLevel": 45
            },
            {
              "unitID": 90145,
              "unitCount": 1,
              "unitLevel": 45
            },
            {
              "unitID": 90149,
              "unitCount": 1,
              "unitLevel": 45
            }
          ]
        }
      ],
      "staminaCost": 20,
      "recommendedLevel": 45,
      "turnLimit": 99,
      "questlist": [
        {
          "args": [
            "10"
          ],
          "localizeId": 1
        }
      ],
      "rewardList": [],
      "stageScriptList": ["Refill"]
    },
    {
      "id": 911012,
      "stageLevel": 45,
      "stageType": "Normal",
      "isBatonPassOn": true,
      "participantInfo": {
        "min": 6,
        "max": 6
      },
      "waveList": [
        {
          "battleMapInfo": {
            "mapName": "Cp6.5-2_WarpTrain_v2"
          },
          "unitList": [
            {
              "unitID": 90150,
              "unitCount": 2,
              "unitLevel": 45
            },
            {
              "unitID": 90151,
              "unitCount": 3,
              "unitLevel": 45
            },
            {
              "unitID": 90147,
              "unitCount": 1,
              "unitLevel": 45
            }
          ],
          "bgmList": [
            "Battle_Cp6_5_MOWE_Enemy"
          ],
          "subUnitList": [
            {
              "unitID": 90150,
              "unitCount": 1,
              "unitLevel": 45
            },
            {
              "unitID": 90149,
              "unitCount": 1,
              "unitLevel": 45
            },
            {
              "unitID": 90149,
              "unitCount": 1,
              "unitLevel": 45
            },
            {
              "unitID": 90151,
              "unitCount": 1,
              "unitLevel": 45
            },
            {
              "unitID": 90151,
              "unitCount": 1,
              "unitLevel": 45
            },
            {
              "unitID": 90151,
              "unitCount": 1,
              "unitLevel": 45
            }
          ]
        }
      ],
      "staminaCost": 20,
      "recommendedLevel": 45,
      "turnLimit": 99,
      "questlist": [
        {
          "args": [
            "10"
          ],
          "localizeId": 1
        }
      ],
      "rewardList": [],
      "story": {
        "exit": [
          "E624A"
        ]
      },
      "stageScriptList": ["Refill"]
    },
    {
      "id": 911013,
      "stageLevel": 45,
      "stageType": "Abnormality",
      "isBatonPassOn": true,
      "participantInfo": {
        "min": 6,
        "max": 6
      },
      "waveList": [
        {
          "battleMapInfo": {
            "mapName": "Cp6.5-2_WarpTrain_Boss"
          },
          "unitList": [
            {
              "unitID": 8349,
              "unitCount": 5,
              "unitLevel": 45
            }
          ],
          "subUnitList": [
            {
              "unitID": 8348,
              "unitCount": 1,
              "unitLevel": 45
            },
            {
              "unitID": 8346,
              "unitCount": 1,
              "unitLevel": 45
            },
            {
              "unitID": 8346,
              "unitCount": 1,
              "unitLevel": 45
            },
            {
              "unitID": 8349,
              "unitCount": 1,
              "unitLevel": 45
            },
            {
              "unitID": 8347,
              "unitCount": 1,
              "unitLevel": 45
            }
          ],
          "bgmList": [
            "Battle_Cp6_5_MOWE_Boss"
          ],
          "enemyPositionID": 94
        },
        {
          "unitList": [
            {
              "unitID": 8350,
              "unitCount": 1,
              "unitLevel": 45
            }
          ],
          "enemyPositionID": 13
        }
      ],
      "staminaType": "ENKEPHALIN_MODULE",
      "staminaCost": 1,
      "recommendedLevel": 45,
      "turnLimit": 99,
      "questlist": [
        {
          "args": [
            "10"
          ],
          "localizeId": 1
        }
      ],
      "rewardList": [],
      "story": {
        "enter": [
          "E625B"
        ],
        "exit": [
          "E625A"
        ],
        "others": [
          {
            "phase": "BEFORE_START_WAVE",
            "storyID": "E625I",
            "storyIndex": 0
          }
        ]
      },
      "stageScriptList": ["8350"]
    }
  ]
}