{
  "list": [
    {
      "id": 10558,
      "stageLevel": 40,
      "stageType": "Abnormality",
      "participantInfo": {
        "min": 5,
        "max": 5
      },
      "battleCameraInfo": {
        "defaultPosX": 0.2,
        "defaultPosY": 0,
        "defaultPosZ": 40
      },
      "waveList": [
        {
          "battleMapInfo": {
            "mapName": "Walpu4_SafetyTeamTeamHallway",
            "mapSize": 28
          },
          "unitList": [
            {
              "unitID": 8363,
              "unitCount": 2,
              "unitLevel": 45
            },
            {
              "unitID": 8364,
              "unitCount": 1,
              "unitLevel": 45
            }
          ],
          "enemyPositionID": 95,
          "bgmList": [
            "Battle_LOB_Dawn_Normal"
          ]
        },
        {
          "battleMapInfo": {
            "mapName": "Walpu4_InformationTeamTeamHallway",
            "mapSize": 28
          },
          "unitList": [
            {
              "unitID": 8363,
              "unitCount": 1,
              "unitLevel": 45
            },
            {
              "unitID": 8364,
              "unitCount": 1,
              "unitLevel": 45
            },
            {
              "unitID": 8365,
              "unitCount": 1,
              "unitLevel": 45
            }
          ],
          "enemyPositionID": 95
        },
        {
          "battleMapInfo": {
            "mapName": "Walpu4_TrainingTeamTeamHallway",
            "mapSize": 28
          },
          "unitList": [
            {
              "unitID": 8364,
              "unitCount": 1,
              "unitLevel": 45
            },
            {
              "unitID": 8365,
              "unitCount": 2,
              "unitLevel": 45
            }
          ],
          "enemyPositionID": 95
        }
      ],
      "stageScriptList": ["8363"],
      "staminaType": "ENKEPHALIN_MODULE",
      "staminaCost": 1,
      "recommendedLevel": 45,
      "turnLimit": 99,
      "questlist": [
        {
          "args": [
            "10"
          ],
          "localizeId": 1
        }
      ],
      "rewardList": [
      ],
      "story": {
        "enter": [
          "E064X"
        ],
        "exit": [
          "E065X"
        ]
      },
      "lobotomyStageType": 2
    },
    {
      "id": 10559,
      "stageLevel": 45,
      "stageType": "Abnormality",
      "isBatonPassOn": true,
      "participantInfo": {
        "min": 5,
        "max": 5
      },
      "battleCameraInfo": {
        "defaultPosX": 0,
        "defaultPosY": 0,
        "defaultPosZ": 30
      },
      "waveList": [
        {
          "battleMapInfo": {
            "mapName": "Walpu4_SafetyTeamTeamHallway_Hard",
            "mapSize": 28
          },
          "unitList": [
            {
              "unitID": 8363,
              "unitCount": 2,
              "unitLevel": 45
            },
            {
              "unitID": 8364,
              "unitCount": 1,
              "unitLevel": 45
            }
          ],
          "enemyPositionID": 95,
          "bgmList": [
            "Battle_LOB_Dawn_Hard"
          ]
        },
        {
          "battleMapInfo": {
            "mapName": "Walpu4_InformationTeamTeamHallway_Hard",
            "mapSize": 28
          },
          "unitList": [
            {
              "unitID": 8363,
              "unitCount": 1,
              "unitLevel": 45
            },
            {
              "unitID": 8364,
              "unitCount": 1,
              "unitLevel": 45
            },
            {
              "unitID": 8365,
              "unitCount": 1,
              "unitLevel": 45
            }
          ],
          "enemyPositionID": 95
        },
        {
          "battleMapInfo": {
            "mapName": "Walpu4_TrainingTeamTeamHallway_Hard",
            "mapSize": 28
          },
          "unitList": [
            {
              "unitID": 8364,
              "unitCount": 1,
              "unitLevel": 45
            },
            {
              "unitID": 8365,
              "unitCount": 2,
              "unitLevel": 45
            }
          ],
          "enemyPositionID": 95
        },
        {
          "battleMapInfo": {
            "mapName": "Walpu4_TrainingTeamLobby_Hard",
            "mapSize": 33.32
          },
          "enemyPositionID": 96,
          "unitList": [
            {
              "unitID": 8366,
              "unitCount": 1,
              "unitLevel": 45
            }
          ]
        }
      ],
      "stageScriptList": ["8366"],
      "eventScriptName": "8366",
      "staminaType": "ENKEPHALIN_MODULE",
      "staminaCost": 1,
      "recommendedLevel": 45,
      "turnLimit": 99,
      "questlist": [
        {
          "args": [
            "10"
          ],
          "localizeId": 1
        }
      ],
      "rewardList": [
      ],
      "story": {
      },
      "abnormalityEventList": [
        836601,
        836602
      ],
      "lobotomyStageType": 2
    },
    {
      "id": 10560,
      "stageLevel": 40,
      "stageType": "Abnormality",
      "participantInfo": {
        "min": 5,
        "max": 5
      },
      "battleCameraInfo": {
        "defaultPosX": 0.2,
        "defaultPosY": 0,
        "defaultPosZ": 40
      },
      "waveList": [
        {
          "battleMapInfo": {
            "mapName": "Walpu4_SafetyTeamTeamHallway",
            "mapSize": 28
          },
          "unitList": [
            {
              "unitID": 8363,
              "unitCount": 2,
              "unitLevel": 45
            },
            {
              "unitID": 8364,
              "unitCount": 1,
              "unitLevel": 45
            }
          ],
          "enemyPositionID": 95,
          "bgmList": [
            "Battle_LOB_Dawn_Normal"
          ]
        },
        {
          "battleMapInfo": {
            "mapName": "Walpu4_InformationTeamTeamHallway",
            "mapSize": 28
          },
          "unitList": [
            {
              "unitID": 8363,
              "unitCount": 1,
              "unitLevel": 45
            },
            {
              "unitID": 8364,
              "unitCount": 1,
              "unitLevel": 45
            },
            {
              "unitID": 8365,
              "unitCount": 1,
              "unitLevel": 45
            }
          ],
          "enemyPositionID": 95
        },
        {
          "battleMapInfo": {
            "mapName": "Walpu4_TrainingTeamTeamHallway",
            "mapSize": 28
          },
          "unitList": [
            {
              "unitID": 8364,
              "unitCount": 1,
              "unitLevel": 45
            },
            {
              "unitID": 8365,
              "unitCount": 2,
              "unitLevel": 45
            }
          ],
          "enemyPositionID": 95
        }
      ],
      "stageScriptList": ["8363"],
      "staminaType": "ENKEPHALIN_MODULE",
      "staminaCost": 0,
      "recommendedLevel": 45,
      "turnLimit": 99,
      "questlist": [
        {
          "args": [
            "10"
          ],
          "localizeId": 1
        }
      ],
      "rewardList": [
      ],
      "story": {
        "enter": [
          "E064X"
        ],
        "exit": [
          "E065X"
        ]
      },
      "lobotomyStageType": 2
    },
    {
      "id": 10561,
      "stageLevel": 45,
      "stageType": "Abnormality",
      "isBatonPassOn": true,
      "participantInfo": {
        "min": 5,
        "max": 5
      },
      "battleCameraInfo": {
        "defaultPosX": 0,
        "defaultPosY": 0,
        "defaultPosZ": 30
      },
      "waveList": [
        {
          "battleMapInfo": {
            "mapName": "Walpu4_SafetyTeamTeamHallway_Hard",
            "mapSize": 28
          },
          "unitList": [
            {
              "unitID": 8363,
              "unitCount": 2,
              "unitLevel": 45
            },
            {
              "unitID": 8364,
              "unitCount": 1,
              "unitLevel": 45
            }
          ],
          "enemyPositionID": 95,
          "bgmList": [
            "Battle_LOB_Dawn_Hard"
          ]
        },
        {
          "battleMapInfo": {
            "mapName": "Walpu4_InformationTeamTeamHallway_Hard",
            "mapSize": 28
          },
          "unitList": [
            {
              "unitID": 8363,
              "unitCount": 1,
              "unitLevel": 45
            },
            {
              "unitID": 8364,
              "unitCount": 1,
              "unitLevel": 45
            },
            {
              "unitID": 8365,
              "unitCount": 1,
              "unitLevel": 45
            }
          ],
          "enemyPositionID": 95
        },
        {
          "battleMapInfo": {
            "mapName": "Walpu4_TrainingTeamTeamHallway_Hard",
            "mapSize": 28
          },
          "unitList": [
            {
              "unitID": 8364,
              "unitCount": 1,
              "unitLevel": 45
            },
            {
              "unitID": 8365,
              "unitCount": 2,
              "unitLevel": 45
            }
          ],
          "enemyPositionID": 95
        },
        {
          "battleMapInfo": {
            "mapName": "Walpu4_TrainingTeamLobby_Hard",
            "mapSize": 33.32
          },
          "enemyPositionID": 96,
          "unitList": [
            {
              "unitID": 8366,
              "unitCount": 1,
              "unitLevel": 45
            }
          ]
        }
      ],
      "stageScriptList": ["8366"],
      "eventScriptName": "8366",
      "staminaType": "ENKEPHALIN_MODULE",
      "staminaCost": 0,
      "recommendedLevel": 45,
      "turnLimit": 99,
      "questlist": [
        {
          "args": [
            "10"
          ],
          "localizeId": 1
        }
      ],
      "rewardList": [
      ],
      "story": {
      },
      "abnormalityEventList": [
        836601,
        836602
      ],
      "lobotomyStageType": 2
    }
  ]
}