{
  "list": [
    {
      "id": 10302,
      "stageLevel": 16,
      "stageType": "Normal",
      "participantInfo": {
        "min": 5,
        "max": 5
      },
      "waveList": [
        {
          "battleMapInfo": {
            "mapName": "DAreaStreet_A"
          },
          "unitList": [
            {
              "unitID": 90004,
              "unitCount": 2,
              "unitLevel": 16
            },
            {
              "unitID": 90005,
              "unitCount": 1,
              "unitLevel": 16
            },
            {
              "unitID": 90007,
              "unitCount": 1,
              "unitLevel": 16
            }
          ],
          "bgmList": [
            "Battle_Cp1_Ally_1",
            "Battle_Cp1_Enemy_1"
          ],
          "enemyPositionID": "17"
        },
        {
          "unitList": [
            {
              "unitID": 90004,
              "unitCount": 1,
              "unitLevel": 16
            },
            {
              "unitID": 90005,
              "unitCount": 1,
              "unitLevel": 16
            },
            {
              "unitID": 90006,
              "unitCount": 1,
              "unitLevel": 16
            },
            {
              "unitID": 90007,
              "unitCount": 1,
              "unitLevel": 16
            }
          ],
          "enemyPositionID": "17"
        }
      ],
      "staminaCost": 18,
      "recommendedLevel": 16,
      "turnLimit": 99,
      "questlist": [
        {
          "args": [
            "10"
          ],
          "localizeId": 1
        }
      ],
      "rewardList": [
      ],
      "story": {
        "enter": [
          "S302B"
        ],
        "exit": [
          "S302A"
        ]
      }
    },
    {
      "id": 10304,
      "stageLevel": 20,
      "stageType": "Normal",
      "participantInfo": {
        "min": 5,
        "max": 5
      },
      "waveList": [
        {
          "battleMapInfo": {
            "mapName": "KCorpCheckPoint"
          },
          "unitList": [
            {
              "unitID": 90028,
              "unitCount": 2,
              "unitLevel": 20
            },
            {
              "unitID": 90029,
              "unitCount": 2,
              "unitLevel": 20
            }
          ],
          "bgmList": [
            "Battle_Cp1_Ally_1",
            "Battle_Cp1_Enemy_1"
          ],
          "enemyPositionID": "17"
        },
        {
          "unitList": [
            {
              "unitID": 90028,
              "unitCount": 2,
              "unitLevel": 20
            },
            {
              "unitID": 90029,
              "unitCount": 2,
              "unitLevel": 20
            }
          ],
          "enemyPositionID": "17"
        }
      ],
      "staminaCost": 18,
      "recommendedLevel": 20,
      "turnLimit": 99,
      "questlist": [
        {
          "args": [
            "10"
          ],
          "localizeId": 1
        }
      ],
      "rewardList": [
      ],
      "story": {
        "enter": [
          "S304B"
        ],
        "exit": [
          "S304A"
        ]
      },
      "stageScriptList": ["KCorpEntrance"]
    },
    {
      "id": 10305,
      "stageLevel": 20,
      "stageType": "Normal",
      "participantInfo": {
        "min": 5,
        "max": 5
      },
      "waveList": [
        {
          "battleMapInfo": {
            "mapName": "KCorpCheckPoint"
          },
          "unitList": [
            {
              "unitID": 90028,
              "unitCount": 2,
              "unitLevel": 18
            },
            {
              "unitID": 90029,
              "unitCount": 2,
              "unitLevel": 18
            }
          ],
          "bgmList": [
            "Battle_Cp1_Ally_2",
            "Battle_Cp1_Enemy_2"
          ],
          "enemyPositionID": "17"
        },
        {
          "unitList": [
            {
              "unitID": 90028,
              "unitCount": 1,
              "unitLevel": 18
            },
            {
              "unitID": 90029,
              "unitCount": 1,
              "unitLevel": 18
            },
            {
              "unitID": 90030,
              "unitCount": 1,
              "unitLevel": 18
            },
            {
              "unitID": 90031,
              "unitCount": 1,
              "unitLevel": 18
            }
          ],
          "enemyPositionID": "17"
        }
      ],
      "staminaCost": 18,
      "recommendedLevel": 18,
      "turnLimit": 99,
      "questlist": [
        {
          "args": [
            "10"
          ],
          "localizeId": 1
        }
      ],
      "rewardList": [
      ],
      "stageScriptList": ["KCorpEntrance"]
    },
    {
      "id": 10306,
      "stageLevel": 20,
      "stageType": "Normal",
      "participantInfo": {
        "min": 5,
        "max": 5
      },
      "waveList": [
        {
          "battleMapInfo": {
            "mapName": "KCorpCheckPoint"
          },
          "unitList": [
            {
              "unitID": 90028,
              "unitCount": 2,
              "unitLevel": 19
            },
            {
              "unitID": 90029,
              "unitCount": 1,
              "unitLevel": 19
            },
            {
              "unitID": 90030,
              "unitCount": 1,
              "unitLevel": 19
            },
            {
              "unitID": 90031,
              "unitCount": 1,
              "unitLevel": 19
            }
          ],
          "bgmList": [
            "Battle_Cp1_Ally_3",
            "Battle_Cp1_Enemy_3"
          ],
          "enemyPositionID": "18"
        },
        {
          "unitList": [
            {
              "unitID": 90028,
              "unitCount": 1,
              "unitLevel": 19
            },
            {
              "unitID": 90029,
              "unitCount": 2,
              "unitLevel": 19
            },
            {
              "unitID": 90030,
              "unitCount": 1,
              "unitLevel": 19
            },
            {
              "unitID": 90031,
              "unitCount": 1,
              "unitLevel": 19
            }
          ],
          "enemyPositionID": "18"
        }
      ],
      "staminaCost": 18,
      "recommendedLevel": 19,
      "turnLimit": 99,
      "questlist": [
        {
          "args": [
            "10"
          ],
          "localizeId": 1
        }
      ],
      "rewardList": [
      ],
      "story": {
        "exit": [
          "S306A"
        ]
      },
      "stageScriptList": ["KCorpEntrance"]
    },
    {
      "id": 10310,
      "stageLevel": 22,
      "stageType": "Normal",
      "participantInfo": {
        "min": 5,
        "max": 5
      },
      "waveList": [
        {
          "battleMapInfo": {
            "mapName": "SinclairForest_1"
          },
          "unitList": [
            {
              "unitID": 90032,
              "unitCount": 3,
              "unitLevel": 22
            }
          ],
          "bgmList": [
            "Battle_Cp3_Ally_1",
            "Battle_Cp3_Enemy_1"
          ],
          "enemyPositionID": "16"
        },
        {
          "unitList": [
            {
              "unitID": 90032,
              "unitCount": 3,
              "unitLevel": 22
            }
          ],
          "enemyPositionID": "16"
        }
      ],
      "staminaCost": 18,
      "recommendedLevel": 22,
      "turnLimit": 99,
      "questlist": [
        {
          "args": [
            "10"
          ],
          "localizeId": 1
        }
      ],
      "rewardList": [
      ],
      "story": {
        "enter": [
          "S310B"
        ]
      }
    },
    {
      "id": 10311,
      "stageLevel": 20,
      "stageType": "Normal",
      "participantInfo": {
        "min": 5,
        "max": 5
      },
      "waveList": [
        {
          "battleMapInfo": {
            "mapName": "SinclairForest_1"
          },
          "unitList": [
            {
              "unitID": 90032,
              "unitCount": 3,
              "unitLevel": 20
            }
          ],
          "bgmList": [
            "Battle_Cp3_Ally_1",
            "Battle_Cp3_Enemy_1"
          ],
          "enemyPositionID": "16"
        },
        {
          "battleMapInfo": {
            "mapName": "SinclairForest_2"
          },
          "unitList": [
            {
              "unitID": 90032,
              "unitCount": 2,
              "unitLevel": 20
            },
            {
              "unitID": 90033,
              "unitCount": 2,
              "unitLevel": 20
            }
          ],
          "enemyPositionID": "17"
        }
      ],
      "staminaCost": 18,
      "recommendedLevel": 20,
      "turnLimit": 99,
      "questlist": [
        {
          "args": [
            "10"
          ],
          "localizeId": 1
        }
      ],
      "rewardList": [
      ],
      "story": {
        "enter": [
          "S311B"
        ]
      }
    },
    {
      "id": 10312,
      "stageLevel": 21,
      "stageType": "Normal",
      "participantInfo": {
        "min": 5,
        "max": 5
      },
      "waveList": [
        {
          "battleMapInfo": {
            "mapName": "SinclairForest_2"
          },
          "unitList": [
            {
              "unitID": 90032,
              "unitCount": 2,
              "unitLevel": 21
            },
            {
              "unitID": 90033,
              "unitCount": 2,
              "unitLevel": 21
            }
          ],
          "bgmList": [
            "Battle_Cp3_Ally_1",
            "Battle_Cp3_Enemy_1"
          ],
          "enemyPositionID": "17"
        },
        {
          "unitList": [
            {
              "unitID": 90032,
              "unitCount": 2,
              "unitLevel": 21
            },
            {
              "unitID": 90033,
              "unitCount": 2,
              "unitLevel": 21
            },
            {
              "unitID": 90034,
              "unitCount": 1,
              "unitLevel": 21
            }
          ],
          "enemyPositionID": "18"
        }
      ],
      "staminaCost": 18,
      "recommendedLevel": 21,
      "turnLimit": 99,
      "questlist": [
        {
          "args": [
            "10"
          ],
          "localizeId": 1
        }
      ],
      "rewardList": [
      ]
    },
    {
      "id": 10313,
      "stageLevel": 22,
      "stageType": "Normal",
      "participantInfo": {
        "min": 5,
        "max": 5
      },
      "waveList": [
        {
          "battleMapInfo": {
            "mapName": "SinclairVillage"
          },
          "unitList": [
            {
              "unitID": 90032,
              "unitCount": 2,
              "unitLevel": 22
            },
            {
              "unitID": 90033,
              "unitCount": 2,
              "unitLevel": 22
            }
          ],
          "bgmList": [
            "Battle_Cp3_Ally_2",
            "Battle_Cp3_Enemy_2"
          ],
          "enemyPositionID": 17
        },
        {
          "battleMapInfo": {
            "mapName": "SinclairVillage"
          },
          "unitList": [
            {
              "unitID": 90032,
              "unitCount": 1,
              "unitLevel": 22
            },
            {
              "unitID": 90033,
              "unitCount": 1,
              "unitLevel": 22
            },
            {
              "unitID": 90035,
              "unitCount": 1,
              "unitLevel": 22
            },
            {
              "unitID": 90036,
              "unitCount": 1,
              "unitLevel": 22
            }
          ],
          "bgmList": [
            "Battle_Cp3_Ally_2",
            "Battle_Cp3_Enemy_2"
          ],
          "enemyPositionID": 17
        },
        {
          "battleMapInfo": {
            "mapName": "SinclairVillage"
          },
          "unitList": [
            {
              "unitID": 90038,
              "unitCount": 1,
              "unitLevel": 22
            },
            {
              "unitID": 90039,
              "unitCount": 1,
              "unitLevel": 22
            },
            {
              "unitID": 91005,
              "unitCount": 1,
              "unitLevel": 22
            }
          ],
          "bgmList": [
            "Battle_Cp3_Ally_3",
            "Battle_Cp3_Enemy_3"
          ],
          "enemyPositionID": "16"
        }
      ],
      "staminaCost": 18,
      "recommendedLevel": 22,
      "turnLimit": 99,
      "questlist": [
        {
          "args": [
            "10"
          ],
          "localizeId": 1
        }
      ],
      "rewardList": [
      ],
      "story": {
        "enter": [
          "S313B"
        ],
        "exit": [
          "S313A"
        ]
      }
    },
    {
      "id": 10314,
      "stageLevel": 25,
      "stageType": "Normal",
      "participantInfo": {
        "min": 5,
        "max": 5
      },
      "waveList": [
        {
          "battleMapInfo": {
            "mapName": "SinclairVillage"
          },
          "unitList": [
            {
              "unitID": 90032,
              "unitCount": 2,
              "unitLevel": 25
            },
            {
              "unitID": 90033,
              "unitCount": 2,
              "unitLevel": 25
            }
          ],
          "bgmList": [
            "Battle_Cp3_Ally_1",
            "Battle_Cp3_Enemy_1"
          ],
          "enemyPositionID": "17"
        },
        {
          "unitList": [
            {
              "unitID": 90032,
              "unitCount": 1,
              "unitLevel": 25
            },
            {
              "unitID": 90033,
              "unitCount": 1,
              "unitLevel": 25
            },
            {
              "unitID": 90035,
              "unitCount": 1,
              "unitLevel": 25
            },
            {
              "unitID": 90036,
              "unitCount": 1,
              "unitLevel": 25
            }
          ],
          "enemyPositionID": "17"
        }
      ],
      "staminaCost": 20,
      "recommendedLevel": 25,
      "turnLimit": 99,
      "questlist": [
        {
          "args": [
            "10"
          ],
          "localizeId": 1
        }
      ],
      "rewardList": [
      ]
    },
    {
      "id": 10315,
      "stageLevel": 23,
      "stageType": "Normal",
      "participantInfo": {
        "min": 5,
        "max": 5
      },
      "waveList": [
        {
          "battleMapInfo": {
            "mapName": "SinclairVillage"
          },
          "unitList": [
            {
              "unitID": 90032,
              "unitCount": 2,
              "unitLevel": 23
            },
            {
              "unitID": 90033,
              "unitCount": 2,
              "unitLevel": 23
            }
          ],
          "bgmList": [
            "Battle_Cp3_Ally_1",
            "Battle_Cp3_Enemy_1"
          ],
          "enemyPositionID": "17"
        }
      ],
      "staminaCost": 20,
      "recommendedLevel": 23,
      "turnLimit": 99,
      "questlist": [
        {
          "args": [
            "10"
          ],
          "localizeId": 1
        }
      ],
      "rewardList": [
      ],
      "story": {
        "enter": [
          "S315B"
        ]
      }
    },
    {
      "id": 10316,
      "stageLevel": 24,
      "stageType": "Normal",
      "participantInfo": {
        "min": 5,
        "max": 5
      },
      "waveList": [
        {
          "battleMapInfo": {
            "mapName": "SinclairVillage"
          },
          "unitList": [
            {
              "unitID": 90034,
              "unitCount": 2,
              "unitLevel": 24
            },
            {
              "unitID": 90035,
              "unitCount": 1,
              "unitLevel": 24
            },
            {
              "unitID": 90036,
              "unitCount": 1,
              "unitLevel": 24
            }
          ],
          "bgmList": [
            "Battle_Cp3_Ally_1",
            "Battle_Cp3_Enemy_1"
          ],
          "enemyPositionID": "17"
        },
        {
          "unitList": [
            {
              "unitID": 90035,
              "unitCount": 1,
              "unitLevel": 24
            },
            {
              "unitID": 90036,
              "unitCount": 1,
              "unitLevel": 24
            },
            {
              "unitID": 90037,
              "unitCount": 1,
              "unitLevel": 24
            },
            {
              "unitID": 90038,
              "unitCount": 1,
              "unitLevel": 24
            },
            {
              "unitID": 90039,
              "unitCount": 1,
              "unitLevel": 24
            }
          ],
          "enemyPositionID": "18"
        }
      ],
      "staminaCost": 20,
      "recommendedLevel": 24,
      "turnLimit": 99,
      "questlist": [
        {
          "args": [
            "10"
          ],
          "localizeId": 1
        }
      ],
      "rewardList": [
      ],
      "story": {
        "enter": [
          "S316B"
        ]
      }
    },
    {
      "id": 10317,
      "stageLevel": 25,
      "stageType": "Normal",
      "participantInfo": {
        "min": 5,
        "max": 5
      },
      "waveList": [
        {
          "battleMapInfo": {
            "mapName": "SinclairMansion"
          },
          "unitList": [
            {
              "unitID": 90034,
              "unitCount": 2,
              "unitLevel": 25
            },
            {
              "unitID": 90035,
              "unitCount": 1,
              "unitLevel": 25
            },
            {
              "unitID": 90036,
              "unitCount": 1,
              "unitLevel": 25
            }
          ],
          "bgmList": [
            "Battle_Cp3_Ally_2",
            "Battle_Cp3_Enemy_2"
          ],
          "enemyPositionID": "17"
        },
        {
          "unitList": [
            {
              "unitID": 90034,
              "unitCount": 1,
              "unitLevel": 25
            },
            {
              "unitID": 90035,
              "unitCount": 1,
              "unitLevel": 25
            },
            {
              "unitID": 90036,
              "unitCount": 1,
              "unitLevel": 25
            },
            {
              "unitID": 90038,
              "unitCount": 1,
              "unitLevel": 25
            },
            {
              "unitID": 90039,
              "unitCount": 1,
              "unitLevel": 25
            }
          ],
          "enemyPositionID": "18"
        },
        {
          "unitList": [
            {
              "unitID": 90037,
              "unitCount": 2,
              "unitLevel": 25
            },
            {
              "unitID": 90038,
              "unitCount": 1,
              "unitLevel": 25
            },
            {
              "unitID": 90039,
              "unitCount": 1,
              "unitLevel": 25
            },
            {
              "unitID": 90040,
              "unitCount": 1,
              "unitLevel": 25
            }
          ],
          "enemyPositionID": "18"
        }
      ],
      "staminaCost": 20,
      "recommendedLevel": 25,
      "turnLimit": 99,
      "questlist": [
        {
          "args": [
            "10"
          ],
          "localizeId": 1
        }
      ],
      "rewardList": [
      ],
      "story": {
        "enter": [
          "S317B"
        ]
      },
      "stageScriptList": ["Whistle_3"]
    },
    {
      "id": 10318,
      "stageLevel": 27,
      "stageType": "Normal",
      "participantInfo": {
        "min": 5,
        "max": 5
      },
      "waveList": [
        {
          "battleMapInfo": {
            "mapName": "SinclairMansion"
          },
          "unitList": [
            {
              "unitID": 90032,
              "unitCount": 1,
              "unitLevel": 27
            },
            {
              "unitID": 90033,
              "unitCount": 1,
              "unitLevel": 27
            },
            {
              "unitID": 90035,
              "unitCount": 1,
              "unitLevel": 27
            },
            {
              "unitID": 90036,
              "unitCount": 1,
              "unitLevel": 27
            }
          ],
          "bgmList": [
            "Battle_Cp3_Ally_3",
            "Battle_Cp3_Enemy_3"
          ],
          "enemyPositionID": "18"
        },
        {
          "unitList": [
            {
              "unitID": 90037,
              "unitCount": 1,
              "unitLevel": 27
            },
            {
              "unitID": 90038,
              "unitCount": 1,
              "unitLevel": 27
            },
            {
              "unitID": 90039,
              "unitCount": 1,
              "unitLevel": 27
            },
            {
              "unitID": 90036,
              "unitCount": 1,
              "unitLevel": 27
            }
          ],
          "enemyPositionID": "18"
        },
        {
          "unitList": [
            {
              "unitID": 90038,
              "unitCount": 1,
              "unitLevel": 27
            },
            {
              "unitID": 90039,
              "unitCount": 1,
              "unitLevel": 27
            },
            {
              "unitID": 91006,
              "unitCount": 1,
              "unitLevel": 27
            }
          ],
          "enemyPositionID": "18"
        }
      ],
      "staminaCost": 20,
      "recommendedLevel": 27,
      "turnLimit": 99,
      "questlist": [
        {
          "args": [
            "10"
          ],
          "localizeId": 1
        }
      ],
      "rewardList": [
      ],
      "story": {
        "enter": [
          "S318B"
        ],
        "exit": [
          "S318A"
        ]
      },
      "stageScriptList": ["Whistle_3"]
    },
    {
      "id": 10319,
      "stageLevel": 25,
      "stageType": "Normal",
      "participantInfo": {
        "min": 5,
        "max": 5
      },
      "waveList": [
        {
          "battleMapInfo": {
            "mapName": "SinclairMansion_v1"
          },
          "unitList": [
            {
              "unitID": 90034,
              "unitCount": 3,
              "unitLevel": 25
            }
          ],
          "bgmList": [
            "Battle_Cp3_Ally_2",
            "Battle_Cp3_Enemy_2"
          ],
          "enemyPositionID": "16"
        },
        {
          "unitList": [
            {
              "unitID": 90037,
              "unitCount": 3,
              "unitLevel": 25
            }
          ],
          "enemyPositionID": "16"
        }
      ],
      "staminaCost": 20,
      "recommendedLevel": 25,
      "turnLimit": 99,
      "questlist": [
        {
          "args": [
            "10"
          ],
          "localizeId": 1
        }
      ],
      "rewardList": [
      ]
    },
    {
      "id": 10320,
      "stageLevel": 26,
      "stageType": "Normal",
      "participantInfo": {
        "min": 5,
        "max": 5
      },
      "waveList": [
        {
          "battleMapInfo": {
            "mapName": "Cp3_B0_UnderGround"
          },
          "unitList": [
            {
              "unitID": 90034,
              "unitCount": 2,
              "unitLevel": 26
            },
            {
              "unitID": 90036,
              "unitCount": 1,
              "unitLevel": 26
            },
            {
              "unitID": 90035,
              "unitCount": 1,
              "unitLevel": 26
            }
          ],
          "bgmList": [
            "Battle_Cp3_Ally_1",
            "Battle_Cp3_Enemy_1"
          ],
          "enemyPositionID": "17"
        },
        {
          "battleMapInfo": {
            "mapName": "Cp3_B0_UnderGround_v1"
          },
          "unitList": [
            {
              "unitID": 90037,
              "unitCount": 2,
              "unitLevel": 26
            },
            {
              "unitID": 90038,
              "unitCount": 1,
              "unitLevel": 26
            },
            {
              "unitID": 90039,
              "unitCount": 1,
              "unitLevel": 26
            }
          ],
          "enemyPositionID": "17"
        }
      ],
      "staminaCost": 20,
      "recommendedLevel": 26,
      "turnLimit": 99,
      "questlist": [
        {
          "args": [
            "10"
          ],
          "localizeId": 1
        }
      ],
      "rewardList": [
      ],
      "story": {
        "enter": [
          "S320B"
        ]
      }
    },
    {
      "id": 10321,
      "stageLevel": 27,
      "stageType": "Normal",
      "participantInfo": {
        "min": 5,
        "max": 5
      },
      "waveList": [
        {
          "battleMapInfo": {
            "mapName": "Cp3_B0_UnderGround"
          },
          "unitList": [
            {
              "unitID": 90036,
              "unitCount": 1,
              "unitLevel": 25
            },
            {
              "unitID": 90035,
              "unitCount": 1,
              "unitLevel": 27
            },
            {
              "unitID": 90037,
              "unitCount": 3,
              "unitLevel": 27
            }
          ],
          "bgmList": [
            "Battle_Cp3_Ally_2",
            "Battle_Cp3_Enemy_2"
          ],
          "enemyPositionID": "18"
        },
        {
          "battleMapInfo": {
            "mapName": "Cp3_B0_UnderGround_v1"
          },
          "unitList": [
            {
              "unitID": 90038,
              "unitCount": 2,
              "unitLevel": 27
            },
            {
              "unitID": 90039,
              "unitCount": 2,
              "unitLevel": 27
            },
            {
              "unitID": 90040,
              "unitCount": 1,
              "unitLevel": 27
            }
          ],
          "enemyPositionID": "18"
        }
      ],
      "staminaCost": 20,
      "recommendedLevel": 27,
      "turnLimit": 99,
      "questlist": [
        {
          "args": [
            "10"
          ],
          "localizeId": 1
        }
      ],
      "rewardList": [
      ]
    }
  ]
}