{
  "list": [
    {
      "id": 910301,
      "stageLevel": 28,
      "stageType": "Normal",
      "participantInfo": {
        "min": 5,
        "max": 5
      },
      "waveList": [
        {
          "battleMapInfo": {
            "mapName": "FranchiseChicken",
            "mapSize": 28
          },
          "unitList": [
            {
              "unitID": 90042,
              "unitCount": 4,
              "unitLevel": 28
            }
          ],
          "bgmList": [
            "Battle_Cp2_Ally_1",
            "Battle_Cp2_Enemy_1"
          ],
          "enemyPositionID": 17
        }
      ],
      "staminaCost": 16,
      "recommendedLevel": 28,
      "turnLimit": 99,
      "questlist": [
        {
          "args": [
            "10"
          ],
          "localizeId": 1
        }
      ],
      "rewardList": [],
      "story": {
        "enter": [
          "E301B"
        ],
        "exit": [
          "E301A"
        ]
      }
    },
    {
      "id": 910302,
      "stageLevel": 28,
      "stageType": "Normal",
      "participantInfo": {
        "min": 5,
        "max": 5
      },
      "waveList": [
        {
          "battleMapInfo": {
            "mapName": "FranchiseChicken",
            "mapSize": 28
          },
          "unitList": [
            {
              "unitID": 90042,
              "unitCount": 2,
              "unitLevel": 28
            },
            {
              "unitID": 90043,
              "unitCount": 2,
              "unitLevel": 28
            },
            {
              "unitID": 90044,
              "unitCount": 1,
              "unitLevel": 28
            }
          ],
          "bgmList": [
            "Battle_Cp2_Ally_1",
            "Battle_Cp2_Enemy_1"
          ],
          "enemyPositionID": 18
        },
        {
          "unitList": [
            {
              "unitID": 90043,
              "unitCount": 2,
              "unitLevel": 28
            },
            {
              "unitID": 90044,
              "unitCount": 2,
              "unitLevel": 28
            },
            {
              "unitID": 90045,
              "unitCount": 1,
              "unitLevel": 28
            }
          ]
        }
      ],
      "staminaCost": 16,
      "recommendedLevel": 28,
      "turnLimit": 99,
      "questlist": [
        {
          "args": [
            "10"
          ],
          "localizeId": 1
        }
      ],
      "rewardList": []
    },
    {
      "id": 910303,
      "stageLevel": 28,
      "stageType": "Abnormality",
      "participantInfo": {
        "min": 5,
        "max": 5
      },
      "waveList": [
        {
          "battleMapInfo": {
            "mapName": "OldRestaurant_inside",
            "mapSize": 28
          },
          "unitList": [
            {
              "unitID": 8034,
              "unitCount": 4,
              "unitLevel": 28
            }
          ],
          "bgmList": [
            "Battle_Cp2_Ally_1",
            "Battle_Cp3_5_Enemy_1"
          ],
          "enemyPositionID": 17
        },
        {
          "unitList": [
            {
              "unitID": 8034,
              "unitCount": 2,
              "unitLevel": 28
            },
            {
              "unitID": 8035,
              "unitCount": 2,
              "unitLevel": 28
            }
          ]
        }
      ],
      "staminaCost": 16,
      "recommendedLevel": 28,
      "turnLimit": 99,
      "questlist": [
        {
          "args": [
            "10"
          ],
          "localizeId": 1
        }
      ],
      "rewardList": [],
      "story": {
        "enter": [
          "E302B"
        ],
        "exit": [
          "E302A"
        ]
      }
    },
    {
      "id": 910304,
      "stageLevel": 28,
      "stageType": "Abnormality",
      "participantInfo": {
        "min": 5,
        "max": 5
      },
      "waveList": [
        {
          "battleMapInfo": {
            "mapName": "OldRestaurant_inside",
            "mapSize": 28
          },
          "unitList": [
            {
              "unitID": 8034,
              "unitCount": 2,
              "unitLevel": 28
            },
            {
              "unitID": 8035,
              "unitCount": 2,
              "unitLevel": 28
            }
          ],
          "bgmList": [
            "Battle_Cp2_Ally_1",
            "Battle_Cp3_5_Enemy_1"
          ],
          "enemyPositionID": 18
        },
        {
          "unitList": [
            {
              "unitID": 8034,
              "unitCount": 1,
              "unitLevel": 28
            },
            {
              "unitID": 8035,
              "unitCount": 2,
              "unitLevel": 28
            },
            {
              "unitID": 8036,
              "unitCount": 2,
              "unitLevel": 28
            }
          ]
        }
      ],
      "staminaCost": 16,
      "recommendedLevel": 28,
      "turnLimit": 99,
      "questlist": [
        {
          "args": [
            "10"
          ],
          "localizeId": 1
        }
      ],
      "rewardList": []
    },
    {
      "id": 910305,
      "stageLevel": 28,
      "stageType": "Abnormality",
      "participantInfo": {
        "min": 5,
        "max": 5
      },
      "waveList": [
        {
          "battleMapInfo": {
            "mapName": "OldRestaurant",
            "mapSize": 33.32
          },
          "unitList": [
            {
              "unitID": 8034,
              "unitCount": 1,
              "unitLevel": 28
            },
            {
              "unitID": 8035,
              "unitCount": 2,
              "unitLevel": 28
            },
            {
              "unitID": 8036,
              "unitCount": 2,
              "unitLevel": 28
            }
          ],
          "bgmList": [
            "Battle_Cp2_Ally_3",
            "Battle_Cp3_5_Enemy_2"
          ],
          "enemyPositionID": 28
        },
        {
          "unitList": [
            {
              "unitID": 8039,
              "unitCount": 1,
              "unitLevel": 28
            },
            {
              "unitID": 8034,
              "unitCount": 1,
              "unitLevel": 28
            },
            {
              "unitID": 8036,
              "unitCount": 2,
              "unitLevel": 28
            }
          ],
          "enemyPositionID": 28
        }
      ],
      "staminaCost": 16,
      "recommendedLevel": 28,
      "turnLimit": 99,
      "questlist": [
        {
          "args": [
            "10"
          ],
          "localizeId": 1
        }
      ],
      "rewardList": [],
      "story": {
        "enter": [
          "E303B"
        ],
        "exit": [
          "E303A"
        ]
      },
      "stageScriptList": ["Eunbong_Weak"]
    },
    {
      "id": 910306,
      "stageLevel": 25,
      "stageType": "Abnormality",
      "participantInfo": {
        "min": 5,
        "max": 5
      },
      "waveList": [
        {
          "battleMapInfo": {
            "mapName": "OldRestaurant",
            "mapSize": 28
          },
          "unitList": [
            {
              "unitID": 8035,
              "unitCount": 3,
              "unitLevel": 25
            },
            {
              "unitID": 8036,
              "unitCount": 1,
              "unitLevel": 25
            },
            {
              "unitID": 8037,
              "unitCount": 1,
              "unitLevel": 25
            }
          ],
          "bgmList": [
            "Battle_Cp2_Ally_2",
            "Battle_Cp2_Enemy_2"
          ],
          "enemyPositionID": 18
        },
        {
          "unitList": [
            {
              "unitID": 8034,
              "unitCount": 1,
              "unitLevel": 25
            },
            {
              "unitID": 8035,
              "unitCount": 1,
              "unitLevel": 25
            },
            {
              "unitID": 8036,
              "unitCount": 2,
              "unitLevel": 25
            },
            {
              "unitID": 8037,
              "unitCount": 1,
              "unitLevel": 25
            }
          ]
        }
      ],
      "staminaCost": 16,
      "recommendedLevel": 25,
      "turnLimit": 99,
      "questlist": [
        {
          "args": [
            "10"
          ],
          "localizeId": 1
        }
      ],
      "rewardList": [],
      "dangerLevel": 1
    },
    {
      "id": 910307,
      "stageLevel": 25,
      "stageType": "Abnormality",
      "participantInfo": {
        "min": 5,
        "max": 5
      },
      "waveList": [
        {
          "battleMapInfo": {
            "mapName": "OldRestaurant_inside",
            "mapSize": 28
          },
          "unitList": [
            {
              "unitID": 8036,
              "unitCount": 4,
              "unitLevel": 25
            },
            {
              "unitID": 8037,
              "unitCount": 1,
              "unitLevel": 25
            }
          ],
          "bgmList": [
            "Battle_Cp2_Ally_2",
            "Battle_Cp3_5_Enemy_1"
          ],
          "enemyPositionID": 18
        },
        {
          "unitList": [
            {
              "unitID": 8034,
              "unitCount": 1,
              "unitLevel": 25
            },
            {
              "unitID": 8036,
              "unitCount": 2,
              "unitLevel": 25
            },
            {
              "unitID": 8037,
              "unitCount": 2,
              "unitLevel": 25
            }
          ]
        }
      ],
      "staminaCost": 16,
      "recommendedLevel": 25,
      "turnLimit": 99,
      "questlist": [
        {
          "args": [
            "10"
          ],
          "localizeId": 1
        }
      ],
      "rewardList": [],
      "story": {
        "enter": [
          "E304B"
        ],
        "exit": [
          "E304A"
        ]
      },
      "dangerLevel": 1
    },
    {
      "id": 910308,
      "stageLevel": 25,
      "stageType": "Abnormality",
      "participantInfo": {
        "min": 5,
        "max": 5
      },
      "waveList": [
        {
          "battleMapInfo": {
            "mapName": "OldRestaurant_inside",
            "mapSize": 28
          },
          "unitList": [
            {
              "unitID": 8034,
              "unitCount": 1,
              "unitLevel": 25
            },
            {
              "unitID": 8035,
              "unitCount": 2,
              "unitLevel": 25
            },
            {
              "unitID": 8036,
              "unitCount": 1,
              "unitLevel": 25
            },
            {
              "unitID": 8037,
              "unitCount": 1,
              "unitLevel": 25
            }
          ],
          "bgmList": [
            "Battle_Cp2_Ally_2",
            "Battle_Cp3_5_Enemy_1"
          ],
          "enemyPositionID": 18
        },
        {
          "unitList": [
            {
              "unitID": 8034,
              "unitCount": 1,
              "unitLevel": 25
            },
            {
              "unitID": 8035,
              "unitCount": 1,
              "unitLevel": 25
            },
            {
              "unitID": 8036,
              "unitCount": 1,
              "unitLevel": 25
            },
            {
              "unitID": 8037,
              "unitCount": 2,
              "unitLevel": 25
            }
          ]
        }
      ],
      "staminaCost": 16,
      "recommendedLevel": 25,
      "turnLimit": 99,
      "questlist": [
        {
          "args": [
            "10"
          ],
          "localizeId": 1
        }
      ],
      "rewardList": [],
      "dangerLevel": 1
    }
  ]
}