{
  "list": [
    {
      "id": 10504,
      "stageLevel": 32,
      "stageType": "Normal",
      "battleCameraInfo": {
        "defaultPosX": 0,
        "defaultPosY": 0,
        "defaultPosZ": 25
      },
      "participantInfo": {
        "min": 6,
        "max": 6
      },
      "waveList": [
        {
          "battleMapInfo": {
            "mapName": "Cp5_LccbSecret",
            "mapSize": 28
          },
          "unitList": [
            {
              "unitID": 90084,
              "unitCount": 3,
              "unitLevel": 32
            },
            {
              "unitID": 90085,
              "unitCount": 2,
              "unitLevel": 32
            }
          ],
          "enemyPositionID": 49,
          "allyPositionID": 48,
          "bgmList": [
            "Battle_Cp1_Ally_1",
            "Battle_Cp1_Enemy_1"
          ]
        },
        {
          "unitList": [
            {
              "unitID": 90084,
              "unitCount": 3,
              "unitLevel": 32
            },
            {
              "unitID": 90085,
              "unitCount": 2,
              "unitLevel": 32
            }
          ],
          "enemyPositionID": 49,
          "allyPositionID": 48
        }
      ],
      "staminaCost": 20,
      "recommendedLevel": 35,
      "turnLimit": 99,
      "questlist": [
        {
          "args": [
            "10"
          ],
          "localizeId": 1
        }
      ],
      "rewardList": [],
      "story": {
        "enter": [
          "S504B"
        ]
      },
      "stageScriptList": ["a1c5p1_4"]
    },
    {
      "id": 10505,
      "stageLevel": 33,
      "stageType": "Normal",
      "battleCameraInfo": {
        "defaultPosX": 0,
        "defaultPosY": 0,
        "defaultPosZ": 25
      },
      "participantInfo": {
        "min": 6,
        "max": 6
      },
      "waveList": [
        {
          "battleMapInfo": {
            "mapName": "Cp5_LccbSecret_v1",
            "mapSize": 28
          },
          "unitList": [
            {
              "unitID": 90084,
              "unitCount": 2,
              "unitLevel": 33
            },
            {
              "unitID": 90085,
              "unitCount": 3,
              "unitLevel": 33
            }
          ],
          "bgmList": [
            "Battle_Cp1_Ally_2",
            "Battle_Cp1_Enemy_2"
          ],
          "enemyPositionID": 49,
          "allyPositionID": 48
        },
        {
          "unitList": [
            {
              "unitID": 90084,
              "unitCount": 2,
              "unitLevel": 33
            },
            {
              "unitID": 90085,
              "unitCount": 3,
              "unitLevel": 33
            }
          ],
          "enemyPositionID": 49,
          "allyPositionID": 48
        }
      ],
      "staminaCost": 20,
      "recommendedLevel": 35,
      "turnLimit": 99,
      "questlist": [
        {
          "args": [
            "10"
          ],
          "localizeId": 1
        }
      ],
      "rewardList": [],
      "story": {
        "exit": [
          "S505A"
        ]
      },
      "stageScriptList": ["a1c5p1_4"]
    },
    {
      "id": 10506,
      "stageLevel": 34,
      "stageType": "Normal",
      "battleCameraInfo": {
        "defaultPosX": 0,
        "defaultPosY": 0,
        "defaultPosZ": 25
      },
      "participantInfo": {
        "min": 6,
        "max": 6
      },
      "waveList": [
        {
          "battleMapInfo": {
            "mapName": "Cp5_ClubEntrance",
            "mapSize": 28
          },
          "unitList": [
            {
              "unitID": 90084,
              "unitCount": 2,
              "unitLevel": 34
            },
            {
              "unitID": 90085,
              "unitCount": 3,
              "unitLevel": 34
            }
          ],
          "bgmList": [
            "Battle_Cp4_Ally_2",
            "Battle_Cp4_Enemy_2"
          ],
          "enemyPositionID": 49,
          "allyPositionID": 48
        },
        {
          "unitList": [
            {
              "unitID": 90084,
              "unitCount": 2,
              "unitLevel": 34
            },
            {
              "unitID": 90085,
              "unitCount": 2,
              "unitLevel": 34
            },
            {
              "unitID": 90086,
              "unitCount": 2,
              "unitLevel": 34
            }
          ],
          "enemyPositionID": 49,
          "allyPositionID": 48
        }
      ],
      "staminaCost": 20,
      "recommendedLevel": 35,
      "turnLimit": 99,
      "questlist": [
        {
          "args": [
            "10"
          ],
          "localizeId": 1
        }
      ],
      "rewardList": [],
      "story": {
        "enter": [
          "S506B"
        ]
      },
      "stageScriptList": ["a1c5p1_4"]
    },
    {
      "id": 10507,
      "stageLevel": 35,
      "stageType": "Normal",
      "battleCameraInfo": {
        "defaultPosX": 0,
        "defaultPosY": 0,
        "defaultPosZ": 25
      },
      "participantInfo": {
        "min": 6,
        "max": 6
      },
      "waveList": [
        {
          "battleMapInfo": {
            "mapName": "Cp5_ClubHouse_v2",
            "mapSize": 28
          },
          "unitList": [
            {
              "unitID": 90084,
              "unitCount": 2,
              "unitLevel": 35
            },
            {
              "unitID": 90085,
              "unitCount": 3,
              "unitLevel": 35
            }
          ],
          "bgmList": [
            "Battle_Cp4_Ally_1",
            "Battle_Cp4_Enemy_1"
          ],
          "enemyPositionID": 49,
          "allyPositionID": 48
        },
        {
          "unitList": [
            {
              "unitID": 90084,
              "unitCount": 1,
              "unitLevel": 35
            },
            {
              "unitID": 90085,
              "unitCount": 3,
              "unitLevel": 35
            },
            {
              "unitID": 90087,
              "unitCount": 2,
              "unitLevel": 35
            }
          ],
          "enemyPositionID": 49,
          "allyPositionID": 48
        }
      ],
      "staminaCost": 20,
      "recommendedLevel": 35,
      "turnLimit": 99,
      "questlist": [
        {
          "args": [
            "10"
          ],
          "localizeId": 1
        }
      ],
      "rewardList": [],
      "story": {
        "enter": [
          "S507B"
        ]
      },
      "stageScriptList": ["a1c5p1_4"]
    },
    {
      "id": 10508,
      "stageLevel": 36,
      "stageType": "Normal",
      "battleCameraInfo": {
        "defaultPosX": 0,
        "defaultPosY": 0,
        "defaultPosZ": 25
      },
      "participantInfo": {
        "min": 6,
        "max": 6
      },
      "waveList": [
        {
          "battleMapInfo": {
            "mapName": "Cp5_ClubHouse_v1",
            "mapSize": 28
          },
          "unitList": [
            {
              "unitID": 90084,
              "unitCount": 2,
              "unitLevel": 36
            },
            {
              "unitID": 90085,
              "unitCount": 2,
              "unitLevel": 36
            },
            {
              "unitID": 90086,
              "unitCount": 1,
              "unitLevel": 36
            }
          ],
          "bgmList": [
            "Battle_Cp4_Ally_1",
            "Battle_Cp4_Enemy_1"
          ],
          "enemyPositionID": 49,
          "allyPositionID": 48
        },
        {
          "unitList": [
            {
              "unitID": 90084,
              "unitCount": 2,
              "unitLevel": 36
            },
            {
              "unitID": 90085,
              "unitCount": 2,
              "unitLevel": 36
            },
            {
              "unitID": 90086,
              "unitCount": 1,
              "unitLevel": 36
            },
            {
              "unitID": 90087,
              "unitCount": 1,
              "unitLevel": 36
            }
          ],
          "enemyPositionID": 49,
          "allyPositionID": 48
        }
      ],
      "staminaCost": 20,
      "recommendedLevel": 35,
      "turnLimit": 99,
      "questlist": [
        {
          "args": [
            "10"
          ],
          "localizeId": 1
        }
      ],
      "rewardList": [],
      "stageScriptList": ["a1c5p1_4"]
    },
    {
      "id": 10509,
      "stageLevel": 36,
      "stageType": "Normal",
      "battleCameraInfo": {
        "defaultPosX": 0,
        "defaultPosY": 0,
        "defaultPosZ": 25
      },
      "participantInfo": {
        "min": 6,
        "max": 6
      },
      "waveList": [
        {
          "battleMapInfo": {
            "mapName": "Cp5_ClubHouse_v3",
            "mapSize": 28
          },
          "unitList": [
            {
              "unitID": 90084,
              "unitCount": 2,
              "unitLevel": 36
            },
            {
              "unitID": 90085,
              "unitCount": 1,
              "unitLevel": 36
            },
            {
              "unitID": 90086,
              "unitCount": 1,
              "unitLevel": 36
            },
            {
              "unitID": 90087,
              "unitCount": 1,
              "unitLevel": 36
            }
          ],
          "bgmList": [
            "Battle_Cp4_Ally_1",
            "Battle_Cp4_Enemy_1"
          ],
          "enemyPositionID": 49,
          "allyPositionID": 48
        },
        {
          "unitList": [
            {
              "unitID": 90084,
              "unitCount": 1,
              "unitLevel": 36
            },
            {
              "unitID": 90085,
              "unitCount": 3,
              "unitLevel": 36
            },
            {
              "unitID": 90087,
              "unitCount": 2,
              "unitLevel": 36
            }
          ],
          "enemyPositionID": 49,
          "allyPositionID": 48
        }
      ],
      "staminaCost": 20,
      "recommendedLevel": 35,
      "turnLimit": 99,
      "questlist": [
        {
          "args": [
            "10"
          ],
          "localizeId": 1
        }
      ],
      "rewardList": [],
      "story": {
        "exit": [
          "S509A"
        ]
      },
      "stageScriptList": ["a1c5p1_4"]
    },
    {
      "id": 10510,
      "stageLevel": 37,
      "stageType": "Normal",
      "battleCameraInfo": {
        "defaultPosX": 0,
        "defaultPosY": 0,
        "defaultPosZ": 25
      },
      "participantInfo": {
        "min": 6,
        "max": 6
      },
      "waveList": [
        {
          "battleMapInfo": {
            "mapName": "Cp5_ClubBossRoom",
            "mapSize": 28
          },
          "unitList": [
            {
              "unitID": 90084,
              "unitCount": 2,
              "unitLevel": 37
            },
            {
              "unitID": 90085,
              "unitCount": 2,
              "unitLevel": 37
            }
          ],
          "bgmList": [
            "Battle_Cp4_Ally_3",
            "Battle_Cp4_Enemy_3"
          ],
          "enemyPositionID": 49,
          "allyPositionID": 48
        },
        {
          "unitList": [
            {
              "unitID": 90084,
              "unitCount": 1,
              "unitLevel": 37
            },
            {
              "unitID": 90085,
              "unitCount": 1,
              "unitLevel": 37
            },
            {
              "unitID": 90086,
              "unitCount": 2,
              "unitLevel": 37
            },
            {
              "unitID": 90087,
              "unitCount": 1,
              "unitLevel": 37
            }
          ],
          "enemyPositionID": 49,
          "allyPositionID": 48
        },
        {
          "unitList": [
            {
              "unitID": 90086,
              "unitCount": 1,
              "unitLevel": 37
            },
            {
              "unitID": 90087,
              "unitCount": 3,
              "unitLevel": 37
            },
            {
              "unitID": 91012,
              "unitCount": 1,
              "unitLevel": 37
            }
          ],
          "enemyPositionID": 49,
          "allyPositionID": 48
        }
      ],
      "staminaCost": 20,
      "recommendedLevel": 35,
      "turnLimit": 99,
      "questlist": [
        {
          "args": [
            "10"
          ],
          "localizeId": 1
        }
      ],
      "rewardList": [],
      "story": {
        "enter": [
          "S510B"
        ],
        "exit": [
          "S510A"
        ]
      },
      "stageScriptList": ["a1c5p1_4"]
    },
    {
      "id": 10511,
      "stageLevel": 36,
      "stageType": "Normal",
      "battleCameraInfo": {
        "defaultPosX": 0,
        "defaultPosY": 0,
        "defaultPosZ": 25
      },
      "participantInfo": {
        "min": 6,
        "max": 6
      },
      "waveList": [
        {
          "battleMapInfo": {
            "mapName": "Cp5_PilotSecret",
            "mapSize": 28
          },
          "unitList": [
            {
              "unitID": 90084,
              "unitCount": 2,
              "unitLevel": 36
            },
            {
              "unitID": 90085,
              "unitCount": 3,
              "unitLevel": 36
            }
          ],
          "bgmList": [
            "Battle_Cp1_Ally_2",
            "Battle_Cp1_Enemy_2"
          ],
          "enemyPositionID": 49,
          "allyPositionID": 48
        },
        {
          "unitList": [
            {
              "unitID": 90084,
              "unitCount": 1,
              "unitLevel": 36
            },
            {
              "unitID": 90085,
              "unitCount": 3,
              "unitLevel": 36
            },
            {
              "unitID": 90086,
              "unitCount": 1,
              "unitLevel": 36
            }
          ],
          "enemyPositionID": 49,
          "allyPositionID": 48
        }
      ],
      "staminaCost": 20,
      "recommendedLevel": 35,
      "turnLimit": 99,
      "questlist": [
        {
          "args": [
            "10"
          ],
          "localizeId": 1
        }
      ],
      "rewardList": [],
      "story": {
        "enter": [
          "S511B"
        ]
      },
      "stageScriptList": ["a1c5p1_4"]
    },
    {
      "id": 10512,
      "stageLevel": 36,
      "stageType": "Normal",
      "battleCameraInfo": {
        "defaultPosX": 0,
        "defaultPosY": 0,
        "defaultPosZ": 25
      },
      "participantInfo": {
        "min": 6,
        "max": 6
      },
      "waveList": [
        {
          "battleMapInfo": {
            "mapName": "Cp5_PilotSecret",
            "mapSize": 28
          },
          "unitList": [
            {
              "unitID": 90084,
              "unitCount": 2,
              "unitLevel": 36
            },
            {
              "unitID": 90085,
              "unitCount": 2,
              "unitLevel": 36
            },
            {
              "unitID": 90086,
              "unitCount": 1,
              "unitLevel": 36
            }
          ],
          "bgmList": [
            "Battle_Cp1_Ally_2",
            "Battle_Cp1_Enemy_2"
          ],
          "enemyPositionID": 49,
          "allyPositionID": 48
        },
        {
          "unitList": [
            {
              "unitID": 90084,
              "unitCount": 2,
              "unitLevel": 36
            },
            {
              "unitID": 90087,
              "unitCount": 4,
              "unitLevel": 36
            }
          ],
          "enemyPositionID": 49,
          "allyPositionID": 48
        }
      ],
      "staminaCost": 20,
      "recommendedLevel": 35,
      "turnLimit": 99,
      "questlist": [
        {
          "args": [
            "10"
          ],
          "localizeId": 1
        }
      ],
      "rewardList": [],
      "stageScriptList": ["a1c5p1_4"]
    },
    {
      "id": 10516,
      "stageLevel": 36,
      "stageType": "Normal",
      "battleCameraInfo": {
        "defaultPosX": 0,
        "defaultPosY": 0,
        "defaultPosZ": 25
      },
      "participantInfo": {
        "min": 6,
        "max": 6
      },
      "waveList": [
        {
          "battleMapInfo": {
            "mapName": "Cp5_PirateBoat",
            "mapSize": 28
          },
          "unitList": [
            {
              "unitID": 90084,
              "unitCount": 2,
              "unitLevel": 36
            },
            {
              "unitID": 90085,
              "unitCount": 4,
              "unitLevel": 36
            }
          ],
          "bgmList": [
            "Battle_Cp4_Ally_5",
            "Battle_Cp4_Enemy_5"
          ],
          "enemyPositionID": 49,
          "allyPositionID": 48
        },
        {
          "unitList": [
            {
              "unitID": 90084,
              "unitCount": 4,
              "unitLevel": 36
            },
            {
              "unitID": 90086,
              "unitCount": 1,
              "unitLevel": 36
            },
            {
              "unitID": 90087,
              "unitCount": 1,
              "unitLevel": 36
            }
          ],
          "enemyPositionID": 49,
          "allyPositionID": 48
        }
      ],
      "staminaCost": 20,
      "recommendedLevel": 35,
      "turnLimit": 99,
      "questlist": [
        {
          "args": [
            "10"
          ],
          "localizeId": 1
        }
      ],
      "rewardList": [],
      "story": {
        "enter": [
          "S516B"
        ]
      },
      "stageScriptList": ["a1c5p1_4"]
    },
    {
      "id": 10517,
      "stageLevel": 36,
      "stageType": "Normal",
      "battleCameraInfo": {
        "defaultPosX": 0,
        "defaultPosY": 0,
        "defaultPosZ": 25
      },
      "participantInfo": {
        "min": 6,
        "max": 6
      },
      "waveList": [
        {
          "battleMapInfo": {
            "mapName": "Cp5_PirateBoat",
            "mapSize": 28
          },
          "unitList": [
            {
              "unitID": 90084,
              "unitCount": 2,
              "unitLevel": 36
            },
            {
              "unitID": 90085,
              "unitCount": 3,
              "unitLevel": 36
            },
            {
              "unitID": 90087,
              "unitCount": 1,
              "unitLevel": 36
            }
          ],
          "bgmList": [
            "Battle_Cp4_Ally_5",
            "Battle_Cp4_Enemy_5"
          ],
          "enemyPositionID": 49,
          "allyPositionID": 48
        },
        {
          "unitList": [
            {
              "unitID": 90084,
              "unitCount": 2,
              "unitLevel": 36
            },
            {
              "unitID": 90085,
              "unitCount": 2,
              "unitLevel": 36
            },
            {
              "unitID": 90086,
              "unitCount": 1,
              "unitLevel": 36
            },
            {
              "unitID": 90087,
              "unitCount": 1,
              "unitLevel": 36
            }
          ],
          "enemyPositionID": 49,
          "allyPositionID": 48
        }
      ],
      "staminaCost": 20,
      "recommendedLevel": 35,
      "turnLimit": 99,
      "questlist": [
        {
          "args": [
            "10"
          ],
          "localizeId": 1
        }
      ],
      "rewardList": [],
      "story": {
        "exit": [
          "S517A"
        ]
      },
      "stageScriptList": ["a1c5p1_4"]
    },
    {
      "id": 10518,
      "stageLevel": 37,
      "stageType": "Normal",
      "participantInfo": {
        "min": 6,
        "max": 6
      },
      "waveList": [
        {
          "battleMapInfo": {
            "mapName": "Cp5_LimbusBoat_Storm",
            "mapSize": 28
          },
          "unitList": [
            {
              "unitID": 90083,
              "unitCount": 5,
              "unitLevel": 37
            }
          ],
          "bgmList": [
            "Battle_Cp4_Ally_6",
            "Battle_TGS_Ally_1"
          ],
          "enemyPositionID": 50,
          "allyPositionID": 51
        },
        {
          "unitList": [
            {
              "unitID": 90083,
              "unitCount": 5,
              "unitLevel": 37
            },
            {
              "unitID": 91011,
              "unitCount": 1,
              "unitLevel": 37
            }
          ],
          "enemyPositionID": 50,
          "allyPositionID": 51
        }
      ],
      "staminaCost": 20,
      "recommendedLevel": 35,
      "turnLimit": 99,
      "questlist": [
        {
          "args": [
            "10"
          ],
          "localizeId": 1
        }
      ],
      "rewardList": [],
      "story": {
        "others": [
          {
            "phase": "START_STAGE",
            "storyID": "S518B"
          }
        ],
        "exit": [
          "S518A"
        ]
      },
      "stageScriptList": ["LimbusBoat_518"]
    },
    {
      "id": 10519,
      "stageLevel": 38,
      "stageType": "Normal",
      "participantInfo": {
        "min": 6,
        "max": 6
      },
      "waveList": [
        {
          "battleMapInfo": {
            "mapName": "Cp5_LimbusBoat_Storm",
            "mapSize": 28
          },
          "unitList": [
            {
              "unitID": 90083,
              "unitCount": 5,
              "unitLevel": 38
            }
          ],
          "bgmList": [
            "Battle_Cp4_Ally_6",
            "Battle_TGS_Ally_1"
          ],
          "enemyPositionID": 50,
          "allyPositionID": 51
        },
        {
          "unitList": [
            {
              "unitID": 90083,
              "unitCount": 4,
              "unitLevel": 38
            },
            {
              "unitID": 91011,
              "unitCount": 1,
              "unitLevel": 38
            }
          ],
          "enemyPositionID": 50,
          "allyPositionID": 51
        },
        {
          "unitList": [
            {
              "unitID": 90083,
              "unitCount": 3,
              "unitLevel": 38
            },
            {
              "unitID": 91011,
              "unitCount": 2,
              "unitLevel": 38
            }
          ],
          "enemyPositionID": 50,
          "allyPositionID": 51
        },
        {
          "unitList": [
            {
              "unitID": 90083,
              "unitCount": 3,
              "unitLevel": 38
            },
            {
              "unitID": 91011,
              "unitCount": 3,
              "unitLevel": 38
            }
          ],
          "enemyPositionID": 50,
          "allyPositionID": 51
        }
      ],
      "staminaCost": 20,
      "recommendedLevel": 35,
      "turnLimit": 99,
      "questlist": [
        {
          "args": [
            "10"
          ],
          "localizeId": 1
        }
      ],
      "rewardList": [],
      "story": {
        "exit": [
          "S519A"
        ]
      },
      "stageScriptList": ["LimbusBoat_519"]
    }
  ]
}