{
  "list": [
    {
      "partId": 1,
      "startDate": "2023-03-23T03:00:00.000Z",
      "endDate": "2023-04-06T00:59:59.000Z",
      "attendanceRewards": [
        {
          "rewardId": 1,
          "enkephalinConsumptionRequirements": 80,
          "rewardItemList": [
            {
              "type": "ITEM",
              "id": 213,
              "num": 5
            }
          ]
        },
        {
          "rewardId": 2,
          "enkephalinConsumptionRequirements": 160,
          "rewardItemList": [
            {
              "type": "ITEM",
              "id": 201,
              "num": 20
            }
          ]
        },
        {
          "rewardId": 3,
          "enkephalinConsumptionRequirements": 240,
          "rewardItemList": [
            {
              "type": "ITEM",
              "id": 1101,
              "num": 10
            }
          ]
        },
        {
          "rewardId": 4,
          "enkephalinConsumptionRequirements": 320,
          "rewardItemList": [
            {
              "type": "ITEM",
              "id": 222,
              "num": 1
            }
          ]
        },
        {
          "rewardId": 5,
          "enkephalinConsumptionRequirements": 400,
          "rewardItemList": [
            {
              "type": "ITEM",
              "id": 201,
              "num": 30
            }
          ]
        },
        {
          "rewardId": 6,
          "enkephalinConsumptionRequirements": 480,
          "rewardItemList": [
            {
              "type": "ITEM",
              "id": 1201,
              "num": 10
            }
          ]
        },
        {
          "rewardId": 7,
          "enkephalinConsumptionRequirements": 560,
          "rewardItemList": [
            {
              "type": "ITEM",
              "id": 213,
              "num": 10
            }
          ]
        },
        {
          "rewardId": 8,
          "enkephalinConsumptionRequirements": 640,
          "rewardItemList": [
            {
              "type": "ITEM",
              "id": 201,
              "num": 40
            }
          ]
        },
        {
          "rewardId": 9,
          "enkephalinConsumptionRequirements": 720,
          "rewardItemList": [
            {
              "type": "ITEM",
              "id": 1101,
              "num": 20
            }
          ]
        },
        {
          "rewardId": 10,
          "enkephalinConsumptionRequirements": 800,
          "rewardItemList": [
            {
              "type": "ITEM",
              "id": 102,
              "num": 1
            }
          ]
        },
        {
          "rewardId": 11,
          "enkephalinConsumptionRequirements": 800,
          "rewardItemList": [
            {
              "type": "USERBANNER",
              "id": 3,
              "num": 1
            }
          ]
        }
      ]
    },
    {
      "partId": 2,
      "startDate": "2023-03-31T15:00:00.000Z",
      "endDate": "2023-04-06T00:59:59.000Z",
      "attendanceRewards": [
        {
          "rewardId": 12,
          "enkephalinConsumptionRequirements": 960,
          "rewardItemList": [
            {
              "type": "ITEM",
              "id": 213,
              "num": 20
            }
          ]
        },
        {
          "rewardId": 13,
          "enkephalinConsumptionRequirements": 1120,
          "rewardItemList": [
            {
              "type": "ITEM",
              "id": 201,
              "num": 60
            }
          ]
        },
        {
          "rewardId": 14,
          "enkephalinConsumptionRequirements": 1280,
          "rewardItemList": [
            {
              "type": "ITEM",
              "id": 1201,
              "num": 20
            }
          ]
        },
        {
          "rewardId": 15,
          "enkephalinConsumptionRequirements": 1440,
          "rewardItemList": [
            {
              "type": "ITEM",
              "id": 223,
              "num": 1
            }
          ]
        },
        {
          "rewardId": 16,
          "enkephalinConsumptionRequirements": 1600,
          "rewardItemList": [
            {
              "type": "ITEM",
              "id": 103,
              "num": 1
            }
          ]
        },
        {
          "rewardId": 17,
          "enkephalinConsumptionRequirements": 1600,
          "rewardItemList": [
            {
              "type": "USERBANNER",
              "id": 4,
              "num": 1
            }
          ]
        }
      ]
    }
  ]
}