{
  "list": [
    {
      "id": 8113,
      "appearance": "8113_SantaOgreAppearance",
      "unitKeywordList": ["LARGE"],
      "classType": "ZAYIN",
      "attributeType": "SCARLET",
      "hp": {
        "defaultStat": 264,
        "incrementByLevel": 10
      },
      "hasMp": true,
      "panicType": 1005,
      "lowMorale": -20,
      "panic": -45,
      "mentalConditionInfo": {
        "add": [
          {
            "level": 1,
            "conditionIDList": [
              {
                "conditionID": "OnWinDuelAsParryingCountMultiply10AndPlus20Percent"
              },
              {
                "conditionID": "OnKillEnemyAsLevelRatioMultiply10"
              },
              {
                "conditionID": "OnKillEnemyByOtherAllyAsLevelRatioMultiply5"
              }
            ]
          }
        ],
        "min": [
          {
            "level": 1,
            "conditionIDList": [
              {
                "conditionID": "OnDieAllyAsLevelRatio10"
              }
            ]
          }
        ]
      },
      "patternID": "PickByPattern_Abnormality",
      "startActionSlotNum": 5,
      "maxActionSlotNum": 5,
      "abnormalityPartList": [
        811301,
        811302
      ],
      "attributeList": [
        {
          "skillId": 811301,
          "number": 1
        },
        {
          "skillId": 811302,
          "number": 1
        },
        {
          "skillId": 811303,
          "number": 1
        },
        {
          "skillId": 811304,
          "number": 1
        },
        {
          "skillId": 811305,
          "number": 1
        }
      ],
      "passiveSet": {
        "passiveIdList": [
          811301,
          811302,
          811303
        ]
      },
      "patternList": [
        {
          "slotList": [
            {
              "skillParentList": [
                {
                  "skillChildList": [
                    {
                      "skillID": 811303,
                      "chance": 1
                    }
                  ],
                  "chance": 1
                }
              ]
            },
            {
              "skillParentList": [
                {
                  "skillChildList": [
                    {
                      "skillID": 811301,
                      "chance": 1
                    }
                  ],
                  "chance": 1
                }
              ]
            },
            {
              "skillParentList": [
                {
                  "skillChildList": [
                    {
                      "skillID": 811302,
                      "chance": 1
                    }
                  ],
                  "chance": 1
                }
              ]
            },
            {
              "skillParentList": [
                {
                  "skillChildList": [
                    {
                      "skillID": 811301,
                      "chance": 1
                    }
                  ],
                  "chance": 1
                }
              ]
            },
            {
              "skillParentList": [
                {
                  "skillChildList": [
                    {
                      "skillID": 811301,
                      "chance": 1
                    }
                  ],
                  "chance": 1
                }
              ]
            }
          ]
        },
        {
          "slotList": [
            {
              "skillParentList": [
                {
                  "skillChildList": [
                    {
                      "skillID": 811305,
                      "chance": 1
                    }
                  ],
                  "chance": 1
                }
              ]
            },
            {
              "skillParentList": [
                {
                  "skillChildList": [
                    {
                      "skillID": 811302,
                      "chance": 1
                    }
                  ],
                  "chance": 1
                }
              ]
            },
            {
              "skillParentList": [
                {
                  "skillChildList": [
                    {
                      "skillID": 811303,
                      "chance": 1
                    }
                  ],
                  "chance": 1
                }
              ]
            },
            {
              "skillParentList": [
                {
                  "skillChildList": [
                    {
                      "skillID": 811301,
                      "chance": 1
                    }
                  ],
                  "chance": 1
                }
              ]
            },
            {
              "skillParentList": [
                {
                  "skillChildList": [
                    {
                      "skillID": 811302,
                      "chance": 1
                    }
                  ],
                  "chance": 1
                }
              ]
            }
          ]
        },
        {
          "slotList": [
            {
              "skillParentList": [
                {
                  "skillChildList": [
                    {
                      "skillID": 811304,
                      "chance": 1
                    }
                  ],
                  "chance": 1
                }
              ]
            },
            {
              "skillParentList": [
                {
                  "skillChildList": [
                    {
                      "skillID": 811303,
                      "chance": 1
                    }
                  ],
                  "chance": 1
                }
              ]
            },
            {
              "skillParentList": [
                {
                  "skillChildList": [
                    {
                      "skillID": 811303,
                      "chance": 1
                    }
                  ],
                  "chance": 1
                }
              ]
            },
            {
              "skillParentList": [
                {
                  "skillChildList": [
                    {
                      "skillID": 811301,
                      "chance": 1
                    }
                  ],
                  "chance": 1
                }
              ]
            },
            {
              "skillParentList": [
                {
                  "skillChildList": [
                    {
                      "skillID": 811302,
                      "chance": 1
                    }
                  ],
                  "chance": 1
                }
              ]
            }
          ]
        }
      ]
    },
    {
      "id": 8114,
      "nameID": 90101,
      "sdPortrait": 90101,
      "appearance": "90101_Gnome_GreenAppearance",
      "unitKeywordList": ["SMALL"],
      "classType": "ZAYIN",
      "attributeType": "SCARLET",
      "hp": {
        "defaultStat": 52,
        "incrementByLevel": 1.61
      },
      "hasMp": true,
      "panicType": 1005,
      "lowMorale": -20,
      "panic": -45,
      "mentalConditionInfo": {
        "add": [
          {
            "level": 1,
            "conditionIDList": [
              {
                "conditionID": "OnWinDuelAsParryingCountMultiply10AndPlus20Percent"
              },
              {
                "conditionID": "OnKillEnemyAsLevelRatioMultiply10"
              },
              {
                "conditionID": "OnKillEnemyByOtherAllyAsLevelRatioMultiply5"
              }
            ]
          }
        ],
        "min": [
          {
            "level": 1,
            "conditionIDList": [
              {
                "conditionID": "OnDieAllyAsLevelRatio10"
              }
            ]
          }
        ]
      },
      "patternID": "AutoPick",
      "startActionSlotNum": 1,
      "maxActionSlotNum": 1,
      "abnormalityPartList": [
        811401
      ],
      "attributeList": [
        {
          "skillId": 9010101,
          "number": 3
        },
        {
          "skillId": 9010102,
          "number": 2
        },
        {
          "skillId": 9010103,
          "number": 1
        }
      ],
      "passiveSet": {
        "passiveIdList": []
      }
    },
    {
      "id": 8115,
      "nameID": 90102,
      "sdPortrait": 90102,
      "appearance": "90102_Gnome_RedAppearance",
      "unitKeywordList": ["SMALL"],
      "classType": "ZAYIN",
      "attributeType": "SCARLET",
      "hp": {
        "defaultStat": 52,
        "incrementByLevel": 1.61
      },
      "hasMp": true,
      "panicType": 1005,
      "lowMorale": -20,
      "panic": -45,
      "mentalConditionInfo": {
        "add": [
          {
            "level": 1,
            "conditionIDList": [
              {
                "conditionID": "OnWinDuelAsParryingCountMultiply10AndPlus20Percent"
              },
              {
                "conditionID": "OnKillEnemyAsLevelRatioMultiply10"
              },
              {
                "conditionID": "OnKillEnemyByOtherAllyAsLevelRatioMultiply5"
              }
            ]
          }
        ],
        "min": [
          {
            "level": 1,
            "conditionIDList": [
              {
                "conditionID": "OnDieAllyAsLevelRatio10"
              }
            ]
          }
        ]
      },
      "patternID": "AutoPick",
      "startActionSlotNum": 1,
      "maxActionSlotNum": 1,
      "abnormalityPartList": [
        811501
      ],
      "attributeList": [
        {
          "skillId": 9010201,
          "number": 3
        },
        {
          "skillId": 9010202,
          "number": 2
        },
        {
          "skillId": 9010203,
          "number": 1
        }
      ],
      "passiveSet": {
        "passiveIdList": []
      }
    },
    {
      "id": 8116,
      "nameID": 90103,
      "sdPortrait": 90103,
      "appearance": "90103_Gnome_BlackAppearance",
      "unitKeywordList": ["SMALL"],
      "classType": "ZAYIN",
      "attributeType": "SCARLET",
      "hp": {
        "defaultStat": 52,
        "incrementByLevel": 1.61
      },
      "hasMp": true,
      "panicType": 1005,
      "lowMorale": -20,
      "panic": -45,
      "mentalConditionInfo": {
        "add": [
          {
            "level": 1,
            "conditionIDList": [
              {
                "conditionID": "OnWinDuelAsParryingCountMultiply10AndPlus20Percent"
              },
              {
                "conditionID": "OnKillEnemyAsLevelRatioMultiply10"
              },
              {
                "conditionID": "OnKillEnemyByOtherAllyAsLevelRatioMultiply5"
              }
            ]
          }
        ],
        "min": [
          {
            "level": 1,
            "conditionIDList": [
              {
                "conditionID": "OnDieAllyAsLevelRatio10"
              }
            ]
          }
        ]
      },
      "patternID": "AutoPick",
      "startActionSlotNum": 1,
      "maxActionSlotNum": 1,
      "abnormalityPartList": [
        811601
      ],
      "attributeList": [
        {
          "skillId": 9010301,
          "number": 3
        },
        {
          "skillId": 9010302,
          "number": 2
        },
        {
          "skillId": 9010303,
          "number": 1
        }
      ],
      "passiveSet": {
        "passiveIdList": []
      }
    },
    {
      "id": 8135,
      "nameID": 90104,
      "sdPortrait": 90104,
      "appearance": "90104_Gnome_EliteAppearance",
      "unitKeywordList": ["SMALL"],
      "classType": "ZAYIN",
      "attributeType": "SCARLET",
      "hp": {
        "defaultStat": 78,
        "incrementByLevel": 2.67
      },
      "hasMp": true,
      "panicType": 1005,
      "lowMorale": -20,
      "panic": -45,
      "mentalConditionInfo": {
        "add": [
          {
            "level": 1,
            "conditionIDList": [
              {
                "conditionID": "OnWinDuelAsParryingCountMultiply10AndPlus20Percent"
              },
              {
                "conditionID": "OnKillEnemyAsLevelRatioMultiply10"
              },
              {
                "conditionID": "OnKillEnemyByOtherAllyAsLevelRatioMultiply5"
              }
            ]
          }
        ],
        "min": [
          {
            "level": 1,
            "conditionIDList": [
              {
                "conditionID": "OnDieAllyAsLevelRatio10"
              }
            ]
          }
        ]
      },
      "patternID": "AutoPick",
      "startActionSlotNum": 2,
      "maxActionSlotNum": 2,
      "abnormalityPartList": [
        813501
      ],
      "attributeList": [
        {
          "skillId": 9010401,
          "number": 3
        },
        {
          "skillId": 9010402,
          "number": 2
        },
        {
          "skillId": 9010403,
          "number": 1
        },
        {
          "skillId": 9010404,
          "number": 1
        }
      ],
      "passiveSet": {
        "passiveIdList": []
      }
    }
  ]
}