{
  "list": [
    {
      "id": 8159,
      "deadsceneid": 8159,
      "appearance": "8159_SeptempeccataAppearance",
      "unitKeywordList": ["REGULAR"],
      "level": 5,
      "classType": "TETH",
      "attributeType": "AMBER",
      "hp": {
        "defaultStat": 83,
        "incrementByLevel": 2.86
      },
      "patternID": "AutoPick",
      "startActionSlotNum": 1,
      "maxActionSlotNum": 1,
      "abnormalityPartList": [
        815901
      ],
      "attributeList": [
        {
          "skillId": 815901,
          "number": 1
        },
        {
          "skillId": 815902,
          "number": 1
        },
        {
          "skillId": 815903,
          "number": 1
        },
        {
          "skillId": 815904,
          "number": 1
        }
      ]
    },
    {
      "id": 8160,
      "deadsceneid": 8160,
      "appearance": "8160_SeptempeccataAppearance",
      "unitKeywordList": ["REGULAR"],
      "level": 5,
      "classType": "TETH",
      "attributeType": "SHAMROCK",
      "hp": {
        "defaultStat": 52,
        "incrementByLevel": 1.79
      },
      "patternID": "AutoPick",
      "startActionSlotNum": 1,
      "maxActionSlotNum": 1,
      "abnormalityPartList": [
        816001
      ],
      "attributeList": [
        {
          "skillId": 816001,
          "number": 1
        },
        {
          "skillId": 816002,
          "number": 1
        },
        {
          "skillId": 816003,
          "number": 1
        },
        {
          "skillId": 816004,
          "number": 1
        }
      ]
    },
    {
      "id": 8165,
      "appearance": "8165_Hindley_BeastAppearance",
      "unitKeywordList": ["REGULAR"],
      "associationList": ["WUTHERING_HEIGHTS"],
      "level": 6,
      "classType": "TETH",
      "attributeType": "AMBER",
      "hp": {
        "defaultStat": 835,
        "incrementByLevel": 28.79
      },
      "breakSection": {
        "sectionList": []
      },
      "panicType": 1022,
      "lowMorale": -20,
      "panic": -45,
      "hasMp": true,
      "startActionSlotNum": 6,
      "maxActionSlotNum": 6,
      "patternID": "8165",
      "phaseIDList": [],
      "abnormalityPartList": [
        816501
      ],
      "mentalConditionInfo": {
        "add": [
          {
            "level": 1,
            "conditionIDList": [
              {
                "conditionID": "OnWinDuelAsParryingCountMultiply10AndPlus20Percent"
              },
              {
                "conditionID": "OnKillEnemyMp10"
              }
            ]
          }
        ],
        "min": [
          {
            "level": 1,
            "conditionIDList": [
              {
                "conditionID": "OnLoseDuelAsParryingCountMultiply3AndPlus10Percent"
              }
            ]
          }
        ]
      },
      "attributeList": [
        {
          "skillId": 816501,
          "number": 0
        },
        {
          "skillId": 816502,
          "number": 0
        },
        {
          "skillId": 816503,
          "number": 0
        },
        {
          "skillId": 816504,
          "number": 0
        },
        {
          "skillId": 816505,
          "number": 0
        },
        {
          "skillId": 816506,
          "number": 0
        },
        {
          "skillId": 816507,
          "number": 0
        },
        {
          "skillId": 816508,
          "number": 0
        },
        {
          "skillId": 816509,
          "number": 0
        }
      ],
      "patternList": [
        {
          "slotList": [
            {
              "skillParentList": [
                {
                  "skillChildList": [
                    {
                      "skillID": 816501,
                      "chance": 1
                    }
                  ],
                  "chance": 1
                }
              ]
            },
            {
              "skillParentList": [
                {
                  "skillChildList": [
                    {
                      "skillID": 816501,
                      "chance": 1
                    }
                  ],
                  "chance": 1
                }
              ]
            },
            {
              "skillParentList": [
                {
                  "skillChildList": [
                    {
                      "skillID": 816501,
                      "chance": 1
                    }
                  ],
                  "chance": 1
                }
              ]
            },
            {
              "skillParentList": [
                {
                  "skillChildList": [
                    {
                      "skillID": 816502,
                      "chance": 1
                    }
                  ],
                  "chance": 1
                }
              ]
            },
            {
              "skillParentList": [
                {
                  "skillChildList": [
                    {
                      "skillID": 816502,
                      "chance": 1
                    }
                  ],
                  "chance": 1
                }
              ]
            },
            {
              "skillParentList": [
                {
                  "skillChildList": [
                    {
                      "skillID": 816507,
                      "chance": 1
                    }
                  ],
                  "chance": 1
                }
              ]
            }
          ]
        },
        {
          "slotList": [
            {
              "skillParentList": [
                {
                  "skillChildList": [
                    {
                      "skillID": 816501,
                      "chance": 1
                    }
                  ],
                  "chance": 1
                }
              ]
            },
            {
              "skillParentList": [
                {
                  "skillChildList": [
                    {
                      "skillID": 816501,
                      "chance": 1
                    }
                  ],
                  "chance": 1
                }
              ]
            },
            {
              "skillParentList": [
                {
                  "skillChildList": [
                    {
                      "skillID": 816502,
                      "chance": 1
                    }
                  ],
                  "chance": 1
                }
              ]
            },
            {
              "skillParentList": [
                {
                  "skillChildList": [
                    {
                      "skillID": 816502,
                      "chance": 1
                    }
                  ],
                  "chance": 1
                }
              ]
            },
            {
              "skillParentList": [
                {
                  "skillChildList": [
                    {
                      "skillID": 816503,
                      "chance": 1
                    }
                  ],
                  "chance": 1
                }
              ]
            },
            {
              "skillParentList": [
                {
                  "skillChildList": [
                    {
                      "skillID": 816508,
                      "chance": 1
                    }
                  ],
                  "chance": 1
                }
              ]
            }
          ]
        },
        {
          "slotList": [
            {
              "skillParentList": [
                {
                  "skillChildList": [
                    {
                      "skillID": 816501,
                      "chance": 1
                    }
                  ],
                  "chance": 1
                }
              ]
            },
            {
              "skillParentList": [
                {
                  "skillChildList": [
                    {
                      "skillID": 816501,
                      "chance": 1
                    }
                  ],
                  "chance": 1
                }
              ]
            },
            {
              "skillParentList": [
                {
                  "skillChildList": [
                    {
                      "skillID": 816502,
                      "chance": 1
                    }
                  ],
                  "chance": 1
                }
              ]
            },
            {
              "skillParentList": [
                {
                  "skillChildList": [
                    {
                      "skillID": 816502,
                      "chance": 1
                    }
                  ],
                  "chance": 1
                }
              ]
            },
            {
              "skillParentList": [
                {
                  "skillChildList": [
                    {
                      "skillID": 816504,
                      "chance": 1
                    }
                  ],
                  "chance": 1
                }
              ]
            },
            {
              "skillParentList": [
                {
                  "skillChildList": [
                    {
                      "skillID": 816507,
                      "chance": 1
                    }
                  ],
                  "chance": 1
                }
              ]
            }
          ]
        },
        {
          "slotList": [
            {
              "skillParentList": [
                {
                  "skillChildList": [
                    {
                      "skillID": 816501,
                      "chance": 1
                    }
                  ],
                  "chance": 1
                }
              ]
            },
            {
              "skillParentList": [
                {
                  "skillChildList": [
                    {
                      "skillID": 816503,
                      "chance": 1
                    }
                  ],
                  "chance": 1
                }
              ]
            },
            {
              "skillParentList": [
                {
                  "skillChildList": [
                    {
                      "skillID": 816504,
                      "chance": 1
                    }
                  ],
                  "chance": 1
                }
              ]
            },
            {
              "skillParentList": [
                {
                  "skillChildList": [
                    {
                      "skillID": 816509,
                      "chance": 1
                    }
                  ],
                  "chance": 1
                }
              ]
            },
            {
              "skillParentList": [
                {
                  "skillChildList": [
                    {
                      "skillID": 816506,
                      "chance": 1
                    }
                  ],
                  "chance": 1
                }
              ]
            },
            {
              "skillParentList": [
                {
                  "skillChildList": [
                    {
                      "skillID": 816507,
                      "chance": 1
                    }
                  ],
                  "chance": 1
                }
              ]
            }
          ]
        }
      ],
      "passiveSet": {
        "passiveIdList": [
          9999999,
          9999998,
          816505
        ]
      }
    },
    {
      "id": 8164,
      "appearance": "8164_MaouHeathclif_DeadRabbitsAppearance",
      "unitKeywordList": ["SMALL"],
      "associationList": [],
      "level": 6,
      "classType": "TETH",
      "attributeType": "AMBER",
      "hp": {
        "defaultStat": 887,
        "incrementByLevel": 30.59
      },
      "startActionSlotNum": 3,
      "maxActionSlotNum": 6,
      "patternID": "8164",
      "abnormalityPartList": [
        816401
      ],
      "mp": 0,
      "hasMp": true,
      "lowMorale": -20,
      "panic": -45,
      "panicType": 1021,
      "mentalConditionInfo": {
        "add": [
          {
            "level": 1,
            "conditionIDList": [
              {
                "conditionID": "OnWinDuelAsParryingCountMultiply10AndPlus20Percent"
              },
              {
                "conditionID": "OnKillEnemyAsLevelRatioMultiply10"
              },
              {
                "conditionID": "OnKillEnemyByOtherAllyAsLevelRatioMultiply5"
              },
              {
                "conditionID": "OnDieAllyMp15"
              }
            ]
          }
        ],
        "min": [
          {
            "level": 1,
            "conditionIDList": [
            ]
          }
        ]
      },
      "attributeList": [
        {
          "skillId": 816401,
          "number": 0
        },
        {
          "skillId": 816402,
          "number": 0
        },
        {
          "skillId": 816403,
          "number": 0
        },
        {
          "skillId": 816404,
          "number": 0
        },
        {
          "skillId": 816405,
          "number": 0
        },
        {
          "skillId": 816406,
          "number": 0
        },
        {
          "skillId": 816407,
          "number": 0
        }
      ],
      "patternList": [
        {
          "slotList": [
            {
              "skillParentList": [
                {
                  "skillChildList": [
                    {
                      "skillID": 816401,
                      "chance": 1
                    }
                  ],
                  "chance": 1
                }
              ]
            },
            {
              "skillParentList": [
                {
                  "skillChildList": [
                    {
                      "skillID": 816401,
                      "chance": 1
                    }
                  ],
                  "chance": 1
                }
              ]
            },
            {
              "skillParentList": [
                {
                  "skillChildList": [
                    {
                      "skillID": 816402,
                      "chance": 1
                    }
                  ],
                  "chance": 1
                }
              ]
            },
            {
              "skillParentList": [
                {
                  "skillChildList": [
                    {
                      "skillID": 816406,
                      "chance": 1
                    }
                  ],
                  "chance": 1
                }
              ]
            }
          ]
        },
        {
          "slotList": [
            {
              "skillParentList": [
                {
                  "skillChildList": [
                    {
                      "skillID": 816401,
                      "chance": 1
                    }
                  ],
                  "chance": 1
                }
              ]
            },
            {
              "skillParentList": [
                {
                  "skillChildList": [
                    {
                      "skillID": 816401,
                      "chance": 1
                    }
                  ],
                  "chance": 1
                }
              ]
            },
            {
              "skillParentList": [
                {
                  "skillChildList": [
                    {
                      "skillID": 816402,
                      "chance": 1
                    }
                  ],
                  "chance": 1
                }
              ]
            },
            {
              "skillParentList": [
                {
                  "skillChildList": [
                    {
                      "skillID": 816402,
                      "chance": 1
                    }
                  ],
                  "chance": 1
                }
              ]
            },
            {
              "skillParentList": [
                {
                  "skillChildList": [
                    {
                      "skillID": 816406,
                      "chance": 1
                    }
                  ],
                  "chance": 1
                }
              ]
            }
          ]
        },
        {
          "slotList": [
            {
              "skillParentList": [
                {
                  "skillChildList": [
                    {
                      "skillID": 816403,
                      "chance": 1
                    }
                  ],
                  "chance": 1
                }
              ]
            },
            {
              "skillParentList": [
                {
                  "skillChildList": [
                    {
                      "skillID": 816402,
                      "chance": 1
                    }
                  ],
                  "chance": 1
                }
              ]
            },
            {
              "skillParentList": [
                {
                  "skillChildList": [
                    {
                      "skillID": 816401,
                      "chance": 1
                    }
                  ],
                  "chance": 1
                }
              ]
            },
            {
              "skillParentList": [
                {
                  "skillChildList": [
                    {
                      "skillID": 816401,
                      "chance": 1
                    }
                  ],
                  "chance": 1
                }
              ]
            },
            {
              "skillParentList": [
                {
                  "skillChildList": [
                    {
                      "skillID": 816401,
                      "chance": 1
                    }
                  ],
                  "chance": 1
                }
              ]
            }
          ]
        },
        {
          "slotList": [
            {
              "skillParentList": [
                {
                  "skillChildList": [
                    {
                      "skillID": 816401,
                      "chance": 1
                    }
                  ],
                  "chance": 1
                }
              ]
            },
            {
              "skillParentList": [
                {
                  "skillChildList": [
                    {
                      "skillID": 816401,
                      "chance": 1
                    }
                  ],
                  "chance": 1
                }
              ]
            },
            {
              "skillParentList": [
                {
                  "skillChildList": [
                    {
                      "skillID": 816402,
                      "chance": 1
                    }
                  ],
                  "chance": 1
                }
              ]
            },
            {
              "skillParentList": [
                {
                  "skillChildList": [
                    {
                      "skillID": 816403,
                      "chance": 1
                    }
                  ],
                  "chance": 1
                }
              ]
            },
            {
              "skillParentList": [
                {
                  "skillChildList": [
                    {
                      "skillID": 816406,
                      "chance": 1
                    }
                  ],
                  "chance": 1
                }
              ]
            }
          ]
        },
        {
          "slotList": [
            {
              "skillParentList": [
                {
                  "skillChildList": [
                    {
                      "skillID": 816405,
                      "chance": 1
                    }
                  ],
                  "chance": 1
                }
              ]
            },
            {
              "skillParentList": [
                {
                  "skillChildList": [
                    {
                      "skillID": 816403,
                      "chance": 1
                    }
                  ],
                  "chance": 1
                }
              ]
            },
            {
              "skillParentList": [
                {
                  "skillChildList": [
                    {
                      "skillID": 816401,
                      "chance": 1
                    }
                  ],
                  "chance": 1
                }
              ]
            },
            {
              "skillParentList": [
                {
                  "skillChildList": [
                    {
                      "skillID": 816401,
                      "chance": 1
                    }
                  ],
                  "chance": 1
                }
              ]
            },
            {
              "skillParentList": [
                {
                  "skillChildList": [
                    {
                      "skillID": 816406,
                      "chance": 1
                    }
                  ],
                  "chance": 1
                }
              ]
            }
          ]
        },
        {
          "slotList": [
            {
              "skillParentList": [
                {
                  "skillChildList": [
                    {
                      "skillID": 816405,
                      "chance": 1
                    }
                  ],
                  "chance": 1
                }
              ]
            },
            {
              "skillParentList": [
                {
                  "skillChildList": [
                    {
                      "skillID": 816403,
                      "chance": 1
                    }
                  ],
                  "chance": 1
                }
              ]
            },
            {
              "skillParentList": [
                {
                  "skillChildList": [
                    {
                      "skillID": 816402,
                      "chance": 1
                    }
                  ],
                  "chance": 1
                }
              ]
            },
            {
              "skillParentList": [
                {
                  "skillChildList": [
                    {
                      "skillID": 816401,
                      "chance": 1
                    }
                  ],
                  "chance": 1
                }
              ]
            },
            {
              "skillParentList": [
                {
                  "skillChildList": [
                    {
                      "skillID": 816401,
                      "chance": 1
                    }
                  ],
                  "chance": 1
                }
              ]
            }
          ]
        },
        {
          "slotList": [
            {
              "skillParentList": [
                {
                  "skillChildList": [
                    {
                      "skillID": 816401,
                      "chance": 1
                    }
                  ],
                  "chance": 1
                }
              ]
            },
            {
              "skillParentList": [
                {
                  "skillChildList": [
                    {
                      "skillID": 816403,
                      "chance": 1
                    }
                  ],
                  "chance": 1
                }
              ]
            },
            {
              "skillParentList": [
                {
                  "skillChildList": [
                    {
                      "skillID": 816404,
                      "chance": 1
                    }
                  ],
                  "chance": 1
                }
              ]
            },
            {
              "skillParentList": [
                {
                  "skillChildList": [
                    {
                      "skillID": 816402,
                      "chance": 1
                    }
                  ],
                  "chance": 1
                }
              ]
            },
            {
              "skillParentList": [
                {
                  "skillChildList": [
                    {
                      "skillID": 816406,
                      "chance": 1
                    }
                  ],
                  "chance": 1
                }
              ]
            }
          ]
        },
        {
          "slotList": [
            {
              "skillParentList": [
                {
                  "skillChildList": [
                    {
                      "skillID": 816404,
                      "chance": 1
                    }
                  ],
                  "chance": 1
                }
              ]
            },
            {
              "skillParentList": [
                {
                  "skillChildList": [
                    {
                      "skillID": 816402,
                      "chance": 1
                    }
                  ],
                  "chance": 1
                }
              ]
            },
            {
              "skillParentList": [
                {
                  "skillChildList": [
                    {
                      "skillID": 816403,
                      "chance": 1
                    }
                  ],
                  "chance": 1
                }
              ]
            },
            {
              "skillParentList": [
                {
                  "skillChildList": [
                    {
                      "skillID": 816401,
                      "chance": 1
                    }
                  ],
                  "chance": 1
                }
              ]
            },
            {
              "skillParentList": [
                {
                  "skillChildList": [
                    {
                      "skillID": 816406,
                      "chance": 1
                    }
                  ],
                  "chance": 1
                }
              ]
            }
          ]
        },
        {
          "slotList": [
            {
              "skillParentList": [
                {
                  "skillChildList": [
                    {
                      "skillID": 816405,
                      "chance": 1
                    }
                  ],
                  "chance": 1
                }
              ]
            },
            {
              "skillParentList": [
                {
                  "skillChildList": [
                    {
                      "skillID": 816403,
                      "chance": 1
                    }
                  ],
                  "chance": 1
                }
              ]
            },
            {
              "skillParentList": [
                {
                  "skillChildList": [
                    {
                      "skillID": 816402,
                      "chance": 1
                    }
                  ],
                  "chance": 1
                }
              ]
            },
            {
              "skillParentList": [
                {
                  "skillChildList": [
                    {
                      "skillID": 816401,
                      "chance": 1
                    }
                  ],
                  "chance": 1
                }
              ]
            },
            {
              "skillParentList": [
                {
                  "skillChildList": [
                    {
                      "skillID": 816407,
                      "chance": 1
                    }
                  ],
                  "chance": 1
                }
              ]
            }
          ]
        },
        {
          "slotList": [
            {
              "skillParentList": [
                {
                  "skillChildList": [
                    {
                      "skillID": 816404,
                      "chance": 1
                    }
                  ],
                  "chance": 1
                }
              ]
            },
            {
              "skillParentList": [
                {
                  "skillChildList": [
                    {
                      "skillID": 816404,
                      "chance": 1
                    }
                  ],
                  "chance": 1
                }
              ]
            },
            {
              "skillParentList": [
                {
                  "skillChildList": [
                    {
                      "skillID": 816401,
                      "chance": 1
                    }
                  ],
                  "chance": 1
                }
              ]
            },
            {
              "skillParentList": [
                {
                  "skillChildList": [
                    {
                      "skillID": 816401,
                      "chance": 1
                    }
                  ],
                  "chance": 1
                }
              ]
            },
            {
              "skillParentList": [
                {
                  "skillChildList": [
                    {
                      "skillID": 816407,
                      "chance": 1
                    }
                  ],
                  "chance": 1
                }
              ]
            }
          ]
        }
      ],
      "passiveSet": {
        "passiveIdList": [
          816401,
          816402,
          816405,
          816403,
          816404,
          9101602,
          9101603,
          816406,
          9999998
        ]
      }
    },
    {
      "id": 8204,
      "viewid": 91016,
      "sdPortrait": 91016,
      "appearance": "91016_DeadRabbits_BossAppearance",
      "unitKeywordList": ["CLAN","SMALL"],
      "associationList": ["DEAD_RABBITS"],
      "level": 2,
      "classType": "TETH",
      "attributeType": "AMBER",
      "hp": {
        "defaultStat": 369,
        "incrementByLevel": 12.72
      },
      "patternID": "91016",
      "mp": 0,
      "hasMp": true,
      "lowMorale": -20,
      "panic": -45,
      "panicType": 1021,
      "mentalConditionInfo": {
        "add": [
          {
            "level": 1,
            "conditionIDList": [
              {
                "conditionID": "OnWinDuelAsParryingCountMultiply10AndPlus20Percent"
              },
              {
                "conditionID": "OnKillEnemyAsLevelRatioMultiply10"
              },
              {
                "conditionID": "OnKillEnemyByOtherAllyAsLevelRatioMultiply5"
              },
              {
                "conditionID": "OnDieAllyMp15"
              }
            ]
          }
        ],
        "min": [
          {
            "level": 1,
            "conditionIDList": [
            ]
          }
        ]
      },
      "startActionSlotNum": 3,
      "maxActionSlotNum": 3,
      "phaseIDList": [],
      "abnormalityPartList": [
        820401
      ],
      "attributeList": [
        {
          "skillId": 9101601,
          "number": 0
        },
        {
          "skillId": 9101602,
          "number": 0
        },
        {
          "skillId": 9101603,
          "number": 0
        },
        {
          "skillId": 9101604,
          "number": 0
        },
        {
          "skillId": 9101605,
          "number": 0
        }
      ],
      "passiveSet": {
        "passiveIdList": [
          9101601,
          9101602,
          9101603,
          9101604,
          9101605,
          816406,
          9999998
        ]
      },
      "patternList": [
        {
          "slotList": [
            {
              "skillParentList": [
                {
                  "skillChildList": [
                    {
                      "skillID": 9101601,
                      "chance": 1
                    }
                  ],
                  "chance": 1
                }
              ]
            },
            {
              "skillParentList": [
                {
                  "skillChildList": [
                    {
                      "skillID": 9101601,
                      "chance": 1
                    }
                  ],
                  "chance": 1
                }
              ]
            },
            {
              "skillParentList": [
                {
                  "skillChildList": [
                    {
                      "skillID": 9101604,
                      "chance": 1
                    }
                  ],
                  "chance": 1
                }
              ]
            },
            {
              "skillParentList": [
                {
                  "skillChildList": [
                    {
                      "skillID": 9101602,
                      "chance": 1
                    }
                  ],
                  "chance": 1
                }
              ]
            },
            {
              "skillParentList": [
                {
                  "skillChildList": [
                    {
                      "skillID": 9101602,
                      "chance": 1
                    }
                  ],
                  "chance": 1
                }
              ]
            },
            {
              "skillParentList": [
                {
                  "skillChildList": [
                    {
                      "skillID": 9101604,
                      "chance": 1
                    }
                  ],
                  "chance": 1
                }
              ]
            }
          ]
        },
        {
          "slotList": [
            {
              "skillParentList": [
                {
                  "skillChildList": [
                    {
                      "skillID": 9101601,
                      "chance": 1
                    }
                  ],
                  "chance": 1
                }
              ]
            },
            {
              "skillParentList": [
                {
                  "skillChildList": [
                    {
                      "skillID": 9101602,
                      "chance": 1
                    }
                  ],
                  "chance": 1
                }
              ]
            },
            {
              "skillParentList": [
                {
                  "skillChildList": [
                    {
                      "skillID": 9101602,
                      "chance": 1
                    }
                  ],
                  "chance": 1
                }
              ]
            },
            {
              "skillParentList": [
                {
                  "skillChildList": [
                    {
                      "skillID": 9101603,
                      "chance": 1
                    }
                  ],
                  "chance": 1
                }
              ]
            },
            {
              "skillParentList": [
                {
                  "skillChildList": [
                    {
                      "skillID": 9101601,
                      "chance": 1
                    }
                  ],
                  "chance": 1
                }
              ]
            },
            {
              "skillParentList": [
                {
                  "skillChildList": [
                    {
                      "skillID": 9101604,
                      "chance": 1
                    }
                  ],
                  "chance": 1
                }
              ]
            }
          ]
        },
        {
          "slotList": [
            {
              "skillParentList": [
                {
                  "skillChildList": [
                    {
                      "skillID": 9101602,
                      "chance": 1
                    }
                  ],
                  "chance": 1
                }
              ]
            },
            {
              "skillParentList": [
                {
                  "skillChildList": [
                    {
                      "skillID": 9101603,
                      "chance": 1
                    }
                  ],
                  "chance": 1
                }
              ]
            },
            {
              "skillParentList": [
                {
                  "skillChildList": [
                    {
                      "skillID": 9101602,
                      "chance": 1
                    }
                  ],
                  "chance": 1
                }
              ]
            },
            {
              "skillParentList": [
                {
                  "skillChildList": [
                    {
                      "skillID": 9101603,
                      "chance": 1
                    }
                  ],
                  "chance": 1
                }
              ]
            },
            {
              "skillParentList": [
                {
                  "skillChildList": [
                    {
                      "skillID": 9101601,
                      "chance": 1
                    }
                  ],
                  "chance": 1
                }
              ]
            },
            {
              "skillParentList": [
                {
                  "skillChildList": [
                    {
                      "skillID": 9101601,
                      "chance": 1
                    }
                  ],
                  "chance": 1
                }
              ]
            }
          ]
        }
      ]
    },
    {
      "id": 8162,
      "sdPortrait": 90118,
      "appearance": "90118_DeadRabbits_RedEye_1Appearance",
      "associationList": ["DEAD_RABBITS"],
      "unitKeywordList": ["CLAN","GLASS_ENEMY","SMALL"],
      "classType": "TETH",
      "attributeType": "SCARLET",
      "level": 2,
      "hp": {
        "defaultStat": 74,
        "incrementByLevel": 2.55
      },
      "mp": 0,
      "hasMp": true,
      "lowMorale": -20,
      "panic": -45,
      "panicType": 1020,
      "patternID": "AutoPick",
      "mentalConditionInfo": {
        "add": [
          {
            "level": 1,
            "conditionIDList": [
              {
                "conditionID": "OnWinDuelAsParryingCountMultiply10AndPlus20Percent"
              },
              {
                "conditionID": "OnKillEnemyAsLevelRatioMultiply10"
              },
              {
                "conditionID": "OnKillEnemyByOtherAllyAsLevelRatioMultiply5"
              }
            ]
          }
        ],
        "min": [
          {
            "level": 1,
            "conditionIDList": [
              {
                "conditionID": "OnDieAllyAsLevelRatio10"
              }
            ]
          }
        ]
      },
      "abnormalityPartList": [
        816201
      ],
      "startActionSlotNum": 1,
      "maxActionSlotNum": 1,
      "attributeList": [
        {
          "skillId": 816201,
          "number": 3
        },
        {
          "skillId": 816202,
          "number": 2
        },
        {
          "skillId": 816203,
          "number": 1
        },
        {
          "skillId": 816204,
          "number": 1
        }
      ],
      "passiveSet": {
        "passiveIdList": [
          9011601,
          9011801,
          9999999
        ]
      }
    },
    {
      "id": 8163,
      "sdPortrait": 90119,
      "appearance": "90119_DeadRabbits_RedEye_2Appearance",
      "associationList": ["DEAD_RABBITS"],
      "unitKeywordList": ["CLAN","GLASS_ENEMY","SMALL"],
      "classType": "TETH",
      "attributeType": "SCARLET",
      "level": 2,
      "hp": {
        "defaultStat": 74,
        "incrementByLevel": 2.55
      },
      "mp": 0,
      "hasMp": true,
      "lowMorale": -20,
      "panic": -45,
      "panicType": 1020,
      "patternID": "AutoPick",
      "mentalConditionInfo": {
        "add": [
          {
            "level": 1,
            "conditionIDList": [
              {
                "conditionID": "OnWinDuelAsParryingCountMultiply10AndPlus20Percent"
              },
              {
                "conditionID": "OnKillEnemyAsLevelRatioMultiply10"
              },
              {
                "conditionID": "OnKillEnemyByOtherAllyAsLevelRatioMultiply5"
              }
            ]
          }
        ],
        "min": [
          {
            "level": 1,
            "conditionIDList": [
              {
                "conditionID": "OnDieAllyAsLevelRatio10"
              }
            ]
          }
        ]
      },
      "abnormalityPartList": [
        816301
      ],
      "startActionSlotNum": 1,
      "maxActionSlotNum": 1,
      "attributeList": [
        {
          "skillId": 816301,
          "number": 3
        },
        {
          "skillId": 816302,
          "number": 2
        },
        {
          "skillId": 816303,
          "number": 1
        },
        {
          "skillId": 816304,
          "number": 1
        }
      ],
      "passiveSet": {
        "passiveIdList": [
          9011601,
          9011801,
          9999999
        ]
      }
    },
    {
      "id": 8202,
      "originID": 8151,
      "sdPortrait": 8151,
      "storyID": 8151,
      "nameID": 8151,
      "deadsceneid": 8007,
      "appearance": "8151_Septempeccata_Fire2Appearance",
      "unitKeywordList": ["REGULAR"],
      "level": 5,
      "classType": "TETH",
      "attributeType": "CRIMSON",
      "hp": {
        "defaultStat": 75,
        "incrementByLevel": 2.6
      },
      "patternID": "AutoPick",
      "startActionSlotNum": 1,
      "maxActionSlotNum": 1,
      "abnormalityPartList": [
        820201
      ],
      "attributeList": [
        {
          "skillId": 815101,
          "number": 1
        },
        {
          "skillId": 815102,
          "number": 1
        },
        {
          "skillId": 815103,
          "number": 1
        },
        {
          "skillId": 815104,
          "number": 1
        }
      ]
    },
    {
      "id": 8203,
      "originID": 8152,
      "sdPortrait": 8152,
      "storyID": 8152,
      "nameID": 8152,
      "deadsceneid": 8016,
      "appearance": "8152_Septempeccata_Water2Appearance",
      "unitKeywordList": ["REGULAR"],
      "level": 5,
      "classType": "TETH",
      "attributeType": "AZURE",
      "hp": {
        "defaultStat": 69,
        "incrementByLevel": 2.36
      },
      "patternID": "AutoPick",
      "startActionSlotNum": 1,
      "maxActionSlotNum": 1,
      "abnormalityPartList": [
        820301
      ],
      "attributeList": [
        {
          "skillId": 815201,
          "number": 1
        },
        {
          "skillId": 815202,
          "number": 1
        },
        {
          "skillId": 815203,
          "number": 1
        },
        {
          "skillId": 815204,
          "number": 1
        }
      ]
    },
    {
      "id": 8205,
      "nameID": 90131,
      "sdPortrait": 90128,
      "appearance": "90131_Oufi_1_v1Appearance",
      "unitKeywordList": ["CLAN","SMALL"],
      "associationList": ["RING_FINGER"],
      "classType": "ZYAIN",
      "attributeType": "CRIMSON",
      "level": 2,
      "slotWeightConditionList": [
        "Default1"
      ],
      "hp": {
        "defaultStat": 72,
        "incrementByLevel": 2.47
      },
      "defCorrection": 0,
      "abnormalityPartList": [
        820501
      ],
      "mp": 0,
      "hasMp": true,
      "lowMorale": -20,
      "panic": -45,
      "panicType": 1019,
      "mentalConditionInfo": {
        "add": [
          {
            "level": 1,
            "conditionIDList": [
              {
                "conditionID": "OnWinDuelAsParryingCountMultiply10AndPlus20Percent"
              },
              {
                "conditionID": "OnKillEnemyAsLevelRatioMultiply10"
              },
              {
                "conditionID": "OnKillEnemyByOtherAllyAsLevelRatioMultiply5"
              }
            ]
          }
        ],
        "min": [
          {
            "level": 1,
            "conditionIDList": [
              {
                "conditionID": "OnDieAllyAsLevelRatio10"
              }
            ]
          }
        ]
      },
      "patternID": "AutoPick",
      "startActionSlotNum": 1,
      "maxActionSlotNum": 1,
      "attributeList": [
        {
          "skillId": 9013101,
          "number": 3
        },
        {
          "skillId": 9013102,
          "number": 2
        },
        {
          "skillId": 9013103,
          "number": 1
        },
        {
          "skillId": 9013104,
          "number": 1
        }
      ],
      "passiveSet": {
        "passiveIdList": [
          9013101,
          9013102
        ]
      }
    },
    {
      "id": 8206,
      "nameID": 90132,
      "sdPortrait": 90129,
      "appearance": "90132_Oufi_2_v1Appearance",
      "unitKeywordList": ["CLAN","SMALL"],
      "associationList": ["RING_FINGER"],
      "level": 2,
      "classType": "ZYAIN",
      "attributeType": "CRIMSON",
      "slotWeightConditionList": [
        "Default1"
      ],
      "hp": {
        "defaultStat": 72,
        "incrementByLevel": 2.47
      },
      "defCorrection": 0,
      "abnormalityPartList": [
        820601
      ],
      "mp": 0,
      "hasMp": true,
      "lowMorale": -20,
      "panic": -45,
      "panicType": 1019,
      "mentalConditionInfo": {
        "add": [
          {
            "level": 1,
            "conditionIDList": [
              {
                "conditionID": "OnWinDuelAsParryingCountMultiply10AndPlus20Percent"
              },
              {
                "conditionID": "OnKillEnemyAsLevelRatioMultiply10"
              },
              {
                "conditionID": "OnKillEnemyByOtherAllyAsLevelRatioMultiply5"
              }
            ]
          }
        ],
        "min": [
          {
            "level": 1,
            "conditionIDList": [
              {
                "conditionID": "OnDieAllyAsLevelRatio10"
              }
            ]
          }
        ]
      },
      "patternID": "AutoPick",
      "startActionSlotNum": 1,
      "maxActionSlotNum": 1,
      "attributeList": [
        {
          "skillId": 9013201,
          "number": 3
        },
        {
          "skillId": 9013202,
          "number": 2
        },
        {
          "skillId": 9013203,
          "number": 1
        },
        {
          "skillId": 9013204,
          "number": 1
        }
      ],
      "passiveSet": {
        "passiveIdList": [
          9013101,
          9013102
        ]
      }
    },
    {
      "id": 8207,
      "nameID": 90133,
      "sdPortrait": 90130,
      "appearance": "90133_Oufi_Elite_v1Appearance",
      "unitKeywordList": ["CLAN","SMALL"],
      "associationList": ["RING_FINGER"],
      "classType": "ZYAIN",
      "attributeType": "CRIMSON",
      "level": 2,
      "slotWeightConditionList": [
        "Default1"
      ],
      "hp": {
        "defaultStat": 238,
        "incrementByLevel": 8.22
      },
      "defCorrection": 0,
      "abnormalityPartList": [
        820701
      ],
      "breakSection": {
        "sectionList": [
        ]
      },
      "patternID": "8207",
      "mp": 0,
      "hasMp": true,
      "lowMorale": -20,
      "panic": -45,
      "panicType": 1019,
      "mentalConditionInfo": {
        "add": [
          {
            "level": 1,
            "conditionIDList": [
              {
                "conditionID": "OnWinDuelAsParryingCountMultiply10AndPlus20Percent"
              },
              {
                "conditionID": "OnKillEnemyAsLevelRatioMultiply10"
              },
              {
                "conditionID": "OnKillEnemyByOtherAllyAsLevelRatioMultiply5"
              }
            ]
          }
        ],
        "min": [
          {
            "level": 1,
            "conditionIDList": [
              {
                "conditionID": "OnDieAllyAsLevelRatio10"
              }
            ]
          }
        ]
      },
      "startActionSlotNum": 4,
      "maxActionSlotNum": 4,
      "attributeList": [
        {
          "skillId": 9013301,
          "number": 3
        },
        {
          "skillId": 9013302,
          "number": 2
        },
        {
          "skillId": 9013303,
          "number": 1
        },
        {
          "skillId": 9013304,
          "number": 1
        },
        {
          "skillId": 9013305,
          "number": 1
        }
      ],
      "passiveSet": {
        "passiveIdList": [
          9013101,
          9013102,
          9013301,
          9013302
        ]
      },
      "patternList": [
        {
          "slotList": [
            {
              "skillParentList": [
                {
                  "skillChildList": [
                    {
                      "skillID": 9013301,
                      "chance": 1
                    }
                  ],
                  "chance": 1
                }
              ]
            },
            {
              "skillParentList": [
                {
                  "skillChildList": [
                    {
                      "skillID": 9013301,
                      "chance": 1
                    }
                  ],
                  "chance": 1
                }
              ]
            },
            {
              "skillParentList": [
                {
                  "skillChildList": [
                    {
                      "skillID": 9013302,
                      "chance": 1
                    }
                  ],
                  "chance": 1
                }
              ]
            },
            {
              "skillParentList": [
                {
                  "skillChildList": [
                    {
                      "skillID": 9013305,
                      "chance": 1
                    }
                  ],
                  "chance": 1
                }
              ]
            },
            {
              "skillParentList": [
                {
                  "skillChildList": [
                    {
                      "skillID": 9013302,
                      "chance": 1
                    }
                  ],
                  "chance": 1
                }
              ]
            },
            {
              "skillParentList": [
                {
                  "skillChildList": [
                    {
                      "skillID": 9013301,
                      "chance": 1
                    }
                  ],
                  "chance": 1
                }
              ]
            }
          ]
        },
        {
          "slotList": [
            {
              "skillParentList": [
                {
                  "skillChildList": [
                    {
                      "skillID": 9013301,
                      "chance": 1
                    }
                  ],
                  "chance": 1
                }
              ]
            },
            {
              "skillParentList": [
                {
                  "skillChildList": [
                    {
                      "skillID": 9013301,
                      "chance": 1
                    }
                  ],
                  "chance": 1
                }
              ]
            },
            {
              "skillParentList": [
                {
                  "skillChildList": [
                    {
                      "skillID": 9013302,
                      "chance": 1
                    }
                  ],
                  "chance": 1
                }
              ]
            },
            {
              "skillParentList": [
                {
                  "skillChildList": [
                    {
                      "skillID": 9013305,
                      "chance": 1
                    }
                  ],
                  "chance": 1
                }
              ]
            },
            {
              "skillParentList": [
                {
                  "skillChildList": [
                    {
                      "skillID": 9013303,
                      "chance": 1
                    }
                  ],
                  "chance": 1
                }
              ]
            },
            {
              "skillParentList": [
                {
                  "skillChildList": [
                    {
                      "skillID": 9013303,
                      "chance": 1
                    }
                  ],
                  "chance": 1
                }
              ]
            }
          ]
        },
        {
          "slotList": [
            {
              "skillParentList": [
                {
                  "skillChildList": [
                    {
                      "skillID": 9013304,
                      "chance": 1
                    }
                  ],
                  "chance": 1
                }
              ]
            },
            {
              "skillParentList": [
                {
                  "skillChildList": [
                    {
                      "skillID": 9013303,
                      "chance": 1
                    }
                  ],
                  "chance": 1
                }
              ]
            },
            {
              "skillParentList": [
                {
                  "skillChildList": [
                    {
                      "skillID": 9013303,
                      "chance": 1
                    }
                  ],
                  "chance": 1
                }
              ]
            },
            {
              "skillParentList": [
                {
                  "skillChildList": [
                    {
                      "skillID": 9013305,
                      "chance": 1
                    }
                  ],
                  "chance": 1
                }
              ]
            },
            {
              "skillParentList": [
                {
                  "skillChildList": [
                    {
                      "skillID": 9013302,
                      "chance": 1
                    }
                  ],
                  "chance": 1
                }
              ]
            },
            {
              "skillParentList": [
                {
                  "skillChildList": [
                    {
                      "skillID": 9013302,
                      "chance": 1
                    }
                  ],
                  "chance": 1
                }
              ]
            }
          ]
        }
      ]
    }
  ]
}