{
  "list": [
    {
      "id": 8263,
      "appearance": "8263_FairyFestivalAppearance",
      "unitKeywordList": ["LARGE"],
      "classType": "ZAYIN",
      "attributeType": "SHAMROCK",
      "hp": {
        "defaultStat": 705,
        "incrementByLevel": 24.3
      },
      "patternID": "8263",
      "abnormalityPartList": [
        826301,
        826302,
        826303
      ],
      "attributeList": [
        {
          "skillId": 826301,
          "number": 1
        },
        {
          "skillId": 826302,
          "number": 1
        },
        {
          "skillId": 826303,
          "number": 1
        },
        {
          "skillId": 826304,
          "number": 1
        },
        {
          "skillId": 826305,
          "number": 1
        },
        {
          "skillId": 826306,
          "number": 1
        }
      ],
      "passiveSet": {
        "passiveIdList": [
          826301,
          826302,
          826303,
          826304
        ]
      },
      "patternList": []
    },
    {
      "id": 8264,
      "appearance": "8264_FairyFestivalAppearance",
      "unitKeywordList": ["SMALL"],
      "classType": "ZAYIN",
      "attributeType": "SHAMROCK",
      "hp": {
        "defaultStat": 34,
        "incrementByLevel": 1.18
      },
      "patternID": "AutoPick",
      "abnormalityPartList": [
        826401
      ],
      "attributeList": [
        {
          "skillId": 826401,
          "number": 1
        },
        {
          "skillId": 826402,
          "number": 1
        },
        {
          "skillId": 826403,
          "number": 1
        },
        {
          "skillId": 826404,
          "number": 1
        }
      ],
      "passiveSet": {
        "passiveIdList": [
          826401,
          826402
        ]
      },
      "patternList": [
        {
          "slotList": [
            {
              "skillParentList": [
                {
                  "skillChildList": [
                    {
                      "skillID": 826401,
                      "chance": 2
                    }
                  ],
                  "chance": 1
                }
              ]
            },
            {
              "skillParentList": [
                {
                  "skillChildList": [
                    {
                      "skillID": 826402,
                      "chance": 1
                    }
                  ],
                  "chance": 1
                }
              ]
            },
            {
              "skillParentList": [
                {
                  "skillChildList": [
                    {
                      "skillID": 826403,
                      "chance": 1
                    }
                  ],
                  "chance": 1
                }
              ]
            },
            {
              "skillParentList": [
                {
                  "skillChildList": [
                    {
                      "skillID": 826404,
                      "chance": 2
                    }
                  ],
                  "chance": 1
                }
              ]
            }
          ]
        }
      ]
    },
    {
      "id": 8265,
      "storyID": 8263,
      "viewid": 8263,
      "nameID": 8263,
      "sdPortrait": 8263,
      "appearance": "8263_FairyFestivalAppearance",
      "unitKeywordList": ["LARGE"],
      "classType": "ZAYIN",
      "attributeType": "SHAMROCK",
      "hp": {
        "defaultStat": 705,
        "incrementByLevel": 24.3
      },
      "patternID": "8265",
      "abnormalityPartList": [
        826501,
        826502,
        826503
      ],
      "attributeList": [
        {
          "skillId": 826301,
          "number": 1
        },
        {
          "skillId": 826302,
          "number": 1
        },
        {
          "skillId": 826303,
          "number": 1
        },
        {
          "skillId": 826304,
          "number": 1
        },
        {
          "skillId": 826305,
          "number": 1
        },
        {
          "skillId": 826306,
          "number": 1
        },
        {
          "skillId": 826307,
          "number": 1
        }
      ],
      "passiveSet": {
        "passiveIdList": [
          826303,
          826501,
          826502,
          826503,
          826504,
          826505,
          826304
        ]
      },
      "patternList": []
    },
    {
      "id": 8266,
      "storyID": 8264,
      "viewid": 8264,
      "nameID": 8264,
      "sdPortrait": 8264,
      "appearance": "8264_FairyFestivalAppearance",
      "unitKeywordList": ["SMALL"],
      "classType": "ZAYIN",
      "attributeType": "SHAMROCK",
      "hp": {
        "defaultStat": 57,
        "incrementByLevel": 1.97
      },
      "patternID": "AutoPick",
      "abnormalityPartList": [
        826601
      ],
      "attributeList": [
        {
          "skillId": 826401,
          "number": 1
        },
        {
          "skillId": 826402,
          "number": 1
        },
        {
          "skillId": 826403,
          "number": 1
        },
        {
          "skillId": 826404,
          "number": 1
        }
      ],
      "passiveSet": {
        "passiveIdList": [
          826401
        ]
      },
      "patternList": [
        {
          "slotList": [
            {
              "skillParentList": [
                {
                  "skillChildList": [
                    {
                      "skillID": 826401,
                      "chance": 2
                    }
                  ],
                  "chance": 1
                }
              ]
            },
            {
              "skillParentList": [
                {
                  "skillChildList": [
                    {
                      "skillID": 826402,
                      "chance": 1
                    }
                  ],
                  "chance": 1
                }
              ]
            },
            {
              "skillParentList": [
                {
                  "skillChildList": [
                    {
                      "skillID": 826403,
                      "chance": 1
                    }
                  ],
                  "chance": 1
                }
              ]
            },
            {
              "skillParentList": [
                {
                  "skillChildList": [
                    {
                      "skillID": 826404,
                      "chance": 2
                    }
                  ],
                  "chance": 1
                }
              ]
            }
          ]
        }
      ]
    }
  ]
}