{
  "list": [
    {
      "id": 8280,
      "unitScriptID": "ShadowAbnormality_Jealousy",
      "unitKeywordList": [
        "SHADOW_ENEMY",
        "SMALL"
      ],
      "classType": "ZAYIN",
      "attributeType": "VIOLET",
      "isOriginNormalEnemy": true,
      "hasMp": true,
      "patternID": "PickLikeAPlayerHighest",
      "startActionSlotNum": 1,
      "maxActionSlotNum": 1,
      "abnormalityPartList": [
        828001
      ],
      "passiveSet": {
        "passiveIdList": [
          860506
        ]
      },
      "overridePersonalityId": 11005,
      "egoList": [
        {
          "egoID": 21001,
          "egoLevel": 4
        },
        {
          "egoID": 21002,
          "egoLevel": 4
        },
        {
          "egoID": 21005,
          "egoLevel": 4
        }
      ]
    },
    {
      "id": 8281,
      "nameID": 8280,
      "storyID": 8280,
      "unitScriptID": "ShadowAbnormality_Jealousy",
      "unitKeywordList": [
        "SHADOW_ENEMY",
        "SMALL"
      ],
      "classType": "ZAYIN",
      "attributeType": "VIOLET",
      "isOriginNormalEnemy": true,
      "hasMp": true,
      "patternID": "PickLikeAPlayerHighest",
      "startActionSlotNum": 1,
      "maxActionSlotNum": 1,
      "abnormalityPartList": [
        828101
      ],
      "passiveSet": {
        "passiveIdList": [
          860506
        ]
      },
      "overridePersonalityId": 10204,
      "egoList": [
        {
          "egoID": 20201,
          "egoLevel": 4
        },
        {
          "egoID": 20203,
          "egoLevel": 4
        },
        {
          "egoID": 20202,
          "egoLevel": 4
        },
        {
          "egoID": 20206,
          "egoLevel": 4
        }
      ]
    },
    {
      "id": 8282,
      "nameID": 8280,
      "storyID": 8280,
      "unitScriptID": "ShadowAbnormality_Jealousy",
      "unitKeywordList": [
        "SHADOW_ENEMY",
        "SMALL"
      ],
      "classType": "ZAYIN",
      "attributeType": "VIOLET",
      "isOriginNormalEnemy": true,
      "hasMp": true,
      "patternID": "PickLikeAPlayerHighest",
      "startActionSlotNum": 1,
      "maxActionSlotNum": 1,
      "abnormalityPartList": [
        828201
      ],
      "passiveSet": {
        "passiveIdList": [
          860506
        ]
      },
      "overridePersonalityId": 10904,
      "egoList": [
        {
          "egoID": 20901,
          "egoLevel": 4
        },
        {
          "egoID": 20903,
          "egoLevel": 4
        },
        {
          "egoID": 20902,
          "egoLevel": 4
        },
        {
          "egoID": 20906,
          "egoLevel": 4
        }
      ]
    },
    {
      "id": 8283,
      "nameID": 8280,
      "storyID": 8280,
      "unitScriptID": "ShadowAbnormality_Jealousy",
      "unitKeywordList": [
        "SHADOW_ENEMY",
        "SMALL"
      ],
      "classType": "ZAYIN",
      "attributeType": "VIOLET",
      "isOriginNormalEnemy": true,
      "hasMp": true,
      "patternID": "PickLikeAPlayerHighest",
      "startActionSlotNum": 1,
      "maxActionSlotNum": 1,
      "abnormalityPartList": [
        828301
      ],
      "passiveSet": {
        "passiveIdList": [
          860506
        ]
      },
      "overridePersonalityId": 10704,
      "egoList": [
        {
          "egoID": 20705,
          "egoLevel": 4
        },
        {
          "egoID": 20703,
          "egoLevel": 4
        },
        {
          "egoID": 20702,
          "egoLevel": 4
        },
        {
          "egoID": 20706,
          "egoLevel": 4
        }
      ]
    },
    {
      "id": 8284,
      "nameID": 8280,
      "storyID": 8280,
      "unitScriptID": "ShadowAbnormality_Jealousy",
      "unitKeywordList": [
        "SHADOW_ENEMY",
        "SMALL"
      ],
      "classType": "ZAYIN",
      "attributeType": "VIOLET",
      "isOriginNormalEnemy": true,
      "hasMp": true,
      "patternID": "PickLikeAPlayerLowest",
      "startActionSlotNum": 1,
      "maxActionSlotNum": 1,
      "abnormalityPartList": [
        828401
      ],
      "passiveSet": {
        "passiveIdList": [
          860506
        ]
      },
      "overridePersonalityId": 10304,
      "egoList": [
        {
          "egoID": 20301,
          "egoLevel": 4
        },
        {
          "egoID": 20304,
          "egoLevel": 4
        },
        {
          "egoID": 20302,
          "egoLevel": 4
        }
      ]
    },
    {
      "id": 8285,
      "nameID": 8280,
      "storyID": 8280,
      "unitScriptID": "ShadowAbnormality_Jealousy",
      "unitKeywordList": [
        "SHADOW_ENEMY",
        "SMALL"
      ],
      "classType": "ZAYIN",
      "attributeType": "VIOLET",
      "isOriginNormalEnemy": true,
      "hasMp": true,
      "patternID": "PickLikeAPlayerHighest",
      "startActionSlotNum": 1,
      "maxActionSlotNum": 1,
      "abnormalityPartList": [
        828501
      ],
      "passiveSet": {
        "passiveIdList": [
          860506
        ]
      },
      "overridePersonalityId": 10504,
      "egoList": [
        {
          "egoID": 20501,
          "egoLevel": 4
        },
        {
          "egoID": 20505,
          "egoLevel": 4
        },
        {
          "egoID": 20503,
          "egoLevel": 4
        }
      ]
    },
    {
      "id": 8286,
      "nameID": 8280,
      "storyID": 8280,
      "unitScriptID": "ShadowAbnormality_Jealousy",
      "unitKeywordList": [
        "SHADOW_ENEMY",
        "SMALL"
      ],
      "classType": "ZAYIN",
      "attributeType": "VIOLET",
      "isOriginNormalEnemy": true,
      "hasMp": true,
      "patternID": "PickLikeAPlayerHighest",
      "startActionSlotNum": 1,
      "maxActionSlotNum": 1,
      "abnormalityPartList": [
        828601
      ],
      "overridePersonalityId": 10101,
      "egoList": [
        {
          "egoID": 20101,
          "egoLevel": 4
        }
      ]
    },
    {
      "id": 8287,
      "nameID": 8280,
      "storyID": 8280,
      "unitScriptID": "ShadowAbnormality_Jealousy",
      "unitKeywordList": [
        "SHADOW_ENEMY",
        "SMALL"
      ],
      "classType": "ZAYIN",
      "attributeType": "VIOLET",
      "isOriginNormalEnemy": true,
      "hasMp": true,
      "patternID": "PickLikeAPlayerHighest",
      "startActionSlotNum": 1,
      "maxActionSlotNum": 1,
      "abnormalityPartList": [
        828701
      ],
      "overridePersonalityId": 10403,
      "egoList": [
        {
          "egoID": 20401,
          "egoLevel": 4
        }
      ]
    },
    {
      "id": 8288,
      "nameID": 8280,
      "storyID": 8280,
      "unitScriptID": "ShadowAbnormality_Jealousy",
      "unitKeywordList": [
        "SHADOW_ENEMY",
        "SMALL"
      ],
      "classType": "ZAYIN",
      "attributeType": "VIOLET",
      "isOriginNormalEnemy": true,
      "hasMp": true,
      "patternID": "PickLikeAPlayerHighest",
      "startActionSlotNum": 1,
      "maxActionSlotNum": 1,
      "abnormalityPartList": [
        828801
      ],
      "overridePersonalityId": 10602,
      "egoList": [
        {
          "egoID": 20601,
          "egoLevel": 4
        }
      ]
    },
    {
      "id": 8289,
      "nameID": 8280,
      "storyID": 8280,
      "unitScriptID": "ShadowAbnormality_Jealousy",
      "unitKeywordList": [
        "SHADOW_ENEMY",
        "SMALL"
      ],
      "classType": "ZAYIN",
      "attributeType": "VIOLET",
      "isOriginNormalEnemy": true,
      "hasMp": true,
      "patternID": "PickLikeAPlayerHighest",
      "startActionSlotNum": 1,
      "maxActionSlotNum": 1,
      "abnormalityPartList": [
        828901
      ],
      "overridePersonalityId": 10801,
      "egoList": [
        {
          "egoID": 20801,
          "egoLevel": 4
        }
      ]
    },
    {
      "id": 8290,
      "nameID": 8280,
      "storyID": 8280,
      "unitScriptID": "ShadowAbnormality_Jealousy",
      "unitKeywordList": [
        "SHADOW_ENEMY",
        "SMALL"
      ],
      "classType": "ZAYIN",
      "attributeType": "VIOLET",
      "isOriginNormalEnemy": true,
      "hasMp": true,
      "patternID": "PickLikeAPlayerHighest",
      "startActionSlotNum": 1,
      "maxActionSlotNum": 1,
      "abnormalityPartList": [
        829001
      ],
      "overridePersonalityId": 11102,
      "egoList": [
        {
          "egoID": 21101,
          "egoLevel": 4
        }
      ]
    },
    {
      "id": 8291,
      "nameID": 8280,
      "storyID": 8280,
      "unitScriptID": "ShadowAbnormality_Jealousy",
      "unitKeywordList": [
        "SHADOW_ENEMY",
        "SMALL"
      ],
      "classType": "ZAYIN",
      "attributeType": "VIOLET",
      "isOriginNormalEnemy": true,
      "hasMp": true,
      "patternID": "PickLikeAPlayerHighest",
      "startActionSlotNum": 1,
      "maxActionSlotNum": 1,
      "abnormalityPartList": [
        829101
      ],
      "overridePersonalityId": 11208,
      "egoList": [
        {
          "egoID": 21201,
          "egoLevel": 4
        }
      ]
    },
    {
      "id": 8292,
      "nameID": 8292,
      "storyID": 8292,
      "unitScriptID": "ShadowAbnormality_Jealousy",
      "unitKeywordList": [
        "SHADOW_ENEMY",
        "SMALL"
      ],
      "classType": "ZAYIN",
      "attributeType": "VIOLET",
      "isOriginNormalEnemy": true,
      "hasMp": true,
      "patternID": "PickLikeAPlayerHighest",
      "startActionSlotNum": 1,
      "maxActionSlotNum": 1,
      "abnormalityPartList": [
        829201
      ],
      "passiveSet": {
        "passiveIdList": [
          828004,
          860506,
          828005
        ]
      },
      "overridePersonalityId": 10508,
      "egoList": [
        {
          "egoID": 20501,
          "egoLevel": 4
        },
        {
          "egoID": 20505,
          "egoLevel": 4
        },
        {
          "egoID": 20503,
          "egoLevel": 4
        }
      ]
    },
    {
      "id": 8293,
      "nameID": 8292,
      "storyID": 8292,
      "unitScriptID": "ShadowAbnormality_Jealousy",
      "unitKeywordList": [
        "SHADOW_ENEMY",
        "SMALL"
      ],
      "classType": "ZAYIN",
      "attributeType": "VIOLET",
      "isOriginNormalEnemy": true,
      "hasMp": true,
      "patternID": "PickLikeAPlayerHighest",
      "startActionSlotNum": 1,
      "maxActionSlotNum": 1,
      "abnormalityPartList": [
        829301
      ],
      "passiveSet": {
        "passiveIdList": [
          828004,
          860506,
          828005
        ]
      },
      "overridePersonalityId": 10103,
      "egoList": [
        {
          "egoID": 20101,
          "egoLevel": 4
        },
        {
          "egoID": 20102,
          "egoLevel": 4
        },
        {
          "egoID": 20104,
          "egoLevel": 4
        },
        {
          "egoID": 20105,
          "egoLevel": 4
        }
      ]
    },
    {
      "id": 8294,
      "nameID": 8292,
      "storyID": 8292,
      "unitScriptID": "ShadowAbnormality_Jealousy",
      "unitKeywordList": [
        "SHADOW_ENEMY",
        "SMALL"
      ],
      "classType": "ZAYIN",
      "attributeType": "VIOLET",
      "isOriginNormalEnemy": true,
      "hasMp": true,
      "patternID": "PickLikeAPlayerHighest",
      "startActionSlotNum": 1,
      "maxActionSlotNum": 1,
      "abnormalityPartList": [
        829401
      ],
      "passiveSet": {
        "passiveIdList": [
          828004,
          860506,
          828005
        ]
      },
      "overridePersonalityId": 10208,
      "egoList": [
        {
          "egoID": 20201,
          "egoLevel": 4
        },
        {
          "egoID": 20203,
          "egoLevel": 4
        },
        {
          "egoID": 20202,
          "egoLevel": 4
        },
        {
          "egoID": 20206,
          "egoLevel": 4
        }
      ]
    },
    {
      "id": 8295,
      "nameID": 8292,
      "storyID": 8292,
      "unitScriptID": "ShadowAbnormality_Jealousy",
      "unitKeywordList": [
        "SHADOW_ENEMY",
        "SMALL"
      ],
      "classType": "ZAYIN",
      "attributeType": "VIOLET",
      "isOriginNormalEnemy": true,
      "hasMp": true,
      "patternID": "PickLikeAPlayerHighest",
      "startActionSlotNum": 1,
      "maxActionSlotNum": 1,
      "abnormalityPartList": [
        829501
      ],
      "passiveSet": {
        "passiveIdList": [
          828004,
          860506,
          828005
        ]
      },
      "overridePersonalityId": 10308,
      "egoList": [
        {
          "egoID": 20301,
          "egoLevel": 4
        },
        {
          "egoID": 20305,
          "egoLevel": 4
        },
        {
          "egoID": 20302,
          "egoLevel": 4
        }
      ]
    },
    {
      "id": 8296,
      "nameID": 8292,
      "storyID": 8292,
      "unitScriptID": "ShadowAbnormality_Jealousy",
      "unitKeywordList": [
        "SHADOW_ENEMY",
        "SMALL"
      ],
      "classType": "ZAYIN",
      "attributeType": "VIOLET",
      "isOriginNormalEnemy": true,
      "hasMp": true,
      "patternID": "PickLikeAPlayerHighest",
      "startActionSlotNum": 1,
      "maxActionSlotNum": 1,
      "abnormalityPartList": [
        829601
      ],
      "passiveSet": {
        "passiveIdList": [
          828004,
          860506,
          828005
        ]
      },
      "overridePersonalityId": 11102,
      "egoList": [
        {
          "egoID": 21101,
          "egoLevel": 4
        },
        {
          "egoID": 21104,
          "egoLevel": 4
        },
        {
          "egoID": 21105,
          "egoLevel": 4
        },
        {
          "egoID": 21106,
          "egoLevel": 4
        }
      ]
    },
    {
      "id": 8297,
      "nameID": 8292,
      "storyID": 8292,
      "unitScriptID": "ShadowAbnormality_Jealousy",
      "unitKeywordList": [
        "SHADOW_ENEMY",
        "SMALL"
      ],
      "classType": "ZAYIN",
      "attributeType": "VIOLET",
      "isOriginNormalEnemy": true,
      "hasMp": true,
      "patternID": "PickLikeAPlayerHighest",
      "startActionSlotNum": 1,
      "maxActionSlotNum": 1,
      "abnormalityPartList": [
        829701
      ],
      "passiveSet": {
        "passiveIdList": [
          828004,
          860506,
          828005
        ]
      },
      "overridePersonalityId": 11002,
      "egoList": [
        {
          "egoID": 21006,
          "egoLevel": 4
        },
        {
          "egoID": 21002,
          "egoLevel": 4
        },
        {
          "egoID": 21005,
          "egoLevel": 4
        }
      ]
    },
    {
      "id": 8298,
      "nameID": 8280,
      "storyID": 8292,
      "unitScriptID": "ShadowAbnormality_Jealousy",
      "unitKeywordList": [
        "SHADOW_ENEMY",
        "SMALL"
      ],
      "classType": "ZAYIN",
      "attributeType": "VIOLET",
      "isOriginNormalEnemy": true,
      "hasMp": true,
      "patternID": "PickLikeAPlayerHighest",
      "startActionSlotNum": 1,
      "maxActionSlotNum": 1,
      "abnormalityPartList": [
        829801
      ],
      "overridePersonalityId": 10408,
      "egoList": [
        {
          "egoID": 20401,
          "egoLevel": 4
        }
      ]
    },
    {
      "id": 8299,
      "nameID": 8280,
      "storyID": 8292,
      "unitScriptID": "ShadowAbnormality_Jealousy",
      "unitKeywordList": [
        "SHADOW_ENEMY",
        "SMALL"
      ],
      "classType": "ZAYIN",
      "attributeType": "VIOLET",
      "isOriginNormalEnemy": true,
      "hasMp": true,
      "patternID": "PickLikeAPlayerHighest",
      "startActionSlotNum": 1,
      "maxActionSlotNum": 1,
      "abnormalityPartList": [
        829901
      ],
      "overridePersonalityId": 10601,
      "egoList": [
        {
          "egoID": 20601,
          "egoLevel": 4
        }
      ]
    },
    {
      "id": 8300,
      "nameID": 8280,
      "storyID": 8292,
      "unitScriptID": "ShadowAbnormality_Jealousy",
      "unitKeywordList": [
        "SHADOW_ENEMY",
        "SMALL"
      ],
      "classType": "ZAYIN",
      "attributeType": "VIOLET",
      "isOriginNormalEnemy": true,
      "hasMp": true,
      "patternID": "PickLikeAPlayerHighest",
      "startActionSlotNum": 1,
      "maxActionSlotNum": 1,
      "abnormalityPartList": [
        830001
      ],
      "overridePersonalityId": 10702,
      "egoList": [
        {
          "egoID": 20701,
          "egoLevel": 4
        }
      ]
    },
    {
      "id": 8301,
      "nameID": 8280,
      "storyID": 8292,
      "unitScriptID": "ShadowAbnormality_Jealousy",
      "unitKeywordList": [
        "SHADOW_ENEMY",
        "SMALL"
      ],
      "classType": "ZAYIN",
      "attributeType": "VIOLET",
      "isOriginNormalEnemy": true,
      "hasMp": true,
      "patternID": "PickLikeAPlayerHighest",
      "startActionSlotNum": 1,
      "maxActionSlotNum": 1,
      "abnormalityPartList": [
        830101
      ],
      "overridePersonalityId": 10808,
      "egoList": [
        {
          "egoID": 20801,
          "egoLevel": 4
        }
      ]
    },
    {
      "id": 8302,
      "nameID": 8280,
      "storyID": 8292,
      "unitScriptID": "ShadowAbnormality_Jealousy",
      "unitKeywordList": [
        "SHADOW_ENEMY",
        "SMALL"
      ],
      "classType": "ZAYIN",
      "attributeType": "VIOLET",
      "isOriginNormalEnemy": true,
      "hasMp": true,
      "patternID": "PickLikeAPlayerHighest",
      "startActionSlotNum": 1,
      "maxActionSlotNum": 1,
      "abnormalityPartList": [
        830201
      ],
      "overridePersonalityId": 10901,
      "egoList": [
        {
          "egoID": 20901,
          "egoLevel": 4
        }
      ]
    },
    {
      "id": 8303,
      "nameID": 8280,
      "storyID": 8292,
      "unitScriptID": "ShadowAbnormality_Jealousy",
      "unitKeywordList": [
        "SHADOW_ENEMY",
        "SMALL"
      ],
      "classType": "ZAYIN",
      "attributeType": "VIOLET",
      "isOriginNormalEnemy": true,
      "hasMp": true,
      "patternID": "PickLikeAPlayerHighest",
      "startActionSlotNum": 1,
      "maxActionSlotNum": 1,
      "abnormalityPartList": [
        830301
      ],
      "overridePersonalityId": 11203,
      "egoList": [
        {
          "egoID": 21201,
          "egoLevel": 4
        }
      ]
    },
    {
      "id": 8304,
      "nameID": 8292,
      "storyID": 8292,
      "unitScriptID": "ShadowAbnormality_Jealousy",
      "unitKeywordList": [
        "SHADOW_ENEMY",
        "SMALL"
      ],
      "classType": "ZAYIN",
      "attributeType": "VIOLET",
      "isOriginNormalEnemy": true,
      "hasMp": true,
      "patternID": "PickLikeAPlayerHighest",
      "startActionSlotNum": 1,
      "maxActionSlotNum": 1,
      "abnormalityPartList": [
        830401
      ],
      "initBuffList": [
        {
          "level": 1,
          "list": [
            {
              "buff": "Bullet",
              "stack": 13
            }
          ]
        },
        {
          "level": 4,
          "list": [
            {
              "buff": "Bullet",
              "stack": 16
            }
          ]
        }
      ],
      "passiveSet": {
        "passiveIdList": [
          828004,
          860506
        ]
      },
      "overridePersonalityId": 10703,
      "egoList": [
        {
          "egoID": 20701,
          "egoLevel": 4
        },
        {
          "egoID": 20703,
          "egoLevel": 4
        },
        {
          "egoID": 20702,
          "egoLevel": 4
        },
        {
          "egoID": 20706,
          "egoLevel": 4
        }
      ]
    },
    {
      "id": 8305,
      "nameID": 8292,
      "storyID": 8292,
      "unitScriptID": "ShadowAbnormality_Jealousy",
      "unitKeywordList": [
        "SHADOW_ENEMY",
        "SMALL"
      ],
      "classType": "ZAYIN",
      "attributeType": "VIOLET",
      "isOriginNormalEnemy": true,
      "hasMp": true,
      "patternID": "PickLikeAPlayerHighest",
      "startActionSlotNum": 1,
      "maxActionSlotNum": 1,
      "abnormalityPartList": [
        830501
      ],
      "passiveSet": {
        "passiveIdList": [
          828004,
          860506,
          828005
        ]
      },
      "overridePersonalityId": 10109,
      "egoList": [
        {
          "egoID": 20101,
          "egoLevel": 4
        },
        {
          "egoID": 20103,
          "egoLevel": 4
        },
        {
          "egoID": 20104,
          "egoLevel": 4
        },
        {
          "egoID": 20105,
          "egoLevel": 4
        }
      ]
    },
    {
      "id": 8306,
      "nameID": 8292,
      "storyID": 8292,
      "unitScriptID": "ShadowAbnormality_Jealousy",
      "unitKeywordList": [
        "SHADOW_ENEMY",
        "SMALL"
      ],
      "classType": "ZAYIN",
      "attributeType": "VIOLET",
      "isOriginNormalEnemy": true,
      "hasMp": true,
      "patternID": "PickLikeAPlayerLowest",
      "startActionSlotNum": 1,
      "maxActionSlotNum": 1,
      "abnormalityPartList": [
        830601
      ],
      "passiveSet": {
        "passiveIdList": [
          828004,
          860506
        ]
      },
      "overridePersonalityId": 10405,
      "egoList": [
        {
          "egoID": 20401,
          "egoLevel": 4
        },
        {
          "egoID": 20406,
          "egoLevel": 4
        },
        {
          "egoID": 20404,
          "egoLevel": 4
        }
      ]
    },
    {
      "id": 8307,
      "sdPortrait": 8301,
      "nameID": 8292,
      "storyID": 8292,
      "unitScriptID": "ShadowAbnormality_Jealousy",
      "unitKeywordList": [
        "SHADOW_ENEMY",
        "SMALL"
      ],
      "classType": "ZAYIN",
      "attributeType": "VIOLET",
      "isOriginNormalEnemy": true,
      "hasMp": true,
      "patternID": "PickLikeAPlayerHighest",
      "startActionSlotNum": 1,
      "maxActionSlotNum": 1,
      "abnormalityPartList": [
        830701
      ],
      "passiveSet": {
        "passiveIdList": [
          828004,
          860506,
          828005
        ]
      },
      "overridePersonalityId": 10808,
      "egoList": [
        {
          "egoID": 20801,
          "egoLevel": 4
        },
        {
          "egoID": 20802,
          "egoLevel": 4
        },
        {
          "egoID": 20806,
          "egoLevel": 4
        },
        {
          "egoID": 20805,
          "egoLevel": 4
        }
      ]
    },
    {
      "id": 8308,
      "nameID": 8292,
      "storyID": 8292,
      "unitScriptID": "ShadowAbnormality_Jealousy",
      "unitKeywordList": [
        "SHADOW_ENEMY",
        "SMALL"
      ],
      "classType": "ZAYIN",
      "attributeType": "VIOLET",
      "isOriginNormalEnemy": true,
      "hasMp": true,
      "patternID": "PickLikeAPlayerHighest",
      "startActionSlotNum": 1,
      "maxActionSlotNum": 1,
      "abnormalityPartList": [
        830801
      ],
      "initBuffList": [
        {
          "level": 1,
          "list": [
            {
              "buff": "KnowledgeExplored",
              "stack": 1
            }
          ]
        }
      ],
      "passiveSet": {
        "passiveIdList": [
          828004,
          860506,
          828005
        ]
      },
      "overridePersonalityId": 10907,
      "egoList": [
        {
          "egoID": 20901,
          "egoLevel": 4
        },
        {
          "egoID": 20903,
          "egoLevel": 4
        },
        {
          "egoID": 20905,
          "egoLevel": 4
        },
        {
          "egoID": 20906,
          "egoLevel": 4
        }
      ]
    },
    {
      "id": 8309,
      "nameID": 8292,
      "storyID": 8292,
      "unitScriptID": "ShadowAbnormality_Jealousy",
      "unitKeywordList": [
        "SHADOW_ENEMY",
        "SMALL"
      ],
      "classType": "ZAYIN",
      "attributeType": "VIOLET",
      "isOriginNormalEnemy": true,
      "hasMp": true,
      "patternID": "PickLikeAPlayerHighest",
      "startActionSlotNum": 1,
      "maxActionSlotNum": 1,
      "abnormalityPartList": [
        830901
      ],
      "passiveSet": {
        "passiveIdList": [
          828004,
          860506
        ]
      },
      "overridePersonalityId": 10605,
      "egoList": [
        {
          "egoID": 20601,
          "egoLevel": 4
        },
        {
          "egoID": 20604,
          "egoLevel": 4
        },
        {
          "egoID": 20603,
          "egoLevel": 4
        }
      ]
    },
    {
      "id": 8310,
      "nameID": 8292,
      "storyID": 8292,
      "unitScriptID": "ShadowAbnormality_Jealousy",
      "unitKeywordList": [
        "SHADOW_ENEMY",
        "SMALL"
      ],
      "classType": "ZAYIN",
      "attributeType": "VIOLET",
      "isOriginNormalEnemy": true,
      "hasMp": true,
      "patternID": "PickLikeAPlayerHighest",
      "startActionSlotNum": 1,
      "maxActionSlotNum": 1,
      "abnormalityPartList": [
        831001
      ],
      "passiveSet": {
        "passiveIdList": [
          828004,
          860506
        ]
      },
      "overridePersonalityId": 10206,
      "egoList": [
        {
          "egoID": 20201,
          "egoLevel": 4
        },
        {
          "egoID": 20203,
          "egoLevel": 4
        },
        {
          "egoID": 20202,
          "egoLevel": 4
        },
        {
          "egoID": 20206,
          "egoLevel": 4
        }
      ]
    },
    {
      "id": 8311,
      "nameID": 8292,
      "storyID": 8292,
      "unitScriptID": "ShadowAbnormality_Jealousy",
      "unitKeywordList": [
        "SHADOW_ENEMY",
        "SMALL"
      ],
      "classType": "ZAYIN",
      "attributeType": "VIOLET",
      "isOriginNormalEnemy": true,
      "hasMp": true,
      "patternID": "PickLikeAPlayerLowest",
      "startActionSlotNum": 1,
      "maxActionSlotNum": 1,
      "abnormalityPartList": [
        831101
      ],
      "passiveSet": {
        "passiveIdList": [
          828004,
          860506
        ]
      },
      "overridePersonalityId": 10302,
      "egoList": [
        {
          "egoID": 20301,
          "egoLevel": 4
        },
        {
          "egoID": 20306,
          "egoLevel": 4
        },
        {
          "egoID": 20303,
          "egoLevel": 4
        }
      ]
    },
    {
      "id": 8312,
      "nameID": 8292,
      "storyID": 8292,
      "unitScriptID": "ShadowAbnormality_Jealousy",
      "unitKeywordList": [
        "SHADOW_ENEMY",
        "SMALL"
      ],
      "classType": "ZAYIN",
      "attributeType": "VIOLET",
      "isOriginNormalEnemy": true,
      "hasMp": true,
      "patternID": "PickLikeAPlayerHighest",
      "startActionSlotNum": 1,
      "maxActionSlotNum": 1,
      "abnormalityPartList": [
        831201
      ],
      "passiveSet": {
        "passiveIdList": [
          828004,
          860506
        ]
      },
      "overridePersonalityId": 10506,
      "egoList": [
        {
          "egoID": 20501,
          "egoLevel": 4
        },
        {
          "egoID": 20506,
          "egoLevel": 4
        },
        {
          "egoID": 20503,
          "egoLevel": 4
        }
      ]
    },
    {
      "id": 8313,
      "nameID": 8292,
      "storyID": 8292,
      "unitScriptID": "ShadowAbnormality_Jealousy",
      "unitKeywordList": [
        "SHADOW_ENEMY",
        "SMALL"
      ],
      "classType": "ZAYIN",
      "attributeType": "VIOLET",
      "isOriginNormalEnemy": true,
      "hasMp": true,
      "patternID": "PickLikeAPlayerHighest",
      "startActionSlotNum": 1,
      "maxActionSlotNum": 1,
      "abnormalityPartList": [
        831301
      ],
      "passiveSet": {
        "passiveIdList": [
          828004,
          860506,
          828005
        ]
      },
      "overridePersonalityId": 11008,
      "egoList": [
        {
          "egoID": 21006,
          "egoLevel": 4
        },
        {
          "egoID": 21002,
          "egoLevel": 4
        },
        {
          "egoID": 21005,
          "egoLevel": 4
        }
      ]
    },
    {
      "id": 8314,
      "nameID": 8292,
      "storyID": 8292,
      "unitScriptID": "ShadowAbnormality_Jealousy",
      "unitKeywordList": [
        "SHADOW_ENEMY",
        "SMALL"
      ],
      "classType": "ZAYIN",
      "attributeType": "VIOLET",
      "isOriginNormalEnemy": true,
      "hasMp": true,
      "patternID": "PickLikeAPlayerHighest",
      "startActionSlotNum": 1,
      "maxActionSlotNum": 1,
      "abnormalityPartList": [
        831401
      ],
      "passiveSet": {
        "passiveIdList": [
          828004,
          860506,
          828005
        ]
      },
      "overridePersonalityId": 11104,
      "egoList": [
        {
          "egoID": 21101,
          "egoLevel": 4
        },
        {
          "egoID": 21104,
          "egoLevel": 4
        },
        {
          "egoID": 21102,
          "egoLevel": 4
        },
        {
          "egoID": 21106,
          "egoLevel": 4
        }
      ]
    },
    {
      "id": 8315,
      "nameID": 8292,
      "storyID": 8292,
      "unitScriptID": "ShadowAbnormality_Jealousy",
      "unitKeywordList": [
        "SHADOW_ENEMY",
        "SMALL"
      ],
      "classType": "ZAYIN",
      "attributeType": "VIOLET",
      "isOriginNormalEnemy": true,
      "hasMp": true,
      "patternID": "PickLikeAPlayerHighest",
      "startActionSlotNum": 1,
      "maxActionSlotNum": 1,
      "abnormalityPartList": [
        831501
      ],
      "passiveSet": {
        "passiveIdList": [
          828004,
          860506,
          828005
        ]
      },
      "overridePersonalityId": 11206,
      "egoList": [
        {
          "egoID": 21202,
          "egoLevel": 4
        },
        {
          "egoID": 21203,
          "egoLevel": 4
        },
        {
          "egoID": 21204,
          "egoLevel": 4
        },
        {
          "egoID": 21205,
          "egoLevel": 4
        }
      ]
    },
    {
      "id": 8316,
      "nameID": 8292,
      "storyID": 8292,
      "unitScriptID": "ShadowAbnormality_Jealousy",
      "unitKeywordList": [
        "SHADOW_ENEMY",
        "SMALL"
      ],
      "classType": "ZAYIN",
      "attributeType": "VIOLET",
      "isOriginNormalEnemy": true,
      "hasMp": true,
      "patternID": "PickLikeAPlayerHighest",
      "startActionSlotNum": 1,
      "maxActionSlotNum": 1,
      "abnormalityPartList": [
        831601
      ],
      "passiveSet": {
        "passiveIdList": [
          828001,
          828004,
          860506,
          828006
        ]
      },
      "overridePersonalityId": 10705,
      "egoList": [
        {
          "egoID": 20701,
          "egoLevel": 4
        },
        {
          "egoID": 20703,
          "egoLevel": 4
        },
        {
          "egoID": 20702,
          "egoLevel": 4
        },
        {
          "egoID": 20706,
          "egoLevel": 4
        }
      ]
    },
    {
      "id": 8317,
      "nameID": 8292,
      "storyID": 8292,
      "unitScriptID": "ShadowAbnormality_Jealousy",
      "unitKeywordList": [
        "SHADOW_ENEMY",
        "SMALL"
      ],
      "classType": "ZAYIN",
      "attributeType": "VIOLET",
      "isOriginNormalEnemy": true,
      "hasMp": true,
      "patternID": "PickLikeAPlayerHighest",
      "startActionSlotNum": 1,
      "maxActionSlotNum": 1,
      "abnormalityPartList": [
        831701
      ],
      "passiveSet": {
        "passiveIdList": [
          828001,
          828004,
          860506,
          828008
        ]
      },
      "overridePersonalityId": 10408,
      "egoList": [
        {
          "egoID": 20401,
          "egoLevel": 4
        },
        {
          "egoID": 20403,
          "egoLevel": 4
        },
        {
          "egoID": 20404,
          "egoLevel": 4
        }
      ]
    },
    {
      "id": 8318,
      "nameID": 8292,
      "storyID": 8292,
      "unitScriptID": "ShadowAbnormality_Jealousy",
      "unitKeywordList": [
        "SHADOW_ENEMY",
        "SMALL"
      ],
      "classType": "ZAYIN",
      "attributeType": "VIOLET",
      "isOriginNormalEnemy": true,
      "hasMp": true,
      "patternID": "PickLikeAPlayerHighest",
      "startActionSlotNum": 1,
      "maxActionSlotNum": 1,
      "abnormalityPartList": [
        831801
      ],
      "passiveSet": {
        "passiveIdList": [
          828001,
          828004,
          860506,
          828008
        ]
      },
      "overridePersonalityId": 11209,
      "egoList": [
        {
          "egoID": 21202,
          "egoLevel": 4
        },
        {
          "egoID": 21206,
          "egoLevel": 4
        },
        {
          "egoID": 21204,
          "egoLevel": 4
        },
        {
          "egoID": 21205,
          "egoLevel": 4
        }
      ]
    },
    {
      "id": 8319,
      "nameID": 8292,
      "storyID": 8292,
      "unitScriptID": "ShadowAbnormality_Jealousy",
      "unitKeywordList": [
        "SHADOW_ENEMY",
        "SMALL"
      ],
      "classType": "ZAYIN",
      "attributeType": "VIOLET",
      "isOriginNormalEnemy": true,
      "hasMp": true,
      "patternID": "PickLikeAPlayerHighest",
      "startActionSlotNum": 1,
      "maxActionSlotNum": 1,
      "abnormalityPartList": [
        831901
      ],
      "passiveSet": {
        "passiveIdList": [
          828001,
          828004,
          860506,
          828008
        ]
      },
      "overridePersonalityId": 11108,
      "egoList": [
        {
          "egoID": 21101,
          "egoLevel": 4
        },
        {
          "egoID": 21103,
          "egoLevel": 4
        },
        {
          "egoID": 21102,
          "egoLevel": 4
        },
        {
          "egoID": 21106,
          "egoLevel": 4
        }
      ]
    },
    {
      "id": 8320,
      "nameID": 8292,
      "storyID": 8292,
      "unitScriptID": "ShadowAbnormality_Jealousy",
      "unitKeywordList": [
        "SHADOW_ENEMY",
        "SMALL"
      ],
      "classType": "ZAYIN",
      "attributeType": "VIOLET",
      "isOriginNormalEnemy": true,
      "hasMp": true,
      "patternID": "PickLikeAPlayerHighest",
      "startActionSlotNum": 1,
      "maxActionSlotNum": 1,
      "abnormalityPartList": [
        832001
      ],
      "passiveSet": {
        "passiveIdList": [
          828001,
          828004,
          860506,
          828008
        ]
      },
      "overridePersonalityId": 10209,
      "egoList": [
        {
          "egoID": 20201,
          "egoLevel": 4
        },
        {
          "egoID": 20203,
          "egoLevel": 4
        },
        {
          "egoID": 20202,
          "egoLevel": 4
        },
        {
          "egoID": 20206,
          "egoLevel": 4
        }
      ]
    },
    {
      "id": 8321,
      "nameID": 8292,
      "storyID": 8292,
      "unitScriptID": "ShadowAbnormality_Jealousy",
      "unitKeywordList": [
        "SHADOW_ENEMY",
        "SMALL"
      ],
      "classType": "ZAYIN",
      "attributeType": "VIOLET",
      "isOriginNormalEnemy": true,
      "hasMp": true,
      "patternID": "PickLikeAPlayerHighest",
      "startActionSlotNum": 1,
      "maxActionSlotNum": 1,
      "abnormalityPartList": [
        832101
      ],
      "passiveSet": {
        "passiveIdList": [
          828001,
          828004,
          860506,
          828008
        ]
      },
      "overridePersonalityId": 10809,
      "egoList": [
        {
          "egoID": 20801,
          "egoLevel": 4
        },
        {
          "egoID": 20802,
          "egoLevel": 4
        },
        {
          "egoID": 20803,
          "egoLevel": 4
        },
        {
          "egoID": 20805,
          "egoLevel": 4
        }
      ]
    },
    {
      "id": 8322,
      "nameID": 8292,
      "storyID": 8292,
      "unitScriptID": "ShadowAbnormality_Jealousy",
      "unitKeywordList": [
        "SHADOW_ENEMY",
        "SMALL"
      ],
      "classType": "ZAYIN",
      "attributeType": "VIOLET",
      "isOriginNormalEnemy": true,
      "hasMp": true,
      "patternID": "PickLikeAPlayerHighest",
      "startActionSlotNum": 1,
      "maxActionSlotNum": 1,
      "abnormalityPartList": [
        832201
      ],
      "passiveSet": {
        "passiveIdList": [
          828001,
          828004,
          860506,
          828005
        ]
      },
      "overridePersonalityId": 10509,
      "egoList": [
        {
          "egoID": 20501,
          "egoLevel": 4
        },
        {
          "egoID": 20505,
          "egoLevel": 4
        },
        {
          "egoID": 20503,
          "egoLevel": 4
        }
      ]
    },
    {
      "id": 8323,
      "nameID": 8292,
      "storyID": 8292,
      "unitScriptID": "ShadowAbnormality_Jealousy",
      "unitKeywordList": [
        "SHADOW_ENEMY",
        "SMALL"
      ],
      "classType": "ZAYIN",
      "attributeType": "VIOLET",
      "isOriginNormalEnemy": true,
      "hasMp": true,
      "patternID": "PickLikeAPlayerHighest",
      "startActionSlotNum": 1,
      "maxActionSlotNum": 1,
      "abnormalityPartList": [
        832301
      ],
      "initBuffList": [
        {
          "level": 1,
          "list": [
            {
              "buff": "KnowledgeExplored",
              "stack": 1
            }
          ]
        }
      ],
      "passiveSet": {
        "passiveIdList": [
          828001,
          828004,
          860506,
          828005
        ]
      },
      "overridePersonalityId": 10608,
      "egoList": [
        {
          "egoID": 20601,
          "egoLevel": 4
        },
        {
          "egoID": 20604,
          "egoLevel": 4
        },
        {
          "egoID": 20603,
          "egoLevel": 4
        }
      ]
    },
    {
      "id": 8324,
      "nameID": 8292,
      "storyID": 8292,
      "unitScriptID": "ShadowAbnormality_Jealousy",
      "unitKeywordList": [
        "SHADOW_ENEMY",
        "SMALL"
      ],
      "classType": "ZAYIN",
      "attributeType": "VIOLET",
      "isOriginNormalEnemy": true,
      "hasMp": true,
      "patternID": "PickLikeAPlayerHighest",
      "startActionSlotNum": 1,
      "maxActionSlotNum": 1,
      "abnormalityPartList": [
        832401
      ],
      "initBuffList": [
        {
          "level": 1,
          "list": [
            {
              "buff": "KnowledgeExplored",
              "stack": 1
            }
          ]
        }
      ],
      "passiveSet": {
        "passiveIdList": [
          828001,
          828004,
          860506,
          828005
        ]
      },
      "overridePersonalityId": 10907,
      "egoList": [
        {
          "egoID": 20901,
          "egoLevel": 4
        },
        {
          "egoID": 20903,
          "egoLevel": 4
        },
        {
          "egoID": 20905,
          "egoLevel": 4
        },
        {
          "egoID": 20906,
          "egoLevel": 4
        }
      ]
    },
    {
      "id": 8325,
      "nameID": 8292,
      "storyID": 8292,
      "unitScriptID": "ShadowAbnormality_Jealousy",
      "unitKeywordList": [
        "SHADOW_ENEMY",
        "SMALL"
      ],
      "classType": "ZAYIN",
      "attributeType": "VIOLET",
      "isOriginNormalEnemy": true,
      "hasMp": true,
      "patternID": "PickLikeAPlayerHighest",
      "startActionSlotNum": 1,
      "maxActionSlotNum": 1,
      "abnormalityPartList": [
        832501
      ],
      "initBuffList": [
        {
          "level": 1,
          "list": [
            {
              "buff": "KnowledgeExplored",
              "stack": 1
            }
          ]
        }
      ],
      "passiveSet": {
        "passiveIdList": [
          828001,
          828004,
          860506,
          828005
        ]
      },
      "overridePersonalityId": 10108,
      "egoList": [
        {
          "egoID": 20106,
          "egoLevel": 4
        },
        {
          "egoID": 20103,
          "egoLevel": 4
        },
        {
          "egoID": 20104,
          "egoLevel": 4
        },
        {
          "egoID": 20105,
          "egoLevel": 4
        }
      ]
    },
    {
      "id": 8326,
      "nameID": 8292,
      "storyID": 8292,
      "unitScriptID": "ShadowAbnormality_Jealousy",
      "unitKeywordList": [
        "SHADOW_ENEMY",
        "SMALL"
      ],
      "classType": "ZAYIN",
      "attributeType": "VIOLET",
      "isOriginNormalEnemy": true,
      "hasMp": true,
      "patternID": "PickLikeAPlayerHighest",
      "startActionSlotNum": 1,
      "maxActionSlotNum": 1,
      "abnormalityPartList": [
        832601
      ],
      "passiveSet": {
        "passiveIdList": [
          828001,
          828004,
          860506,
          828005
        ]
      },
      "overridePersonalityId": 10305,
      "egoList": [
        {
          "egoID": 20301,
          "egoLevel": 4
        },
        {
          "egoID": 20305,
          "egoLevel": 4
        },
        {
          "egoID": 20302,
          "egoLevel": 4
        }
      ]
    },
    {
      "id": 8327,
      "nameID": 8292,
      "storyID": 8292,
      "unitScriptID": "ShadowAbnormality_Jealousy",
      "unitKeywordList": [
        "SHADOW_ENEMY",
        "SMALL"
      ],
      "classType": "ZAYIN",
      "attributeType": "VIOLET",
      "isOriginNormalEnemy": true,
      "hasMp": true,
      "patternID": "PickLikeAPlayerHighest",
      "startActionSlotNum": 1,
      "maxActionSlotNum": 1,
      "abnormalityPartList": [
        832701
      ],
      "passiveSet": {
        "passiveIdList": [
          828001,
          828004,
          860506,
          828005
        ]
      },
      "overridePersonalityId": 11008,
      "egoList": [
        {
          "egoID": 21006,
          "egoLevel": 4
        },
        {
          "egoID": 21002,
          "egoLevel": 4
        },
        {
          "egoID": 21005,
          "egoLevel": 4
        }
      ]
    }
  ]
}