{
  "list": [
    {
      "id": 8363,
      "appearance": "8363_Ordeal_Dawn_Purple_FruitAppearance",
      "unitKeywordList": ["REGULAR"],
      "classType": "ZAYIN",
      "attributeType": "SHAMROCK",
      "hp": {
        "defaultStat": 89,
        "incrementByLevel": 3.08
      },
      "patternID": "8363",
      "abnormalityPartList": [
        836301
      ],
      "startActionSlotNum": 2,
      "maxActionSlotNum": 2,
      "attributeList": [
        {
          "skillId": 836301,
          "number": 1
        },
        {
          "skillId": 836302,
          "number": 2
        },
        {
          "skillId": 836305,
          "number": 1
        }
      ],
      "passiveSet": {
        "passiveIdList": [
          836302
        ]
      },
      "patternList": []
    },
    {
      "id": 8364,
      "storyID": 8363,
      "originID": 8363,
      "appearance": "8363_Ordeal_Dawn_Purple_FruitAppearance",
      "unitKeywordList": ["REGULAR"],
      "classType": "ZAYIN",
      "attributeType": "SHAMROCK",
      "hp": {
        "defaultStat": 89,
        "incrementByLevel": 3.39
      },
      "patternID": "8364",
      "abnormalityPartList": [
        836401
      ],
      "startActionSlotNum": 2,
      "maxActionSlotNum": 2,
      "attributeList": [
        {
          "skillId": 836301,
          "number": 1
        },
        {
          "skillId": 836303,
          "number": 1
        },
        {
          "skillId": 836304,
          "number": 1
        },
        {
          "skillId": 836305,
          "number": 1
        }
      ],
      "passiveSet": {
        "passiveIdList": [
          836302
        ]
      },
      "patternList": []
    },
    {
      "id": 8365,
      "storyID": 8363,
      "originID": 8363,
      "appearance": "8363_Ordeal_Dawn_Purple_FruitAppearance",
      "unitKeywordList": ["REGULAR"],
      "classType": "ZAYIN",
      "attributeType": "SHAMROCK",
      "hp": {
        "defaultStat": 89,
        "incrementByLevel": 3.71
      },
      "patternID": "8365",
      "abnormalityPartList": [
        836501
      ],
      "startActionSlotNum": 2,
      "maxActionSlotNum": 2,
      "attributeList": [
        {
          "skillId": 836301,
          "number": 1
        },
        {
          "skillId": 836304,
          "number": 1
        },
        {
          "skillId": 836305,
          "number": 1
        }
      ],
      "passiveSet": {
        "passiveIdList": [
          836302
        ]
      },
      "patternList": []
    },
    {
      "id": 8366,
      "appearance": "8366_Ordeal_Noon_Purple_LoveMeAppearance",
      "unitKeywordList": ["LARGE"],
      "classType": "ZAYIN",
      "attributeType": "SHAMROCK",
      "hp": {
        "defaultStat": 442,
        "incrementByLevel": 30.49
      },
      "patternID": "8366",
      "abnormalityPartList": [
        836601,
        836602,
        836603
      ],
      "attributeList": [
        {
          "skillId": 836601,
          "number": 1
        },
        {
          "skillId": 836602,
          "number": 1
        },
        {
          "skillId": 836604,
          "number": 1
        },
        {
          "skillId": 836605,
          "number": 1
        },
        {
          "skillId": 836606,
          "number": 1
        }
      ],
      "passiveSet": {
        "passiveIdList": [
          836601,
          836602
        ]
      },
      "patternList": [
        {
          "slotList": [
            {
              "skillParentList": [
                {
                  "skillChildList": [
                    {
                      "skillID": 836601,
                      "chance": 2
                    }
                  ],
                  "chance": 1
                }
              ]
            },
            {
              "skillParentList": [
                {
                  "skillChildList": [
                    {
                      "skillID": 836601,
                      "chance": 1
                    }
                  ],
                  "chance": 1
                }
              ]
            },
            {
              "skillParentList": [
                {
                  "skillChildList": [
                    {
                      "skillID": 836602,
                      "chance": 1
                    }
                  ],
                  "chance": 1
                }
              ]
            },
            {
              "skillParentList": [
                {
                  "skillChildList": [
                    {
                      "skillID": 836602,
                      "chance": 2
                    }
                  ],
                  "chance": 1
                }
              ]
            },
            {
              "skillParentList": [
                {
                  "skillChildList": [
                    {
                      "skillID": 836605,
                      "chance": 2
                    }
                  ],
                  "chance": 1
                }
              ]
            }
          ]
        },
        {
          "slotList": [
            {
              "skillParentList": [
                {
                  "skillChildList": [
                    {
                      "skillID": 836601,
                      "chance": 2
                    }
                  ],
                  "chance": 1
                }
              ]
            },
            {
              "skillParentList": [
                {
                  "skillChildList": [
                    {
                      "skillID": 836601,
                      "chance": 1
                    }
                  ],
                  "chance": 1
                }
              ]
            },
            {
              "skillParentList": [
                {
                  "skillChildList": [
                    {
                      "skillID": 836604,
                      "chance": 1
                    }
                  ],
                  "chance": 1
                }
              ]
            },
            {
              "skillParentList": [
                {
                  "skillChildList": [
                    {
                      "skillID": 836605,
                      "chance": 2
                    }
                  ],
                  "chance": 1
                }
              ]
            },
            {
              "skillParentList": [
                {
                  "skillChildList": [
                    {
                      "skillID": 836605,
                      "chance": 2
                    }
                  ],
                  "chance": 1
                }
              ]
            }
          ]
        },
        {
          "slotList": [
            {
              "skillParentList": [
                {
                  "skillChildList": [
                    {
                      "skillID": 836601,
                      "chance": 2
                    }
                  ],
                  "chance": 1
                }
              ]
            },
            {
              "skillParentList": [
                {
                  "skillChildList": [
                    {
                      "skillID": 836601,
                      "chance": 1
                    }
                  ],
                  "chance": 1
                }
              ]
            },
            {
              "skillParentList": [
                {
                  "skillChildList": [
                    {
                      "skillID": 836602,
                      "chance": 1
                    }
                  ],
                  "chance": 1
                }
              ]
            },
            {
              "skillParentList": [
                {
                  "skillChildList": [
                    {
                      "skillID": 836602,
                      "chance": 2
                    }
                  ],
                  "chance": 1
                }
              ]
            },
            {
              "skillParentList": [
                {
                  "skillChildList": [
                    {
                      "skillID": 836605,
                      "chance": 2
                    }
                  ],
                  "chance": 1
                }
              ]
            }
          ]
        },
        {
          "slotList": [
            {
              "skillParentList": [
                {
                  "skillChildList": [
                    {
                      "skillID": 836601,
                      "chance": 2
                    }
                  ],
                  "chance": 1
                }
              ]
            },
            {
              "skillParentList": [
                {
                  "skillChildList": [
                    {
                      "skillID": 836601,
                      "chance": 1
                    }
                  ],
                  "chance": 1
                }
              ]
            },
            {
              "skillParentList": [
                {
                  "skillChildList": [
                    {
                      "skillID": 836605,
                      "chance": 1
                    }
                  ],
                  "chance": 1
                }
              ]
            },
            {
              "skillParentList": [
                {
                  "skillChildList": [
                    {
                      "skillID": 836605,
                      "chance": 2
                    }
                  ],
                  "chance": 1
                }
              ]
            },
            {
              "skillParentList": [
                {
                  "skillChildList": [
                    {
                      "skillID": 836606,
                      "chance": 2
                    }
                  ],
                  "chance": 1
                }
              ]
            }
          ]
        }
      ]
    },
    {
      "id": 8367,
      "storyID": 8363,
      "originID": 8363,
      "nameID": 8363,
      "sdPortrait": 8363,
      "appearance": "8363_Ordeal_Dawn_Purple_FruitAppearance",
      "unitKeywordList": ["REGULAR"],
      "classType": "ZAYIN",
      "attributeType": "SHAMROCK",
      "hp": {
        "defaultStat": 89,
        "incrementByLevel": 3.08
      },
      "patternID": "8363",
      "abnormalityPartList": [
        836701
      ],
      "startActionSlotNum": 2,
      "maxActionSlotNum": 2,
      "attributeList": [
        {
          "skillId": 836301,
          "number": 1
        },
        {
          "skillId": 836302,
          "number": 2
        },
        {
          "skillId": 836305,
          "number": 1
        }
      ],
      "passiveSet": {
        "passiveIdList": [
          836302
        ]
      },
      "patternList": []
    },
    {
      "id": 8368,
      "storyID": 8363,
      "originID": 8363,
      "nameID": 8364,
      "sdPortrait": 8364,
      "appearance": "8363_Ordeal_Dawn_Purple_FruitAppearance",
      "unitKeywordList": ["REGULAR"],
      "classType": "ZAYIN",
      "attributeType": "SHAMROCK",
      "hp": {
        "defaultStat": 89,
        "incrementByLevel": 3.39
      },
      "patternID": "8364",
      "abnormalityPartList": [
        836801
      ],
      "startActionSlotNum": 2,
      "maxActionSlotNum": 2,
      "attributeList": [
        {
          "skillId": 836301,
          "number": 1
        },
        {
          "skillId": 836303,
          "number": 1
        },
        {
          "skillId": 836304,
          "number": 1
        },
        {
          "skillId": 836305,
          "number": 1
        }
      ],
      "passiveSet": {
        "passiveIdList": [
          836302
        ]
      },
      "patternList": []
    },
    {
      "id": 8369,
      "storyID": 8363,
      "originID": 8363,
      "nameID": 8365,
      "sdPortrait": 8365,
      "appearance": "8363_Ordeal_Dawn_Purple_FruitAppearance",
      "unitKeywordList": ["REGULAR"],
      "classType": "ZAYIN",
      "attributeType": "SHAMROCK",
      "hp": {
        "defaultStat": 89,
        "incrementByLevel": 3.71
      },
      "patternID": "8365",
      "abnormalityPartList": [
        836901
      ],
      "startActionSlotNum": 2,
      "maxActionSlotNum": 2,
      "attributeList": [
        {
          "skillId": 836301,
          "number": 1
        },
        {
          "skillId": 836304,
          "number": 1
        },
        {
          "skillId": 836305,
          "number": 1
        }
      ],
      "passiveSet": {
        "passiveIdList": [
          836302
        ]
      },
      "patternList": []
    },
    {
      "id": 8370,
      "viewid": 8366,
      "originID": 8366,
      "storyID": 8366,
      "nameID": 8366,
      "sdPortrait": 8366,
      "appearance": "8366_Ordeal_Noon_Purple_LoveMeAppearance",
      "unitKeywordList": ["LARGE"],
      "classType": "ZAYIN",
      "attributeType": "SHAMROCK",
      "hp": {
        "defaultStat": 442,
        "incrementByLevel": 30.49
      },
      "patternID": "8366",
      "abnormalityPartList": [
        837001,
        837002,
        837003
      ],
      "attributeList": [
        {
          "skillId": 836601,
          "number": 1
        },
        {
          "skillId": 836602,
          "number": 1
        },
        {
          "skillId": 836604,
          "number": 1
        },
        {
          "skillId": 836605,
          "number": 1
        },
        {
          "skillId": 836606,
          "number": 1
        }
      ],
      "passiveSet": {
        "passiveIdList": [
          836601,
          836602
        ]
      },
      "patternList": [
        {
          "slotList": [
            {
              "skillParentList": [
                {
                  "skillChildList": [
                    {
                      "skillID": 836601,
                      "chance": 2
                    }
                  ],
                  "chance": 1
                }
              ]
            },
            {
              "skillParentList": [
                {
                  "skillChildList": [
                    {
                      "skillID": 836601,
                      "chance": 1
                    }
                  ],
                  "chance": 1
                }
              ]
            },
            {
              "skillParentList": [
                {
                  "skillChildList": [
                    {
                      "skillID": 836602,
                      "chance": 1
                    }
                  ],
                  "chance": 1
                }
              ]
            },
            {
              "skillParentList": [
                {
                  "skillChildList": [
                    {
                      "skillID": 836602,
                      "chance": 2
                    }
                  ],
                  "chance": 1
                }
              ]
            },
            {
              "skillParentList": [
                {
                  "skillChildList": [
                    {
                      "skillID": 836605,
                      "chance": 2
                    }
                  ],
                  "chance": 1
                }
              ]
            }
          ]
        },
        {
          "slotList": [
            {
              "skillParentList": [
                {
                  "skillChildList": [
                    {
                      "skillID": 836601,
                      "chance": 2
                    }
                  ],
                  "chance": 1
                }
              ]
            },
            {
              "skillParentList": [
                {
                  "skillChildList": [
                    {
                      "skillID": 836601,
                      "chance": 1
                    }
                  ],
                  "chance": 1
                }
              ]
            },
            {
              "skillParentList": [
                {
                  "skillChildList": [
                    {
                      "skillID": 836604,
                      "chance": 1
                    }
                  ],
                  "chance": 1
                }
              ]
            },
            {
              "skillParentList": [
                {
                  "skillChildList": [
                    {
                      "skillID": 836605,
                      "chance": 2
                    }
                  ],
                  "chance": 1
                }
              ]
            },
            {
              "skillParentList": [
                {
                  "skillChildList": [
                    {
                      "skillID": 836605,
                      "chance": 2
                    }
                  ],
                  "chance": 1
                }
              ]
            }
          ]
        },
        {
          "slotList": [
            {
              "skillParentList": [
                {
                  "skillChildList": [
                    {
                      "skillID": 836601,
                      "chance": 2
                    }
                  ],
                  "chance": 1
                }
              ]
            },
            {
              "skillParentList": [
                {
                  "skillChildList": [
                    {
                      "skillID": 836601,
                      "chance": 1
                    }
                  ],
                  "chance": 1
                }
              ]
            },
            {
              "skillParentList": [
                {
                  "skillChildList": [
                    {
                      "skillID": 836602,
                      "chance": 1
                    }
                  ],
                  "chance": 1
                }
              ]
            },
            {
              "skillParentList": [
                {
                  "skillChildList": [
                    {
                      "skillID": 836602,
                      "chance": 2
                    }
                  ],
                  "chance": 1
                }
              ]
            },
            {
              "skillParentList": [
                {
                  "skillChildList": [
                    {
                      "skillID": 836605,
                      "chance": 2
                    }
                  ],
                  "chance": 1
                }
              ]
            }
          ]
        },
        {
          "slotList": [
            {
              "skillParentList": [
                {
                  "skillChildList": [
                    {
                      "skillID": 836601,
                      "chance": 2
                    }
                  ],
                  "chance": 1
                }
              ]
            },
            {
              "skillParentList": [
                {
                  "skillChildList": [
                    {
                      "skillID": 836601,
                      "chance": 1
                    }
                  ],
                  "chance": 1
                }
              ]
            },
            {
              "skillParentList": [
                {
                  "skillChildList": [
                    {
                      "skillID": 836605,
                      "chance": 1
                    }
                  ],
                  "chance": 1
                }
              ]
            },
            {
              "skillParentList": [
                {
                  "skillChildList": [
                    {
                      "skillID": 836605,
                      "chance": 2
                    }
                  ],
                  "chance": 1
                }
              ]
            },
            {
              "skillParentList": [
                {
                  "skillChildList": [
                    {
                      "skillID": 836606,
                      "chance": 2
                    }
                  ],
                  "chance": 1
                }
              ]
            }
          ]
        }
      ]
    }
  ]
}