{
  "list": [
    {
      "id": 8063,
      "appearance": "8063_Crab_BossAppearance",
      "unitKeywordList": ["CRAPCRAB","LARGE"],
      "level": 5,
      "classType": "ZAYIN",
      "attributeType": "SCARLET",
      "hp": {
        "defaultStat": 220,
        "incrementByLevel": 9.5
      },
      "patternID": "8063",
      "startActionSlotNum": 5,
      "maxActionSlotNum": 5,
      "abnormalityPartList": [
        806301,
        806302
      ],
      "attributeList": [
        {
          "skillId": 806301,
          "number": 1
        },
        {
          "skillId": 806302,
          "number": 1
        },
        {
          "skillId": 806303,
          "number": 1
        },
        {
          "skillId": 806304,
          "number": 1
        },
        {
          "skillId": 806305,
          "number": 1
        },
        {
          "skillId": 806306,
          "number": 1
        },
        {
          "skillId": 806307,
          "number": 1
        }
      ],
      "passiveSet": {
        "passiveIdList": [
          806303,
          806304
        ]
      },
      "patternList": [
        {
          "slotList": [
            {
              "skillParentList": [
                {
                  "skillChildList": [
                    {
                      "skillID": 806302,
                      "chance": 1
                    }
                  ],
                  "chance": 1
                }
              ]
            },
            {
              "skillParentList": [
                {
                  "skillChildList": [
                    {
                      "skillID": 806304,
                      "chance": 1
                    }
                  ],
                  "chance": 1
                }
              ]
            },
            {
              "skillParentList": [
                {
                  "skillChildList": [
                    {
                      "skillID": 806301,
                      "chance": 1
                    }
                  ],
                  "chance": 1
                }
              ]
            },
            {
              "skillParentList": [
                {
                  "skillChildList": [
                    {
                      "skillID": 806307,
                      "chance": 1
                    }
                  ],
                  "chance": 1
                }
              ]
            }
          ]
        },
        {
          "slotList": [
            {
              "skillParentList": [
                {
                  "skillChildList": [
                    {
                      "skillID": 806303,
                      "chance": 1
                    }
                  ],
                  "chance": 1
                }
              ]
            },
            {
              "skillParentList": [
                {
                  "skillChildList": [
                    {
                      "skillID": 806304,
                      "chance": 1
                    }
                  ],
                  "chance": 1
                }
              ]
            },
            {
              "skillParentList": [
                {
                  "skillChildList": [
                    {
                      "skillID": 806304,
                      "chance": 1
                    }
                  ],
                  "chance": 1
                }
              ]
            },
            {
              "skillParentList": [
                {
                  "skillChildList": [
                    {
                      "skillID": 806307,
                      "chance": 1
                    }
                  ],
                  "chance": 1
                }
              ]
            }
          ]
        },
        {
          "slotList": [
            {
              "skillParentList": [
                {
                  "skillChildList": [
                    {
                      "skillID": 806305,
                      "chance": 1
                    }
                  ],
                  "chance": 1
                }
              ]
            },
            {
              "skillParentList": [
                {
                  "skillChildList": [
                    {
                      "skillID": 806305,
                      "chance": 1
                    }
                  ],
                  "chance": 1
                }
              ]
            },
            {
              "skillParentList": [
                {
                  "skillChildList": [
                    {
                      "skillID": 806301,
                      "chance": 1
                    }
                  ],
                  "chance": 1
                }
              ]
            },
            {
              "skillParentList": [
                {
                  "skillChildList": [
                    {
                      "skillID": 806301,
                      "chance": 1
                    }
                  ],
                  "chance": 1
                }
              ]
            },
            {
              "skillParentList": [
                {
                  "skillChildList": [
                    {
                      "skillID": 806306,
                      "chance": 1
                    }
                  ],
                  "chance": 1
                }
              ]
            }
          ]
        }
      ]
    },
    {
      "id": 8070,
      "appearance": "90077_Crab_SlashAppearance",
      "unitKeywordList": ["CRAPCRAB","SMALL"],
      "level": 5,
      "classType": "ZAYIN",
      "attributeType": "SCARLET",
      "hp": {
        "defaultStat": 40,
        "incrementByLevel": 1
      },
      "patternID": "AutoPick",
      "startActionSlotNum": 1,
      "maxActionSlotNum": 1,
      "abnormalityPartList": [
        807001
      ],
      "attributeList": [
        {
          "skillId": 9007701,
          "number": 3
        },
        {
          "skillId": 9007702,
          "number": 2
        },
        {
          "skillId": 9007703,
          "number": 1
        },
        {
          "skillId": 9007704,
          "number": 1
        },
        {
          "skillId": 9007705,
          "number": 1
        }
      ],
      "passiveSet": {
        "passiveIdList": [
          9007701
        ]
      }
    },
    {
      "id": 8071,
      "appearance": "90078_Crab_PenetrateAppearance",
      "unitKeywordList": ["CRAPCRAB"],
      "level": 5,
      "classType": "ZAYIN",
      "attributeType": "SCARLET",
      "hp": {
        "defaultStat": 40,
        "incrementByLevel": 1
      },
      "patternID": "AutoPick",
      "startActionSlotNum": 1,
      "maxActionSlotNum": 1,
      "abnormalityPartList": [
        807101
      ],
      "attributeList": [
        {
          "skillId": 9007801,
          "number": 3
        },
        {
          "skillId": 9007802,
          "number": 2
        },
        {
          "skillId": 9007803,
          "number": 1
        },
        {
          "skillId": 9007804,
          "number": 1
        },
        {
          "skillId": 9007805,
          "number": 1
        }
      ],
      "passiveSet": {
        "passiveIdList": [
          9007801
        ]
      }
    },
    {
      "id": 8072,
      "appearance": "90079_Crab_HitAppearance",
      "unitKeywordList": ["CRAPCRAB","SMALL"],
      "level": 5,
      "classType": "ZAYIN",
      "attributeType": "SCARLET",
      "hp": {
        "defaultStat": 40,
        "incrementByLevel": 1
      },
      "patternID": "AutoPick",
      "startActionSlotNum": 1,
      "maxActionSlotNum": 1,
      "abnormalityPartList": [
        807201
      ],
      "attributeList": [
        {
          "skillId": 9007901,
          "number": 3
        },
        {
          "skillId": 9007902,
          "number": 2
        },
        {
          "skillId": 9007903,
          "number": 1
        },
        {
          "skillId": 9007904,
          "number": 1
        },
        {
          "skillId": 9007905,
          "number": 1
        }
      ],
      "passiveSet": {
        "passiveIdList": [
          9007901
        ]
      }
    },
    {
      "id": 8073,
      "appearance": "90080_Crab_Elite_BAppearance",
      "unitKeywordList": ["CRAPCRAB","REGULAR"],
      "level": 5,
      "classType": "ZAYIN",
      "attributeType": "SCARLET",
      "hp": {
        "defaultStat": 120,
        "incrementByLevel": 2.15
      },
      "patternID": "PickByPattern_Abnormality",
      "startActionSlotNum": 2,
      "maxActionSlotNum": 2,
      "abnormalityPartList": [
        807301
      ],
      "attributeList": [
        {
          "skillId": 9008001,
          "number": 3
        },
        {
          "skillId": 9008002,
          "number": 2
        },
        {
          "skillId": 9008003,
          "number": 1
        },
        {
          "skillId": 9008004,
          "number": 1
        },
        {
          "skillId": 9008005,
          "number": 1
        }
      ],
      "patternList": [
        {
          "slotList": [
            {
              "skillParentList": [
                {
                  "skillChildList": [
                    {
                      "skillID": 9008003,
                      "chance": 1
                    }
                  ],
                  "chance": 1
                }
              ]
            },
            {
              "skillParentList": [
                {
                  "skillChildList": [
                    {
                      "skillID": 9008003,
                      "chance": 1
                    }
                  ],
                  "chance": 1
                }
              ]
            }
          ]
        },
        {
          "slotList": [
            {
              "skillParentList": [
                {
                  "skillChildList": [
                    {
                      "skillID": 9008004,
                      "chance": 1
                    }
                  ],
                  "chance": 1
                }
              ]
            },
            {
              "skillParentList": [
                {
                  "skillChildList": [
                    {
                      "skillID": 9008005,
                      "chance": 1
                    }
                  ],
                  "chance": 1
                }
              ]
            }
          ]
        },
        {
          "slotList": [
            {
              "skillParentList": [
                {
                  "skillChildList": [
                    {
                      "skillID": 9008002,
                      "chance": 1
                    }
                  ],
                  "chance": 1
                }
              ]
            },
            {
              "skillParentList": [
                {
                  "skillChildList": [
                    {
                      "skillID": 9008001,
                      "chance": 1
                    }
                  ],
                  "chance": 1
                }
              ]
            }
          ]
        }
      ],
      "passiveSet": {
        "passiveIdList": [
          9008001
        ]
      }
    },
    {
      "id": 8074,
      "appearance": "90081_Crab_Elite_AAppearance",
      "unitKeywordList": ["CRAPCRAB","REGULAR"],
      "level": 5,
      "classType": "ZAYIN",
      "attributeType": "SCARLET",
      "hp": {
        "defaultStat": 120,
        "incrementByLevel": 2.15
      },
      "patternID": "90081_abnormality",
      "startActionSlotNum": 2,
      "maxActionSlotNum": 2,
      "abnormalityPartList": [
        807401
      ],
      "attributeList": [
        {
          "skillId": 9008101,
          "number": 3
        },
        {
          "skillId": 9008102,
          "number": 2
        },
        {
          "skillId": 9008103,
          "number": 1
        },
        {
          "skillId": 9008104,
          "number": 1
        },
        {
          "skillId": 9008105,
          "number": 1
        },
        {
          "skillId": 9008106,
          "number": 1
        }
      ],
      "patternList": [
        {
          "slotList": [
            {
              "skillParentList": [
                {
                  "skillChildList": [
                    {
                      "skillID": 9008104,
                      "chance": 1
                    }
                  ],
                  "chance": 1
                }
              ]
            },
            {
              "skillParentList": [
                {
                  "skillChildList": [
                    {
                      "skillID": 9008104,
                      "chance": 1
                    }
                  ],
                  "chance": 1
                }
              ]
            }
          ]
        },
        {
          "slotList": [
            {
              "skillParentList": [
                {
                  "skillChildList": [
                    {
                      "skillID": 9008105,
                      "chance": 1
                    }
                  ],
                  "chance": 1
                }
              ]
            },
            {
              "skillParentList": [
                {
                  "skillChildList": [
                    {
                      "skillID": 9008106,
                      "chance": 1
                    }
                  ],
                  "chance": 1
                }
              ]
            }
          ]
        },
        {
          "slotList": [
            {
              "skillParentList": [
                {
                  "skillChildList": [
                    {
                      "skillID": 9008103,
                      "chance": 1
                    }
                  ],
                  "chance": 1
                }
              ]
            },
            {
              "skillParentList": [
                {
                  "skillChildList": [
                    {
                      "skillID": 9008103,
                      "chance": 1
                    }
                  ],
                  "chance": 1
                }
              ]
            }
          ]
        },
        {
          "slotList": [
            {
              "skillParentList": [
                {
                  "skillChildList": [
                    {
                      "skillID": 9008102,
                      "chance": 1
                    }
                  ],
                  "chance": 1
                }
              ]
            },
            {
              "skillParentList": [
                {
                  "skillChildList": [
                    {
                      "skillID": 9008101,
                      "chance": 1
                    }
                  ],
                  "chance": 1
                }
              ]
            }
          ]
        }
      ],
      "passiveSet": {
        "passiveIdList": [
          9008101,
          9008102
        ]
      }
    }
  ]
}