{
  "list": [
    {
      "id": 16,
      "startDate": "2024-07-08T03:00:00.000Z",
      "startDateForUI": "2024-09-26T03:00:00.000Z",
      "endDate": "2024-11-13T21:00:00.000Z",
      "endDateForUI": "2024-10-31T20:59:59.000Z",
      "gracePeriod": "2024-11-13T21:00:00.000Z",
      "canBeReset": false,
      "unlockCondition": {
        "unlockCode": 90002
      },
      "dailyLoginRewardItem": {
        "type": "ITEM",
        "id": 20023,
        "num": 1
      },
      "eventRewardDatas": [
        {
          "rewardId": 1,
          "rewardCondition": {
            "type": "ITEM",
            "id": 20023,
            "num": 1
          },
          "rewardItemList": [
            {
              "type": "ITEM",
              "id": 101,
              "num": 1
            }
          ],
          "limitCount": 1
        },
        {
          "rewardId": 2,
          "rewardCondition": {
            "type": "ITEM",
            "id": 20023,
            "num": 2
          },
          "rewardItemList": [
            {
              "type": "ITEM",
              "id": 101,
              "num": 1
            }
          ],
          "limitCount": 1
        },
        {
          "rewardId": 3,
          "rewardCondition": {
            "type": "ITEM",
            "id": 20023,
            "num": 3
          },
          "rewardItemList": [
            {
              "type": "ITEM",
              "id": 101,
              "num": 2
            }
          ],
          "limitCount": 1
        },
        {
          "rewardId": 4,
          "rewardCondition": {
            "type": "ITEM",
            "id": 20023,
            "num": 4
          },
          "rewardItemList": [
            {
              "type": "ITEM",
              "id": 11,
              "num": 3
            }
          ],
          "limitCount": 1
        },
        {
          "rewardId": 5,
          "rewardCondition": {
            "type": "ITEM",
            "id": 20023,
            "num": 5
          },
          "rewardItemList": [
            {
              "type": "ITEM",
              "id": 101,
              "num": 1
            }
          ],
          "limitCount": 1
        },
        {
          "rewardId": 6,
          "rewardCondition": {
            "type": "ITEM",
            "id": 20023,
            "num": 6
          },
          "rewardItemList": [
            {
              "type": "ITEM",
              "id": 11,
              "num": 3
            }
          ],
          "limitCount": 1
        },
        {
          "rewardId": 7,
          "rewardCondition": {
            "type": "ITEM",
            "id": 20023,
            "num": 7
          },
          "rewardItemList": [
            {
              "type": "ITEM",
              "id": 103,
              "num": 1
            }
          ],
          "limitCount": 1
        },
        {
          "rewardId": 8,
          "rewardCondition": {
            "type": "ITEM",
            "id": 20023,
            "num": 1
          },
          "rewardItemList": [
            {
              "type": "ITEM",
              "id": 101,
              "num": 1
            },
            {
              "type": "ITEM",
              "id": 301,
              "num": 2
            },
            {
              "type": "ITEM",
              "id": 214,
              "num": 13
            },
            {
              "type": "ITEM",
              "id": 201,
              "num": 20
            }
          ],
          "limitCount": 1,
          "uiConfig": {
            "tag": "ReturnUserDailyLogin_Start"
          }
        }
      ],
      "eventMainItemId": 20023
    }
  ]
}