{
  "list": [
    {
      "id": 1001,
      "attributeType": "AMBER"
    },
    {
      "id": 1002,
      "attributeType": "SCARLET"
    },
    {
      "id": 1003,
      "attributeType": "SHAMROCK"
    },
    {
      "id": 1004,
      "attributeType": "SCARLET"
    },
    {
      "id": 1005,
      "attributeType": "SHAMROCK"
    },
    {
      "id": 1006,
      "attributeType": "CRIMSON"
    },
    {
      "id": 1011,
      "attributeType": "INDIGO"
    },
    {
      "id": 1012,
      "attributeType": "INDIGO"
    },
    {
      "id": 1013,
      "attributeType": "INDIGO"
    },
    {
      "id": 1014,
      "attributeType": "INDIGO"
    },
    {
      "id": 1015,
      "attributeType": "INDIGO"
    },
    {
      "id": 1016,
      "attributeType": "INDIGO",
      "useLimit": 1
    },
    {
      "id": 1017,
      "attributeType": "VIOLET"
    },
    {
      "id": 1018,
      "attributeType": "SCARLET"
    },
    {
      "id": 1021,
      "iconId": 1021,
      "attributeType": "CRIMSON"
    },
    {
      "id": 1022,
      "iconId": 1021,
      "attributeType": "CRIMSON"
    },
    {
      "id": 1023,
      "iconId": 1021,
      "attributeType": "CRIMSON"
    },
    {
      "id": 1024,
      "iconId": 1021,
      "attributeType": "CRIMSON"
    },
    {
      "id": 1031,
      "attributeType": "CRIMSON"
    },
    {
      "id": 1032,
      "attributeType": "CRIMSON",
      "useLimit": 3
    },
    {
      "id": 1033,
      "attributeType": "INDIGO",
      "useLimit": 1
    },
    {
      "id": 1034,
      "attributeType": "SCARLET"
    },
    {
      "id": 1035,
      "attributeType": "SCARLET"
    },
    {
      "id": 1036,
      "attributeType": "SCARLET"
    },
    {
      "id": 1037,
      "attributeType": "SCARLET"
    },
    {
      "id": 1038,
      "attributeType": "CRIMSON",
      "type": "CHOICE_SELECTED_CHARACTER"
    },
    {
      "id": 1039,
      "attributeType": "AZURE",
      "type": "CHOICE_SELECTED_CHARACTER"
    },
    {
      "id": 1040,
      "attributeType": "SCARLET"
    },
    {
      "id": 1041,
      "attributeType": "SCARLET"
    },
    {
      "id": 1042,
      "attributeType": "SCARLET"
    },
    {
      "id": 1043,
      "attributeType": "SCARLET",
      "type": "CHOICE_SELECTED_CHARACTER"
    },
    {
      "id": 1044,
      "attributeType": "INDIGO"
    },
    {
      "id": 1045,
      "attributeType": "SCARLET"
    },
    {
      "id": 1046,
      "attributeType": "SCARLET",
      "useLimit": 1
    },
    {
      "id": 1047,
      "attributeType": "SCARLET"
    },
    {
      "id": 1048,
      "attributeType": "INDIGO"
    },
    {
      "id": 1049,
      "attributeType": "INDIGO"
    },
    {
      "id": 1050,
      "attributeType": "INDIGO"
    },
    {
      "id": 1051,
      "attributeType": "SCARLET"
    },
    {
      "id": 2001,
      "attributeType": "SHAMROCK"
    },
    {
      "id": 2002,
      "attributeType": "SHAMROCK"
    },
    {
      "id": 2003,
      "attributeType": "SHAMROCK"
    },
    {
      "id": 2004,
      "attributeType": "AZURE"
    },
    {
      "id": 2005,
      "attributeType": "AMBER"
    },
    {
      "id": 2006,
      "attributeType": "INDIGO"
    },
    {
      "id": 2007,
      "attributeType": "AMBER"
    },
    {
      "id": 2008,
      "attributeType": "AZURE",
      "subEgoGiftAbilityIDList": [
        20081
      ]
    },
    {
      "id": 2009,
      "attributeType": "AZURE"
    },
    {
      "id": 2010,
      "attributeType": "INDIGO"
    },
    {
      "id": 2011,
      "attributeType": "INDIGO"
    },
    {
      "id": 2012,
      "attributeType": "SHAMROCK"
    },
    {
      "id": 2013,
      "attributeType": "AZURE"
    },
    {
      "id": 2014,
      "attributeType": "AMBER"
    },
    {
      "id": 2015,
      "attributeType": "AMBER",
      "subEgoGiftAbilityIDList": [
        20151,
        20152
      ]
    },
    {
      "id": 2016,
      "attributeType": "AMBER"
    },
    {
      "id": 9016,
      "attributeType": "SHAMROCK"
    },
    {
      "id": 9013,
      "attributeType": "AMBER"
    },
    {
      "id": 9011,
      "attributeType": "AMBER"
    },
    {
      "id": 9033,
      "attributeType": "VIOLET"
    }
  ]
}