{
  "list": [
    {
      "id": 815901
    },
    {
      "id": 816001
    },
    {
      "id": 9012801
    },
    {
      "id": 9012802
    },
    {
      "id": 9013001
    },
    {
      "id": 9013101
    },
    {
      "id": 9013102
    },
    {
      "id": 9013301
    },
    {
      "id": 9013302
    },
    {
      "id": 9101501
    },
    {
      "id": 9101502
    },
    {
      "id": 9101503
    },
    {
      "id": 9101504
    },
    {
      "id": 9101505
    },
    {
      "id": 9101601
    },
    {
      "id": 9101602
    },
    {
      "id": 9101603
    },
    {
      "id": 9101604
    },
    {
      "id": 9101605
    },
    {
      "id": 816401
    },
    {
      "id": 816402
    },
    {
      "id": 816403
    },
    {
      "id": 816404
    },
    {
      "id": 816405
    },
    {
      "id": 816406
    },
    {
      "id": 816501
    },
    {
      "id": 816502
    },
    {
      "id": 816503
    },
    {
      "id": 816504
    },
    {
      "id": 816505
    }
  ]
}