{
  "list": [
    {
      "id": 857301
    },
    {
      "id": 857302
    },
    {
      "id": 857401
    },
    {
      "id": 857501
    },
    {
      "id": 857502
    },
    {
      "id": 857503
    },
    {
      "id": 857701
    },
    {
      "id": 857702
    },
    {
      "id": 857703
    },
    {
      "id": 857801
    },
    {
      "id": 857802
    },
    {
      "id": 857803
    },
    {
      "id": 857804
    },
    {
      "id": 857805
    },
    {
      "id": 857806
    },
    {
      "id": 858801
    },
    {
      "id": 857303
    },
    {
      "id": 858501
    },
    {
      "id": 858502
    },
    {
      "id": 858504
    },
    {
      "id": 858505
    },
    {
      "id": 860401
    },
    {
      "id": 860402
    },
    {
      "id": 860403
    },
    {
      "id": 858601
    }
  ]
}