{
  "list": [
    {
      "id": 835001
    },
    {
      "id": 835002
    },
    {
      "id": 835003
    },
    {
      "id": 835004
    },
    {
      "id": 835005
    },
    {
      "id": 834801
    },
    {
      "id": 9014501
    },
    {
      "id": 9014502
    },
    {
      "id": 9014503
    },
    {
      "id": 9014801
    },
    {
      "id": 9014802
    },
    {
      "id": 9015101
    },
    {
      "id": 9015102
    },
    {
      "id": 9015201
    },
    {
      "id": 9014803
    }
  ]
}