{
  "list": [
    {
      "id": 860501
    },
    {
      "id": 860502
    },
    {
      "id": 860503
    },
    {
      "id": 860504
    },
    {
      "id": 860505
    },
    {
      "id": 860506
    },
    {
      "id": 860507
    },
    {
      "id": 860601
    },
    {
      "id": 860602
    },
    {
      "id": 860603
    },
    {
      "id": 860701
    },
    {
      "id": 860702
    },
    {
      "id": 860703
    },
    {
      "id": 860801
    },
    {
      "id": 860802
    },
    {
      "id": 860803
    },
    {
      "id": 860804
    },
    {
      "id": 862801
    },
    {
      "id": 862802
    },
    {
      "id": 862803
    },
    {
      "id": 828001
    },
    {
      "id": 828002
    },
    {
      "id": 828003
    },
    {
      "id": 828004
    },
    {
      "id": 828005
    },
    {
      "id": 828006
    },
    {
      "id": 828007
    },
    {
      "id": 828008
    },
    {
      "id": 862901
    },
    {
      "id": 862902
    },
    {
      "id": 862903
    },
    {
      "id": 862904
    }
  ]
}