{
  "list": [
    {
      "id": 810001
    },
    {
      "id": 810002
    },
    {
      "id": 810701
    },
    {
      "id": 810702
    },
    {
      "id": 810201
    },
    {
      "id": 810202
    },
    {
      "id": 810203
    },
    {
      "id": 810204
    },
    {
      "id": 810801
    },
    {
      "id": 810802
    },
    {
      "id": 810803
    },
    {
      "id": 9009801
    },
    {
      "id": 9009802
    },
    {
      "id": 9009803
    },
    {
      "id": 9009804
    },
    {
      "id": 810101
    },
    {
      "id": 810102
    },
    {
      "id": 810103
    },
    {
      "id": 810104
    },
    {
      "id": 810105
    },
    {
      "id": 810901
    },
    {
      "id": 810902
    },
    {
      "id": 810301
    },
    {
      "id": 810302
    },
    {
      "id": 810303
    },
    {
      "id": 810304
    },
    {
      "id": 810305
    },
    {
      "id": 810306
    },
    {
      "id": 810401
    },
    {
      "id": 810402
    },
    {
      "id": 810501
    },
    {
      "id": 810502
    },
    {
      "id": 810503
    },
    {
      "id": 810504
    },
    {
      "id": 810601
    },
    {
      "id": 810602
    },
    {
      "id": 810603
    },
    {
      "id": 810604
    },
    {
      "id": 810605
    },
    {
      "id": 810606
    },
    {
      "id": 810607
    },
    {
      "id": 813803
    }
  ]
}