{
  "list": [
    {
      "id": 9011601
    },
    {
      "id": 9011801
    },
    {
      "id": 9012001
    },
    {
      "id": 9012201
    },
    {
      "id": 9012301
    },
    {
      "id": 9012501
    },
    {
      "id": 9012601
    },
    {
      "id": 9012602
    },
    {
      "id": 9101401
    },
    {
      "id": 9101402
    },
    {
      "id": 9101403
    },
    {
      "id": 9101404
    },
    {
      "id": 9999998
    },
    {
      "id": 9999999
    }
  ]
}