{
  "list": [
    {
      "id": 1,
      "requiredItem": {
        "id": 11,
        "num": 2,
        "type": "ITEM"
      },
      "skipRequiredItem": {
        "id": 11,
        "num": 4,
        "type": "ITEM"
      },
      "stageId": 1,
      "validAttacks": ["SLASH"],
      "validAttributes": [],
      "openChapterData": {
        "mainChapterId": 1,
        "subChapterId": 102,
        "nodeId": 10212
      },
      "normalReward": {
        "acquireExp": 40,
        "acquireTotalExpForPersonality": 0,
        "rewards": [
          {
            "id": 211,
            "num": 6,
            "type": "ITEM"
          },
          {
            "id": 212,
            "num": 7,
            "type": "ITEM"
          }
        ]
      },
      "skipRewardModify": 1.5
    },
    {
      "id": 2,
      "requiredItem": {
        "id": 11,
        "num": 2,
        "type": "ITEM"
      },
      "skipRequiredItem": {
        "id": 11,
        "num": 4,
        "type": "ITEM"
      },
      "stageId": 2,
      "validAttacks": ["PENETRATE"],
      "validAttributes": [],
      "openChapterData": {
        "mainChapterId": 1,
        "subChapterId": 102,
        "nodeId": 10219
      },
      "normalReward": {
        "acquireExp": 40,
        "acquireTotalExpForPersonality": 0,
        "rewards": [
          {
            "id": 212,
            "num": 3,
            "type": "ITEM"
          },
          {
            "id": 213,
            "num": 3,
            "type": "ITEM"
          }
        ]
      },
      "skipRewardModify": 1.5
    },
    {
      "id": 3,
      "requiredItem": {
        "id": 11,
        "num": 2,
        "type": "ITEM"
      },
      "skipRequiredItem": {
        "id": 11,
        "num": 4,
        "type": "ITEM"
      },
      "stageId": 3,
      "validAttacks": ["HIT"],
      "validAttributes": [],
      "openChapterData": {
        "mainChapterId": 1,
        "subChapterId": 103,
        "nodeId": 10316
      },
      "normalReward": {
        "acquireExp": 40,
        "acquireTotalExpForPersonality": 0,
        "rewards": [
          {
            "id": 212,
            "num": 4,
            "type": "ITEM"
          },
          {
            "id": 213,
            "num": 4,
            "type": "ITEM"
          }
        ]
      },
      "skipRewardModify": 1.5
    }
  ]
}