{
  "list": [
    {
      "id": 9086,
      "attributeType": "AZURE",
      "subEgoGiftAbilityIDList": [
        90861
      ],
      "upgradeDataList": [
        {
          "upgradeLevel": 0,
          "localizeID": 9086,
          "abilityIDList": [9086,90861]
        },
        {
          "upgradeLevel": 1,
          "localizeID": 19086,
          "abilityIDList": [19086,190861]
        },
        {
          "upgradeLevel": 2,
          "localizeID": 29086,
          "abilityIDList": [29086,290861]
        }
      ],
      "tag": [
        "TIER_2",
        "EXTRA"
      ],
      "keyword": "Vibration",
      "lockType": false,
      "price": 216
    },
    {
      "id": 9087,
      "attributeType": "AMBER",
      "upgradeDataList": [
        {
          "upgradeLevel": 0,
          "localizeID": 9087,
          "abilityIDList": [9087]
        },
        {
          "upgradeLevel": 1,
          "localizeID": 19087,
          "abilityIDList": [19087]
        },
        {
          "upgradeLevel": 2,
          "localizeID": 29087,
          "abilityIDList": [29087]
        }
      ],
      "tag": [
        "TIER_1"
      ],
      "keyword": "Combustion",
      "lockType": false,
      "price": 141
    },
    {
      "id": 9088,
      "attributeType": "INDIGO",
      "subEgoGiftAbilityIDList": [
        90881
      ],
      "tag": [
        "TIER_4"
      ],
      "keyword": "Combustion",
      "lockType": false,
      "price": 421
    },
    {
      "id": 9089,
      "attributeType": "VIOLET",
      "subEgoGiftAbilityIDList": [
        90891
      ],
      "upgradeDataList": [
        {
          "upgradeLevel": 0,
          "localizeID": 9089,
          "abilityIDList": [9089,90891]
        },
        {
          "upgradeLevel": 1,
          "localizeID": 19089,
          "abilityIDList": [19089,190891]
        },
        {
          "upgradeLevel": 2,
          "localizeID": 29089,
          "abilityIDList": [29089,290891]
        }
      ],
      "tag": [
        "TIER_1"
      ],
      "keyword": "Laceration",
      "lockType": false,
      "price": 164
    },
    {
      "id": 9090,
      "attributeType": "AMBER",
      "subEgoGiftAbilityIDList": [
        90901
      ],
      "tag": [
        "TIER_4"
      ],
      "keyword": "Laceration",
      "lockType": false,
      "price": 418
    },
    {
      "id": 9091,
      "attributeType": "VIOLET",
      "upgradeDataList": [
        {
          "upgradeLevel": 0,
          "localizeID": 9091,
          "abilityIDList": [9091]
        },
        {
          "upgradeLevel": 1,
          "localizeID": 19091,
          "abilityIDList": [19091]
        },
        {
          "upgradeLevel": 2,
          "localizeID": 29091,
          "abilityIDList": [29091]
        }
      ],
      "tag": [
        "TIER_3",
        "EXTRA_TIER3"
      ],
      "keyword": "Vibration",
      "lockType": false,
      "price": 268
    },
    {
      "id": 9092,
      "attributeType": "SCARLET",
      "subEgoGiftAbilityIDList": [
        90921,
        90922
      ],
      "tag": [
        "TIER_4"
      ],
      "keyword": "Vibration",
      "lockType": false,
      "price": 419
    },
    {
      "id": 9093,
      "attributeType": "INDIGO",
      "upgradeDataList": [
        {
          "upgradeLevel": 0,
          "localizeID": 9093,
          "abilityIDList": [9093]
        },
        {
          "upgradeLevel": 1,
          "localizeID": 19093,
          "abilityIDList": [19093]
        },
        {
          "upgradeLevel": 2,
          "localizeID": 29093,
          "abilityIDList": [29093]
        }
      ],
      "tag": [
        "TIER_2"
      ],
      "keyword": "Burst",
      "lockType": false,
      "price": 219
    },
    {
      "id": 9094,
      "attributeType": "CRIMSON",
      "subEgoGiftAbilityIDList": [
        90941
      ],
      "tag": [
        "TIER_4"
      ],
      "keyword": "Burst",
      "lockType": false,
      "price": 416
    },
    {
      "id": 9095,
      "attributeType": "INDIGO",
      "upgradeDataList": [
        {
          "upgradeLevel": 0,
          "localizeID": 9095,
          "abilityIDList": [9095]
        },
        {
          "upgradeLevel": 1,
          "localizeID": 19095,
          "abilityIDList": [19095]
        },
        {
          "upgradeLevel": 2,
          "localizeID": 29095,
          "abilityIDList": [29095]
        }
      ],
      "tag": [
        "TIER_3"
      ],
      "keyword": "Sinking",
      "lockType": false,
      "price": 263
    },
    {
      "id": 9096,
      "attributeType": "SHAMROCK",
      "subEgoGiftAbilityIDList": [
        90961
      ],
      "tag": [
        "TIER_4"
      ],
      "keyword": "Sinking",
      "lockType": false,
      "price": 427
    },
    {
      "id": 9097,
      "attributeType": "CRIMSON",
      "subEgoGiftAbilityIDList": [
        90971
      ],
      "upgradeDataList": [
        {
          "upgradeLevel": 0,
          "localizeID": 9097,
          "abilityIDList": [9097,90971]
        },
        {
          "upgradeLevel": 1,
          "localizeID": 19097,
          "abilityIDList": [19097,190971]
        },
        {
          "upgradeLevel": 2,
          "localizeID": 29097,
          "abilityIDList": [29097,290971]
        }
      ],
      "tag": [
        "TIER_1"
      ],
      "keyword": "Breath",
      "lockType": false,
      "price": 154
    },
    {
      "id": 9098,
      "attributeType": "AZURE",
      "subEgoGiftAbilityIDList": [
        90981
      ],
      "tag": [
        "TIER_4"
      ],
      "keyword": "Breath",
      "lockType": false,
      "price": 410
    },
    {
      "id": 9099,
      "attributeType": "AMBER",
      "upgradeDataList": [
        {
          "upgradeLevel": 0,
          "localizeID": 9099,
          "abilityIDList": [9099]
        },
        {
          "upgradeLevel": 1,
          "localizeID": 19099,
          "abilityIDList": [19099]
        },
        {
          "upgradeLevel": 2,
          "localizeID": 29099,
          "abilityIDList": [29099]
        }
      ],
      "tag": [
        "TIER_3",
        "EXTRA_TIER3"
      ],
      "keyword": "Charge",
      "lockType": false,
      "price": 262
    },
    {
      "id": 9100,
      "attributeType": "SCARLET",
      "subEgoGiftAbilityIDList": [
        91001,
        91002
      ],
      "tag": [
        "TIER_4"
      ],
      "keyword": "Charge",
      "lockType": false,
      "price": 406
    }
  ]
}