{
  "list": [
    {
      "id": 9101,
      "attributeType": "SCARLET",
      "upgradeDataList": [
        {
          "upgradeLevel": 0,
          "localizeID": 9101,
          "abilityIDList": [9101]
        },
        {
          "upgradeLevel": 1,
          "localizeID": 19101,
          "abilityIDList": [19101]
        },
        {
          "upgradeLevel": 2,
          "localizeID": 29101,
          "abilityIDList": [29101]
        }
      ],
      "tag": [
        "TIER_1"
      ],
      "keyword": "Combustion",
      "lockType": false,
      "price": 150
    },
    {
      "id": 9102,
      "attributeType": "AZURE",
      "upgradeDataList": [
        {
          "upgradeLevel": 0,
          "localizeID": 9102,
          "abilityIDList": [9102]
        },
        {
          "upgradeLevel": 1,
          "localizeID": 19102,
          "abilityIDList": [19102]
        },
        {
          "upgradeLevel": 2,
          "localizeID": 29102,
          "abilityIDList": [29102]
        }
      ],
      "tag": [
        "TIER_1"
      ],
      "keyword": "Combustion",
      "lockType": false,
      "price": 158
    },
    {
      "id": 9103,
      "attributeType": "SHAMROCK",
      "upgradeDataList": [
        {
          "upgradeLevel": 0,
          "localizeID": 9103,
          "abilityIDList": [9103]
        },
        {
          "upgradeLevel": 1,
          "localizeID": 19103,
          "abilityIDList": [19103]
        },
        {
          "upgradeLevel": 2,
          "localizeID": 29103,
          "abilityIDList": [29103]
        }
      ],
      "tag": [
        "TIER_2",
        "EXTRA_TIER2"
      ],
      "keyword": "Combustion",
      "lockType": false,
      "price": 199
    },
    {
      "id": 9104,
      "attributeType": "INDIGO",
      "upgradeDataList": [
        {
          "upgradeLevel": 0,
          "localizeID": 9104,
          "abilityIDList": [9104]
        }
      ],
      "tag": [
        "TIER_3",
        "EXTRA_TIER3"
      ],
      "keyword": "Combustion",
      "lockType": false,
      "price": 246
    },
    {
      "id": 9105,
      "attributeType": "SCARLET",
      "upgradeDataList": [
        {
          "upgradeLevel": 0,
          "localizeID": 9105,
          "abilityIDList": [9105,91051]
        }
      ],
      "tag": [
        "TIER_4",
        "EXTRA_TIER4"
      ],
      "keyword": "Combustion",
      "lockType": false,
      "price": 400
    },
    {
      "id": 9106,
      "attributeType": "AMBER",
      "upgradeDataList": [
        {
          "upgradeLevel": 0,
          "localizeID": 9106,
          "abilityIDList": [9106]
        },
        {
          "upgradeLevel": 1,
          "localizeID": 19106,
          "abilityIDList": [19106]
        },
        {
          "upgradeLevel": 2,
          "localizeID": 29106,
          "abilityIDList": [29106]
        }
      ],
      "tag": [
        "TIER_1"
      ],
      "keyword": "Laceration",
      "lockType": false,
      "price": 149
    },
    {
      "id": 9107,
      "attributeType": "AZURE",
      "upgradeDataList": [
        {
          "upgradeLevel": 0,
          "localizeID": 9107,
          "abilityIDList": [9107]
        },
        {
          "upgradeLevel": 1,
          "localizeID": 19107,
          "abilityIDList": [19107]
        },
        {
          "upgradeLevel": 2,
          "localizeID": 29107,
          "abilityIDList": [29107]
        }
      ],
      "tag": [
        "TIER_1"
      ],
      "keyword": "Laceration",
      "lockType": false,
      "price": 159
    },
    {
      "id": 9108,
      "attributeType": "VIOLET",
      "upgradeDataList": [
        {
          "upgradeLevel": 0,
          "localizeID": 9108,
          "abilityIDList": [9108]
        },
        {
          "upgradeLevel": 1,
          "localizeID": 19108,
          "abilityIDList": [19108]
        },
        {
          "upgradeLevel": 2,
          "localizeID": 29108,
          "abilityIDList": [29108]
        }
      ],
      "tag": [
        "TIER_2",
        "EXTRA_TIER2"
      ],
      "keyword": "Laceration",
      "lockType": false,
      "price": 207
    },
    {
      "id": 9109,
      "attributeType": "VIOLET",
      "upgradeDataList": [
        {
          "upgradeLevel": 0,
          "localizeID": 9109,
          "abilityIDList": [9109,91091]
        }
      ],
      "tag": [
        "TIER_3",
        "EXTRA_TIER3"
      ],
      "keyword": "Laceration",
      "lockType": false,
      "price": 255
    },
    {
      "id": 9110,
      "attributeType": "INDIGO",
      "upgradeDataList": [
        {
          "upgradeLevel": 0,
          "localizeID": 9110,
          "abilityIDList": [9110,91101]
        }
      ],
      "tag": [
        "TIER_4",
        "EXTRA_TIER4"
      ],
      "keyword": "Laceration",
      "lockType": false,
      "price": 400
    },
    {
      "id": 9111,
      "attributeType": "AMBER",
      "upgradeDataList": [
        {
          "upgradeLevel": 0,
          "localizeID": 9111,
          "abilityIDList": [9111]
        },
        {
          "upgradeLevel": 1,
          "localizeID": 19111,
          "abilityIDList": [19111]
        },
        {
          "upgradeLevel": 2,
          "localizeID": 29111,
          "abilityIDList": [29111]
        }
      ],
      "tag": [
        "TIER_3"
      ],
      "keyword": "Vibration",
      "lockType": false,
      "price": 259
    },
    {
      "id": 9112,
      "attributeType": "INDIGO",
      "upgradeDataList": [
        {
          "upgradeLevel": 0,
          "localizeID": 9112,
          "abilityIDList": [9112]
        },
        {
          "upgradeLevel": 1,
          "localizeID": 19112,
          "abilityIDList": [19112]
        },
        {
          "upgradeLevel": 2,
          "localizeID": 29112,
          "abilityIDList": [29112]
        }
      ],
      "tag": [
        "TIER_1"
      ],
      "keyword": "Vibration",
      "lockType": false,
      "price": 147
    },
    {
      "id": 9113,
      "attributeType": "AMBER",
      "upgradeDataList": [
        {
          "upgradeLevel": 0,
          "localizeID": 9113,
          "abilityIDList": [9113,91131,91132]
        },
        {
          "upgradeLevel": 1,
          "localizeID": 19113,
          "abilityIDList": [19113,191131,191132]
        },
        {
          "upgradeLevel": 2,
          "localizeID": 29113,
          "abilityIDList": [29113,291131,291132]
        }
      ],
      "tag": [
        "TIER_2",
        "EXTRA_TIER2"
      ],
      "keyword": "Vibration",
      "lockType": false,
      "price": 185
    },
    {
      "id": 9114,
      "attributeType": "INDIGO",
      "upgradeDataList": [
        {
          "upgradeLevel": 0,
          "localizeID": 9114,
          "abilityIDList": [9114,91141]
        }
      ],
      "tag": [
        "TIER_2",
        "EXTRA_TIER2"
      ],
      "keyword": "Vibration",
      "lockType": false,
      "price": 200
    },
    {
      "id": 9115,
      "attributeType": "INDIGO",
      "upgradeDataList": [
        {
          "upgradeLevel": 0,
          "localizeID": 9115,
          "abilityIDList": [9115,91151,91152]
        }
      ],
      "tag": [
        "TIER_3",
        "EXTRA_TIER3"
      ],
      "keyword": "Vibration",
      "lockType": false,
      "price": 249
    },
    {
      "id": 9116,
      "attributeType": "SHAMROCK",
      "upgradeDataList": [
        {
          "upgradeLevel": 0,
          "localizeID": 9116,
          "abilityIDList": [9116,91161]
        }
      ],
      "tag": [
        "TIER_4",
        "EXTRA_TIER4"
      ],
      "keyword": "Vibration",
      "lockType": false,
      "price": 400
    },
    {
      "id": 9117,
      "attributeType": "INDIGO",
      "upgradeDataList": [
        {
          "upgradeLevel": 0,
          "localizeID": 9117,
          "abilityIDList": [9117,91171]
        },
        {
          "upgradeLevel": 1,
          "localizeID": 19117,
          "abilityIDList": [19117,191171]
        },
        {
          "upgradeLevel": 2,
          "localizeID": 29117,
          "abilityIDList": [29117,291171]
        }
      ],
      "tag": [
        "TIER_2",
        "EXTRA_TIER2"
      ],
      "keyword": "Burst",
      "lockType": false,
      "price": 201
    },
    {
      "id": 9118,
      "attributeType": "VIOLET",
      "upgradeDataList": [
        {
          "upgradeLevel": 0,
          "localizeID": 9118,
          "abilityIDList": [9118]
        }
      ],
      "tag": [
        "TIER_1"
      ],
      "keyword": "Burst",
      "lockType": false,
      "price": 152
    },
    {
      "id": 9119,
      "attributeType": "AMBER",
      "upgradeDataList": [
        {
          "upgradeLevel": 0,
          "localizeID": 9119,
          "abilityIDList": [9119,91191]
        },
        {
          "upgradeLevel": 1,
          "localizeID": 19119,
          "abilityIDList": [19119,191191]
        },
        {
          "upgradeLevel": 2,
          "localizeID": 29119,
          "abilityIDList": [29119,291191]
        }
      ],
      "tag": [
        "TIER_2",
        "EXTRA_TIER2"
      ],
      "keyword": "Burst",
      "lockType": false,
      "price": 211
    },
    {
      "id": 9120,
      "attributeType": "SHAMROCK",
      "upgradeDataList": [
        {
          "upgradeLevel": 0,
          "localizeID": 9120,
          "abilityIDList": [9120,91201]
        }
      ],
      "tag": [
        "TIER_3",
        "EXTRA_TIER3"
      ],
      "keyword": "Burst",
      "lockType": false,
      "price": 271
    },
    {
      "id": 9121,
      "attributeType": "AMBER",
      "upgradeDataList": [
        {
          "upgradeLevel": 0,
          "localizeID": 9121,
          "abilityIDList": [9121,91211]
        }
      ],
      "tag": [
        "TIER_4",
        "EXTRA_TIER4"
      ],
      "keyword": "Burst",
      "lockType": false,
      "price": 400
    },
    {
      "id": 9122,
      "attributeType": "SHAMROCK",
      "upgradeDataList": [
        {
          "upgradeLevel": 0,
          "localizeID": 9122,
          "abilityIDList": [9122,91221]
        },
        {
          "upgradeLevel": 1,
          "localizeID": 19122,
          "abilityIDList": [19122,191221]
        },
        {
          "upgradeLevel": 2,
          "localizeID": 29122,
          "abilityIDList": [29122,291221]
        }
      ],
      "tag": [
        "TIER_1"
      ],
      "keyword": "Sinking",
      "lockType": false,
      "price": 145
    },
    {
      "id": 9123,
      "attributeType": "AZURE",
      "upgradeDataList": [
        {
          "upgradeLevel": 0,
          "localizeID": 9123,
          "abilityIDList": [9123,91231]
        },
        {
          "upgradeLevel": 1,
          "localizeID": 19123,
          "abilityIDList": [19123,191231]
        },
        {
          "upgradeLevel": 2,
          "localizeID": 29123,
          "abilityIDList": [29123,291231]
        }
      ],
      "tag": [
        "TIER_1"
      ],
      "keyword": "Sinking",
      "lockType": false,
      "price": 155
    },
    {
      "id": 9124,
      "attributeType": "SCARLET",
      "upgradeDataList": [
        {
          "upgradeLevel": 0,
          "localizeID": 9124,
          "abilityIDList": [9124]
        },
        {
          "upgradeLevel": 1,
          "localizeID": 19124,
          "abilityIDList": [19124]
        },
        {
          "upgradeLevel": 2,
          "localizeID": 29124,
          "abilityIDList": [29124]
        }
      ],
      "tag": [
        "TIER_2",
        "EXTRA_TIER2"
      ],
      "keyword": "Sinking",
      "lockType": false,
      "price": 215
    },
    {
      "id": 9125,
      "attributeType": "VIOLET",
      "upgradeDataList": [
        {
          "upgradeLevel": 0,
          "localizeID": 9125,
          "abilityIDList": [9125]
        }
      ],
      "tag": [
        "TIER_3",
        "EXTRA_TIER3"
      ],
      "keyword": "Sinking",
      "lockType": false,
      "price": 257
    },
    {
      "id": 9126,
      "attributeType": "AMBER",
      "upgradeDataList": [
        {
          "upgradeLevel": 0,
          "localizeID": 9126,
          "abilityIDList": [91261,91262]
        }
      ],
      "tag": [
        "TIER_4",
        "EXTRA_TIER4"
      ],
      "keyword": "Sinking",
      "lockType": false,
      "price": 400
    },
    {
      "id": 9127,
      "attributeType": "SCARLET",
      "upgradeDataList": [
        {
          "upgradeLevel": 0,
          "localizeID": 9127,
          "abilityIDList": [9127]
        },
        {
          "upgradeLevel": 1,
          "localizeID": 19127,
          "abilityIDList": [19127]
        },
        {
          "upgradeLevel": 2,
          "localizeID": 29127,
          "abilityIDList": [29127]
        }
      ],
      "tag": [
        "TIER_1"
      ],
      "keyword": "Breath",
      "lockType": false,
      "price": 144
    },
    {
      "id": 9128,
      "attributeType": "VIOLET",
      "upgradeDataList": [
        {
          "upgradeLevel": 0,
          "localizeID": 9128,
          "abilityIDList": [9128]
        },
        {
          "upgradeLevel": 1,
          "localizeID": 19128,
          "abilityIDList": [19128]
        },
        {
          "upgradeLevel": 2,
          "localizeID": 29128,
          "abilityIDList": [29128]
        }
      ],
      "tag": [
        "TIER_1"
      ],
      "keyword": "Breath",
      "lockType": false,
      "price": 160
    },
    {
      "id": 9129,
      "attributeType": "CRIMSON",
      "upgradeDataList": [
        {
          "upgradeLevel": 0,
          "localizeID": 9129,
          "abilityIDList": [9129]
        },
        {
          "upgradeLevel": 1,
          "localizeID": 19129,
          "abilityIDList": [19129]
        },
        {
          "upgradeLevel": 2,
          "localizeID": 29129,
          "abilityIDList": [29129]
        }
      ],
      "tag": [
        "TIER_2",
        "EXTRA_TIER2"
      ],
      "keyword": "Breath",
      "lockType": false,
      "price": 214
    },
    {
      "id": 9130,
      "attributeType": "INDIGO",
      "upgradeDataList": [
        {
          "upgradeLevel": 0,
          "localizeID": 9130,
          "abilityIDList": [9130,91301,91302]
        }
      ],
      "tag": [
        "TIER_3",
        "EXTRA_TIER3"
      ],
      "keyword": "Breath",
      "lockType": false,
      "price": 243
    },
    {
      "id": 9131,
      "attributeType": "SCARLET",
      "upgradeDataList": [
        {
          "upgradeLevel": 0,
          "localizeID": 9131,
          "abilityIDList": [9131,91311]
        }
      ],
      "tag": [
        "TIER_4",
        "EXTRA_TIER4"
      ],
      "keyword": "Breath",
      "lockType": false,
      "price": 400
    },
    {
      "id": 9132,
      "attributeType": "CRIMSON",
      "upgradeDataList": [
        {
          "upgradeLevel": 0,
          "localizeID": 9132,
          "abilityIDList": [9132,91321]
        },
        {
          "upgradeLevel": 1,
          "localizeID": 19132,
          "abilityIDList": [19132,191321]
        },
        {
          "upgradeLevel": 2,
          "localizeID": 29132,
          "abilityIDList": [29132,291321]
        }
      ],
      "tag": [
        "TIER_1"
      ],
      "keyword": "Charge",
      "lockType": false,
      "price": 156
    },
    {
      "id": 9133,
      "attributeType": "SHAMROCK",
      "upgradeDataList": [
        {
          "upgradeLevel": 0,
          "localizeID": 9133,
          "abilityIDList": [9133]
        },
        {
          "upgradeLevel": 1,
          "localizeID": 19133,
          "abilityIDList": [19133]
        },
        {
          "upgradeLevel": 2,
          "localizeID": 29133,
          "abilityIDList": [29133]
        }
      ],
      "tag": [
        "TIER_1"
      ],
      "keyword": "Charge",
      "lockType": false,
      "price": 147
    },
    {
      "id": 9134,
      "attributeType": "VIOLET",
      "upgradeDataList": [
        {
          "upgradeLevel": 0,
          "localizeID": 9134,
          "abilityIDList": [9134,91341]
        },
        {
          "upgradeLevel": 1,
          "localizeID": 19134,
          "abilityIDList": [19134,191341]
        },
        {
          "upgradeLevel": 2,
          "localizeID": 29134,
          "abilityIDList": [29134,291341]
        }
      ],
      "tag": [
        "TIER_2",
        "EXTRA_TIER2"
      ],
      "keyword": "Charge",
      "lockType": false,
      "price": 210
    },
    {
      "id": 9135,
      "attributeType": "CRIMSON",
      "upgradeDataList": [
        {
          "upgradeLevel": 0,
          "localizeID": 9135,
          "abilityIDList": [9135,91351]
        }
      ],
      "tag": [
        "TIER_3",
        "EXTRA_TIER3"
      ],
      "keyword": "Charge",
      "lockType": false,
      "price": 254
    },
    {
      "id": 9136,
      "attributeType": "AZURE",
      "upgradeDataList": [
        {
          "upgradeLevel": 0,
          "localizeID": 9136,
          "abilityIDList": [9136,91361]
        }
      ],
      "tag": [
        "TIER_4",
        "EXTRA_TIER4"
      ],
      "keyword": "Charge",
      "lockType": false,
      "price": 400
    },
    {
      "id": 9137,
      "attributeType": "CRIMSON",
      "upgradeDataList": [
        {
          "upgradeLevel": 0,
          "localizeID": 9137,
          "abilityIDList": [9137]
        },
        {
          "upgradeLevel": 1,
          "localizeID": 19137,
          "abilityIDList": [19137]
        },
        {
          "upgradeLevel": 2,
          "localizeID": 29137,
          "abilityIDList": [29137]
        }
      ],
      "tag": [
        "TIER_1"
      ],
      "keyword": "Slash",
      "lockType": false,
      "price": 155
    },
    {
      "id": 9138,
      "attributeType": "AMBER",
      "upgradeDataList": [
        {
          "upgradeLevel": 0,
          "localizeID": 9138,
          "abilityIDList": [9138]
        },
        {
          "upgradeLevel": 1,
          "localizeID": 19138,
          "abilityIDList": [19138]
        },
        {
          "upgradeLevel": 2,
          "localizeID": 29138,
          "abilityIDList": [29138]
        }
      ],
      "tag": [
        "TIER_1"
      ],
      "keyword": "Slash",
      "lockType": false,
      "price": 148
    },
    {
      "id": 9139,
      "attributeType": "SHAMROCK",
      "upgradeDataList": [
        {
          "upgradeLevel": 0,
          "localizeID": 9139,
          "abilityIDList": [9139,91391]
        },
        {
          "upgradeLevel": 1,
          "localizeID": 19139,
          "abilityIDList": [19139,191391]
        },
        {
          "upgradeLevel": 2,
          "localizeID": 29139,
          "abilityIDList": [29139,291391]
        }
      ],
      "tag": [
        "TIER_2",
        "EXTRA_TIER2"
      ],
      "keyword": "Slash",
      "lockType": false,
      "price": 199
    },
    {
      "id": 9140,
      "attributeType": "AZURE",
      "upgradeDataList": [
        {
          "upgradeLevel": 0,
          "localizeID": 9140,
          "abilityIDList": [9140,91401]
        },
        {
          "upgradeLevel": 1,
          "localizeID": 19140,
          "abilityIDList": [19140,191401]
        },
        {
          "upgradeLevel": 2,
          "localizeID": 29140,
          "abilityIDList": [29140,291401]
        }
      ],
      "tag": [
        "TIER_2",
        "EXTRA_TIER2"
      ],
      "keyword": "Slash",
      "lockType": false,
      "price": 207
    },
    {
      "id": 9141,
      "attributeType": "SCARLET",
      "upgradeDataList": [
        {
          "upgradeLevel": 0,
          "localizeID": 9141,
          "abilityIDList": [
            9141,
            91411
          ]
        },
        {
          "upgradeLevel": 1,
          "localizeID": 19141,
          "abilityIDList": [
            19141,
            191411
          ]
        },
        {
          "upgradeLevel": 2,
          "localizeID": 29141,
          "abilityIDList": [
            29141,
            291411
          ]
        }
      ],
      "tag": [
        "TIER_3",
        "EXTRA_TIER3"
      ],
      "keyword": "Slash",
      "lockType": false,
      "price": 256
    },
    {
      "id": 9142,
      "attributeType": "INDIGO",
      "upgradeDataList": [
        {
          "upgradeLevel": 0,
          "localizeID": 9142,
          "abilityIDList": [9142,91421,91422]
        }
      ],
      "tag": [
        "TIER_4",
        "EXTRA_TIER4"
      ],
      "keyword": "Slash",
      "lockType": false,
      "price": 400
    },
    {
      "id": 9143,
      "attributeType": "AMBER",
      "upgradeDataList": [
        {
          "upgradeLevel": 0,
          "localizeID": 9143,
          "abilityIDList": [
            9143
          ]
        },
        {
          "upgradeLevel": 1,
          "localizeID": 19143,
          "abilityIDList": [
            19143
          ]
        },
        {
          "upgradeLevel": 2,
          "localizeID": 29143,
          "abilityIDList": [
            29143
          ]
        }
      ],
      "tag": [
        "TIER_1"
      ],
      "keyword": "Penetrate",
      "lockType": false,
      "price": 151
    },
    {
      "id": 9144,
      "attributeType": "VIOLET",
      "upgradeDataList": [
        {
          "upgradeLevel": 0,
          "localizeID": 9144,
          "abilityIDList": [
            9144,
            91441
          ]
        },
        {
          "upgradeLevel": 1,
          "localizeID": 19144,
          "abilityIDList": [
            19144,
            191441
          ]
        },
        {
          "upgradeLevel": 2,
          "localizeID": 29144,
          "abilityIDList": [
            29144,
            291441
          ]
        }
      ],
      "tag": [
        "TIER_2",
        "EXTRA_TIER2"
      ],
      "keyword": "Penetrate",
      "lockType": false,
      "price": 213
    },
    {
      "id": 9145,
      "attributeType": "AZURE",
      "upgradeDataList": [
        {
          "upgradeLevel": 0,
          "localizeID": 9145,
          "abilityIDList": [
            9145,
            91451,
            91452
          ]
        },
        {
          "upgradeLevel": 1,
          "localizeID": 19145,
          "abilityIDList": [
            19145,
            191451,
            91452
          ]
        },
        {
          "upgradeLevel": 2,
          "localizeID": 29145,
          "abilityIDList": [
            29145,
            291451,
            91452
          ]
        }
      ],
      "tag": [
        "TIER_2",
        "EXTRA_TIER2"
      ],
      "keyword": "Penetrate",
      "lockType": false,
      "price": 190
    },
    {
      "id": 9146,
      "attributeType": "SCARLET",
      "upgradeDataList": [
        {
          "upgradeLevel": 0,
          "localizeID": 9146,
          "abilityIDList": [
            9146,
            91461
          ]
        },
        {
          "upgradeLevel": 1,
          "localizeID": 19146,
          "abilityIDList": [
            19146,
            191461
          ]
        },
        {
          "upgradeLevel": 2,
          "localizeID": 29146,
          "abilityIDList": [
            29146,
            291461
          ]
        }
      ],
      "tag": [
        "TIER_3",
        "EXTRA_TIER3"
      ],
      "keyword": "Penetrate",
      "lockType": false,
      "price": 245
    },
    {
      "id": 9147,
      "attributeType": "CRIMSON",
      "upgradeDataList": [
        {
          "upgradeLevel": 0,
          "localizeID": 9147,
          "abilityIDList": [9147,91471,91472]
        }
      ],
      "tag": [
        "TIER_4",
        "EXTRA_TIER4"
      ],
      "keyword": "Penetrate",
      "lockType": false,
      "price": 400
    },
    {
      "id": 9148,
      "attributeType": "SCARLET",
      "upgradeDataList": [
        {
          "upgradeLevel": 0,
          "localizeID": 9148,
          "abilityIDList": [
            9148,
            91481
          ]
        },
        {
          "upgradeLevel": 1,
          "localizeID": 19148,
          "abilityIDList": [
            19148,
            191481
          ]
        },
        {
          "upgradeLevel": 2,
          "localizeID": 29148,
          "abilityIDList": [
            29148,
            291481
          ]
        }
      ],
      "tag": [
        "TIER_1"
      ],
      "keyword": "Hit",
      "lockType": false,
      "price": 152
    },
    {
      "id": 9149,
      "attributeType": "AZURE",
      "upgradeDataList": [
        {
          "upgradeLevel": 0,
          "localizeID": 9149,
          "abilityIDList": [
            9149,
            91491
          ]
        },
        {
          "upgradeLevel": 1,
          "localizeID": 19149,
          "abilityIDList": [
            19149,
            191491
          ]
        },
        {
          "upgradeLevel": 2,
          "localizeID": 29149,
          "abilityIDList": [
            29149,
            291491
          ]
        }
      ],
      "tag": [
        "TIER_2",
        "EXTRA_TIER2"
      ],
      "keyword": "Hit",
      "lockType": false,
      "price": 209
    },
    {
      "id": 9150,
      "attributeType": "SHAMROCK",
      "upgradeDataList": [
        {
          "upgradeLevel": 0,
          "localizeID": 9150,
          "abilityIDList": [
            9150,
            91501,
            91502
          ]
        },
        {
          "upgradeLevel": 1,
          "localizeID": 19150,
          "abilityIDList": [
            19150,
            191501,
            191502
          ]
        },
        {
          "upgradeLevel": 2,
          "localizeID": 29150,
          "abilityIDList": [
            29150,
            291501,
            291502
          ]
        }
      ],
      "tag": [
        "TIER_2",
        "EXTRA_TIER2"
      ],
      "keyword": "Hit",
      "lockType": false,
      "price": 212
    },
    {
      "id": 9151,
      "attributeType": "CRIMSON",
      "upgradeDataList": [
        {
          "upgradeLevel": 0,
          "localizeID": 9151,
          "abilityIDList": [
            9151
          ]
        },
        {
          "upgradeLevel": 1,
          "localizeID": 19151,
          "abilityIDList": [
            19151
          ]
        },
        {
          "upgradeLevel": 2,
          "localizeID": 29151,
          "abilityIDList": [
            29151
          ]
        }
      ],
      "tag": [
        "TIER_3",
        "EXTRA_TIER3"
      ],
      "keyword": "Hit",
      "lockType": false,
      "price": 258
    },
    {
      "id": 9152,
      "attributeType": "VIOLET",
      "upgradeDataList": [
        {
          "upgradeLevel": 0,
          "localizeID": 9152,
          "abilityIDList": [9152,91521,91522]
        }
      ],
      "tag": [
        "TIER_4",
        "EXTRA_TIER4"
      ],
      "keyword": "Hit",
      "lockType": false,
      "price": 400
    },
    {
      "id": 9153,
      "attributeType": "SHAMROCK",
      "upgradeDataList": [
        {
          "upgradeLevel": 0,
          "localizeID": 9153,
          "abilityIDList": [9153]
        }
      ],
      "tag": [
        "TIER_2",
        "EXTRA_TIER2"
      ],
      "lockType": false,
      "price": 181
    },
    {
      "id": 9154,
      "attributeType": "CRIMSON",
      "upgradeDataList": [
        {
          "upgradeLevel": 0,
          "localizeID": 9154,
          "abilityIDList": [9154]
        }
      ],
      "tag": [
        "TIER_3",
        "EXTRA_TIER3"
      ],
      "lockType": false,
      "price": 242
    },
    {
      "id": 9403,
      "iconId": 1005,
      "attributeType": "SHAMROCK",
      "upgradeDataList": [
        {
          "upgradeLevel": 0,
          "localizeID": 9403,
          "abilityIDList": [9403,94031]
        }
      ],
      "tag": [
        "TIER_2"
      ],
      "keyword": "Burst",
      "lockType": false,
      "price": 192
    },
    {
      "id": 9404,
      "attributeType": "SHAMROCK",
      "upgradeDataList": [
        {
          "upgradeLevel": 0,
          "localizeID": 9404,
          "abilityIDList": [9404,94041]
        }
      ],
      "tag": [
        "TIER_3"
      ],
      "keyword": "Laceration",
      "lockType": false,
      "price": 246
    },
    {
      "id": 9407,
      "attributeType": "INDIGO",
      "upgradeDataList": [
        {
          "upgradeLevel": 0,
          "localizeID": 9407,
          "abilityIDList": [9407,94071]
        }
      ],
      "tag": [
        "TIER_2"
      ],
      "lockType": false,
      "price": 190
    },
    {
      "id": 9408,
      "attributeType": "SCARLET",
      "upgradeDataList": [
        {
          "upgradeLevel": 0,
          "localizeID": 9408,
          "abilityIDList": [9408,94081]
        }
      ],
      "tag": [
        "TIER_2"
      ],
      "lockType": false,
      "price": 193
    },
    {
      "id": 9409,
      "attributeType": "AZURE",
      "upgradeDataList": [
        {
          "upgradeLevel": 0,
          "localizeID": 9409,
          "abilityIDList": [9409]
        }
      ],
      "tag": [
        "TIER_2"
      ],
      "keyword": "Sinking",
      "lockType": false,
      "price": 220
    },
    {
      "id": 9410,
      "attributeType": "AZURE",
      "upgradeDataList": [
        {
          "upgradeLevel": 0,
          "localizeID": 9410,
          "abilityIDList": [9410,94101]
        }
      ],
      "tag": [
        "TIER_4"
      ],
      "keyword": "Sinking",
      "lockType": false,
      "price": 424
    },
    {
      "id": 9413,
      "attributeType": "CRIMSON",
      "upgradeDataList": [
        {
          "upgradeLevel": 0,
          "localizeID": 9413,
          "abilityIDList": [9413,94131]
        }
      ],
      "tag": [
        "TIER_2"
      ],
      "keyword": "Laceration",
      "lockType": false,
      "price": 214
    },
    {
      "id": 9414,
      "iconId": 1034,
      "attributeType": "SCARLET",
      "upgradeDataList": [
        {
          "upgradeLevel": 0,
          "localizeID": 9414,
          "abilityIDList": [9414,94141]
        }
      ],
      "tag": [
        "TIER_2"
      ],
      "lockType": false,
      "price": 203
    },
    {
      "id": 9415,
      "attributeType": "AMBER",
      "upgradeDataList": [
        {
          "upgradeLevel": 0,
          "localizeID": 9415,
          "abilityIDList": [9415,94151]
        }
      ],
      "tag": [
        "TIER_2"
      ],
      "keyword": "Laceration",
      "lockType": false,
      "price": 217
    },
    {
      "id": 9416,
      "attributeType": "INDIGO",
      "upgradeDataList": [
        {
          "upgradeLevel": 0,
          "localizeID": 9416,
          "abilityIDList": [9416,94161,94162]
        }
      ],
      "tag": [
        "TIER_4"
      ],
      "lockType": false,
      "price": 404
    },
    {
      "id": 9419,
      "attributeType": "AMBER",
      "upgradeDataList": [
        {
          "upgradeLevel": 0,
          "localizeID": 9419,
          "abilityIDList": [9419]
        }
      ],
      "tag": [
        "TIER_3"
      ],
      "lockType": false,
      "price": 252
    },
    {
      "id": 9420,
      "attributeType": "CRIMSON",
      "upgradeDataList": [
        {
          "upgradeLevel": 0,
          "localizeID": 9420,
          "abilityIDList": [9420,94201]
        }
      ],
      "tag": [
        "TIER_3"
      ],
      "lockType": false,
      "price": 261
    },
    {
      "id": 9423,
      "attributeType": "AZURE",
      "upgradeDataList": [
        {
          "upgradeLevel": 0,
          "localizeID": 9423,
          "abilityIDList": [9423,94231]
        }
      ],
      "tag": [
        "TIER_2"
      ],
      "lockType": false,
      "price": 218
    },
    {
      "id": 9424,
      "attributeType": "VIOLET",
      "upgradeDataList": [
        {
          "upgradeLevel": 0,
          "localizeID": 9424,
          "abilityIDList": [9424,94241,94242]
        }
      ],
      "tag": [
        "TIER_4"
      ],
      "keyword": "Burst",
      "lockType": false,
      "price": 399
    },
    {
      "id": 9429,
      "attributeType": "INDIGO",
      "upgradeDataList": [
        {
          "upgradeLevel": 0,
          "localizeID": 9429,
          "abilityIDList": [9429,94291]
        }
      ],
      "tag": [
        "TIER_2"
      ],
      "keyword": "Breath",
      "lockType": false,
      "price": 219
    },
    {
      "id": 9430,
      "attributeType": "SHAMROCK",
      "upgradeDataList": [
        {
          "upgradeLevel": 0,
          "localizeID": 9430,
          "abilityIDList": [9430,94301,94302]
        }
      ],
      "tag": [
        "TIER_4"
      ],
      "keyword": "Breath",
      "lockType": false,
      "price": 411
    },
    {
      "id": 9433,
      "attributeType": "VIOLET",
      "upgradeDataList": [
        {
          "upgradeLevel": 0,
          "localizeID": 9433,
          "abilityIDList": [9433,94331]
        }
      ],
      "tag": [
        "TIER_3"
      ],
      "lockType": false,
      "price": 212
    },
    {
      "id": 9434,
      "attributeType": "SHAMROCK",
      "upgradeDataList": [
        {
          "upgradeLevel": 0,
          "localizeID": 9434,
          "abilityIDList": [9434,94341,94342]
        }
      ],
      "tag": [
        "TIER_3"
      ],
      "lockType": false,
      "price": 404
    },
    {
      "id": 9701,
      "iconId": 1052,
      "attributeType": "CRIMSON",
      "upgradeDataList": [
        {
          "upgradeLevel": 0,
          "localizeID": 9701,
          "abilityIDList": [9701]
        }
      ],
      "tag": [
        "TIER_3"
      ],
      "keyword": "Combustion",
      "lockType": false,
      "price": 259
    },
    {
      "id": 9702,
      "iconId": 1053,
      "attributeType": "SHAMROCK",
      "upgradeDataList": [
        {
          "upgradeLevel": 0,
          "localizeID": 9702,
          "abilityIDList": [9702]
        }
      ],
      "tag": [
        "TIER_3"
      ],
      "keyword": "Burst",
      "lockType": false,
      "price": 264
    },
    {
      "id": 9703,
      "iconId": 1054,
      "attributeType": "SCARLET",
      "upgradeDataList": [
        {
          "upgradeLevel": 0,
          "localizeID": 9703,
          "abilityIDList": [9703]
        }
      ],
      "tag": [
        "TIER_3"
      ],
      "keyword": "None",
      "lockType": false,
      "price": 275
    },
    {
      "id": 9704,
      "iconId": 1055,
      "attributeType": "SCARLET",
      "upgradeDataList": [
        {
          "upgradeLevel": 0,
          "localizeID": 9704,
          "abilityIDList": [9704]
        }
      ],
      "tag": [
        "TIER_2"
      ],
      "keyword": "Laceration",
      "lockType": false,
      "price": 208
    },
    {
      "id": 9705,
      "iconId": 1056,
      "attributeType": "SCARLET",
      "upgradeDataList": [
        {
          "upgradeLevel": 0,
          "localizeID": 9705,
          "abilityIDList": [9705]
        }
      ],
      "tag": [
        "TIER_3"
      ],
      "keyword": "None",
      "lockType": false,
      "price": 271
    },
    {
      "id": 9706,
      "attributeType": "CRIMSON",
      "upgradeDataList": [
        {
          "upgradeLevel": 0,
          "localizeID": 9706,
          "abilityIDList": [9706,97061]
        }
      ],
      "tag": [
        "TIER_1"
      ],
      "keyword": "Vibration",
      "lockType": false,
      "price": 148
    },
    {
      "id": 9707,
      "attributeType": "AMBER",
      "upgradeDataList": [
        {
          "upgradeLevel": 0,
          "localizeID": 9707,
          "abilityIDList": [9707]
        }
      ],
      "tag": [
        "TIER_2"
      ],
      "keyword": "None",
      "lockType": false,
      "price": 191
    },
    {
      "id": 9708,
      "attributeType": "SCARLET",
      "upgradeDataList": [
        {
          "upgradeLevel": 0,
          "localizeID": 9708,
          "abilityIDList": [9708,97081]
        }
      ],
      "tag": [
        "TIER_3"
      ],
      "keyword": "Burst",
      "lockType": false,
      "price": 268
    },
    {
      "id": 9709,
      "attributeType": "AMBER",
      "upgradeDataList": [
        {
          "upgradeLevel": 0,
          "localizeID": 9709,
          "abilityIDList": [9709]
        }
      ],
      "tag": [
        "TIER_1"
      ],
      "keyword": "Breath",
      "lockType": false,
      "price": 150
    },
    {
      "id": 9710,
      "attributeType": "SHAMROCK",
      "upgradeDataList": [
        {
          "upgradeLevel": 0,
          "localizeID": 9710,
          "abilityIDList": [9710]
        }
      ],
      "tag": [
        "TIER_2"
      ],
      "keyword": "Breath",
      "lockType": false,
      "price": 198
    },
    {
      "id": 9711,
      "attributeType": "AZURE",
      "upgradeDataList": [
        {
          "upgradeLevel": 0,
          "localizeID": 9711,
          "abilityIDList": [9711,97111,97112]
        }
      ],
      "tag": [
        "TIER_3"
      ],
      "keyword": "None",
      "lockType": false,
      "price": 250
    },
    {
      "id": 9712,
      "iconId": 2027,
      "attributeType": "SHAMROCK",
      "upgradeDataList": [
        {
          "upgradeLevel": 0,
          "localizeID": 9712,
          "abilityIDList": [9712,97121]
        }
      ],
      "tag": [
        "TIER_2"
      ],
      "keyword": "None",
      "lockType": false,
      "price": 195
    },
    {
      "id": 9713,
      "iconId": 2028,
      "attributeType": "VIOLET",
      "upgradeDataList": [
        {
          "upgradeLevel": 0,
          "localizeID": 9713,
          "abilityIDList": [9713,97131]
        }
      ],
      "tag": [
        "TIER_3"
      ],
      "keyword": "Slash",
      "lockType": false,
      "price": 205
    },
    {
      "id": 9714,
      "iconId": 2029,
      "attributeType": "SCARLET",
      "upgradeDataList": [
        {
          "upgradeLevel": 0,
          "localizeID": 9714,
          "abilityIDList": [9714,97141]
        }
      ],
      "tag": [
        "TIER_3"
      ],
      "keyword": "Laceration",
      "lockType": false,
      "price": 244
    },
    {
      "id": 9715,
      "iconId": 2030,
      "attributeType": "INDIGO",
      "upgradeDataList": [
        {
          "upgradeLevel": 0,
          "localizeID": 9715,
          "abilityIDList": [9715,97151]
        }
      ],
      "tag": [
        "TIER_3"
      ],
      "keyword": "Breath",
      "lockType": false,
      "price": 244
    },
    {
      "id": 9716,
      "iconId": 2031,
      "attributeType": "CRIMSON",
      "upgradeDataList": [
        {
          "upgradeLevel": 0,
          "localizeID": 9716,
          "abilityIDList": [9716]
        }
      ],
      "tag": [
        "TIER_3"
      ],
      "keyword": "Slash",
      "lockType": false,
      "price": 253
    },
    {
      "id": 9717,
      "iconId": 2032,
      "attributeType": "SCARLET",
      "upgradeDataList": [
        {
          "upgradeLevel": 0,
          "localizeID": 9717,
          "abilityIDList": [9717,97171]
        }
      ],
      "tag": [
        "TIER_4"
      ],
      "keyword": "Slash",
      "lockType": false,
      "price": 400
    },
    {
      "id": 9718,
      "iconId": 2033,
      "attributeType": "INDIGO",
      "upgradeDataList": [
        {
          "upgradeLevel": 0,
          "localizeID": 9718,
          "abilityIDList": [9718,97181]
        }
      ],
      "tag": [
        "TIER_4"
      ],
      "keyword": "Slash",
      "lockType": false,
      "price": 400
    },
    {
      "id": 9719,
      "iconId": 2034,
      "attributeType": "AZURE",
      "upgradeDataList": [
        {
          "upgradeLevel": 0,
          "localizeID": 9719,
          "abilityIDList": [9719,97191,97192]
        }
      ],
      "tag": [
        "TIER_4"
      ],
      "keyword": "Breath",
      "lockType": false,
      "price": 432
    },
    {
      "id": 9720,
      "iconId": 2035,
      "attributeType": "AMBER",
      "upgradeDataList": [
        {
          "upgradeLevel": 0,
          "localizeID": 9720,
          "abilityIDList": [9720,97201,97202]
        }
      ],
      "tag": [
        "TIER_4"
      ],
      "keyword": "Slash",
      "lockType": false,
      "price": 432
    },
    {
      "id": 9721,
      "iconId": 2036,
      "attributeType": "SCARLET",
      "upgradeDataList": [
        {
          "upgradeLevel": 0,
          "localizeID": 2036,
          "abilityIDList": [97211,97212]
        }
      ],
      "tag": [
        "TIER_2"
      ],
      "keyword": "Vibration",
      "lockType": false,
      "price": 196
    },
    {
      "id": 9722,
      "iconId": 2037,
      "attributeType": "AZURE",
      "upgradeDataList": [
        {
          "upgradeLevel": 0,
          "localizeID": 2037,
          "abilityIDList": [97221,97222]
        }
      ],
      "tag": [
        "TIER_2"
      ],
      "keyword": "Vibration",
      "lockType": false,
      "price": 205
    },
    {
      "id": 9723,
      "iconId": 2038,
      "attributeType": "INDIGO",
      "upgradeDataList": [
        {
          "upgradeLevel": 0,
          "localizeID": 2038,
          "abilityIDList": [97231,97232]
        }
      ],
      "tag": [
        "TIER_2"
      ],
      "lockType": false,
      "price": 198
    },
    {
      "id": 9724,
      "iconId": 2039,
      "attributeType": "SHAMROCK",
      "upgradeDataList": [
        {
          "upgradeLevel": 0,
          "localizeID": 2039,
          "abilityIDList": [97241,97242]
        }
      ],
      "tag": [
        "TIER_2"
      ],
      "keyword": "Vibration",
      "lockType": false,
      "price": 202
    },
    {
      "id": 9725,
      "iconId": 2040,
      "attributeType": "VIOLET",
      "upgradeDataList": [
        {
          "upgradeLevel": 0,
          "localizeID": 2040,
          "abilityIDList": [97251,97252]
        }
      ],
      "tag": [
        "TIER_2"
      ],
      "keyword": "Vibration",
      "lockType": false,
      "price": 207
    },
    {
      "id": 9726,
      "iconId": 2041,
      "attributeType": "VIOLET",
      "upgradeDataList": [
        {
          "upgradeLevel": 0,
          "localizeID": 2041,
          "abilityIDList": [97261,97262]
        }
      ],
      "tag": [
        "TIER_3"
      ],
      "keyword": "Vibration",
      "lockType": false,
      "price": 245
    },
    {
      "id": 9727,
      "iconId": 2042,
      "attributeType": "CRIMSON",
      "upgradeDataList": [
        {
          "upgradeLevel": 0,
          "localizeID": 2042,
          "abilityIDList": [97271,97272]
        }
      ],
      "tag": [
        "TIER_3"
      ],
      "lockType": false,
      "price": 250
    },
    {
      "id": 9728,
      "iconId": 2043,
      "attributeType": "SCARLET",
      "upgradeDataList": [
        {
          "upgradeLevel": 0,
          "localizeID": 2043,
          "abilityIDList": [97281,97282,97283]
        }
      ],
      "tag": [
        "TIER_4"
      ],
      "keyword": "Vibration",
      "lockType": false,
      "price": 400
    },
    {
      "id": 9729,
      "iconId": 2044,
      "attributeType": "AMBER",
      "upgradeDataList": [
        {
          "upgradeLevel": 0,
          "localizeID": 2044,
          "abilityIDList": [97291,97292,97293]
        }
      ],
      "tag": [
        "TIER_4"
      ],
      "keyword": "Vibration",
      "lockType": false,
      "price": 400
    },
    {
      "id": 9730,
      "iconId": 2045,
      "attributeType": "VIOLET",
      "upgradeDataList": [
        {
          "upgradeLevel": 0,
          "localizeID": 2045,
          "abilityIDList": [97301,97302,97303]
        }
      ],
      "tag": [
        "TIER_4"
      ],
      "keyword": "Vibration",
      "lockType": false,
      "price": 400
    },
    {
      "id": 9731,
      "iconId": 2046,
      "attributeType": "AZURE",
      "upgradeDataList": [
        {
          "upgradeLevel": 0,
          "localizeID": 2046,
          "abilityIDList": [97311,97312,97313]
        }
      ],
      "tag": [
        "TIER_4"
      ],
      "keyword": "Vibration",
      "lockType": false,
      "price": 400
    },
    {
      "id": 9732,
      "attributeType": "SHAMROCK",
      "upgradeDataList": [
        {
          "upgradeLevel": 0,
          "localizeID": 9732,
          "abilityIDList": [9732]
        }
      ],
      "tag": [
        "TIER_1"
      ],
      "lockType": false,
      "price": 151
    },
    {
      "id": 9733,
      "attributeType": "AMBER",
      "upgradeDataList": [
        {
          "upgradeLevel": 0,
          "localizeID": 9733,
          "abilityIDList": [9733,97331]
        }
      ],
      "tag": [
        "TIER_2"
      ],
      "lockType": false,
      "price": 195
    },
    {
      "id": 9734,
      "attributeType": "AZURE",
      "upgradeDataList": [
        {
          "upgradeLevel": 0,
          "localizeID": 9734,
          "abilityIDList": [9734,97341,97342]
        }
      ],
      "tag": [
        "TIER_3"
      ],
      "keyword": "Charge",
      "lockType": false,
      "price": 250
    },
    {
      "id": 9735,
      "attributeType": "INDIGO",
      "upgradeDataList": [
        {
          "upgradeLevel": 0,
          "localizeID": 9735,
          "abilityIDList": [9735,97351]
        }
      ],
      "tag": [
        "TIER_3"
      ],
      "keyword": "Charge",
      "lockType": false,
      "price": 250
    },
    {
      "id": 9736,
      "attributeType": "SCARLET",
      "upgradeDataList": [
        {
          "upgradeLevel": 0,
          "localizeID": 9736,
          "abilityIDList": [9736,97361,97362]
        }
      ],
      "tag": [
        "TIER_2"
      ],
      "keyword": "Charge",
      "lockType": false,
      "price": 203
    },
    {
      "id": 9737,
      "attributeType": "SHAMROCK",
      "upgradeDataList": [
        {
          "upgradeLevel": 0,
          "localizeID": 9737,
          "abilityIDList": [9737,97371]
        }
      ],
      "tag": [
        "TIER_2"
      ],
      "keyword": "Charge",
      "lockType": false,
      "price": 197
    },
    {
      "id": 9738,
      "attributeType": "VIOLET",
      "upgradeDataList": [
        {
          "upgradeLevel": 0,
          "localizeID": 9738,
          "abilityIDList": [9738,97381]
        }
      ],
      "tag": [
        "TIER_2"
      ],
      "keyword": "Charge",
      "lockType": false,
      "price": 207
    },
    {
      "id": 9739,
      "attributeType": "CRIMSON",
      "upgradeDataList": [
        {
          "upgradeLevel": 0,
          "localizeID": 9739,
          "abilityIDList": [9739]
        }
      ],
      "tag": [
        "TIER_2"
      ],
      "lockType": false,
      "price": 195
    },
    {
      "id": 9740,
      "attributeType": "AZURE",
      "upgradeDataList": [
        {
          "upgradeLevel": 0,
          "localizeID": 9740,
          "abilityIDList": [9740,97401,97402]
        }
      ],
      "tag": [
        "TIER_4"
      ],
      "keyword": "Charge",
      "lockType": false,
      "price": 400
    },
    {
      "id": 9741,
      "attributeType": "INDIGO",
      "upgradeDataList": [
        {
          "upgradeLevel": 0,
          "localizeID": 9741,
          "abilityIDList": [9741,97411,97412]
        }
      ],
      "tag": [
        "TIER_4"
      ],
      "keyword": "Charge",
      "lockType": false,
      "price": 400
    },
    {
      "id": 9742,
      "attributeType": "AZURE",
      "upgradeDataList": [
        {
          "upgradeLevel": 0,
          "localizeID": 9742,
          "abilityIDList": [9742,97421,97422]
        }
      ],
      "tag": [
        "TIER_4"
      ],
      "keyword": "Charge",
      "lockType": false,
      "price": 400
    },
    {
      "id": 9743,
      "attributeType": "INDIGO",
      "upgradeDataList": [
        {
          "upgradeLevel": 0,
          "localizeID": 9743,
          "abilityIDList": [9743,97431,97432]
        }
      ],
      "tag": [
        "TIER_4"
      ],
      "keyword": "Charge",
      "lockType": false,
      "price": 400
    }
  ]
}