{
  "list": [
    {
      "id": 1052,
      "attributeType": "CRIMSON",
      "tag": [
        "TIER_3"
      ],
      "keyword": "Combustion",
      "lockType": false,
      "price": 259
    },
    {
      "id": 1053,
      "attributeType": "SHAMROCK",
      "tag": [
        "TIER_3"
      ],
      "keyword": "Burst",
      "lockType": false,
      "price": 264
    },
    {
      "id": 1054,
      "attributeType": "SCARLET",
      "tag": [
        "TIER_3"
      ],
      "lockType": false,
      "price": 275
    },
    {
      "id": 1055,
      "attributeType": "SCARLET",
      "tag": [
        "TIER_2"
      ],
      "keyword": "Laceration",
      "lockType": false,
      "price": 208
    },
    {
      "id": 1056,
      "attributeType": "SCARLET",
      "tag": [
        "TIER_2"
      ],
      "lockType": false,
      "price": 204
    }
  ]
}