{
  "list": [
    {
      "id": 991001,
      "useLimit": 1
    },
    {
      "id": 991002,
      "useLimit": 1
    },
    {
      "id": 991003,
      "useLimit": 1
    },
    {
      "id": 991004,
      "useLimit": 1
    },
    {
      "id": 991005,
      "useLimit": 1
    },
    {
      "id": 991006,
      "useLimit": 1
    },
    {
      "id": 991007,
      "useLimit": 1
    },
    {
      "id": 991012,
      "useLimit": 1
    },
    {
      "id": 991013,
      "useLimit": 1
    },
    {
      "id": 991014,
      "useLimit": 1
    },
    {
      "id": 992001,
      "useLimit": 1
    },
    {
      "id": 992002,
      "useLimit": 1
    },
    {
      "id": 992003,
      "useLimit": 1
    },
    {
      "id": 992004,
      "useLimit": 1
    },
    {
      "id": 992005,
      "useLimit": 1
    },
    {
      "id": 992006,
      "useLimit": 1
    },
    {
      "id": 992007,
      "useLimit": 1
    },
    {
      "id": 992008,
      "useLimit": 1
    },
    {
      "id": 992009,
      "useLimit": 1
    },
    {
      "id": 992010,
      "useLimit": 1
    },
    {
      "id": 992011,
      "useLimit": 1
    },
    {
      "id": 992012,
      "useLimit": 1
    },
    {
      "id": 992013,
      "useLimit": 1
    },
    {
      "id": 992014,
      "useLimit": 1
    },
    {
      "id": 992015,
      "useLimit": 1
    },
    {
      "id": 992016,
      "useLimit": 1
    },
    {
      "id": 992017,
      "useLimit": 1
    },
    {
      "id": 992018,
      "useLimit": 1
    },
    {
      "id": 992019,
      "useLimit": 1
    },
    {
      "id": 992020,
      "useLimit": 1
    },
    {
      "id": 992021,
      "useLimit": 1
    },
    {
      "id": 992022,
      "useLimit": 1
    },
    {
      "id": 992023,
      "useLimit": 1
    },
    {
      "id": 992024,
      "useLimit": 1
    },
    {
      "id": 992031,
      "useLimit": 1
    },
    {
      "id": 992032,
      "useLimit": 1
    },
    {
      "id": 992033,
      "useLimit": 1
    },
    {
      "id": 992034,
      "useLimit": 1
    },
    {
      "id": 992035,
      "useLimit": 1
    },
    {
      "id": 992036,
      "useLimit": 1
    },
    {
      "id": 992037,
      "useLimit": 1
    },
    {
      "id": 992038,
      "useLimit": 1
    },
    {
      "id": 992039,
      "useLimit": 1
    },
    {
      "id": 992040,
      "useLimit": 1
    },
    {
      "id": 992041,
      "useLimit": 1
    },
    {
      "id": 992042,
      "useLimit": 1
    },
    {
      "id": 992043,
      "useLimit": 1
    },
    {
      "id": 992044,
      "useLimit": 1
    },
    {
      "id": 992045,
      "useLimit": 1
    },
    {
      "id": 992046,
      "useLimit": 1
    },
    {
      "id": 992047,
      "useLimit": 1
    },
    {
      "id": 992048,
      "useLimit": 1
    },
    {
      "id": 992049,
      "useLimit": 1
    },
    {
      "id": 992050,
      "useLimit": 1
    },
    {
      "id": 992051,
      "useLimit": 1
    },
    {
      "id": 993001
    },
    {
      "id": 993002
    },
    {
      "id": 993003
    },
    {
      "id": 993004
    },
    {
      "id": 992101
    },
    {
      "id": 992102
    },
    {
      "id": 992103
    },
    {
      "id": 992104
    },
    {
      "id": 992105
    },
    {
      "id": 992111
    },
    {
      "id": 992112
    },
    {
      "id": 992113
    },
    {
      "id": 992114
    },
    {
      "id": 992115
    },
    {
      "id": 992116
    },
    {
      "id": 992121
    },
    {
      "id": 992122
    },
    {
      "id": 992123
    },
    {
      "id": 992124
    },
    {
      "id": 992125
    },
    {
      "id": 992126
    },
    {
      "id": 992127
    },
    {
      "id": 992131
    },
    {
      "id": 992132
    },
    {
      "id": 992133
    },
    {
      "id": 992134
    },
    {
      "id": 992135
    },
    {
      "id": 992136
    },
    {
      "id": 992137
    },
    {
      "id": 992138
    },
    {
      "id": 992151
    },
    {
      "id": 992152
    },
    {
      "id": 992153
    },
    {
      "id": 992154
    },
    {
      "id": 992155
    },
    {
      "id": 992161
    },
    {
      "id": 992162
    },
    {
      "id": 992163
    },
    {
      "id": 992164
    },
    {
      "id": 992165
    },
    {
      "id": 992166
    },
    {
      "id": 992171
    },
    {
      "id": 992172
    },
    {
      "id": 992173
    },
    {
      "id": 992174
    },
    {
      "id": 992175
    },
    {
      "id": 992176
    },
    {
      "id": 992177
    },
    {
      "id": 992181
    },
    {
      "id": 992182
    },
    {
      "id": 992183
    },
    {
      "id": 992184
    },
    {
      "id": 992185
    },
    {
      "id": 992186
    },
    {
      "id": 992187
    },
    {
      "id": 992188
    }
  ]
}