{
  "list": [
    {
      "id": 2027,
      "attributeType": "SHAMROCK",
      "upgradeDataList": [
        {
          "upgradeLevel": 0,
          "localizeID": 2027,
          "abilityIDList": [2027,20271]
        }
      ],
      "tag": [
        "TIER_2"
      ],
      "lockType": false,
      "price": 195
    },
    {
      "id": 2028,
      "attributeType": "VIOLET",
      "upgradeDataList": [
        {
          "upgradeLevel": 0,
          "localizeID": 2028,
          "abilityIDList": [2028,20281]
        }
      ],
      "tag": [
        "TIER_3"
      ],
      "lockType": false,
      "price": 235
    },
    {
      "id": 2029,
      "attributeType": "SCARLET",
      "upgradeDataList": [
        {
          "upgradeLevel": 0,
          "localizeID": 2029,
          "abilityIDList": [2029,20291]
        }
      ],
      "tag": [
        "TIER_3"
      ],
      "keyword": "Laceration",
      "lockType": false,
      "price": 244
    },
    {
      "id": 2030,
      "attributeType": "INDIGO",
      "upgradeDataList": [
        {
          "upgradeLevel": 0,
          "localizeID": 2030,
          "abilityIDList": [2030,20301]
        }
      ],
      "tag": [
        "TIER_3"
      ],
      "keyword": "Breath",
      "lockType": false,
      "price": 244
    },
    {
      "id": 2031,
      "attributeType": "CRIMSON",
      "upgradeDataList": [
        {
          "upgradeLevel": 0,
          "localizeID": 2031,
          "abilityIDList": [2031]
        }
      ],
      "tag": [
        "TIER_3"
      ],
      "lockType": false,
      "price": 253
    },
    {
      "id": 2032,
      "attributeType": "SCARLET",
      "upgradeDataList": [
        {
          "upgradeLevel": 0,
          "localizeID": 2032,
          "abilityIDList": [2032,20321]
        }
      ],
      "tag": [
        "TIER_4"
      ],
      "keyword": "Laceration",
      "lockType": false,
      "price": 400
    },
    {
      "id": 2033,
      "attributeType": "INDIGO",
      "upgradeDataList": [
        {
          "upgradeLevel": 0,
          "localizeID": 2033,
          "abilityIDList": [2033,20331]
        }
      ],
      "tag": [
        "TIER_4"
      ],
      "keyword": "Breath",
      "lockType": false,
      "price": 400
    },
    {
      "id": 2034,
      "attributeType": "AZURE",
      "upgradeDataList": [
        {
          "upgradeLevel": 0,
          "localizeID": 2034,
          "abilityIDList": [2034,20341]
        }
      ],
      "tag": [
        "TIER_4"
      ],
      "keyword": "Breath",
      "lockType": false,
      "price": 432
    },
    {
      "id": 2035,
      "attributeType": "AMBER",
      "upgradeDataList": [
        {
          "upgradeLevel": 0,
          "localizeID": 2035,
          "abilityIDList": [2035,20351,20352]
        }
      ],
      "tag": [
        "TIER_4"
      ],
      "lockType": false,
      "price": 432
    }
  ]
}