{
  "list": [
    {
      "id": 2036,
      "attributeType": "SCARLET",
      "upgradeDataList": [
        {
          "upgradeLevel": 0,
          "localizeID": 2036,
          "abilityIDList": [20361,20362]
        }
      ],
      "tag": [
        "TIER_2"
      ],
      "keyword": "Vibration",
      "lockType": false,
      "price": 196
    },
    {
      "id": 2037,
      "attributeType": "AZURE",
      "upgradeDataList": [
        {
          "upgradeLevel": 0,
          "localizeID": 2037,
          "abilityIDList": [20371,20372]
        }
      ],
      "tag": [
        "TIER_2"
      ],
      "keyword": "Vibration",
      "lockType": false,
      "price": 205
    },
    {
      "id": 2038,
      "attributeType": "INDIGO",
      "upgradeDataList": [
        {
          "upgradeLevel": 0,
          "localizeID": 2038,
          "abilityIDList": [20381,20382]
        }
      ],
      "tag": [
        "TIER_2"
      ],
      "lockType": false,
      "price": 198
    },
    {
      "id": 2039,
      "attributeType": "SHAMROCK",
      "upgradeDataList": [
        {
          "upgradeLevel": 0,
          "localizeID": 2039,
          "abilityIDList": [20391,20392]
        }
      ],
      "tag": [
        "TIER_2"
      ],
      "keyword": "Vibration",
      "lockType": false,
      "price": 202
    },
    {
      "id": 2040,
      "attributeType": "VIOLET",
      "upgradeDataList": [
        {
          "upgradeLevel": 0,
          "localizeID": 2040,
          "abilityIDList": [20401,20402]
        }
      ],
      "tag": [
        "TIER_2"
      ],
      "keyword": "Vibration",
      "lockType": false,
      "price": 207
    },
    {
      "id": 2041,
      "attributeType": "VIOLET",
      "upgradeDataList": [
        {
          "upgradeLevel": 0,
          "localizeID": 2041,
          "abilityIDList": [20411,20412]
        }
      ],
      "tag": [
        "TIER_3"
      ],
      "keyword": "Vibration",
      "lockType": false,
      "price": 245
    },
    {
      "id": 2042,
      "attributeType": "CRIMSON",
      "upgradeDataList": [
        {
          "upgradeLevel": 0,
          "localizeID": 2042,
          "abilityIDList": [20421,20422]
        }
      ],
      "tag": [
        "TIER_3"
      ],
      "lockType": false,
      "price": 250
    },
    {
      "id": 2043,
      "attributeType": "SCARLET",
      "upgradeDataList": [
        {
          "upgradeLevel": 0,
          "localizeID": 2043,
          "abilityIDList": [20431,20432,20433]
        }
      ],
      "tag": [
        "TIER_4"
      ],
      "keyword": "Vibration",
      "lockType": false,
      "price": 400
    },
    {
      "id": 2044,
      "attributeType": "AMBER",
      "upgradeDataList": [
        {
          "upgradeLevel": 0,
          "localizeID": 2044,
          "abilityIDList": [20441,20442,20443]
        }
      ],
      "tag": [
        "TIER_4"
      ],
      "keyword": "Vibration",
      "lockType": false,
      "price": 400
    },
    {
      "id": 2045,
      "attributeType": "VIOLET",
      "upgradeDataList": [
        {
          "upgradeLevel": 0,
          "localizeID": 2045,
          "abilityIDList": [20451,20452,20453]
        }
      ],
      "tag": [
        "TIER_4"
      ],
      "keyword": "Vibration",
      "lockType": false,
      "price": 400
    },
    {
      "id": 2046,
      "attributeType": "AZURE",
      "upgradeDataList": [
        {
          "upgradeLevel": 0,
          "localizeID": 2046,
          "abilityIDList": [20461,20462,20463]
        }
      ],
      "tag": [
        "TIER_4"
      ],
      "keyword": "Vibration",
      "lockType": false,
      "price": 400
    }
  ]
}