{
  "list": [
    {
      "id": 2030111,
      "skillType": "EGO_AWAKEN",
      "skillTier": 3,
      "requireIDList": [],
      "skillData": [
        {
          "gaksungLevel": 1,
          "attributeType": "SCARLET",
          "atkType": "PENETRATE",
          "defType": "ATTACK",
          "skillTargetType": "FRONT",
          "targetNum": 1,
          "mpUsage": 10,
          "skillLevelCorrection": 2,
          "defaultValue": 12,
          "canTeamKill": false,
          "canDuel": true,
          "canChangeTarget": true,
          "actionScript": "2030121",
          "skillMotion": "Default",
          "viewType": "SKILL",
          "parryingCloseType": "NEAR",
          "coinList": [
            {
              "operatorType": "ADD",
              "scale": 11,
              "abilityScriptList": [
                {
                  "scriptName": "GiveBuffOnSucceedAttackHead",
                  "buffData": {
                    "buffKeyword": "Laceration",
                    "target": "Target",
                    "buffOwner": "",
                    "stack": 4,
                    "turn": 0,
                    "activeRound": 0
                  }
                }
              ]
            }
          ]
        },
        {
          "gaksungLevel": 3,
          "defaultValue": 12,
          "coinList": [
            {
              "operatorType": "ADD",
              "scale": 11,
              "abilityScriptList": [
                {
                  "scriptName": "GiveBuffOnSucceedAttack",
                  "buffData": {
                    "buffKeyword": "Laceration",
                    "target": "Target",
                    "buffOwner": "",
                    "stack": 6,
                    "turn": 0,
                    "activeRound": 0
                  }
                },
                {
                  "scriptName": "HealAbnormalityNSelfOnSuccessAttackHeadByDmgRatio50"
                }
              ]
            }
          ]
        },
        {
          "gaksungLevel": 4,
          "coinList": [
            {
              "operatorType": "ADD",
              "scale": 14,
              "abilityScriptList": [
                {
                  "scriptName": "GiveBuffOnSucceedAttack",
                  "buffData": {
                    "buffKeyword": "Laceration",
                    "target": "Target",
                    "buffOwner": "",
                    "stack": 8,
                    "turn": 0,
                    "activeRound": 0
                  }
                },
                {
                  "scriptName": "HealAbnormalityNSelfOnSuccessAttackByDmgRatio50"
                }
              ]
            }
          ]
        }
      ]
    },
    {
      "id": 2030211,
      "skillType": "EGO_AWAKEN",
      "skillTier": 3,
      "requireIDList": [],
      "skillData": [
        {
          "gaksungLevel": 1,
          "attributeType": "AZURE",
          "atkType": "HIT",
          "defType": "ATTACK",
          "skillTargetType": "FRONT",
          "targetNum": 1,
          "mpUsage": 20,
          "skillLevelCorrection": 0,
          "defaultValue": 15,
          "canTeamKill": false,
          "canDuel": true,
          "canChangeTarget": true,
          "actionScript": "2030221",
          "skillMotion": "Default",
          "viewType": "SKILL",
          "parryingCloseType": "NEAR",
          "coinList": [
            {
              "operatorType": "ADD",
              "scale": 18,
              "abilityScriptList": [
                {
                  "scriptName": "VibrationExplosionOnSucceedAttackHead"
                },
                {
                  "scriptName": "GiveMpDmgOnSucceedAttackTarget15"
                }
              ]
            }
          ]
        },
        {
          "gaksungLevel": 3,
          "defaultValue": 20,
          "coinList": [
            {
              "operatorType": "ADD",
              "scale": 18,
              "abilityScriptList": [
                {
                  "scriptName": "VibrationExplosionOnSucceedAttack"
                },
                {
                  "scriptName": "GiveMpDmgOnSucceedAttackTarget25"
                },
                {
                  "scriptName": "2030211_1"
                }
              ]
            }
          ]
        },
        {
          "gaksungLevel": 4,
          "targetNum": 3,
          "coinList": [
            {
              "operatorType": "ADD",
              "scale": 18,
              "abilityScriptList": [
                {
                  "scriptName": "VibrationExplosionOnSucceedAttack"
                },
                {
                  "scriptName": "GiveMpDmgOnSucceedAttackTarget25"
                },
                {
                  "scriptName": "2030211_1"
                },
                {
                  "scriptName": "GiveBuffOnSucceedAttack",
                  "buffData": {
                    "buffKeyword": "Sinking",
                    "target": "Target",
                    "buffOwner": "",
                    "stack": 2,
                    "turn": 0,
                    "activeRound": 0
                  }
                }
              ]
            }
          ]
        }
      ]
    },
    {
      "id": 2030221,
      "skillType": "EGO_EROSION",
      "skillTier": 3,
      "requireIDList": [],
      "skillData": [
        {
          "gaksungLevel": 1,
          "attributeType": "AZURE",
          "atkType": "HIT",
          "defType": "ATTACK",
          "skillTargetType": "RANDOM",
          "targetNum": 1,
          "mpUsage": 20,
          "skillLevelCorrection": 0,
          "defaultValue": 37,
          "canTeamKill": true,
          "canDuel": true,
          "canChangeTarget": true,
          "actionScript": "2030222",
          "skillMotion": "Default",
          "viewType": "SKILL",
          "parryingCloseType": "NEAR",
          "coinList": [
            {
              "operatorType": "SUB",
              "scale": 25,
              "abilityScriptList": [
                {
                  "scriptName": "GiveBuffOnSucceedAttack",
                  "buffData": {
                    "buffKeyword": "Vibration",
                    "target": "Target",
                    "buffOwner": "",
                    "stack": 5,
                    "turn": 0,
                    "activeRound": 0
                  }
                },
                {
                  "scriptName": "GiveBuffOnSucceedAttack",
                  "buffData": {
                    "buffKeyword": "Sinking",
                    "target": "Target",
                    "buffOwner": "",
                    "stack": 5,
                    "turn": 0,
                    "activeRound": 0
                  }
                }
              ]
            }
          ]
        },
        {
          "gaksungLevel": 3,
          "defaultValue": 42,
          "coinList": [
            {
              "operatorType": "SUB",
              "scale": 25,
              "abilityScriptList": [
                {
                  "scriptName": "GiveBuffOnSucceedAttack",
                  "buffData": {
                    "buffKeyword": "Vibration",
                    "target": "Target",
                    "buffOwner": "",
                    "stack": 7,
                    "turn": 0,
                    "activeRound": 0
                  }
                },
                {
                  "scriptName": "GiveBuffOnSucceedAttack",
                  "buffData": {
                    "buffKeyword": "Sinking",
                    "target": "Target",
                    "buffOwner": "",
                    "stack": 7,
                    "turn": 0,
                    "activeRound": 0
                  }
                },
                {
                  "scriptName": "2030221_1"
                }
              ]
            }
          ]
        },
        {
          "gaksungLevel": 4,
          "targetNum": 3,
          "coinList": [
            {
              "operatorType": "SUB",
              "scale": 25,
              "abilityScriptList": [
                {
                  "scriptName": "GiveBuffOnSucceedAttack",
                  "buffData": {
                    "buffKeyword": "Vibration",
                    "target": "Target",
                    "buffOwner": "",
                    "stack": 10,
                    "turn": 0,
                    "activeRound": 0
                  }
                },
                {
                  "scriptName": "GiveBuffOnSucceedAttack",
                  "buffData": {
                    "buffKeyword": "Sinking",
                    "target": "Target",
                    "buffOwner": "",
                    "stack": 10,
                    "turn": 0,
                    "activeRound": 0
                  }
                },
                {
                  "scriptName": "2030221_1"
                }
              ]
            }
          ]
        }
      ]
    },
    {
      "id": 2030311,
      "skillType": "EGO_AWAKEN",
      "skillTier": 3,
      "requireIDList": [],
      "skillData": [
        {
          "gaksungLevel": 1,
          "attributeType": "VIOLET",
          "atkType": "PENETRATE",
          "defType": "ATTACK",
          "skillTargetType": "FRONT",
          "targetNum": 1,
          "mpUsage": 20,
          "skillLevelCorrection": 0,
          "defaultValue": 14,
          "canTeamKill": false,
          "canDuel": true,
          "canChangeTarget": true,
          "skillMotion": "Default",
          "viewType": "SKILL",
          "parryingCloseType": "NEAR",
          "coinList": [
            {
              "operatorType": "ADD",
              "scale": 8,
              "abilityScriptList": [
                {
                  "scriptName": "GiveBuffOnSucceedAttack",
                  "buffData": {
                    "buffKeyword": "Charge",
                    "target": "Self",
                    "buffOwner": "",
                    "stack": 0,
                    "turn": 10,
                    "activeRound": 0
                  }
                }
              ]
            }
          ]
        },
        {
          "gaksungLevel": 3,
          "defaultValue": 18,
          "coinList": [
            {
              "operatorType": "ADD",
              "scale": 8,
              "abilityScriptList": [
                {
                  "scriptName": "GiveBuffOnSucceedAttack",
                  "buffData": {
                    "buffKeyword": "Charge",
                    "target": "Self",
                    "buffOwner": "",
                    "stack": 0,
                    "turn": 10,
                    "activeRound": 0
                  }
                },
                {
                  "scriptName": "GiveBuffOnSucceedAttackHeadTurnByVioletResonance",
                  "buffData": {
                    "buffKeyword": "Charge",
                    "target": "EveryAlly",
                    "buffOwner": "",
                    "stack": 0,
                    "turn": -1,
                    "activeRound": 0,
                    "value": 1
                  }
                }
              ]
            }
          ]
        },
        {
          "gaksungLevel": 4,
          "targetNum": 3,
          "coinList": [
            {
              "operatorType": "ADD",
              "scale": 8,
              "abilityScriptList": [
                {
                  "scriptName": "GiveBuffOnSucceedAttack",
                  "buffData": {
                    "buffKeyword": "Charge",
                    "target": "Self",
                    "buffOwner": "",
                    "stack": 0,
                    "turn": 10,
                    "activeRound": 0
                  }
                },
                {
                  "scriptName": "GiveBuffOnEndCoinTurnByVioletResonance",
                  "buffData": {
                    "buffKeyword": "Charge",
                    "target": "EveryAlly",
                    "buffOwner": "",
                    "stack": 0,
                    "turn": -1,
                    "activeRound": 0,
                    "value": 1
                  }
                }
              ]
            }
          ]
        }
      ]
    },
    {
      "id": 2030321,
      "skillType": "EGO_EROSION",
      "skillTier": 3,
      "requireIDList": [],
      "skillData": [
        {
          "gaksungLevel": 1,
          "attributeType": "VIOLET",
          "atkType": "PENETRATE",
          "defType": "ATTACK",
          "skillTargetType": "FRONT",
          "targetNum": 1,
          "mpUsage": 20,
          "skillLevelCorrection": 0,
          "defaultValue": 16,
          "canTeamKill": false,
          "canDuel": true,
          "canChangeTarget": true,
          "skillMotion": "Default",
          "viewType": "SKILL",
          "parryingCloseType": "NEAR",
          "coinList": [
            {
              "operatorType": "ADD",
              "scale": 10,
              "abilityScriptList": [
                {
                  "scriptName": "GiveBuffOnSucceedAttack",
                  "buffData": {
                    "buffKeyword": "Burst",
                    "target": "Self",
                    "buffOwner": "",
                    "stack": 10,
                    "turn": 0,
                    "activeRound": 0
                  }
                },
                {
                  "scriptName": "GiveBuffOnSucceedAttack",
                  "buffData": {
                    "buffKeyword": "Charge",
                    "target": "Self",
                    "buffOwner": "",
                    "stack": 0,
                    "turn": 10,
                    "activeRound": 0
                  }
                }
              ]
            }
          ]
        },
        {
          "gaksungLevel": 3,
          "defaultValue": 19,
          "coinList": [
            {
              "operatorType": "ADD",
              "scale": 10,
              "abilityScriptList": [
                {
                  "scriptName": "GiveBuffOnSucceedAttack",
                  "buffData": {
                    "buffKeyword": "Burst",
                    "target": "Self",
                    "buffOwner": "",
                    "stack": 10,
                    "turn": 0,
                    "activeRound": 0
                  }
                },
                {
                  "scriptName": "GiveBuffOnSucceedAttack",
                  "buffData": {
                    "buffKeyword": "Charge",
                    "target": "Self",
                    "buffOwner": "",
                    "stack": 0,
                    "turn": 10,
                    "activeRound": 0
                  }
                },
                {
                  "scriptName": "GiveBuffOnSucceedAttackHead",
                  "buffData": {
                    "buffKeyword": "Vulnerable",
                    "target": "EveryAlly",
                    "buffOwner": "",
                    "stack": 5,
                    "turn": 0,
                    "activeRound": 0
                  }
                },
                {
                  "scriptName": "GiveBuffOnSucceedAttackHead",
                  "buffData": {
                    "buffKeyword": "Burst",
                    "target": "EveryAlly",
                    "buffOwner": "",
                    "stack": 10,
                    "turn": 0,
                    "activeRound": 0
                  }
                },
                {
                  "scriptName": "GiveBuffOnSucceedAttackHead",
                  "buffData": {
                    "buffKeyword": "Charge",
                    "target": "EveryAlly",
                    "buffOwner": "",
                    "stack": 0,
                    "turn": 10,
                    "activeRound": 0
                  }
                }
              ]
            }
          ]
        },
        {
          "gaksungLevel": 4,
          "targetNum": 3,
          "coinList": [
            {
              "operatorType": "ADD",
              "scale": 10,
              "abilityScriptList": [
                {
                  "scriptName": "GiveBuffOnSucceedAttack",
                  "buffData": {
                    "buffKeyword": "Burst",
                    "target": "Self",
                    "buffOwner": "",
                    "stack": 10,
                    "turn": 0,
                    "activeRound": 0
                  }
                },
                {
                  "scriptName": "GiveBuffOnSucceedAttack",
                  "buffData": {
                    "buffKeyword": "Charge",
                    "target": "Self",
                    "buffOwner": "",
                    "stack": 0,
                    "turn": 10,
                    "activeRound": 0
                  }
                },
                {
                  "scriptName": "GiveBuffOnEndCoin",
                  "buffData": {
                    "buffKeyword": "Vulnerable",
                    "target": "EveryAlly",
                    "buffOwner": "",
                    "stack": 5,
                    "turn": 0,
                    "activeRound": 0
                  }
                },
                {
                  "scriptName": "GiveBuffOnEndCoin",
                  "buffData": {
                    "buffKeyword": "Burst",
                    "target": "EveryAlly",
                    "buffOwner": "",
                    "stack": 10,
                    "turn": 0,
                    "activeRound": 0
                  }
                },
                {
                  "scriptName": "GiveBuffOnEndCoin",
                  "buffData": {
                    "buffKeyword": "Charge",
                    "target": "EveryAlly",
                    "buffOwner": "",
                    "stack": 0,
                    "turn": 12,
                    "activeRound": 0
                  }
                }
              ]
            }
          ]
        }
      ]
    },
    {
      "id": 2030411,
      "skillType": "EGO_AWAKEN",
      "skillTier": 3,
      "requireIDList": [],
      "skillData": [
        {
          "gaksungLevel": 1,
          "attributeType": "SCARLET",
          "atkType": "HIT",
          "defType": "ATTACK",
          "skillTargetType": "FRONT",
          "targetNum": 1,
          "mpUsage": 20,
          "skillLevelCorrection": 3,
          "defaultValue": 18,
          "canTeamKill": false,
          "canDuel": true,
          "canChangeTarget": true,
          "skillMotion": "Default",
          "viewType": "SKILL",
          "parryingCloseType": "NEAR",
          "abilityScriptList": [
            {
              "scriptName": "2030411"
            }
          ],
          "coinList": [
            {
              "operatorType": "ADD",
              "scale": 4,
              "abilityScriptList": [
                {
                  "scriptName": "GiveBuffOnSucceedAttack",
                  "buffData": {
                    "buffKeyword": "Combustion",
                    "target": "Target",
                    "buffOwner": "",
                    "stack": 0,
                    "turn": 1,
                    "activeRound": 0
                  }
                }
              ]
            }
          ]
        },
        {
          "gaksungLevel": 3,
          "defaultValue": 21,
          "abilityScriptList": [
            {
              "scriptName": "2030411_gaksung"
            }
          ],
          "coinList": [
            {
              "operatorType": "ADD",
              "scale": 4,
              "abilityScriptList": [
                {
                  "scriptName": "GiveBuffOnSucceedAttack",
                  "buffData": {
                    "buffKeyword": "Combustion",
                    "target": "Target",
                    "buffOwner": "",
                    "stack": 0,
                    "turn": 3,
                    "activeRound": 0
                  }
                }
              ]
            }
          ]
        },
        {
          "gaksungLevel": 4,
          "targetNum": 3
        }
      ]
    },
    {
      "id": 2030421,
      "skillType": "EGO_EROSION",
      "skillTier": 3,
      "requireIDList": [],
      "skillData": [
        {
          "gaksungLevel": 1,
          "attributeType": "SCARLET",
          "atkType": "HIT",
          "defType": "ATTACK",
          "skillTargetType": "RANDOM",
          "targetNum": 1,
          "mpUsage": 20,
          "skillLevelCorrection": 3,
          "defaultValue": 19,
          "canTeamKill": true,
          "canDuel": true,
          "canChangeTarget": true,
          "actionScript": "2030421",
          "skillMotion": "Default",
          "viewType": "SKILL",
          "parryingCloseType": "NEAR",
          "abilityScriptList": [
            {
              "scriptName": "AttackHighestHpAbnormalityTarget"
            },
            {
              "scriptName": "2030411"
            },
            {
              "scriptName": "2030421"
            }
          ],
          "coinList": [
            {
              "operatorType": "ADD",
              "scale": 5,
              "abilityScriptList": [
                {
                  "scriptName": "GiveBuffOnSucceedAttack",
                  "buffData": {
                    "buffKeyword": "Combustion",
                    "target": "Target",
                    "buffOwner": "",
                    "stack": 0,
                    "turn": 2,
                    "activeRound": 0
                  }
                }
              ]
            }
          ]
        },
        {
          "gaksungLevel": 3,
          "defaultValue": 22,
          "abilityScriptList": [
            {
              "scriptName": "AttackHighestHpAbnormalityTarget"
            },
            {
              "scriptName": "2030411_gaksung"
            },
            {
              "scriptName": "2030421_gaksung"
            }
          ],
          "coinList": [
            {
              "operatorType": "ADD",
              "scale": 5,
              "abilityScriptList": [
                {
                  "scriptName": "GiveBuffOnSucceedAttack",
                  "buffData": {
                    "buffKeyword": "Combustion",
                    "target": "Target",
                    "buffOwner": "",
                    "stack": 0,
                    "turn": 4,
                    "activeRound": 0
                  }
                }
              ]
            }
          ]
        },
        {
          "gaksungLevel": 4,
          "targetNum": 3
        }
      ]
    },
    {
      "id": 2030511,
      "skillType": "EGO_AWAKEN",
      "skillTier": 3,
      "requireIDList": [],
      "skillData": [
        {
          "gaksungLevel": 1,
          "attributeType": "AMBER",
          "atkType": "HIT",
          "defType": "ATTACK",
          "skillTargetType": "FRONT",
          "targetNum": 1,
          "mpUsage": 20,
          "skillLevelCorrection": -2,
          "defaultValue": 18,
          "canTeamKill": false,
          "canDuel": true,
          "canChangeTarget": true,
          "skillMotion": "Default",
          "viewType": "SKILL",
          "parryingCloseType": "NEAR",
          "abilityScriptList": [
          ],
          "coinList": [
            {
              "operatorType": "ADD",
              "scale": 9,
              "abilityScriptList": [
                {
                  "scriptName": "GiveBuffOnSucceedAttack",
                  "buffData": {
                    "buffKeyword": "Laceration",
                    "target": "Target",
                    "buffOwner": "",
                    "stack": 0,
                    "turn": 3,
                    "activeRound": 0
                  }
                },
                {
                  "scriptName": "GiveBuffOnSucceedAttack",
                  "buffData": {
                    "buffKeyword": "Vibration",
                    "target": "Target",
                    "buffOwner": "",
                    "stack": 4,
                    "turn": 0,
                    "activeRound": 0
                  }
                }
              ]
            }
          ]
        },
        {
          "gaksungLevel": 3,
          "coinList": [
            {
              "operatorType": "ADD",
              "scale": 9,
              "abilityScriptList": [
                {
                  "scriptName": "GiveBuffOnSucceedAttack",
                  "buffData": {
                    "buffKeyword": "Laceration",
                    "target": "Target",
                    "buffOwner": "",
                    "stack": 0,
                    "turn": 4,
                    "activeRound": 0
                  }
                },
                {
                  "scriptName": "GiveBuffOnSucceedAttack",
                  "buffData": {
                    "buffKeyword": "Vibration",
                    "target": "Target",
                    "buffOwner": "",
                    "stack": 5,
                    "turn": 0,
                    "activeRound": 0
                  }
                },
                {
                  "scriptName": "GiveBuffOnSucceedAttackHead",
                  "buffData": {
                    "buffKeyword": "Paralysis",
                    "target": "Target",
                    "buffOwner": "",
                    "stack": 2,
                    "turn": 0,
                    "activeRound": 0
                  }
                }
              ]
            }
          ]
        },
        {
          "gaksungLevel": 4,
          "targetNum": 3,
          "coinList": [
            {
              "operatorType": "ADD",
              "scale": 9,
              "abilityScriptList": [
                {
                  "scriptName": "GiveBuffOnSucceedAttack",
                  "buffData": {
                    "buffKeyword": "Laceration",
                    "target": "Target",
                    "buffOwner": "",
                    "stack": 0,
                    "turn": 4,
                    "activeRound": 0
                  }
                },
                {
                  "scriptName": "GiveBuffOnSucceedAttack",
                  "buffData": {
                    "buffKeyword": "Vibration",
                    "target": "Target",
                    "buffOwner": "",
                    "stack": 5,
                    "turn": 0,
                    "activeRound": 0
                  }
                },
                {
                  "scriptName": "GiveBuffOnSucceedAttackHead",
                  "buffData": {
                    "buffKeyword": "Paralysis",
                    "target": "Target",
                    "buffOwner": "",
                    "stack": 2,
                    "turn": 0,
                    "activeRound": 0
                  }
                }
              ]
            }
          ]
        }
      ]
    },
    {
      "id": 2030521,
      "skillType": "EGO_EROSION",
      "skillTier": 3,
      "requireIDList": [],
      "skillData": [
        {
          "gaksungLevel": 1,
          "attributeType": "AMBER",
          "atkType": "HIT",
          "defType": "ATTACK",
          "skillTargetType": "RANDOM",
          "targetNum": 3,
          "mpUsage": 20,
          "skillLevelCorrection": -2,
          "defaultValue": 24,
          "canTeamKill": true,
          "canDuel": true,
          "canChangeTarget": true,
          "skillMotion": "Default",
          "viewType": "SKILL",
          "parryingCloseType": "NEAR",
          "abilityScriptList": [
          ],
          "coinList": [
            {
              "operatorType": "SUB",
              "scale": 10,
              "abilityScriptList": [
                {
                  "scriptName": "VibrationExplosionOnSuccessCriticalAttack"
                },
                {
                  "scriptName": "GiveBuffOnSuccessCriticalAttack",
                  "buffData": {
                    "buffKeyword": "Laceration",
                    "target": "Target",
                    "buffOwner": "",
                    "stack": 4,
                    "turn": 0,
                    "activeRound": 0
                  }
                },
                {
                  "scriptName": "VibrationExplosionOnSucceedAttackTail"
                },
                {
                  "scriptName": "VibrationExplosionOnSucceedAttack"
                },
                {
                  "scriptName": "LoseBuffOnSucceedAttack",
                  "buffData": {
                    "buffKeyword": "Vibration",
                    "target": "Target",
                    "buffOwner": "",
                    "stack": 0,
                    "turn": 2
                  }
                }
              ]
            }
          ]
        },
        {
          "gaksungLevel": 3,
          "coinList": [
            {
              "operatorType": "SUB",
              "scale": 10,
              "abilityScriptList": [
                {
                  "scriptName": "VibrationExplosionOnSuccessCriticalAttack"
                },
                {
                  "scriptName": "GiveBuffOnSuccessCriticalAttack",
                  "buffData": {
                    "buffKeyword": "Laceration",
                    "target": "Target",
                    "buffOwner": "",
                    "stack": 6,
                    "turn": 0,
                    "activeRound": 0
                  }
                },
                {
                  "scriptName": "VibrationExplosionOnSucceedAttackTail"
                },
                {
                  "scriptName": "VibrationExplosionOnSucceedAttack"
                },
                {
                  "scriptName": "LoseBuffOnSucceedAttack",
                  "buffData": {
                    "buffKeyword": "Vibration",
                    "target": "Target",
                    "buffOwner": "",
                    "stack": 0,
                    "turn": 2
                  }
                }
              ]
            }
          ]
        },
        {
          "gaksungLevel": 4,
          "coinList": [
            {
              "operatorType": "SUB",
              "scale": 10,
              "abilityScriptList": [
                {
                  "scriptName": "VibrationExplosionOnSuccessCriticalAttack"
                },
                {
                  "scriptName": "GiveBuffOnSuccessCriticalAttack",
                  "buffData": {
                    "buffKeyword": "Laceration",
                    "target": "Target",
                    "buffOwner": "",
                    "stack": 8,
                    "turn": 0,
                    "activeRound": 0
                  }
                },
                {
                  "scriptName": "VibrationExplosionOnSucceedAttackTail"
                },
                {
                  "scriptName": "VibrationExplosionOnSucceedAttack"
                },
                {
                  "scriptName": "LoseBuffOnSucceedAttack",
                  "buffData": {
                    "buffKeyword": "Vibration",
                    "target": "Target",
                    "buffOwner": "",
                    "stack": 0,
                    "turn": 2
                  }
                }
              ]
            }
          ]
        }
      ]
    },
    {
      "id": 2030611,
      "skillType": "EGO_AWAKEN",
      "skillTier": 3,
      "requireIDList": [],
      "skillData": [
        {
          "gaksungLevel": 1,
          "attributeType": "VIOLET",
          "atkType": "PENETRATE",
          "defType": "ATTACK",
          "skillTargetType": "FRONT",
          "targetNum": 2,
          "mpUsage": 20,
          "skillLevelCorrection": 3,
          "defaultValue": 19,
          "canTeamKill": false,
          "canDuel": true,
          "canChangeTarget": true,
          "skillMotion": "Default",
          "viewType": "SKILL",
          "parryingCloseType": "NEAR",
          "abilityScriptList": [
            {
              "scriptName": "203061111"
            },
            {
              "scriptName": "20306112",
              "buffData": {
                "buffKeyword": "Charge",
                "target": "",
                "buffOwner": "Self",
                "stack": 0,
                "turn": 20,
                "value": 0.3,
                "activeRound": 0
              }
            }
          ],
          "coinList": [
            {
              "operatorType": "ADD",
              "scale": 8,
              "abilityScriptList": [
                {
                  "scriptName": "GiveBuffOnKillTarget",
                  "buffData": {
                    "buffKeyword": "Charge",
                    "target": "Self",
                    "buffOwner": "",
                    "stack": 0,
                    "turn": 2,
                    "activeRound": 0
                  }
                }
              ]
            }
          ]
        },
        {
          "gaksungLevel": 3,
          "abilityScriptList": [
            {
              "scriptName": "203061113"
            },
            {
              "scriptName": "203061131"
            },
            {
              "scriptName": "20306112",
              "buffData": {
                "buffKeyword": "Charge",
                "target": "",
                "buffOwner": "Self",
                "stack": 0,
                "turn": 20,
                "value": 0.35,
                "activeRound": 0
              }
            }
          ],
          "coinList": [
            {
              "operatorType": "ADD",
              "scale": 8,
              "abilityScriptList": [
                {
                  "scriptName": "GiveBuffOnKillTarget",
                  "buffData": {
                    "buffKeyword": "Charge",
                    "target": "Self",
                    "buffOwner": "",
                    "stack": 0,
                    "turn": 2,
                    "activeRound": 0
                  }
                }
              ]
            }
          ]
        },
        {
          "gaksungLevel": 4,
          "abilityScriptList": [
            {
              "scriptName": "203061114"
            },
            {
              "scriptName": "203061134"
            },
            {
              "scriptName": "20306112",
              "buffData": {
                "buffKeyword": "Charge",
                "target": "",
                "buffOwner": "Self",
                "stack": 0,
                "turn": 20,
                "value": 0.4,
                "activeRound": 0
              }
            }
          ],
          "coinList": [
            {
              "operatorType": "ADD",
              "scale": 8,
              "abilityScriptList": [
                {
                  "scriptName": "GiveBuffOnKillTarget",
                  "buffData": {
                    "buffKeyword": "Charge",
                    "target": "Self",
                    "buffOwner": "",
                    "stack": 0,
                    "turn": 2,
                    "activeRound": 0
                  }
                }
              ]
            }
          ]
        }
      ]
    },
    {
      "id": 2030621,
      "skillType": "EGO_EROSION",
      "skillTier": 3,
      "requireIDList": [],
      "skillData": [
        {
          "gaksungLevel": 1,
          "attributeType": "VIOLET",
          "atkType": "PENETRATE",
          "defType": "ATTACK",
          "skillTargetType": "RANDOM",
          "targetNum": 2,
          "mpUsage": 25,
          "skillLevelCorrection": 5,
          "defaultValue": 28,
          "canTeamKill": true,
          "canDuel": true,
          "canChangeTarget": true,
          "skillMotion": "Default",
          "viewType": "SKILL",
          "parryingCloseType": "NEAR",
          "abilityScriptList": [
            {
              "scriptName": "203061111"
            },
            {
              "scriptName": "203061131"
            },
            {
              "scriptName": "203062113",
              "buffData": {
                "buffKeyword": "Charge",
                "buffOwner": "",
                "stack": 0,
                "turn": 20,
                "value": 0.015,
                "activeRound": 0
              }
            },
            {
              "scriptName": "203062141",
              "buffData": {
                "buffKeyword": "Charge",
                "buffOwner": "",
                "stack": 0,
                "turn": 20,
                "value": 0.025,
                "limit": 0.5,
                "activeRound": 0
              }
            }
          ],
          "coinList": [
            {
              "operatorType": "SUB",
              "scale": 12,
              "abilityScriptList": [
                {
                  "scriptName": "GiveBuffOnKillTarget",
                  "buffData": {
                    "buffKeyword": "Charge",
                    "target": "Self",
                    "buffOwner": "",
                    "stack": 0,
                    "turn": 3,
                    "activeRound": 0
                  }
                }
              ]
            }
          ]
        },
        {
          "gaksungLevel": 3,
          "abilityScriptList": [
            {
              "scriptName": "203061113"
            },
            {
              "scriptName": "203062133"
            },
            {
              "scriptName": "203062113",
              "buffData": {
                "buffKeyword": "Charge",
                "buffOwner": "",
                "stack": 0,
                "turn": 20,
                "value": 0.015,
                "activeRound": 0
              }
            },
            {
              "scriptName": "203062141",
              "buffData": {
                "buffKeyword": "Charge",
                "buffOwner": "",
                "stack": 0,
                "turn": 20,
                "value": 0.035,
                "limit": 0.7,
                "activeRound": 0
              }
            }
          ],
          "coinList": [
            {
              "operatorType": "SUB",
              "scale": 12,
              "abilityScriptList": [
                {
                  "scriptName": "GiveBuffOnKillTarget",
                  "buffData": {
                    "buffKeyword": "Charge",
                    "target": "Self",
                    "buffOwner": "",
                    "stack": 0,
                    "turn": 3,
                    "activeRound": 0
                  }
                }
              ]
            }
          ]
        },
        {
          "gaksungLevel": 4,
          "abilityScriptList": [
            {
              "scriptName": "203061114"
            },
            {
              "scriptName": "203062134"
            },
            {
              "scriptName": "203062113",
              "buffData": {
                "buffKeyword": "Charge",
                "buffOwner": "",
                "stack": 0,
                "turn": 20,
                "value": 0.01,
                "activeRound": 0
              }
            },
            {
              "scriptName": "203062141",
              "buffData": {
                "buffKeyword": "Charge",
                "buffOwner": "",
                "stack": 0,
                "turn": 20,
                "value": 0.05,
                "limit": 1,
                "activeRound": 0
              }
            }
          ],
          "coinList": [
            {
              "operatorType": "SUB",
              "scale": 12,
              "abilityScriptList": [
                {
                  "scriptName": "GiveBuffOnKillTarget",
                  "buffData": {
                    "buffKeyword": "Charge",
                    "target": "Self",
                    "buffOwner": "",
                    "stack": 0,
                    "turn": 3,
                    "activeRound": 0
                  }
                }
              ]
            }
          ]
        }
      ]
    }
  ]
}