{
  "list": [
    {
      "id": 1000101,
      "skillType": "SKILL",
      "skillTier": 1,
      "skillData": [
        {
          "gaksungLevel": 1,
          "attributeType": "NEUTRAL",
          "atkType": "NONE",
          "defType": "GUARD",
          "skillTargetType": "FRONT",
          "targetNum": 1,
          "mpUsage": 0,
          "skillLevelCorrection": -1,
          "defaultValue": 7,
          "canTeamKill": false,
          "canDuel": false,
          "canChangeTarget": true,
          "skillMotion": "Default",
          "viewType": "BATTLE",
          "parryingCloseType": "NEAR",
          "coinList": [
            {
              "operatorType": "ADD",
              "scale": 3
            }
          ]
        }
      ]
    },
    {
      "id": 1000102,
      "skillType": "SKILL",
      "skillTier": 1,
      "skillData": [
        {
          "gaksungLevel": 1,
          "attributeType": "NEUTRAL",
          "atkType": "NONE",
          "defType": "EVADE",
          "skillTargetType": "FRONT",
          "targetNum": 1,
          "mpUsage": 0,
          "skillLevelCorrection": -1,
          "defaultValue": 2,
          "canTeamKill": false,
          "canDuel": true,
          "canChangeTarget": true,
          "skillMotion": "Default",
          "viewType": "BATTLE",
          "parryingCloseType": "NEAR",
          "coinList": [
            {
              "operatorType": "ADD",
              "scale": 10
            }
          ]
        }
      ]
    },
    {
      "id": 1000103,
      "skillType": "SKILL",
      "skillTier": 1,
      "skillData": [
        {
          "attributeType": "CRIMSON",
          "atkType": "SLASH",
          "defType": "COUNTER",
          "skillTargetType": "FRONT",
          "targetNum": 1,
          "mpUsage": 0,
          "skillLevelCorrection": -2,
          "defaultValue": 7,
          "canTeamKill": false,
          "canDuel": false,
          "canChangeTarget": true,
          "skillMotion": "Default",
          "viewType": "BATTLE",
          "parryingCloseType": "NEAR",
          "coinList": [
            {
              "operatorType": "ADD",
              "scale": 4
            }
          ]
        }
      ]
    },
    {
      "id": 1000104,
      "skillType": "SKILL",
      "skillTier": 1,
      "skillData": [
        {
          "attributeType": "NEUTRAL",
          "atkType": "NONE",
          "defType": "NON_ACTION",
          "skillTargetType": "FRONT",
          "targetNum": 0,
          "mpUsage": 0,
          "skillLevelCorrection": 0,
          "defaultValue": 0,
          "canTeamKill": false,
          "canDuel": false,
          "canChangeTarget": false,
          "skillMotion": "Default",
          "viewType": "BATTLE",
          "parryingCloseType": "NEAR",
          "abilityScriptList": [
            {
              "scriptName": "Panic"
            }
          ]
        }
      ]
    }
  ]
}