{
  "list": [
    {
      "id": 2020511,
      "skillType": "EGO_AWAKEN",
      "skillTier": 3,
      "requireIDList": [],
      "skillData": [
        {
          "gaksungLevel": 1,
          "attributeType": "SCARLET",
          "atkType": "SLASH",
          "defType": "ATTACK",
          "skillTargetType": "FRONT",
          "targetNum": 1,
          "mpUsage": 20,
          "skillLevelCorrection": 2,
          "defaultValue": 18,
          "canTeamKill": false,
          "canDuel": true,
          "canChangeTarget": true,
          "skillMotion": "Default",
          "viewType": "SKILL",
          "parryingCloseType": "NEAR",
          "coinList": [
            {
              "operatorType": "ADD",
              "scale": 8,
              "abilityScriptList": [
                {
                  "scriptName": "FaustFifthEgoCoinAbility_Combustion2",
                  "buffData": {
                    "buffKeyword": "DefenseDown",
                    "target": "Target",
                    "buffOwner": "",
                    "stack": 1,
                    "turn": 0,
                    "activeRound": 0,
                    "value": 10
                  }
                }
              ]
            }
          ]
        },
        {
          "gaksungLevel": 3,
          "abilityScriptList": [
            {
              "scriptName": "FaustFifthEgoSkillAbility4And1"
            }
          ],
          "coinList": [
            {
              "operatorType": "ADD",
              "scale": 8,
              "abilityScriptList": [
                {
                  "scriptName": "GiveBuffOnSucceedAttackHead",
                  "buffData": {
                    "buffKeyword": "Combustion",
                    "target": "Target",
                    "buffOwner": "",
                    "stack": 3,
                    "turn": 0,
                    "activeRound": 0
                  }
                },
                {
                  "scriptName": "FaustFifthEgoCoinAbility_Combustion2",
                  "buffData": {
                    "buffKeyword": "DefenseDown",
                    "target": "Target",
                    "buffOwner": "",
                    "stack": 1,
                    "turn": 0,
                    "activeRound": 0,
                    "value": 10
                  }
                }
              ]
            }
          ]
        },
        {
          "gaksungLevel": 4,
          "abilityScriptList": [
            {
              "scriptName": "FaustFifthEgoSkillAbility4And1"
            },
            {
              "scriptName": "FaustFifthEgoSkillAbility6And1"
            }
          ],
          "coinList": [
            {
              "operatorType": "ADD",
              "scale": 8,
              "abilityScriptList": [
                {
                  "scriptName": "GiveBuffOnSucceedAttack",
                  "buffData": {
                    "buffKeyword": "Combustion",
                    "target": "Target",
                    "buffOwner": "",
                    "stack": 3,
                    "turn": 0,
                    "activeRound": 0
                  }
                },
                {
                  "scriptName": "FaustFifthEgoCoinAbility_Combustion2",
                  "buffData": {
                    "buffKeyword": "DefenseDown",
                    "target": "Target",
                    "buffOwner": "",
                    "stack": 1,
                    "turn": 0,
                    "activeRound": 0,
                    "value": 10
                  }
                }
              ]
            }
          ]
        }
      ]
    },
    {
      "id": 2020521,
      "skillType": "EGO_EROSION",
      "skillTier": 3,
      "requireIDList": [],
      "skillData": [
        {
          "gaksungLevel": 1,
          "attributeType": "SCARLET",
          "atkType": "SLASH",
          "defType": "ATTACK",
          "skillTargetType": "RANDOM",
          "targetNum": 1,
          "mpUsage": 20,
          "skillLevelCorrection": 2,
          "defaultValue": 28,
          "canTeamKill": true,
          "canDuel": true,
          "canChangeTarget": true,
          "skillMotion": "Default",
          "viewType": "SKILL",
          "parryingCloseType": "NEAR",
          "coinList": [
            {
              "operatorType": "SUB",
              "scale": 12,
              "abilityScriptList": [
                {
                  "scriptName": "GiveBuffOnSucceedAttackTail",
                  "buffData": {
                    "buffKeyword": "Combustion",
                    "target": "Target",
                    "buffOwner": "",
                    "stack": 4,
                    "turn": 0,
                    "activeRound": 0
                  }
                },
                {
                  "scriptName": "FaustFifthEgoCoinAbility_Combustion2",
                  "buffData": {
                    "buffKeyword": "DefenseDown",
                    "target": "Target",
                    "buffOwner": "",
                    "stack": 1,
                    "turn": 0,
                    "activeRound": 0,
                    "value": 10
                  }
                }
              ]
            }
          ]
        },
        {
          "gaksungLevel": 3,
          "abilityScriptList": [
            {
              "scriptName": "FaustFifthEgoSkillAbility4And1"
            }
          ],
          "coinList": [
            {
              "operatorType": "SUB",
              "scale": 12,
              "abilityScriptList": [
                {
                  "scriptName": "GiveBuffOnSucceedAttackTail",
                  "buffData": {
                    "buffKeyword": "Binding",
                    "target": "Target",
                    "buffOwner": "",
                    "stack": 2,
                    "turn": 0,
                    "activeRound": 1
                  }
                },
                {
                  "scriptName": "GiveBuffOnSucceedAttack",
                  "buffData": {
                    "buffKeyword": "Combustion",
                    "target": "Target",
                    "buffOwner": "",
                    "stack": 4,
                    "turn": 0,
                    "activeRound": 0
                  }
                },
                {
                  "scriptName": "FaustFifthEgoCoinAbility_Combustion2",
                  "buffData": {
                    "buffKeyword": "DefenseDown",
                    "target": "Target",
                    "buffOwner": "",
                    "stack": 1,
                    "turn": 0,
                    "activeRound": 0,
                    "value": 10
                  }
                }
              ]
            }
          ]
        },
        {
          "gaksungLevel": 4,
          "abilityScriptList": [
            {
              "scriptName": "FaustFifthEgoSkillAbility4And1"
            },
            {
              "scriptName": "FaustFifthEgoSkillAbility6And1"
            }
          ],
          "coinList": [
            {
              "operatorType": "SUB",
              "scale": 12,
              "abilityScriptList": [
                {
                  "scriptName": "GiveBuffOnSucceedAttackTail",
                  "buffData": {
                    "buffKeyword": "Binding",
                    "target": "Target",
                    "buffOwner": "",
                    "stack": 2,
                    "turn": 0,
                    "activeRound": 1
                  }
                },
                {
                  "scriptName": "GiveBuffOnSucceedAttack",
                  "buffData": {
                    "buffKeyword": "Combustion",
                    "target": "Target",
                    "buffOwner": "",
                    "stack": 4,
                    "turn": 0,
                    "activeRound": 0
                  }
                },
                {
                  "scriptName": "FaustFifthEgoCoinAbility_Combustion2",
                  "buffData": {
                    "buffKeyword": "DefenseDown",
                    "target": "Target",
                    "buffOwner": "",
                    "stack": 1,
                    "turn": 0,
                    "activeRound": 0,
                    "value": 10
                  }
                }
              ]
            }
          ]
        }
      ]
    },
    {
      "id": 2060511,
      "skillType": "EGO_AWAKEN",
      "skillTier": 2,
      "requireIDList": [],
      "skillData": [
        {
          "gaksungLevel": 1,
          "attributeType": "SHAMROCK",
          "atkType": "PENETRATE",
          "defType": "ATTACK",
          "skillTargetType": "FRONT",
          "targetNum": 2,
          "mpUsage": 20,
          "skillLevelCorrection": 0,
          "defaultValue": 17,
          "canTeamKill": false,
          "canDuel": true,
          "canChangeTarget": true,
          "skillMotion": "Default",
          "viewType": "SKILL",
          "parryingCloseType": "NEAR",
          "coinList": [
            {
              "operatorType": "ADD",
              "scale": 15,
              "abilityScriptList": [
                {
                  "scriptName": "GiveBuffDivStackOnSAAsNumOfAR_SHAMROCK",
                  "buffData": {
                    "buffKeyword": "Burst",
                    "target": "Target",
                    "stack": -1,
                    "turn": 0,
                    "value": 2,
                    "activeRound": 0
                  }
                },
                {
                  "scriptName": "GiveBuffOnSucceedAttack",
                  "buffData": {
                    "buffKeyword": "Binding",
                    "target": "Target",
                    "stack": 2,
                    "turn": 0,
                    "activeRound": 1
                  }
                }
              ]
            }
          ]
        },
        {
          "gaksungLevel": 3,
          "abilityScriptList": [
            {
              "scriptName": "TagetNumAdder1BeforeBehaviourIfSelfHpRatioLessThan50"
            }
          ],
          "coinList": [
            {
              "operatorType": "ADD",
              "scale": 15,
              "abilityScriptList": [
                {
                  "scriptName": "GiveBuffDivStackOnSAAsNumOfAR_SHAMROCK",
                  "buffData": {
                    "buffKeyword": "Burst",
                    "target": "Target",
                    "stack": -1,
                    "turn": 0,
                    "value": 2,
                    "activeRound": 0
                  }
                },
                {
                  "scriptName": "GiveBuffOnSucceedAttackHead",
                  "buffData": {
                    "buffKeyword": "ShamrockTakeDamageUp",
                    "target": "Target",
                    "stack": 2,
                    "turn": 0,
                    "activeRound": 1
                  }
                },
                {
                  "scriptName": "GiveBuffOnSucceedAttack",
                  "buffData": {
                    "buffKeyword": "Binding",
                    "target": "Target",
                    "stack": 2,
                    "turn": 0,
                    "activeRound": 1
                  }
                }
              ]
            }
          ]
        },
        {
          "gaksungLevel": 4,
          "abilityScriptList": [
            {
              "scriptName": "TagetNumAdder1BeforeBehaviourIfSelfHpRatioLessThan50"
            },
            {
              "scriptName": "TagetNumAdder1BeforeBehaviourIfSelfHpRatioLessThan25"
            }
          ],
          "coinList": [
            {
              "operatorType": "ADD",
              "scale": 15,
              "abilityScriptList": [
                {
                  "scriptName": "GiveBuffDivStackOnSAAsNumOfAR_SHAMROCK",
                  "buffData": {
                    "buffKeyword": "Burst",
                    "target": "Target",
                    "stack": -1,
                    "turn": 0,
                    "value": 2,
                    "activeRound": 0
                  }
                },
                {
                  "scriptName": "GiveBuffOnSucceedAttack",
                  "buffData": {
                    "buffKeyword": "ShamrockTakeDamageUp",
                    "target": "Target",
                    "stack": 2,
                    "turn": 0,
                    "activeRound": 1
                  }
                },
                {
                  "scriptName": "GiveBuffOnSucceedAttack",
                  "buffData": {
                    "buffKeyword": "Binding",
                    "target": "Target",
                    "stack": 2,
                    "turn": 0,
                    "activeRound": 1
                  }
                }
              ]
            }
          ]
        }
      ]
    },
    {
      "id": 2060521,
      "skillType": "EGO_EROSION",
      "skillTier": 2,
      "requireIDList": [],
      "skillData": [
        {
          "gaksungLevel": 1,
          "attributeType": "SHAMROCK",
          "atkType": "PENETRATE",
          "defType": "ATTACK",
          "skillTargetType": "FRONT",
          "targetNum": 3,
          "mpUsage": 25,
          "skillLevelCorrection": 3,
          "defaultValue": 27,
          "canTeamKill": true,
          "canDuel": true,
          "canChangeTarget": true,
          "skillMotion": "Default",
          "viewType": "SKILL",
          "parryingCloseType": "NEAR",
          "abilityScriptList": [
            {
              "scriptName": "AttackLowestHpAbnormalityTarget"
            }
          ],
          "coinList": [
            {
              "operatorType": "SUB",
              "scale": 12,
              "abilityScriptList": [
                {
                  "scriptName": "GiveBuffDivTurnOnSAAsNumOfAR_SHAMROCK",
                  "buffData": {
                    "buffKeyword": "Burst",
                    "target": "Target",
                    "buffOwner": "",
                    "stack": 0,
                    "turn": -1,
                    "value": 3,
                    "activeRound": 0
                  }
                },
                {
                  "scriptName": "HealSelfOnSuccessAttackByDmgRatio20"
                },
                {
                  "scriptName": "GiveBuffOnSucceedAttack",
                  "buffData": {
                    "buffKeyword": "Binding",
                    "target": "Target",
                    "stack": 2,
                    "turn": 0,
                    "activeRound": 1
                  }
                }
              ]
            }
          ]
        },
        {
          "gaksungLevel": 3,
          "abilityScriptList": [
            {
              "scriptName": "AttackLowestHpAbnormalityTarget"
            },
            {
              "scriptName": "TagetNumAdder1BeforeBehaviourIfSelfHpRatioLessThan50"
            }
          ],
          "coinList": [
            {
              "operatorType": "SUB",
              "scale": 12,
              "abilityScriptList": [
                {
                  "scriptName": "GiveBuffDivTurnOnSAAsNumOfAR_SHAMROCK",
                  "buffData": {
                    "buffKeyword": "Burst",
                    "target": "Target",
                    "buffOwner": "",
                    "stack": 0,
                    "turn": -1,
                    "value": 3,
                    "activeRound": 0
                  }
                },
                {
                  "scriptName": "HealSelfOnSuccessAttackByDmgRatio30"
                },
                {
                  "scriptName": "GiveBuffOnSucceedAttack",
                  "buffData": {
                    "buffKeyword": "Binding",
                    "target": "Target",
                    "stack": 2,
                    "turn": 0,
                    "activeRound": 1
                  }
                }
              ]
            }
          ]
        },
        {
          "gaksungLevel": 4,
          "abilityScriptList": [
            {
              "scriptName": "AttackLowestHpAbnormalityTarget"
            },
            {
              "scriptName": "TagetNumAdder1BeforeBehaviourIfSelfHpRatioLessThan50"
            },
            {
              "scriptName": "TagetNumAdder1BeforeBehaviourIfSelfHpRatioLessThan25"
            }
          ],
          "coinList": [
            {
              "operatorType": "SUB",
              "scale": 12,
              "abilityScriptList": [
                {
                  "scriptName": "GiveBuffDivTurnOnSAAsNumOfAR_SHAMROCK",
                  "buffData": {
                    "buffKeyword": "Burst",
                    "target": "Target",
                    "buffOwner": "",
                    "stack": 0,
                    "turn": -1,
                    "value": 3,
                    "activeRound": 0
                  }
                },
                {
                  "scriptName": "HealSelfOnSuccessAttackByDmgRatio50"
                },
                {
                  "scriptName": "GiveBuffOnSucceedAttack",
                  "buffData": {
                    "buffKeyword": "Binding",
                    "target": "Target",
                    "stack": 2,
                    "turn": 0,
                    "activeRound": 1
                  }
                }
              ]
            }
          ]
        }
      ]
    }
  ]
}