{
  "list": [
    {
      "guideId": "battleRewardCard",
      "guideTitleLocalizeId": "mirror_battle_reward_card_guide_popup_title",
      "contentList": [
        {
          "contentType": "TEXT",
          "debug": "text_1",
          "textContentData": {
            "textIdList": [
              "mirror_battle_reward_card_guide_text_1"
            ]
          }
        },
        {
          "contentType": "TEXT",
          "debug": "text_2",
          "layoutData": {
            "paddingTop": 40
          },
          "textContentData": {
            "textIdList": [
              "mirror_battle_reward_card_guide_text_2"
            ]
          }
        },
        {
          "contentType": "TABLE",
          "debug": "1번 테이블. 전투 보상 카드 등장 확률",
          "tableData": {
            "rowSize": 6,
            "columnSize": 3,
            "widthRateListByColumn": [
              15,
              42.5,
              42.5
            ],
            "contentList": [
              {
                "row": 0,
                "column": 1,
                "isTitle": true,
                "textIdList": [
                  "mirror_battle_reward_card_guide_table_1_desc_0_1"
                ]
              },
              {
                "row": 0,
                "column": 2,
                "isTitle": true,
                "textIdList": [
                  "mirror_battle_reward_card_guide_table_1_desc_0_2"
                ]
              },
              {
                "row": 1,
                "column": 0,
                "textIdList": [
                  "mirror_battle_reward_card_guide_table_1_desc_1_0"
                ]
              },
              {
                "row": 1,
                "column": 1,
                "textIdList": [
                  "mirror_battle_reward_card_guide_table_1_desc_1_1"
                ]
              },
              {
                "row": 1,
                "column": 2,
                "textIdList": [
                  "mirror_battle_reward_card_guide_table_1_desc_1_2"
                ]
              },
              {
                "row": 2,
                "column": 0,
                "textIdList": [
                  "mirror_battle_reward_card_guide_table_1_desc_2_0"
                ]
              },
              {
                "row": 2,
                "column": 1,
                "textIdList": [
                  "mirror_battle_reward_card_guide_table_1_desc_2_1"
                ]
              },
              {
                "row": 2,
                "column": 2,
                "textIdList": [
                  "mirror_battle_reward_card_guide_table_1_desc_2_2"
                ]
              },
              {
                "row": 3,
                "column": 0,
                "textIdList": [
                  "mirror_battle_reward_card_guide_table_1_desc_3_0"
                ]
              },
              {
                "row": 3,
                "column": 1,
                "textIdList": [
                  "mirror_battle_reward_card_guide_table_1_desc_3_1"
                ]
              },
              {
                "row": 3,
                "column": 2,
                "textIdList": [
                  "mirror_battle_reward_card_guide_table_1_desc_3_2"
                ]
              },
              {
                "row": 4,
                "column": 0,
                "textIdList": [
                  "mirror_battle_reward_card_guide_table_1_desc_4_0"
                ]
              },
              {
                "row": 4,
                "column": 1,
                "textIdList": [
                  "mirror_battle_reward_card_guide_table_1_desc_4_1"
                ]
              },
              {
                "row": 4,
                "column": 2,
                "textIdList": [
                  "mirror_battle_reward_card_guide_table_1_desc_4_2"
                ]
              },
              {
                "row": 5,
                "column": 0,
                "textIdList": [
                  "mirror_battle_reward_card_guide_table_1_desc_5_0"
                ]
              },
              {
                "row": 5,
                "column": 1,
                "textIdList": [
                  "mirror_battle_reward_card_guide_table_1_desc_5_1"
                ]
              },
              {
                "row": 5,
                "column": 2,
                "textIdList": [
                  "mirror_battle_reward_card_guide_table_1_desc_5_2"
                ]
              }
            ]
          }
        }
      ]
    }
  ]
}