{
  "list": [
    {
      "id": 7,
      "imgStr": "episaude_announcer",
      "announcerKeywords": [
        {
          "voicetype": "Danger",
          "path": "announcer_danger",
          "priority": 1,
          "index": 1
        },
        {
          "voicetype": "SpecialSkill",
          "path": "announcer_enemy_specialskill",
          "priority": 2,
          "index": 1
        },
        {
          "voicetype": "SpecialGimmick",
          "path": "announcer_enemy_specialgimmick",
          "priority": 3,
          "index": 1
        },
        {
          "voicetype": "EnemyDebuff",
          "path": "announcer_enemy_specialdebuff",
          "priority": 4,
          "index": 1
        },
        {
          "voicetype": "EnemyBuff",
          "path": "announcer_enemy_specialbuff",
          "priority": 5,
          "index": 1
        },
        {
          "voicetype": "AllyBuff",
          "path": "announcer_ally_specialbuff",
          "priority": 6,
          "index": 1
        },
        {
          "voicetype": "AllyDebuff",
          "path": "announcer_ally_specialdebuff",
          "priority": 7,
          "index": 1
        },
        {
          "voicetype": "SpecialCheer",
          "path": "announcer_specialcheer",
          "priority": 8,
          "index": 2
        },
        {
          "voicetype": "EnemyAdv",
          "path": "announcer_enemy_adv",
          "priority": 9,
          "index": 1
        },
        {
          "voicetype": "AllyDead",
          "path": "announcer_ally_dead",
          "priority": 10,
          "index": 1
        },
        {
          "voicetype": "AllyBigDamage_Round",
          "path": "announcer_round_takebigdmg",
          "priority": 11,
          "index": 1
        },
        {
          "voicetype": "AllyAdv",
          "path": "announcer_ally_adv",
          "priority": 12,
          "index": 1
        },
        {
          "voicetype": "AllyBreak",
          "path": "announcer_ally_break",
          "priority": 13,
          "index": 1
        },
        {
          "voicetype": "KillEnemy",
          "path": "announcer_killenemy",
          "priority": 14,
          "index": 1
        },
        {
          "voicetype": "EnemyDestroy_RoundStart",
          "path": "announcer_enemy_destroy",
          "priority": 15,
          "index": 1
        },
        {
          "voicetype": "EnemyBigDamage_Round",
          "path": "announcer_round_givebigdmg",
          "priority": 12,
          "index": 1
        },
        {
          "voicetype": "EnemyBreak",
          "path": "announcer_enemy_break",
          "priority": 17,
          "index": 1
        },
        {
          "voicetype": "Cheer",
          "path": "announcer_cheer",
          "priority": 18,
          "index": 2
        },
        {
          "voicetype": "AllyBigDamage",
          "path": "announcer_round_takebigdmg",
          "priority": 1,
          "index": 1
        },
        {
          "voicetype": "EnemyBigDamage",
          "path": "announcer_round_givebigdmg",
          "priority": 2,
          "index": 1
        },
        {
          "voicetype": "EnemyDestroy_Battle",
          "path": "announcer_enemy_destroy",
          "priority": 3,
          "index": 1
        },
        {
          "voicetype": "MultiKillEnemy",
          "path": "announcer_multikillenemy",
          "priority": 4,
          "index": 1
        },
        {
          "voicetype": "Equip",
          "path": "announcer_equip",
          "priority": 99,
          "index": 1
        },
        {
          "voicetype": "PhysicalAdv",
          "path": "announcer_advatk_physical",
          "priority": 5,
          "index": 1
        },
        {
          "voicetype": "AttrAdv",
          "path": "announcer_advatk_attr",
          "priority": 6,
          "index": 1
        },
        {
          "voicetype": "PhysicalDisadv",
          "path": "announcer_disadvatk_physical",
          "priority": 7,
          "index": 1
        },
        {
          "voicetype": "AttrDisadv",
          "path": "announcer_disadvatk_attr",
          "priority": 8,
          "index": 1
        }
      ]
    },
    {
      "id": 8,
      "imgStr": "ishmael_announcer",
      "announcerKeywords": [
        {
          "voicetype": "Danger",
          "path": "announcer_danger",
          "priority": 1,
          "index": 1
        },
        {
          "voicetype": "SpecialSkill",
          "path": "announcer_enemy_specialskill",
          "priority": 2,
          "index": 1
        },
        {
          "voicetype": "SpecialGimmick",
          "path": "announcer_enemy_specialgimmick",
          "priority": 3,
          "index": 1
        },
        {
          "voicetype": "EnemyDebuff",
          "path": "announcer_enemy_specialdebuff",
          "priority": 4,
          "index": 1
        },
        {
          "voicetype": "EnemyBuff",
          "path": "announcer_enemy_specialbuff",
          "priority": 5,
          "index": 1
        },
        {
          "voicetype": "AllyBuff",
          "path": "announcer_ally_specialbuff",
          "priority": 6,
          "index": 1
        },
        {
          "voicetype": "AllyDebuff",
          "path": "announcer_ally_specialdebuff",
          "priority": 7,
          "index": 1
        },
        {
          "voicetype": "SpecialCheer",
          "path": "announcer_specialcheer",
          "priority": 8,
          "index": 2
        },
        {
          "voicetype": "EnemyAdv",
          "path": "announcer_enemy_adv",
          "priority": 9,
          "index": 1
        },
        {
          "voicetype": "AllyDead",
          "path": "announcer_ally_dead",
          "priority": 10,
          "index": 1
        },
        {
          "voicetype": "AllyBigDamage_Round",
          "path": "announcer_round_takebigdmg",
          "priority": 11,
          "index": 1
        },
        {
          "voicetype": "AllyAdv",
          "path": "announcer_ally_adv",
          "priority": 12,
          "index": 1
        },
        {
          "voicetype": "AllyBreak",
          "path": "announcer_ally_break",
          "priority": 13,
          "index": 1
        },
        {
          "voicetype": "KillEnemy",
          "path": "announcer_killenemy",
          "priority": 14,
          "index": 1
        },
        {
          "voicetype": "EnemyDestroy_RoundStart",
          "path": "announcer_enemy_destroy",
          "priority": 15,
          "index": 1
        },
        {
          "voicetype": "EnemyBigDamage_Round",
          "path": "announcer_round_givebigdmg",
          "priority": 16,
          "index": 1
        },
        {
          "voicetype": "EnemyBreak",
          "path": "announcer_enemy_break",
          "priority": 17,
          "index": 1
        },
        {
          "voicetype": "Cheer",
          "path": "announcer_cheer",
          "priority": 18,
          "index": 2
        },
        {
          "voicetype": "AllyBigDamage",
          "path": "announcer_round_takebigdmg",
          "priority": 1,
          "index": 1
        },
        {
          "voicetype": "EnemyBigDamage",
          "path": "announcer_round_givebigdmg",
          "priority": 2,
          "index": 1
        },
        {
          "voicetype": "EnemyDestroy_Battle",
          "path": "announcer_enemy_destroy",
          "priority": 3,
          "index": 1
        },
        {
          "voicetype": "MultiKillEnemy",
          "path": "announcer_multikillenemy",
          "priority": 4,
          "index": 1
        },
        {
          "voicetype": "Equip",
          "path": "announcer_equip",
          "priority": 99,
          "index": 1
        },
        {
          "voicetype": "PhysicalAdv",
          "path": "announcer_advatk_physical",
          "priority": 5,
          "index": 1
        },
        {
          "voicetype": "AttrAdv",
          "path": "announcer_advatk_attr",
          "priority": 6,
          "index": 1
        },
        {
          "voicetype": "PhysicalDisadv",
          "path": "announcer_disadvatk_physical",
          "priority": 7,
          "index": 1
        },
        {
          "voicetype": "AttrDisadv",
          "path": "announcer_disadvatk_attr",
          "priority": 8,
          "index": 1
        }
      ]
    }
  ]
}