{
  "list": [
    {
      "id": 811701,
      "nameID": 854901,
      "viewid": 854901,
      "slotWeightConditionList": [
        "Default1"
      ],
      "hp": {
        "defaultStat": 53,
        "incrementByLevel": 1.83
      },
      "defCorrection": -7,
      "minSpeedList": [
        1
      ],
      "maxSpeedList": [
        1
      ],
      "isDestroyable": "true",
      "canUseSkillOnDestroyed": "false",
      "skillCancelable": "false",
      "canVanish": "true",
      "canChangeSpriteOnDestoryed": "true",
      "partType": "HEAD",
      "breakSection": {
        "sectionList": [
          50,
          0
        ]
      },
      "resistInfo": {
        "atkResistList": [
          {
            "type": "SLASH",
            "value": 2
          },
          {
            "type": "PENETRATE",
            "value": 0.5
          },
          {
            "type": "HIT",
            "value": 1
          }
        ],
        "attributeResistList": [
          {
            "type": "CRIMSON",
            "value": 1
          },
          {
            "type": "SCARLET",
            "value": 2
          },
          {
            "type": "AMBER",
            "value": 1
          },
          {
            "type": "SHAMROCK",
            "value": 0.75
          },
          {
            "type": "AZURE",
            "value": 0.5
          },
          {
            "type": "INDIGO",
            "value": 1.5
          },
          {
            "type": "VIOLET",
            "value": 1
          },
          {
            "type": "WHITE",
            "value": 2
          },
          {
            "type": "BLACK",
            "value": 2
          }
        ]
      },
      "passiveSet": {
        "passiveIdList": [
          854901,
          854903,
          854905,
          854907
        ]
      }
    },
    {
      "id": 811702,
      "nameID": 854902,
      "viewid": 854902,
      "slotWeightConditionList": [
        "Default1"
      ],
      "hp": {
        "defaultStat": 424,
        "incrementByLevel": 14.61
      },
      "defCorrection": -7,
      "minSpeedList": [
        1
      ],
      "maxSpeedList": [
        1
      ],
      "isDestroyable": "true",
      "canUseSkillOnDestroyed": "true",
      "skillCancelable": "false",
      "canVanish": "false",
      "canChangeSpriteOnDestoryed": "true",
      "partType": "BODY",
      "breakSection": {
        "sectionList": [
          70,
          40,
          0
        ]
      },
      "passiveSet": {
        "passiveIdList": [
        ]
      },
      "resistInfo": {
        "atkResistList": [
          {
            "type": "SLASH",
            "value": 2
          },
          {
            "type": "PENETRATE",
            "value": 0.5
          },
          {
            "type": "HIT",
            "value": 1
          }
        ],
        "attributeResistList": [
          {
            "type": "CRIMSON",
            "value": 1
          },
          {
            "type": "SCARLET",
            "value": 1.5
          },
          {
            "type": "AMBER",
            "value": 1
          },
          {
            "type": "SHAMROCK",
            "value": 0.75
          },
          {
            "type": "AZURE",
            "value": 0.5
          },
          {
            "type": "INDIGO",
            "value": 2
          },
          {
            "type": "VIOLET",
            "value": 1
          },
          {
            "type": "WHITE",
            "value": 2
          },
          {
            "type": "BLACK",
            "value": 2
          }
        ]
      }
    },
    {
      "id": 811801,
      "nameID": 855501,
      "viewid": 855501,
      "slotWeightConditionList": [
        "Default1"
      ],
      "hp": {
        "defaultStat": 231,
        "incrementByLevel": 9.58
      },
      "defCorrection": 1,
      "minSpeedList": [
        2
      ],
      "maxSpeedList": [
        4
      ],
      "canUseSkillOnDestroyed": "true",
      "isDestroyable": "true",
      "skillCancelable": "false",
      "canVanish": "false",
      "canChangeSpriteOnDestoryed": "false",
      "spreadMpEffectToAbnormality": "false",
      "partType": "BODY",
      "breakSection": {
        "sectionList": [
          75,
          0
        ]
      },
      "resistInfo": {
        "atkResistList": [
          {
            "type": "SLASH",
            "value": 0.5
          },
          {
            "type": "PENETRATE",
            "value": 1
          },
          {
            "type": "HIT",
            "value": 1.5
          }
        ],
        "attributeResistList": [
          {
            "type": "CRIMSON",
            "value": 1
          },
          {
            "type": "SCARLET",
            "value": 1
          },
          {
            "type": "AMBER",
            "value": 2
          },
          {
            "type": "SHAMROCK",
            "value": 1
          },
          {
            "type": "AZURE",
            "value": 0.5
          },
          {
            "type": "INDIGO",
            "value": 0.75
          },
          {
            "type": "VIOLET",
            "value": 1.5
          },
          {
            "type": "WHITE",
            "value": 1
          },
          {
            "type": "BLACK",
            "value": 1
          }
        ]
      },
      "passiveSet": {
        "passiveIdList": [
          855502,
          855503
        ]
      }
    },
    {
      "id": 811802,
      "nameID": 855502,
      "viewid": 855502,
      "slotWeightConditionList": [
        "Default1"
      ],
      "hp": {
        "defaultStat": 102,
        "incrementByLevel": 4.21
      },
      "defCorrection": 1,
      "minSpeedList": [
        2
      ],
      "maxSpeedList": [
        4
      ],
      "canUseSkillOnDestroyed": "false",
      "isDestroyable": "true",
      "skillCancelable": "false",
      "canVanish": "true",
      "canChangeSpriteOnDestoryed": "false",
      "spreadMpEffectToAbnormality": "false",
      "partType": "RIGHT_ARM",
      "breakSection": {
        "sectionList": [
          60,
          0
        ]
      },
      "resistInfo": {
        "atkResistList": [
          {
            "type": "SLASH",
            "value": 0.5
          },
          {
            "type": "PENETRATE",
            "value": 1
          },
          {
            "type": "HIT",
            "value": 1.5
          }
        ],
        "attributeResistList": [
          {
            "type": "CRIMSON",
            "value": 1
          },
          {
            "type": "SCARLET",
            "value": 1
          },
          {
            "type": "AMBER",
            "value": 1.5
          },
          {
            "type": "SHAMROCK",
            "value": 1
          },
          {
            "type": "AZURE",
            "value": 0.5
          },
          {
            "type": "INDIGO",
            "value": 0.75
          },
          {
            "type": "VIOLET",
            "value": 2
          },
          {
            "type": "WHITE",
            "value": 1
          },
          {
            "type": "BLACK",
            "value": 1
          }
        ]
      },
      "passiveSet": {
        "passiveIdList": [
          855503,
          855506
        ]
      }
    },
    {
      "id": 812401,
      "nameID": 803401,
      "slotWeightConditionList": [
        "Default1"
      ],
      "hp": {
        "defaultStat": 31,
        "incrementByLevel": 0.75
      },
      "defCorrection": -3,
      "minSpeedList": [
        1
      ],
      "maxSpeedList": [
        4
      ],
      "isDestroyable": "false",
      "skillCancelable": "false",
      "canVanish": "false",
      "canChangeSpriteOnDestoryed": "false",
      "partType": "BODY",
      "breakSection": {
        "sectionList": [
          60
        ]
      },
      "resistInfo": {
        "atkResistList": [
          {
            "type": "SLASH",
            "value": 1.5
          },
          {
            "type": "PENETRATE",
            "value": 1
          },
          {
            "type": "HIT",
            "value": 0.75
          }
        ],
        "attributeResistList": [
          {
            "type": "CRIMSON",
            "value": 1
          },
          {
            "type": "SCARLET",
            "value": 2
          },
          {
            "type": "AMBER",
            "value": 0.75
          },
          {
            "type": "SHAMROCK",
            "value": 1
          },
          {
            "type": "AZURE",
            "value": 0.75
          },
          {
            "type": "INDIGO",
            "value": 1
          },
          {
            "type": "VIOLET",
            "value": 1.5
          },
          {
            "type": "WHITE",
            "value": 2
          },
          {
            "type": "BLACK",
            "value": 2
          }
        ]
      },
      "passiveSet": {
        "passiveIdList": []
      }
    },
    {
      "id": 812501,
      "nameID": 803501,
      "slotWeightConditionList": [
        "Default1"
      ],
      "hp": {
        "defaultStat": 31,
        "incrementByLevel": 0.75
      },
      "defCorrection": -3,
      "minSpeedList": [
        1
      ],
      "maxSpeedList": [
        2
      ],
      "isDestroyable": "false",
      "skillCancelable": "false",
      "canVanish": "false",
      "canChangeSpriteOnDestoryed": "false",
      "partType": "BODY",
      "breakSection": {
        "sectionList": [
          40
        ]
      },
      "resistInfo": {
        "atkResistList": [
          {
            "type": "SLASH",
            "value": 1.5
          },
          {
            "type": "PENETRATE",
            "value": 1
          },
          {
            "type": "HIT",
            "value": 0.75
          }
        ],
        "attributeResistList": [
          {
            "type": "CRIMSON",
            "value": 1
          },
          {
            "type": "SCARLET",
            "value": 2
          },
          {
            "type": "AMBER",
            "value": 0.75
          },
          {
            "type": "SHAMROCK",
            "value": 1
          },
          {
            "type": "AZURE",
            "value": 0.75
          },
          {
            "type": "INDIGO",
            "value": 1
          },
          {
            "type": "VIOLET",
            "value": 1.5
          },
          {
            "type": "WHITE",
            "value": 2
          },
          {
            "type": "BLACK",
            "value": 2
          }
        ]
      },
      "passiveSet": {
        "passiveIdList": []
      }
    },
    {
      "id": 812601,
      "nameID": 803601,
      "slotWeightConditionList": [
        "Default1"
      ],
      "hp": {
        "defaultStat": 31,
        "incrementByLevel": 0.64
      },
      "defCorrection": -4,
      "minSpeedList": [
        3
      ],
      "maxSpeedList": [
        5
      ],
      "isDestroyable": "false",
      "skillCancelable": "false",
      "canVanish": "false",
      "canChangeSpriteOnDestoryed": "false",
      "partType": "BODY",
      "breakSection": {
        "sectionList": [
          70
        ]
      },
      "resistInfo": {
        "atkResistList": [
          {
            "type": "SLASH",
            "value": 1.5
          },
          {
            "type": "PENETRATE",
            "value": 1
          },
          {
            "type": "HIT",
            "value": 0.75
          }
        ],
        "attributeResistList": [
          {
            "type": "CRIMSON",
            "value": 1
          },
          {
            "type": "SCARLET",
            "value": 2
          },
          {
            "type": "AMBER",
            "value": 0.75
          },
          {
            "type": "SHAMROCK",
            "value": 1
          },
          {
            "type": "AZURE",
            "value": 0.75
          },
          {
            "type": "INDIGO",
            "value": 1
          },
          {
            "type": "VIOLET",
            "value": 1.5
          },
          {
            "type": "WHITE",
            "value": 2
          },
          {
            "type": "BLACK",
            "value": 2
          }
        ]
      },
      "passiveSet": {
        "passiveIdList": []
      }
    },
    {
      "id": 812701,
      "nameID": 803701,
      "slotWeightConditionList": [
        "Default1"
      ],
      "hp": {
        "defaultStat": 52,
        "incrementByLevel": 1.43
      },
      "defCorrection": -2,
      "minSpeedList": [
        2
      ],
      "maxSpeedList": [
        5
      ],
      "isDestroyable": "false",
      "skillCancelable": "false",
      "canVanish": "false",
      "canChangeSpriteOnDestoryed": "false",
      "partType": "BODY",
      "breakSection": {
        "sectionList": [
          70
        ]
      },
      "resistInfo": {
        "atkResistList": [
          {
            "type": "SLASH",
            "value": 1.5
          },
          {
            "type": "PENETRATE",
            "value": 1
          },
          {
            "type": "HIT",
            "value": 0.75
          }
        ],
        "attributeResistList": [
          {
            "type": "CRIMSON",
            "value": 1
          },
          {
            "type": "SCARLET",
            "value": 2
          },
          {
            "type": "AMBER",
            "value": 0.75
          },
          {
            "type": "SHAMROCK",
            "value": 1
          },
          {
            "type": "AZURE",
            "value": 0.75
          },
          {
            "type": "INDIGO",
            "value": 1
          },
          {
            "type": "VIOLET",
            "value": 1.5
          },
          {
            "type": "WHITE",
            "value": 2
          },
          {
            "type": "BLACK",
            "value": 2
          }
        ]
      },
      "passiveSet": {
        "passiveIdList": []
      }
    },
    {
      "id": 812801,
      "nameID": 803901,
      "viewid": 803801,
      "slotWeightConditionList": [
        "Default1"
      ],
      "hp": {
        "defaultStat": 146,
        "incrementByLevel": 5.05
      },
      "defCorrection": 0,
      "minSpeedList": [
        2
      ],
      "maxSpeedList": [
        5
      ],
      "overwriteSkillLevelBy": 30,
      "isDestroyable": "false",
      "skillCancelable": "false",
      "canVanish": "false",
      "canChangeSpriteOnDestoryed": "false",
      "partType": "BODY",
      "breakSection": {
        "sectionList": [
          40
        ]
      },
      "resistInfo": {
        "atkResistList": [
          {
            "type": "SLASH",
            "value": 1
          },
          {
            "type": "PENETRATE",
            "value": 0.75
          },
          {
            "type": "HIT",
            "value": 0.5
          }
        ],
        "attributeResistList": [
          {
            "type": "CRIMSON",
            "value": 1
          },
          {
            "type": "SCARLET",
            "value": 1.25
          },
          {
            "type": "AMBER",
            "value": 0.5
          },
          {
            "type": "SHAMROCK",
            "value": 1
          },
          {
            "type": "AZURE",
            "value": 0.5
          },
          {
            "type": "INDIGO",
            "value": 1
          },
          {
            "type": "VIOLET",
            "value": 1.25
          },
          {
            "type": "WHITE",
            "value": 2
          },
          {
            "type": "BLACK",
            "value": 2
          }
        ]
      },
      "passiveSet": {
        "passiveIdList": []
      }
    },
    {
      "id": 812802,
      "nameID": 803902,
      "viewid": 803802,
      "slotWeightConditionList": [
        "Default1"
      ],
      "hp": {
        "defaultStat": 63,
        "incrementByLevel": 2.16
      },
      "defCorrection": 0,
      "minSpeedList": [
        2
      ],
      "maxSpeedList": [
        5
      ],
      "overwriteSkillLevelBy": 30,
      "isDestroyable": "true",
      "skillCancelable": "true",
      "canVanish": "true",
      "canChangeSpriteOnDestoryed": "false",
      "partType": "BACK",
      "breakSection": {
        "sectionList": [
          40
        ]
      },
      "resistInfo": {
        "atkResistList": [
          {
            "type": "SLASH",
            "value": 1
          },
          {
            "type": "PENETRATE",
            "value": 1.5
          },
          {
            "type": "HIT",
            "value": 0.75
          }
        ],
        "attributeResistList": [
          {
            "type": "CRIMSON",
            "value": 1
          },
          {
            "type": "SCARLET",
            "value": 1.5
          },
          {
            "type": "AMBER",
            "value": 0.5
          },
          {
            "type": "SHAMROCK",
            "value": 1
          },
          {
            "type": "AZURE",
            "value": 0.5
          },
          {
            "type": "INDIGO",
            "value": 1
          },
          {
            "type": "VIOLET",
            "value": 1
          },
          {
            "type": "WHITE",
            "value": 2
          },
          {
            "type": "BLACK",
            "value": 2
          }
        ]
      }
    },
    {
      "id": 812901,
      "nameID": 807001,
      "slotWeightConditionList": [
        "Default1"
      ],
      "hp": {
        "defaultStat": 40,
        "incrementByLevel": 1
      },
      "defCorrection": -2,
      "minSpeedList": [
        1
      ],
      "maxSpeedList": [
        4
      ],
      "isDestroyable": "false",
      "skillCancelable": "false",
      "canVanish": "false",
      "canChangeSpriteOnDestoryed": "false",
      "partType": "BODY",
      "breakSection": {
        "sectionList": [
          45,
          20,
          0
        ]
      },
      "resistInfo": {
        "atkResistList": [
          {
            "type": "SLASH",
            "value": 0.75
          },
          {
            "type": "PENETRATE",
            "value": 2
          },
          {
            "type": "HIT",
            "value": 1
          }
        ],
        "attributeResistList": [
          {
            "type": "CRIMSON",
            "value": 1
          },
          {
            "type": "SCARLET",
            "value": 0.75
          },
          {
            "type": "AMBER",
            "value": 1.5
          },
          {
            "type": "SHAMROCK",
            "value": 0.75
          },
          {
            "type": "AZURE",
            "value": 2
          },
          {
            "type": "INDIGO",
            "value": 1
          },
          {
            "type": "VIOLET",
            "value": 1
          },
          {
            "type": "WHITE",
            "value": 2
          },
          {
            "type": "BLACK",
            "value": 2
          }
        ]
      },
      "passiveSet": {
        "passiveIdList": [
        ]
      }
    },
    {
      "id": 813001,
      "nameID": 807101,
      "slotWeightConditionList": [
        "Default1"
      ],
      "hp": {
        "defaultStat": 40,
        "incrementByLevel": 1
      },
      "defCorrection": -2,
      "minSpeedList": [
        1
      ],
      "maxSpeedList": [
        4
      ],
      "isDestroyable": "false",
      "skillCancelable": "false",
      "canVanish": "false",
      "canChangeSpriteOnDestoryed": "false",
      "partType": "BODY",
      "breakSection": {
        "sectionList": [
          45,
          20,
          0
        ]
      },
      "resistInfo": {
        "atkResistList": [
          {
            "type": "SLASH",
            "value": 0.75
          },
          {
            "type": "PENETRATE",
            "value": 2
          },
          {
            "type": "HIT",
            "value": 1
          }
        ],
        "attributeResistList": [
          {
            "type": "CRIMSON",
            "value": 1
          },
          {
            "type": "SCARLET",
            "value": 0.75
          },
          {
            "type": "AMBER",
            "value": 1.5
          },
          {
            "type": "SHAMROCK",
            "value": 0.75
          },
          {
            "type": "AZURE",
            "value": 2
          },
          {
            "type": "INDIGO",
            "value": 1
          },
          {
            "type": "VIOLET",
            "value": 1
          },
          {
            "type": "WHITE",
            "value": 2
          },
          {
            "type": "BLACK",
            "value": 2
          }
        ]
      },
      "passiveSet": {
        "passiveIdList": [
        ]
      }
    },
    {
      "id": 813101,
      "nameID": 807201,
      "slotWeightConditionList": [
        "Default1"
      ],
      "hp": {
        "defaultStat": 40,
        "incrementByLevel": 1
      },
      "defCorrection": -2,
      "minSpeedList": [
        1
      ],
      "maxSpeedList": [
        4
      ],
      "isDestroyable": "false",
      "skillCancelable": "false",
      "canVanish": "false",
      "canChangeSpriteOnDestoryed": "false",
      "partType": "BODY",
      "breakSection": {
        "sectionList": [
          45,
          20,
          0
        ]
      },
      "resistInfo": {
        "atkResistList": [
          {
            "type": "SLASH",
            "value": 0.75
          },
          {
            "type": "PENETRATE",
            "value": 2
          },
          {
            "type": "HIT",
            "value": 1
          }
        ],
        "attributeResistList": [
          {
            "type": "CRIMSON",
            "value": 1
          },
          {
            "type": "SCARLET",
            "value": 0.75
          },
          {
            "type": "AMBER",
            "value": 1.5
          },
          {
            "type": "SHAMROCK",
            "value": 0.75
          },
          {
            "type": "AZURE",
            "value": 2
          },
          {
            "type": "INDIGO",
            "value": 1
          },
          {
            "type": "VIOLET",
            "value": 1
          },
          {
            "type": "WHITE",
            "value": 2
          },
          {
            "type": "BLACK",
            "value": 2
          }
        ]
      },
      "passiveSet": {
        "passiveIdList": [
        ]
      }
    },
    {
      "id": 813201,
      "nameID": 807301,
      "slotWeightConditionList": [
        "Default2"
      ],
      "hp": {
        "defaultStat": 120,
        "incrementByLevel": 2.15
      },
      "defCorrection": 1,
      "minSpeedList": [
        2
      ],
      "maxSpeedList": [
        4
      ],
      "isDestroyable": "false",
      "skillCancelable": "false",
      "canVanish": "false",
      "canChangeSpriteOnDestoryed": "false",
      "partType": "BODY",
      "breakSection": {
        "sectionList": [
          40,
          15,
          0
        ]
      },
      "resistInfo": {
        "atkResistList": [
          {
            "type": "SLASH",
            "value": 0.5
          },
          {
            "type": "PENETRATE",
            "value": 2
          },
          {
            "type": "HIT",
            "value": 1
          }
        ],
        "attributeResistList": [
          {
            "type": "CRIMSON",
            "value": 1
          },
          {
            "type": "SCARLET",
            "value": 0.75
          },
          {
            "type": "AMBER",
            "value": 1.2
          },
          {
            "type": "SHAMROCK",
            "value": 0.75
          },
          {
            "type": "AZURE",
            "value": 1.5
          },
          {
            "type": "INDIGO",
            "value": 1
          },
          {
            "type": "VIOLET",
            "value": 1
          },
          {
            "type": "WHITE",
            "value": 2
          },
          {
            "type": "BLACK",
            "value": 2
          }
        ]
      },
      "passiveSet": {
        "passiveIdList": [
        ]
      }
    },
    {
      "id": 813301,
      "nameID": 807401,
      "slotWeightConditionList": [
        "Default2"
      ],
      "hp": {
        "defaultStat": 120,
        "incrementByLevel": 2.15
      },
      "defCorrection": 1,
      "minSpeedList": [
        2
      ],
      "maxSpeedList": [
        4
      ],
      "isDestroyable": "false",
      "skillCancelable": "false",
      "canVanish": "false",
      "canChangeSpriteOnDestoryed": "false",
      "partType": "BODY",
      "breakSection": {
        "sectionList": [
          40,
          15,
          0
        ]
      },
      "resistInfo": {
        "atkResistList": [
          {
            "type": "SLASH",
            "value": 0.75
          },
          {
            "type": "PENETRATE",
            "value": 2
          },
          {
            "type": "HIT",
            "value": 1
          }
        ],
        "attributeResistList": [
          {
            "type": "CRIMSON",
            "value": 1
          },
          {
            "type": "SCARLET",
            "value": 0.75
          },
          {
            "type": "AMBER",
            "value": 1.2
          },
          {
            "type": "SHAMROCK",
            "value": 0.75
          },
          {
            "type": "AZURE",
            "value": 1.5
          },
          {
            "type": "INDIGO",
            "value": 1
          },
          {
            "type": "VIOLET",
            "value": 1
          },
          {
            "type": "WHITE",
            "value": 2
          },
          {
            "type": "BLACK",
            "value": 2
          }
        ]
      },
      "passiveSet": {
        "passiveIdList": [
        ]
      }
    },
    {
      "id": 813401,
      "nameID": 806301,
      "viewid": 806301,
      "slotWeightConditionList": [
        "Default3"
      ],
      "hp": {
        "defaultStat": 178,
        "incrementByLevel": 5.12
      },
      "defCorrection": 3,
      "minSpeedList": [
        2
      ],
      "maxSpeedList": [
        4
      ],
      "isDestroyable": "true",
      "skillCancelable": "false",
      "canVanish": "false",
      "canChangeSpriteOnDestoryed": "true",
      "canUseSkillOnDestroyed": true,
      "partType": "HEAD",
      "breakSection": {
        "sectionList": [
          20,
          0
        ]
      },
      "resistInfo": {
        "atkResistList": [
          {
            "type": "SLASH",
            "value": 0.5
          },
          {
            "type": "PENETRATE",
            "value": 2
          },
          {
            "type": "HIT",
            "value": 1
          }
        ],
        "attributeResistList": [
          {
            "type": "CRIMSON",
            "value": 1
          },
          {
            "type": "SCARLET",
            "value": 0.5
          },
          {
            "type": "AMBER",
            "value": 1.2
          },
          {
            "type": "SHAMROCK",
            "value": 0.75
          },
          {
            "type": "AZURE",
            "value": 1.2
          },
          {
            "type": "INDIGO",
            "value": 1
          },
          {
            "type": "VIOLET",
            "value": 1
          },
          {
            "type": "WHITE",
            "value": 2
          },
          {
            "type": "BLACK",
            "value": 2
          }
        ]
      },
      "passiveSet": {
        "passiveIdList": [
          806301
        ]
      }
    },
    {
      "id": 813402,
      "nameID": 806302,
      "viewid": 806302,
      "slotWeightConditionList": [
        "Default3"
      ],
      "hp": {
        "defaultStat": 51,
        "incrementByLevel": 1.46
      },
      "defCorrection": 3,
      "minSpeedList": [
        2
      ],
      "maxSpeedList": [
        4
      ],
      "isDestroyable": "true",
      "skillCancelable": "false",
      "canVanish": "false",
      "canChangeSpriteOnDestoryed": "true",
      "partType": "BODY",
      "breakSection": {
        "sectionList": [
          60,
          30,
          0
        ]
      },
      "resistInfo": {
        "atkResistList": [
          {
            "type": "SLASH",
            "value": 0.5
          },
          {
            "type": "PENETRATE",
            "value": 1
          },
          {
            "type": "HIT",
            "value": 2
          }
        ],
        "attributeResistList": [
          {
            "type": "CRIMSON",
            "value": 1
          },
          {
            "type": "SCARLET",
            "value": 0.5
          },
          {
            "type": "AMBER",
            "value": 1
          },
          {
            "type": "SHAMROCK",
            "value": 0.75
          },
          {
            "type": "AZURE",
            "value": 2
          },
          {
            "type": "INDIGO",
            "value": 1
          },
          {
            "type": "VIOLET",
            "value": 1
          },
          {
            "type": "WHITE",
            "value": 2
          },
          {
            "type": "BLACK",
            "value": 2
          }
        ]
      },
      "passiveSet": {
        "passiveIdList": [
          806302
        ]
      }
    },
    {
      "id": 815701,
      "nameID": 999999,
      "slotWeightConditionList": [
        "Default1"
      ],
      "hp": {
        "defaultStat": 354,
        "incrementByLevel": 14.67
      },
      "defCorrection": 2,
      "minSpeedList": [
        2
      ],
      "maxSpeedList": [
        5
      ],
      "canUseSkillOnDestroyed": "false",
      "isDestroyable": "false",
      "skillCancelable": "false",
      "canVanish": "false",
      "canChangeSpriteOnDestoryed": "false",
      "spreadMpEffectToAbnormality": "true",
      "partType": "BODY",
      "breakSection": {
        "sectionList": [
          60,
          20,
          0
        ]
      },
      "resistInfo": {
        "atkResistList": [
          {
            "type": "SLASH",
            "value": 1.75
          },
          {
            "type": "PENETRATE",
            "value": 1
          },
          {
            "type": "HIT",
            "value": 0.75
          }
        ],
        "attributeResistList": [
          {
            "type": "CRIMSON",
            "value": 1.2
          },
          {
            "type": "SCARLET",
            "value": 0.5
          },
          {
            "type": "AMBER",
            "value": 0.75
          },
          {
            "type": "SHAMROCK",
            "value": 1
          },
          {
            "type": "AZURE",
            "value": 0.5
          },
          {
            "type": "INDIGO",
            "value": 1.75
          },
          {
            "type": "VIOLET",
            "value": 1
          },
          {
            "type": "WHITE",
            "value": 2
          },
          {
            "type": "BLACK",
            "value": 2
          }
        ]
      },
      "passiveSet": {
        "passiveIdList": []
      }
    },
    {
      "id": 815801,
      "nameID": 999999,
      "slotWeightConditionList": [
        "Default1"
      ],
      "hp": {
        "defaultStat": 583,
        "incrementByLevel": 24.13
      },
      "defCorrection": 2,
      "minSpeedList": [
        2
      ],
      "maxSpeedList": [
        5
      ],
      "canUseSkillOnDestroyed": "false",
      "isDestroyable": "false",
      "skillCancelable": "false",
      "canVanish": "false",
      "canChangeSpriteOnDestoryed": "false",
      "spreadMpEffectToAbnormality": "true",
      "partType": "BODY",
      "breakSection": {
        "sectionList": [
          60,
          0
        ]
      },
      "resistInfo": {
        "atkResistList": [
          {
            "type": "SLASH",
            "value": 1.2
          },
          {
            "type": "PENETRATE",
            "value": 1
          },
          {
            "type": "HIT",
            "value": 0.75
          }
        ],
        "attributeResistList": [
          {
            "type": "CRIMSON",
            "value": 1.2
          },
          {
            "type": "SCARLET",
            "value": 0.5
          },
          {
            "type": "AMBER",
            "value": 0.5
          },
          {
            "type": "SHAMROCK",
            "value": 1
          },
          {
            "type": "AZURE",
            "value": 0.5
          },
          {
            "type": "INDIGO",
            "value": 2
          },
          {
            "type": "VIOLET",
            "value": 1
          },
          {
            "type": "WHITE",
            "value": 2
          },
          {
            "type": "BLACK",
            "value": 2
          }
        ]
      },
      "passiveSet": {
        "passiveIdList": []
      }
    },
    {
      "id": 815501,
      "nameID": 999999,
      "slotWeightConditionList": [
        "Default1"
      ],
      "hp": {
        "defaultStat": 75,
        "incrementByLevel": 2.6
      },
      "defCorrection": -3,
      "minSpeedList": [
        1
      ],
      "maxSpeedList": [
        3
      ],
      "isDestroyable": "false",
      "skillCancelable": "false",
      "canVanish": "false",
      "canChangeSpriteOnDestoryed": "false",
      "partType": "BODY",
      "breakSection": {
        "sectionList": [
          50,
          0
        ]
      },
      "resistInfo": {
        "atkResistList": [
          {
            "type": "SLASH",
            "value": 1
          },
          {
            "type": "PENETRATE",
            "value": 1
          },
          {
            "type": "HIT",
            "value": 1.75
          }
        ],
        "attributeResistList": [
          {
            "type": "CRIMSON",
            "value": 0.5
          },
          {
            "type": "SCARLET",
            "value": 1.75
          },
          {
            "type": "AMBER",
            "value": 0.5
          },
          {
            "type": "SHAMROCK",
            "value": 1
          },
          {
            "type": "AZURE",
            "value": 1.75
          },
          {
            "type": "INDIGO",
            "value": 1
          },
          {
            "type": "VIOLET",
            "value": 1
          },
          {
            "type": "WHITE",
            "value": 2
          },
          {
            "type": "BLACK",
            "value": 2
          }
        ]
      },
      "attributeList": [],
      "passiveSet": {
        "passiveIdList": [
          815101
        ]
      }
    },
    {
      "id": 815601,
      "nameID": 999999,
      "slotWeightConditionList": [
        "Default1"
      ],
      "hp": {
        "defaultStat": 69,
        "incrementByLevel": 2.36
      },
      "defCorrection": -3,
      "minSpeedList": [
        2
      ],
      "maxSpeedList": [
        4
      ],
      "isDestroyable": "false",
      "skillCancelable": "false",
      "canVanish": "false",
      "canChangeSpriteOnDestoryed": "false",
      "partType": "BODY",
      "breakSection": {
        "sectionList": [
          50,
          0
        ]
      },
      "resistInfo": {
        "atkResistList": [
          {
            "type": "SLASH",
            "value": 1
          },
          {
            "type": "PENETRATE",
            "value": 1.75
          },
          {
            "type": "HIT",
            "value": 1
          }
        ],
        "attributeResistList": [
          {
            "type": "CRIMSON",
            "value": 0.5
          },
          {
            "type": "SCARLET",
            "value": 1
          },
          {
            "type": "AMBER",
            "value": 1
          },
          {
            "type": "SHAMROCK",
            "value": 1.75
          },
          {
            "type": "AZURE",
            "value": 0.5
          },
          {
            "type": "INDIGO",
            "value": 1
          },
          {
            "type": "VIOLET",
            "value": 1.75
          },
          {
            "type": "WHITE",
            "value": 2
          },
          {
            "type": "BLACK",
            "value": 2
          }
        ]
      },
      "attributeList": [],
      "passiveSet": {
        "passiveIdList": [
          815201
        ]
      }
    }
  ]
}