{
  "list": [
    {
      "id": 815301,
      "nameID": 999999,
      "slotWeightConditionList": [
        "Default1"
      ],
      "hp": {
        "defaultStat": 354,
        "incrementByLevel": 14.67
      },
      "defCorrection": 2,
      "minSpeedList": [
        2
      ],
      "maxSpeedList": [
        5
      ],
      "canUseSkillOnDestroyed": "false",
      "isDestroyable": "false",
      "skillCancelable": "false",
      "canVanish": "false",
      "canChangeSpriteOnDestoryed": "false",
      "spreadMpEffectToAbnormality": "true",
      "partType": "BODY",
      "breakSection": {
        "sectionList": [
          60,
          20,
          0
        ]
      },
      "resistInfo": {
        "atkResistList": [
          {
            "type": "SLASH",
            "value": 1.5
          },
          {
            "type": "PENETRATE",
            "value": 1
          },
          {
            "type": "HIT",
            "value": 0.75
          }
        ],
        "attributeResistList": [
          {
            "type": "CRIMSON",
            "value": 1.2
          },
          {
            "type": "SCARLET",
            "value": 0.5
          },
          {
            "type": "AMBER",
            "value": 0.75
          },
          {
            "type": "SHAMROCK",
            "value": 1
          },
          {
            "type": "AZURE",
            "value": 0.5
          },
          {
            "type": "INDIGO",
            "value": 1.75
          },
          {
            "type": "VIOLET",
            "value": 1
          },
          {
            "type": "WHITE",
            "value": 2
          },
          {
            "type": "BLACK",
            "value": 2
          }
        ]
      },
      "passiveSet": {
        "passiveIdList": []
      }
    },
    {
      "id": 815401,
      "nameID": 999999,
      "slotWeightConditionList": [
        "Default1"
      ],
      "hp": {
        "defaultStat": 582,
        "incrementByLevel": 24.09
      },
      "defCorrection": 2,
      "minSpeedList": [
        2
      ],
      "maxSpeedList": [
        5
      ],
      "canUseSkillOnDestroyed": "false",
      "isDestroyable": "false",
      "skillCancelable": "false",
      "canVanish": "false",
      "canChangeSpriteOnDestoryed": "false",
      "spreadMpEffectToAbnormality": "true",
      "partType": "BODY",
      "breakSection": {
        "sectionList": [
          60,
          0
        ]
      },
      "resistInfo": {
        "atkResistList": [
          {
            "type": "SLASH",
            "value": 1.2
          },
          {
            "type": "PENETRATE",
            "value": 1
          },
          {
            "type": "HIT",
            "value": 0.5
          }
        ],
        "attributeResistList": [
          {
            "type": "CRIMSON",
            "value": 1.2
          },
          {
            "type": "SCARLET",
            "value": 0.5
          },
          {
            "type": "AMBER",
            "value": 0.5
          },
          {
            "type": "SHAMROCK",
            "value": 1
          },
          {
            "type": "AZURE",
            "value": 0.5
          },
          {
            "type": "INDIGO",
            "value": 2
          },
          {
            "type": "VIOLET",
            "value": 1
          },
          {
            "type": "WHITE",
            "value": 2
          },
          {
            "type": "BLACK",
            "value": 2
          }
        ]
      },
      "passiveSet": {
        "passiveIdList": []
      }
    },
    {
      "id": 815101,
      "nameID": 999999,
      "slotWeightConditionList": [
        "Default1"
      ],
      "hp": {
        "defaultStat": 75,
        "incrementByLevel": 2.6
      },
      "defCorrection": -3,
      "minSpeedList": [
        1
      ],
      "maxSpeedList": [
        3
      ],
      "isDestroyable": "false",
      "skillCancelable": "false",
      "canVanish": "false",
      "canChangeSpriteOnDestoryed": "false",
      "partType": "BODY",
      "breakSection": {
        "sectionList": [
          50,
          0
        ]
      },
      "resistInfo": {
        "atkResistList": [
          {
            "type": "SLASH",
            "value": 1
          },
          {
            "type": "PENETRATE",
            "value": 1
          },
          {
            "type": "HIT",
            "value": 1.75
          }
        ],
        "attributeResistList": [
          {
            "type": "CRIMSON",
            "value": 0.5
          },
          {
            "type": "SCARLET",
            "value": 1.75
          },
          {
            "type": "AMBER",
            "value": 0.5
          },
          {
            "type": "SHAMROCK",
            "value": 1
          },
          {
            "type": "AZURE",
            "value": 1.75
          },
          {
            "type": "INDIGO",
            "value": 1
          },
          {
            "type": "VIOLET",
            "value": 1
          },
          {
            "type": "WHITE",
            "value": 2
          },
          {
            "type": "BLACK",
            "value": 2
          }
        ]
      },
      "attributeList": [],
      "passiveSet": {
        "passiveIdList": [
          815101
        ]
      }
    },
    {
      "id": 815201,
      "nameID": 999999,
      "slotWeightConditionList": [
        "Default1"
      ],
      "hp": {
        "defaultStat": 69,
        "incrementByLevel": 2.36
      },
      "defCorrection": -3,
      "minSpeedList": [
        2
      ],
      "maxSpeedList": [
        4
      ],
      "isDestroyable": "false",
      "skillCancelable": "false",
      "canVanish": "false",
      "canChangeSpriteOnDestoryed": "false",
      "partType": "BODY",
      "breakSection": {
        "sectionList": [
          50,
          0
        ]
      },
      "resistInfo": {
        "atkResistList": [
          {
            "type": "SLASH",
            "value": 1
          },
          {
            "type": "PENETRATE",
            "value": 1.75
          },
          {
            "type": "HIT",
            "value": 1
          }
        ],
        "attributeResistList": [
          {
            "type": "CRIMSON",
            "value": 0.5
          },
          {
            "type": "SCARLET",
            "value": 1
          },
          {
            "type": "AMBER",
            "value": 1
          },
          {
            "type": "SHAMROCK",
            "value": 1.75
          },
          {
            "type": "AZURE",
            "value": 0.5
          },
          {
            "type": "INDIGO",
            "value": 1
          },
          {
            "type": "VIOLET",
            "value": 1.75
          },
          {
            "type": "WHITE",
            "value": 2
          },
          {
            "type": "BLACK",
            "value": 2
          }
        ]
      },
      "attributeList": [],
      "passiveSet": {
        "passiveIdList": [
          815201
        ]
      }
    }
  ]
}