{
  "list": [
    {
      "id": 815901,
      "nameID": 999999,
      "slotWeightConditionList": [
        "Default1"
      ],
      "hp": {
        "defaultStat": 83,
        "incrementByLevel": 2.86
      },
      "defCorrection": 2,
      "minSpeedList": [
        1
      ],
      "maxSpeedList": [
        2
      ],
      "canUseSkillOnDestroyed": "false",
      "isDestroyable": "true",
      "skillCancelable": "false",
      "canVanish": "false",
      "canChangeSpriteOnDestoryed": "false",
      "spreadMpEffectToAbnormality": "false",
      "partType": "BODY",
      "breakSection": {
        "sectionList": [
          30,
          0
        ]
      },
      "resistInfo": {
        "atkResistList": [
          {
            "type": "SLASH",
            "value": 1
          },
          {
            "type": "PENETRATE",
            "value": 1
          },
          {
            "type": "HIT",
            "value": 1.75
          }
        ],
        "attributeResistList": [
          {
            "type": "CRIMSON",
            "value": 1
          },
          {
            "type": "SCARLET",
            "value": 1
          },
          {
            "type": "AMBER",
            "value": 0.5
          },
          {
            "type": "SHAMROCK",
            "value": 1.75
          },
          {
            "type": "AZURE",
            "value": 1.75
          },
          {
            "type": "INDIGO",
            "value": 0.5
          },
          {
            "type": "VIOLET",
            "value": 1
          },
          {
            "type": "WHITE",
            "value": 1
          },
          {
            "type": "BLACK",
            "value": 1
          }
        ]
      },
      "passiveSet": {
        "passiveIdList": [
          815901
        ]
      }
    },
    {
      "id": 816001,
      "nameID": 999999,
      "slotWeightConditionList": [
        "Default1"
      ],
      "hp": {
        "defaultStat": 52,
        "incrementByLevel": 1.79
      },
      "defCorrection": 2,
      "minSpeedList": [
        1
      ],
      "maxSpeedList": [
        4
      ],
      "canUseSkillOnDestroyed": "false",
      "isDestroyable": "true",
      "skillCancelable": "false",
      "canVanish": "false",
      "canChangeSpriteOnDestoryed": "false",
      "spreadMpEffectToAbnormality": "false",
      "partType": "BODY",
      "breakSection": {
        "sectionList": [
          60,
          0
        ]
      },
      "resistInfo": {
        "atkResistList": [
          {
            "type": "SLASH",
            "value": 1.75
          },
          {
            "type": "PENETRATE",
            "value": 1
          },
          {
            "type": "HIT",
            "value": 1
          }
        ],
        "attributeResistList": [
          {
            "type": "CRIMSON",
            "value": 1.75
          },
          {
            "type": "SCARLET",
            "value": 1.75
          },
          {
            "type": "AMBER",
            "value": 1
          },
          {
            "type": "SHAMROCK",
            "value": 0.5
          },
          {
            "type": "AZURE",
            "value": 0.5
          },
          {
            "type": "INDIGO",
            "value": 1
          },
          {
            "type": "VIOLET",
            "value": 1
          },
          {
            "type": "WHITE",
            "value": 1
          },
          {
            "type": "BLACK",
            "value": 1
          }
        ]
      },
      "passiveSet": {
        "passiveIdList": [
          816001
        ]
      }
    },
    {
      "id": 816501,
      "nameID": 999999,
      "slotWeightConditionList": [
        "Default1"
      ],
      "hp": {
        "defaultStat": 835,
        "incrementByLevel": 28.79
      },
      "defCorrection": -1,
      "minSpeedList": [
        2
      ],
      "maxSpeedList": [
        4
      ],
      "canUseSkillOnDestroyed": "false",
      "isDestroyable": "true",
      "skillCancelable": "false",
      "canVanish": "false",
      "canChangeSpriteOnDestoryed": "false",
      "spreadMpEffectToAbnormality": "true",
      "partType": "BODY",
      "breakSection": {
        "sectionList": [
          75,
          25,
          0
        ]
      },
      "resistInfo": {
        "atkResistList": [
          {
            "type": "SLASH",
            "value": 1
          },
          {
            "type": "PENETRATE",
            "value": 1
          },
          {
            "type": "HIT",
            "value": 1
          }
        ],
        "attributeResistList": [
          {
            "type": "CRIMSON",
            "value": 1.5
          },
          {
            "type": "SCARLET",
            "value": 1.2
          },
          {
            "type": "AMBER",
            "value": 0.5
          },
          {
            "type": "SHAMROCK",
            "value": 1
          },
          {
            "type": "AZURE",
            "value": 1.2
          },
          {
            "type": "INDIGO",
            "value": 0.5
          },
          {
            "type": "VIOLET",
            "value": 1.5
          },
          {
            "type": "WHITE",
            "value": 2
          },
          {
            "type": "BLACK",
            "value": 2
          }
        ]
      },
      "passiveSet": {
        "passiveIdList": [
          816501,
          816502,
          816503,
          816504
        ]
      }
    },
    {
      "id": 816401,
      "nameID": 999999,
      "slotWeightConditionList": [
        "Default1"
      ],
      "hp": {
        "defaultStat": 887,
        "incrementByLevel": 30.59
      },
      "defCorrection": 0,
      "minSpeedList": [
        2
      ],
      "maxSpeedList": [
        5
      ],
      "canUseSkillOnDestroyed": "false",
      "isDestroyable": "false",
      "skillCancelable": "false",
      "canVanish": "false",
      "canChangeSpriteOnDestoryed": "false",
      "spreadMpEffectToAbnormality": "true",
      "partType": "BODY",
      "breakSection": {
        "sectionList": [
          80,
          50,
          20,
          0
        ]
      },
      "resistInfo": {
        "atkResistList": [
          {
            "type": "SLASH",
            "value": 0.8
          },
          {
            "type": "PENETRATE",
            "value": 0.8
          },
          {
            "type": "HIT",
            "value": 0.8
          }
        ],
        "attributeResistList": [
          {
            "type": "CRIMSON",
            "value": 1.2
          },
          {
            "type": "SCARLET",
            "value": 1.2
          },
          {
            "type": "AMBER",
            "value": 0.8
          },
          {
            "type": "SHAMROCK",
            "value": 0.5
          },
          {
            "type": "AZURE",
            "value": 1.5
          },
          {
            "type": "INDIGO",
            "value": 1
          },
          {
            "type": "VIOLET",
            "value": 1.5
          },
          {
            "type": "WHITE",
            "value": 2
          },
          {
            "type": "BLACK",
            "value": 2
          }
        ]
      }
    },
    {
      "id": 820401,
      "nameID": 999999,
      "slotWeightConditionList": [
        "Default1"
      ],
      "hp": {
        "defaultStat": 369,
        "incrementByLevel": 12.72
      },
      "defCorrection": 3,
      "minSpeedList": [
        2
      ],
      "maxSpeedList": [
        5
      ],
      "breakSection": {
        "sectionList": [
          60,
          0,
          -10
        ]
      },
      "canUseSkillOnDestroyed": "false",
      "isDestroyable": "false",
      "skillCancelable": "false",
      "canVanish": "false",
      "canChangeSpriteOnDestoryed": "false",
      "spreadMpEffectToAbnormality": "true",
      "partType": "BODY",
      "resistInfo": {
        "atkResistList": [
          {
            "type": "SLASH",
            "value": 0.8
          },
          {
            "type": "PENETRATE",
            "value": 0.8
          },
          {
            "type": "HIT",
            "value": 0.8
          }
        ],
        "attributeResistList": [
          {
            "type": "CRIMSON",
            "value": 1.2
          },
          {
            "type": "SCARLET",
            "value": 1.2
          },
          {
            "type": "AMBER",
            "value": 0.8
          },
          {
            "type": "SHAMROCK",
            "value": 0.5
          },
          {
            "type": "AZURE",
            "value": 1.5
          },
          {
            "type": "INDIGO",
            "value": 1
          },
          {
            "type": "VIOLET",
            "value": 1.5
          },
          {
            "type": "WHITE",
            "value": 2
          },
          {
            "type": "BLACK",
            "value": 2
          }
        ]
      }
    },
    {
      "id": 816201,
      "nameID": 999999,
      "slotWeightConditionList": [
        "Default1"
      ],
      "hp": {
        "defaultStat": 74,
        "incrementByLevel": 2.55
      },
      "defCorrection": -8,
      "minSpeedList": [
        2
      ],
      "maxSpeedList": [
        4
      ],
      "breakSection": {
        "sectionList": [
          65,
          30,
          0
        ]
      },
      "canUseSkillOnDestroyed": "false",
      "isDestroyable": "false",
      "skillCancelable": "false",
      "canVanish": "false",
      "canChangeSpriteOnDestoryed": "false",
      "spreadMpEffectToAbnormality": "true",
      "partType": "BODY",
      "resistInfo": {
        "atkResistList": [
          {
            "type": "SLASH",
            "value": 1
          },
          {
            "type": "PENETRATE",
            "value": 1
          },
          {
            "type": "HIT",
            "value": 1
          }
        ],
        "attributeResistList": [
          {
            "type": "CRIMSON",
            "value": 1
          },
          {
            "type": "SCARLET",
            "value": 1.2
          },
          {
            "type": "AMBER",
            "value": 0.8
          },
          {
            "type": "SHAMROCK",
            "value": 0.5
          },
          {
            "type": "AZURE",
            "value": 2
          },
          {
            "type": "INDIGO",
            "value": 1
          },
          {
            "type": "VIOLET",
            "value": 1.5
          },
          {
            "type": "WHITE",
            "value": 2
          },
          {
            "type": "BLACK",
            "value": 2
          }
        ]
      }
    },
    {
      "id": 816301,
      "nameID": 999999,
      "slotWeightConditionList": [
        "Default1"
      ],
      "hp": {
        "defaultStat": 74,
        "incrementByLevel": 2.55
      },
      "defCorrection": -8,
      "minSpeedList": [
        2
      ],
      "maxSpeedList": [
        4
      ],
      "breakSection": {
        "sectionList": [
          65,
          30,
          0
        ]
      },
      "canUseSkillOnDestroyed": "false",
      "isDestroyable": "false",
      "skillCancelable": "false",
      "canVanish": "false",
      "canChangeSpriteOnDestoryed": "false",
      "spreadMpEffectToAbnormality": "true",
      "partType": "BODY",
      "resistInfo": {
        "atkResistList": [
          {
            "type": "SLASH",
            "value": 1
          },
          {
            "type": "PENETRATE",
            "value": 1
          },
          {
            "type": "HIT",
            "value": 1
          }
        ],
        "attributeResistList": [
          {
            "type": "CRIMSON",
            "value": 1
          },
          {
            "type": "SCARLET",
            "value": 1.2
          },
          {
            "type": "AMBER",
            "value": 0.8
          },
          {
            "type": "SHAMROCK",
            "value": 0.5
          },
          {
            "type": "AZURE",
            "value": 2
          },
          {
            "type": "INDIGO",
            "value": 1
          },
          {
            "type": "VIOLET",
            "value": 1.5
          },
          {
            "type": "WHITE",
            "value": 2
          },
          {
            "type": "BLACK",
            "value": 2
          }
        ]
      }
    },
    {
      "id": 820201,
      "nameID": 999999,
      "slotWeightConditionList": [
        "Default1"
      ],
      "hp": {
        "defaultStat": 75,
        "incrementByLevel": 2.6
      },
      "defCorrection": -3,
      "minSpeedList": [
        1
      ],
      "maxSpeedList": [
        3
      ],
      "isDestroyable": "false",
      "skillCancelable": "false",
      "canVanish": "false",
      "canChangeSpriteOnDestoryed": "false",
      "partType": "BODY",
      "breakSection": {
        "sectionList": [
          50,
          0
        ]
      },
      "resistInfo": {
        "atkResistList": [
          {
            "type": "SLASH",
            "value": 1
          },
          {
            "type": "PENETRATE",
            "value": 1
          },
          {
            "type": "HIT",
            "value": 1.75
          }
        ],
        "attributeResistList": [
          {
            "type": "CRIMSON",
            "value": 0.5
          },
          {
            "type": "SCARLET",
            "value": 1.75
          },
          {
            "type": "AMBER",
            "value": 0.5
          },
          {
            "type": "SHAMROCK",
            "value": 1
          },
          {
            "type": "AZURE",
            "value": 1.75
          },
          {
            "type": "INDIGO",
            "value": 1
          },
          {
            "type": "VIOLET",
            "value": 1
          },
          {
            "type": "WHITE",
            "value": 2
          },
          {
            "type": "BLACK",
            "value": 2
          }
        ]
      },
      "attributeList": [],
      "passiveSet": {
        "passiveIdList": [
          815101
        ]
      }
    },
    {
      "id": 820301,
      "nameID": 999999,
      "slotWeightConditionList": [
        "Default1"
      ],
      "hp": {
        "defaultStat": 69,
        "incrementByLevel": 2.36
      },
      "defCorrection": -3,
      "minSpeedList": [
        2
      ],
      "maxSpeedList": [
        4
      ],
      "isDestroyable": "false",
      "skillCancelable": "false",
      "canVanish": "false",
      "canChangeSpriteOnDestoryed": "false",
      "partType": "BODY",
      "breakSection": {
        "sectionList": [
          50,
          0
        ]
      },
      "resistInfo": {
        "atkResistList": [
          {
            "type": "SLASH",
            "value": 1
          },
          {
            "type": "PENETRATE",
            "value": 1.75
          },
          {
            "type": "HIT",
            "value": 1
          }
        ],
        "attributeResistList": [
          {
            "type": "CRIMSON",
            "value": 0.5
          },
          {
            "type": "SCARLET",
            "value": 1
          },
          {
            "type": "AMBER",
            "value": 1
          },
          {
            "type": "SHAMROCK",
            "value": 1.75
          },
          {
            "type": "AZURE",
            "value": 0.5
          },
          {
            "type": "INDIGO",
            "value": 1
          },
          {
            "type": "VIOLET",
            "value": 1.75
          },
          {
            "type": "WHITE",
            "value": 2
          },
          {
            "type": "BLACK",
            "value": 2
          }
        ]
      },
      "attributeList": [],
      "passiveSet": {
        "passiveIdList": [
          815201
        ]
      }
    },
    {
      "id": 820501,
      "nameID": 999999,
      "slotWeightConditionList": [
        "Default1"
      ],
      "hp": {
        "defaultStat": 72,
        "incrementByLevel": 2.47
      },
      "defCorrection": 0,
      "minSpeedList": [
        1
      ],
      "maxSpeedList": [
        4
      ],
      "breakSection": {
        "sectionList": [
          80,
          30,
          0
        ]
      },
      "canUseSkillOnDestroyed": "false",
      "isDestroyable": "false",
      "skillCancelable": "false",
      "canVanish": "false",
      "canChangeSpriteOnDestoryed": "false",
      "spreadMpEffectToAbnormality": "true",
      "partType": "BODY",
      "resistInfo": {
        "atkResistList": [
          {
            "type": "SLASH",
            "value": 1.8
          },
          {
            "type": "PENETRATE",
            "value": 0.6
          },
          {
            "type": "HIT",
            "value": 1
          }
        ],
        "attributeResistList": [
          {
            "type": "CRIMSON",
            "value": 1
          },
          {
            "type": "SCARLET",
            "value": 1
          },
          {
            "type": "AMBER",
            "value": 1
          },
          {
            "type": "SHAMROCK",
            "value": 1
          },
          {
            "type": "AZURE",
            "value": 1
          },
          {
            "type": "INDIGO",
            "value": 1
          },
          {
            "type": "VIOLET",
            "value": 1
          },
          {
            "type": "WHITE",
            "value": 2
          },
          {
            "type": "BLACK",
            "value": 2
          }
        ]
      }
    },
    {
      "id": 820601,
      "nameID": 999999,
      "slotWeightConditionList": [
        "Default1"
      ],
      "hp": {
        "defaultStat": 72,
        "incrementByLevel": 2.47
      },
      "defCorrection": 0,
      "minSpeedList": [
        1
      ],
      "maxSpeedList": [
        4
      ],
      "breakSection": {
        "sectionList": [
          80,
          30,
          0
        ]
      },
      "canUseSkillOnDestroyed": "false",
      "isDestroyable": "false",
      "skillCancelable": "false",
      "canVanish": "false",
      "canChangeSpriteOnDestoryed": "false",
      "spreadMpEffectToAbnormality": "true",
      "partType": "BODY",
      "resistInfo": {
        "atkResistList": [
          {
            "type": "SLASH",
            "value": 1.8
          },
          {
            "type": "PENETRATE",
            "value": 0.6
          },
          {
            "type": "HIT",
            "value": 1
          }
        ],
        "attributeResistList": [
          {
            "type": "CRIMSON",
            "value": 1
          },
          {
            "type": "SCARLET",
            "value": 1
          },
          {
            "type": "AMBER",
            "value": 1
          },
          {
            "type": "SHAMROCK",
            "value": 1
          },
          {
            "type": "AZURE",
            "value": 1
          },
          {
            "type": "INDIGO",
            "value": 1
          },
          {
            "type": "VIOLET",
            "value": 1
          },
          {
            "type": "WHITE",
            "value": 2
          },
          {
            "type": "BLACK",
            "value": 2
          }
        ]
      }
    },
    {
      "id": 820701,
      "nameID": 999999,
      "slotWeightConditionList": [
        "Default1"
      ],
      "hp": {
        "defaultStat": 238,
        "incrementByLevel": 8.22
      },
      "defCorrection": 0,
      "minSpeedList": [
        1
      ],
      "maxSpeedList": [
        4
      ],
      "breakSection": {
        "sectionList": [
          60,
          20,
          0
        ]
      },
      "canUseSkillOnDestroyed": "false",
      "isDestroyable": "false",
      "skillCancelable": "false",
      "canVanish": "false",
      "canChangeSpriteOnDestoryed": "false",
      "spreadMpEffectToAbnormality": "true",
      "partType": "BODY",
      "resistInfo": {
        "atkResistList": [
          {
            "type": "SLASH",
            "value": 1.25
          },
          {
            "type": "PENETRATE",
            "value": 0.5
          },
          {
            "type": "HIT",
            "value": 1
          }
        ],
        "attributeResistList": [
          {
            "type": "CRIMSON",
            "value": 1
          },
          {
            "type": "SCARLET",
            "value": 1
          },
          {
            "type": "AMBER",
            "value": 1
          },
          {
            "type": "SHAMROCK",
            "value": 1
          },
          {
            "type": "AZURE",
            "value": 1
          },
          {
            "type": "INDIGO",
            "value": 1
          },
          {
            "type": "VIOLET",
            "value": 1
          },
          {
            "type": "WHITE",
            "value": 2
          },
          {
            "type": "BLACK",
            "value": 2
          }
        ]
      }
    }
  ]
}