{
  "list": [
    {
      "id": 857101,
      "nameID": 810001,
      "viewid": 810001,
      "slotWeightConditionList": [
        "Default2"
      ],
      "hp": {
        "defaultStat": 511,
        "incrementByLevel": 24.67
      },
      "defCorrection": 5,
      "minSpeedList": [
        2
      ],
      "maxSpeedList": [
        4
      ],
      "canUseSkillOnDestroyed": "true",
      "isDestroyable": "true",
      "skillCancelable": "false",
      "canVanish": "false",
      "canChangeSpriteOnDestoryed": "false",
      "partType": "BODY",
      "breakSection": {
        "sectionList": [
          50,
          0
        ]
      },
      "resistInfo": {
        "atkResistList": [
          {
            "type": "SLASH",
            "value": 1.5
          },
          {
            "type": "PENETRATE",
            "value": 0.5
          },
          {
            "type": "HIT",
            "value": 1
          }
        ],
        "attributeResistList": [
          {
            "type": "CRIMSON",
            "value": 0.75
          },
          {
            "type": "SCARLET",
            "value": 0.5
          },
          {
            "type": "AMBER",
            "value": 1
          },
          {
            "type": "SHAMROCK",
            "value": 1.5
          },
          {
            "type": "AZURE",
            "value": 2
          },
          {
            "type": "INDIGO",
            "value": 1.25
          },
          {
            "type": "VIOLET",
            "value": 1
          },
          {
            "type": "WHITE",
            "value": 2
          },
          {
            "type": "BLACK",
            "value": 2
          }
        ]
      },
      "passiveSet": {
        "passiveIdList": [
          810001
        ]
      }
    },
    {
      "id": 857201,
      "nameID": 810701,
      "viewid": 810701,
      "slotWeightConditionList": [
        "Default1"
      ],
      "hp": {
        "defaultStat": 11,
        "incrementByLevel": 0.39
      },
      "defCorrection": 2,
      "minSpeedList": [
        1
      ],
      "maxSpeedList": [
        1
      ],
      "canUseSkillOnDestroyed": "true",
      "isDestroyable": "true",
      "skillCancelable": "false",
      "canVanish": "false",
      "canChangeSpriteOnDestoryed": "false",
      "partType": "BODY",
      "breakSection": {
        "sectionList": []
      },
      "resistInfo": {
        "atkResistList": [
          {
            "type": "SLASH",
            "value": 1
          },
          {
            "type": "PENETRATE",
            "value": 1
          },
          {
            "type": "HIT",
            "value": 1
          }
        ],
        "attributeResistList": [
          {
            "type": "CRIMSON",
            "value": 0.75
          },
          {
            "type": "SCARLET",
            "value": 0.5
          },
          {
            "type": "AMBER",
            "value": 1
          },
          {
            "type": "SHAMROCK",
            "value": 1.5
          },
          {
            "type": "AZURE",
            "value": 2
          },
          {
            "type": "INDIGO",
            "value": 1.25
          },
          {
            "type": "VIOLET",
            "value": 1
          },
          {
            "type": "WHITE",
            "value": 2
          },
          {
            "type": "BLACK",
            "value": 2
          }
        ]
      },
      "passiveSet": {
        "passiveIdList": []
      }
    },
    {
      "id": 857301,
      "nameID": 810101,
      "viewid": 810101,
      "slotWeightConditionList": [
        "Default2"
      ],
      "hp": {
        "defaultStat": 165,
        "incrementByLevel": 6.81
      },
      "defCorrection": 5,
      "minSpeedList": [
        1
      ],
      "maxSpeedList": [
        3
      ],
      "canUseSkillOnDestroyed": "true",
      "isDestroyable": "true",
      "skillCancelable": "true",
      "canVanish": "false",
      "canChangeSpriteOnDestoryed": "false",
      "partType": "BODY",
      "breakSection": {
        "sectionList": [
          50,
          0,
          -50
        ]
      },
      "resistInfo": {
        "atkResistList": [
          {
            "type": "SLASH",
            "value": 0.5
          },
          {
            "type": "PENETRATE",
            "value": 0.5
          },
          {
            "type": "HIT",
            "value": 0.5
          }
        ],
        "attributeResistList": [
          {
            "type": "CRIMSON",
            "value": 0.2
          },
          {
            "type": "SCARLET",
            "value": 0.2
          },
          {
            "type": "AMBER",
            "value": 0.2
          },
          {
            "type": "SHAMROCK",
            "value": 0.2
          },
          {
            "type": "AZURE",
            "value": 0.2
          },
          {
            "type": "INDIGO",
            "value": 0.2
          },
          {
            "type": "VIOLET",
            "value": 0.2
          },
          {
            "type": "WHITE",
            "value": 2
          },
          {
            "type": "BLACK",
            "value": 2
          }
        ]
      },
      "passiveSet": {
        "passiveIdList": [
          810103
        ]
      }
    },
    {
      "id": 857302,
      "nameID": 810102,
      "viewid": 810102,
      "slotWeightConditionList": [
        "Default2"
      ],
      "hp": {
        "defaultStat": 306,
        "incrementByLevel": 12
      },
      "defCorrection": -5,
      "minSpeedList": [
        1
      ],
      "maxSpeedList": [
        3
      ],
      "canUseSkillOnDestroyed": "true",
      "isDestroyable": "true",
      "skillCancelable": "true",
      "canVanish": "false",
      "canChangeSpriteOnDestoryed": "false",
      "partType": "HEAD",
      "breakSection": {
        "sectionList": [
          50,
          0
        ]
      },
      "resistInfo": {
        "atkResistList": [
          {
            "type": "SLASH",
            "value": 1
          },
          {
            "type": "PENETRATE",
            "value": 1
          },
          {
            "type": "HIT",
            "value": 1.2
          }
        ],
        "attributeResistList": [
          {
            "type": "CRIMSON",
            "value": 1
          },
          {
            "type": "SCARLET",
            "value": 1
          },
          {
            "type": "AMBER",
            "value": 1.2
          },
          {
            "type": "SHAMROCK",
            "value": 1.2
          },
          {
            "type": "AZURE",
            "value": 1
          },
          {
            "type": "INDIGO",
            "value": 1
          },
          {
            "type": "VIOLET",
            "value": 1
          },
          {
            "type": "WHITE",
            "value": 2
          },
          {
            "type": "BLACK",
            "value": 2
          }
        ]
      },
      "passiveSet": {
        "passiveIdList": [
          810105
        ]
      }
    },
    {
      "id": 857401,
      "nameID": 810901,
      "viewid": 810901,
      "slotWeightConditionList": [
        "Default1"
      ],
      "hp": {
        "defaultStat": 11,
        "incrementByLevel": 0.36
      },
      "defCorrection": 0,
      "minSpeedList": [
        1
      ],
      "maxSpeedList": [
        2
      ],
      "canUseSkillOnDestroyed": "true",
      "isDestroyable": "true",
      "skillCancelable": "true",
      "canVanish": "false",
      "canChangeSpriteOnDestoryed": "false",
      "partType": "BODY",
      "breakSection": {
        "sectionList": []
      },
      "resistInfo": {
        "atkResistList": [
          {
            "type": "SLASH",
            "value": 1
          },
          {
            "type": "PENETRATE",
            "value": 1
          },
          {
            "type": "HIT",
            "value": 1
          }
        ],
        "attributeResistList": [
          {
            "type": "CRIMSON",
            "value": 1.5
          },
          {
            "type": "SCARLET",
            "value": 1
          },
          {
            "type": "AMBER",
            "value": 1
          },
          {
            "type": "SHAMROCK",
            "value": 1
          },
          {
            "type": "AZURE",
            "value": 1.5
          },
          {
            "type": "INDIGO",
            "value": 1
          },
          {
            "type": "VIOLET",
            "value": 1
          },
          {
            "type": "WHITE",
            "value": 2
          },
          {
            "type": "BLACK",
            "value": 2
          }
        ]
      },
      "passiveSet": {
        "passiveIdList": []
      }
    },
    {
      "id": 857501,
      "nameID": 810201,
      "viewid": 810201,
      "slotWeightConditionList": [
        "Default2"
      ],
      "hp": {
        "defaultStat": 350,
        "incrementByLevel": 13.29
      },
      "defCorrection": 5,
      "minSpeedList": [
        2
      ],
      "maxSpeedList": [
        4
      ],
      "canUseSkillOnDestroyed": "true",
      "isDestroyable": "true",
      "skillCancelable": "false",
      "canVanish": "false",
      "canChangeSpriteOnDestoryed": "false",
      "partType": "BODY",
      "breakSection": {
        "sectionList": [
          50,
          0
        ]
      },
      "resistInfo": {
        "atkResistList": [
          {
            "type": "SLASH",
            "value": 1
          },
          {
            "type": "PENETRATE",
            "value": 1
          },
          {
            "type": "HIT",
            "value": 1
          }
        ],
        "attributeResistList": [
          {
            "type": "CRIMSON",
            "value": 1
          },
          {
            "type": "SCARLET",
            "value": 0.5
          },
          {
            "type": "AMBER",
            "value": 1
          },
          {
            "type": "SHAMROCK",
            "value": 0.75
          },
          {
            "type": "AZURE",
            "value": 0.5
          },
          {
            "type": "INDIGO",
            "value": 1
          },
          {
            "type": "VIOLET",
            "value": 1.5
          },
          {
            "type": "WHITE",
            "value": 2
          },
          {
            "type": "BLACK",
            "value": 2
          }
        ]
      },
      "passiveSet": {
        "passiveIdList": []
      }
    },
    {
      "id": 857502,
      "nameID": 810202,
      "viewid": 810202,
      "slotWeightConditionList": [
        "Default2"
      ],
      "hp": {
        "defaultStat": 131,
        "incrementByLevel": 4.98
      },
      "defCorrection": 5,
      "minSpeedList": [
        2
      ],
      "maxSpeedList": [
        4
      ],
      "canUseSkillOnDestroyed": "true",
      "isDestroyable": "true",
      "skillCancelable": "false",
      "canVanish": "false",
      "regenerateTurn": 2,
      "canChangeSpriteOnDestoryed": "true",
      "partType": "BACK",
      "breakSection": {
        "sectionList": [
          0,
          -50
        ]
      },
      "resistInfo": {
        "atkResistList": [
          {
            "type": "SLASH",
            "value": 1
          },
          {
            "type": "PENETRATE",
            "value": 1.5
          },
          {
            "type": "HIT",
            "value": 1
          }
        ],
        "attributeResistList": [
          {
            "type": "CRIMSON",
            "value": 1
          },
          {
            "type": "SCARLET",
            "value": 0.5
          },
          {
            "type": "AMBER",
            "value": 1.5
          },
          {
            "type": "SHAMROCK",
            "value": 0.75
          },
          {
            "type": "AZURE",
            "value": 0.5
          },
          {
            "type": "INDIGO",
            "value": 1
          },
          {
            "type": "VIOLET",
            "value": 1.5
          },
          {
            "type": "WHITE",
            "value": 2
          },
          {
            "type": "BLACK",
            "value": 2
          }
        ]
      },
      "passiveSet": {
        "passiveIdList": [
          810204
        ]
      }
    },
    {
      "id": 857601,
      "nameID": 810801,
      "viewid": 810801,
      "slotWeightConditionList": [
        "Default1"
      ],
      "hp": {
        "defaultStat": 21,
        "incrementByLevel": 0.72
      },
      "defCorrection": 0,
      "minSpeedList": [
        1
      ],
      "maxSpeedList": [
        1
      ],
      "canUseSkillOnDestroyed": "true",
      "isDestroyable": "true",
      "skillCancelable": "false",
      "canVanish": "false",
      "canChangeSpriteOnDestoryed": "false",
      "partType": "BODY",
      "breakSection": {
        "sectionList": []
      },
      "resistInfo": {
        "atkResistList": [
          {
            "type": "SLASH",
            "value": 2
          },
          {
            "type": "PENETRATE",
            "value": 2
          },
          {
            "type": "HIT",
            "value": 2
          }
        ],
        "attributeResistList": [
          {
            "type": "CRIMSON",
            "value": 1
          },
          {
            "type": "SCARLET",
            "value": 1
          },
          {
            "type": "AMBER",
            "value": 1.5
          },
          {
            "type": "SHAMROCK",
            "value": 1
          },
          {
            "type": "AZURE",
            "value": 0.75
          },
          {
            "type": "INDIGO",
            "value": 1
          },
          {
            "type": "VIOLET",
            "value": 1.5
          },
          {
            "type": "WHITE",
            "value": 2
          },
          {
            "type": "BLACK",
            "value": 2
          }
        ]
      },
      "passiveSet": {
        "passiveIdList": [
          810801
        ]
      }
    },
    {
      "id": 857701,
      "slotWeightConditionList": [
        "Default1"
      ],
      "hp": {
        "defaultStat": 678,
        "incrementByLevel": 30.39
      },
      "defCorrection": 0,
      "minSpeedList": [
        1
      ],
      "maxSpeedList": [
        2
      ],
      "canUseSkillOnDestroyed": "true",
      "isDestroyable": "true",
      "skillCancelable": "false",
      "canVanish": "false",
      "canChangeSpriteOnDestoryed": "false",
      "partType": "BODY",
      "breakSection": {
        "sectionList": [
          60,
          0,
          -20
        ]
      },
      "resistInfo": {
        "atkResistList": [
          {
            "type": "SLASH",
            "value": 1
          },
          {
            "type": "PENETRATE",
            "value": 0.5
          },
          {
            "type": "HIT",
            "value": 1
          }
        ],
        "attributeResistList": [
          {
            "type": "CRIMSON",
            "value": 0.2
          },
          {
            "type": "SCARLET",
            "value": 0.5
          },
          {
            "type": "AMBER",
            "value": 1.2
          },
          {
            "type": "SHAMROCK",
            "value": 1
          },
          {
            "type": "AZURE",
            "value": 1.2
          },
          {
            "type": "INDIGO",
            "value": 1
          },
          {
            "type": "VIOLET",
            "value": 0.75
          },
          {
            "type": "WHITE",
            "value": 2
          },
          {
            "type": "BLACK",
            "value": 2
          }
        ]
      },
      "passiveSet": {
        "passiveIdList": []
      }
    },
    {
      "id": 857702,
      "slotWeightConditionList": [
        "Default1"
      ],
      "hp": {
        "defaultStat": 102,
        "incrementByLevel": 4.56
      },
      "defCorrection": 0,
      "minSpeedList": [
        1
      ],
      "maxSpeedList": [
        2
      ],
      "canUseSkillOnDestroyed": "true",
      "isDestroyable": "true",
      "regenerateTurn": 1,
      "skillCancelable": "false",
      "canVanish": "false",
      "canChangeSpriteOnDestoryed": "false",
      "partType": "BACK",
      "breakSection": {
        "sectionList": [
        ]
      },
      "resistInfo": {
        "atkResistList": [
          {
            "type": "SLASH",
            "value": 1.5
          },
          {
            "type": "PENETRATE",
            "value": 0.5
          },
          {
            "type": "HIT",
            "value": 1
          }
        ],
        "attributeResistList": [
          {
            "type": "CRIMSON",
            "value": 0.2
          },
          {
            "type": "SCARLET",
            "value": 0.5
          },
          {
            "type": "AMBER",
            "value": 1.5
          },
          {
            "type": "SHAMROCK",
            "value": 1
          },
          {
            "type": "AZURE",
            "value": 2
          },
          {
            "type": "INDIGO",
            "value": 1
          },
          {
            "type": "VIOLET",
            "value": 0.75
          },
          {
            "type": "WHITE",
            "value": 2
          },
          {
            "type": "BLACK",
            "value": 2
          }
        ]
      },
      "passiveSet": {
        "passiveIdList": []
      }
    },
    {
      "id": 857801,
      "slotWeightConditionList": [
        "Default2"
      ],
      "hp": {
        "defaultStat": 699,
        "incrementByLevel": 18.5
      },
      "defCorrection": 5,
      "minSpeedList": [
        2
      ],
      "maxSpeedList": [
        4
      ],
      "canUseSkillOnDestroyed": "true",
      "isDestroyable": "true",
      "skillCancelable": "false",
      "canVanish": "false",
      "canChangeSpriteOnDestoryed": "false",
      "partType": "BODY",
      "breakSection": {
        "sectionList": [
          45,
          0
        ]
      },
      "resistInfo": {
        "atkResistList": [
          {
            "type": "SLASH",
            "value": 1.3
          },
          {
            "type": "PENETRATE",
            "value": 1
          },
          {
            "type": "HIT",
            "value": 0.5
          }
        ],
        "attributeResistList": [
          {
            "type": "CRIMSON",
            "value": 1.5
          },
          {
            "type": "SCARLET",
            "value": 0.2
          },
          {
            "type": "AMBER",
            "value": 1
          },
          {
            "type": "SHAMROCK",
            "value": 0.5
          },
          {
            "type": "AZURE",
            "value": 1
          },
          {
            "type": "INDIGO",
            "value": 1.5
          },
          {
            "type": "VIOLET",
            "value": 1
          },
          {
            "type": "WHITE",
            "value": 2
          },
          {
            "type": "BLACK",
            "value": 2
          }
        ]
      },
      "passiveSet": {
        "passiveIdList": [
          857806
        ]
      }
    },
    {
      "id": 858101,
      "viewid": 810201,
      "nameID": 810201,
      "slotWeightConditionList": [
        "Default1"
      ],
      "hp": {
        "defaultStat": 200,
        "incrementByLevel": 6.5
      },
      "defCorrection": -5,
      "minSpeedList": [
        3
      ],
      "maxSpeedList": [
        5
      ],
      "canUseSkillOnDestroyed": "true",
      "isDestroyable": "false",
      "skillCancelable": "true",
      "canVanish": "false",
      "canChangeSpriteOnDestoryed": "false",
      "spreadMpEffectToAbnormality": "true",
      "partType": "BODY",
      "breakSection": {
        "sectionList": [
          70,
          40,
          20,
          0
        ]
      },
      "resistInfo": {
        "atkResistList": [
          {
            "type": "SLASH",
            "value": 1
          },
          {
            "type": "PENETRATE",
            "value": 1.5
          },
          {
            "type": "HIT",
            "value": 0.5
          }
        ],
        "attributeResistList": [
          {
            "type": "CRIMSON",
            "value": 0.5
          },
          {
            "type": "SCARLET",
            "value": 0.5
          },
          {
            "type": "AMBER",
            "value": 1
          },
          {
            "type": "SHAMROCK",
            "value": 1.25
          },
          {
            "type": "AZURE",
            "value": 1
          },
          {
            "type": "INDIGO",
            "value": 1
          },
          {
            "type": "VIOLET",
            "value": 1
          },
          {
            "type": "WHITE",
            "value": 1
          },
          {
            "type": "BLACK",
            "value": 1
          }
        ]
      },
      "passiveSet": {
        "passiveIdList": []
      }
    },
    {
      "id": 858102,
      "viewid": 810202,
      "nameID": 810202,
      "slotWeightConditionList": [
        "Default2"
      ],
      "hp": {
        "defaultStat": 131,
        "incrementByLevel": 4.98
      },
      "defCorrection": 5,
      "minSpeedList": [
        2
      ],
      "maxSpeedList": [
        4
      ],
      "canUseSkillOnDestroyed": "true",
      "isDestroyable": "true",
      "skillCancelable": "false",
      "canVanish": "false",
      "regenerateTurn": 2,
      "canChangeSpriteOnDestoryed": "true",
      "partType": "BACK",
      "breakSection": {
        "sectionList": [
          0,
          -50
        ]
      },
      "resistInfo": {
        "atkResistList": [
          {
            "type": "SLASH",
            "value": 1
          },
          {
            "type": "PENETRATE",
            "value": 1.5
          },
          {
            "type": "HIT",
            "value": 0.5
          }
        ],
        "attributeResistList": [
          {
            "type": "CRIMSON",
            "value": 0.5
          },
          {
            "type": "SCARLET",
            "value": 0.5
          },
          {
            "type": "AMBER",
            "value": 1
          },
          {
            "type": "SHAMROCK",
            "value": 1.25
          },
          {
            "type": "AZURE",
            "value": 1
          },
          {
            "type": "INDIGO",
            "value": 1
          },
          {
            "type": "VIOLET",
            "value": 1
          },
          {
            "type": "WHITE",
            "value": 2
          },
          {
            "type": "BLACK",
            "value": 2
          }
        ]
      },
      "passiveSet": {
        "passiveIdList": [
          810204
        ]
      }
    },
    {
      "id": 858001,
      "viewid": 810301,
      "nameID": 810301,
      "slotWeightConditionList": [
        "Default1"
      ],
      "hp": {
        "defaultStat": 300,
        "incrementByLevel": 15.8
      },
      "defCorrection": 0,
      "minSpeedList": [
        1
      ],
      "maxSpeedList": [
        2
      ],
      "canUseSkillOnDestroyed": "true",
      "isDestroyable": "false",
      "skillCancelable": "true",
      "canVanish": "false",
      "canChangeSpriteOnDestoryed": "false",
      "spreadMpEffectToAbnormality": "true",
      "partType": "BODY",
      "breakSection": {
        "sectionList": [
          50,
          0,
          -50
        ]
      },
      "resistInfo": {
        "atkResistList": [
          {
            "type": "SLASH",
            "value": 1
          },
          {
            "type": "PENETRATE",
            "value": 0.5
          },
          {
            "type": "HIT",
            "value": 1.5
          }
        ],
        "attributeResistList": [
          {
            "type": "CRIMSON",
            "value": 1
          },
          {
            "type": "SCARLET",
            "value": 0.5
          },
          {
            "type": "AMBER",
            "value": 1
          },
          {
            "type": "SHAMROCK",
            "value": 0.5
          },
          {
            "type": "AZURE",
            "value": 1
          },
          {
            "type": "INDIGO",
            "value": 1
          },
          {
            "type": "VIOLET",
            "value": 1.25
          },
          {
            "type": "WHITE",
            "value": 1
          },
          {
            "type": "BLACK",
            "value": 1
          }
        ]
      },
      "passiveSet": {
        "passiveIdList": []
      }
    },
    {
      "id": 857901,
      "viewid": 810501,
      "nameID": 810501,
      "slotWeightConditionList": [
        "Default1"
      ],
      "hp": {
        "defaultStat": 250,
        "incrementByLevel": 9
      },
      "defCorrection": -3,
      "minSpeedList": [
        2
      ],
      "maxSpeedList": [
        3
      ],
      "canUseSkillOnDestroyed": "true",
      "isDestroyable": "false",
      "skillCancelable": "true",
      "canVanish": "false",
      "canChangeSpriteOnDestoryed": "false",
      "spreadMpEffectToAbnormality": "true",
      "partType": "BODY",
      "breakSection": {
        "sectionList": [
          60,
          30,
          0
        ]
      },
      "resistInfo": {
        "atkResistList": [
          {
            "type": "SLASH",
            "value": 0.5
          },
          {
            "type": "PENETRATE",
            "value": 1.5
          },
          {
            "type": "HIT",
            "value": 1
          }
        ],
        "attributeResistList": [
          {
            "type": "CRIMSON",
            "value": 1
          },
          {
            "type": "SCARLET",
            "value": 1
          },
          {
            "type": "AMBER",
            "value": 0.5
          },
          {
            "type": "SHAMROCK",
            "value": 1
          },
          {
            "type": "AZURE",
            "value": 0.5
          },
          {
            "type": "INDIGO",
            "value": 1.25
          },
          {
            "type": "VIOLET",
            "value": 1
          },
          {
            "type": "WHITE",
            "value": 1
          },
          {
            "type": "BLACK",
            "value": 1
          }
        ]
      },
      "passiveSet": {
        "passiveIdList": []
      }
    },
    {
      "id": 858201,
      "viewid": 810601,
      "nameID": 810601,
      "slotWeightConditionList": [
        "Default1"
      ],
      "hp": {
        "defaultStat": 280,
        "incrementByLevel": 9.5
      },
      "defCorrection": -3,
      "minSpeedList": [
        2
      ],
      "maxSpeedList": [
        3
      ],
      "canUseSkillOnDestroyed": "true",
      "isDestroyable": "false",
      "skillCancelable": "true",
      "canVanish": "false",
      "canChangeSpriteOnDestoryed": "false",
      "spreadMpEffectToAbnormality": "true",
      "partType": "BODY",
      "breakSection": {
        "sectionList": [
          50,
          0,
          -20
        ]
      },
      "resistInfo": {
        "atkResistList": [
          {
            "type": "SLASH",
            "value": 0.5
          },
          {
            "type": "PENETRATE",
            "value": 1.2
          },
          {
            "type": "HIT",
            "value": 1
          }
        ],
        "attributeResistList": [
          {
            "type": "CRIMSON",
            "value": 1.2
          },
          {
            "type": "SCARLET",
            "value": 1
          },
          {
            "type": "AMBER",
            "value": 0.5
          },
          {
            "type": "SHAMROCK",
            "value": 1
          },
          {
            "type": "AZURE",
            "value": 0.5
          },
          {
            "type": "INDIGO",
            "value": 1.2
          },
          {
            "type": "VIOLET",
            "value": 1.2
          },
          {
            "type": "WHITE",
            "value": 1
          },
          {
            "type": "BLACK",
            "value": 1
          }
        ]
      },
      "passiveSet": {
        "passiveIdList": []
      }
    },
    {
      "id": 858601,
      "nameID": 999999,
      "slotWeightConditionList": [
        "Default1"
      ],
      "hp": {
        "defaultStat": 52,
        "incrementByLevel": 1.79
      },
      "defCorrection": -3,
      "minSpeedList": [
        1
      ],
      "maxSpeedList": [
        3
      ],
      "canUseSkillOnDestroyed": "true",
      "isDestroyable": "false",
      "skillCancelable": "true",
      "canVanish": "false",
      "canChangeSpriteOnDestoryed": "false",
      "spreadMpEffectToAbnormality": "true",
      "partType": "BODY",
      "breakSection": {
        "sectionList": [
          70,
          30,
          0
        ]
      },
      "mp": 0,
      "hasMp": false,
      "lowMorale": 0,
      "panic": 0,
      "panicType": 1013,
      "resistInfo": {
        "atkResistList": [
          {
            "type": "SLASH",
            "value": 1
          },
          {
            "type": "PENETRATE",
            "value": 1.5
          },
          {
            "type": "HIT",
            "value": 1
          }
        ],
        "attributeResistList": [
          {
            "type": "CRIMSON",
            "value": 1.5
          },
          {
            "type": "SCARLET",
            "value": 1
          },
          {
            "type": "AMBER",
            "value": 1
          },
          {
            "type": "SHAMROCK",
            "value": 1
          },
          {
            "type": "AZURE",
            "value": 0.75
          },
          {
            "type": "INDIGO",
            "value": 1.5
          },
          {
            "type": "VIOLET",
            "value": 1
          },
          {
            "type": "WHITE",
            "value": 2
          },
          {
            "type": "BLACK",
            "value": 2
          }
        ]
      },
      "passiveSet": {
        "passiveIdList": [
        ]
      }
    },
    {
      "id": 858701,
      "nameID": 999999,
      "slotWeightConditionList": [
        "Default1"
      ],
      "hp": {
        "defaultStat": 138,
        "incrementByLevel": 5.23
      },
      "defCorrection": -1,
      "minSpeedList": [
        2
      ],
      "maxSpeedList": [
        4
      ],
      "canUseSkillOnDestroyed": "true",
      "isDestroyable": "false",
      "skillCancelable": "true",
      "canVanish": "false",
      "canChangeSpriteOnDestoryed": "false",
      "spreadMpEffectToAbnormality": "true",
      "partType": "BODY",
      "breakSection": {
        "sectionList": [
          40,
          0,
          0
        ]
      },
      "mp": 0,
      "hasMp": false,
      "lowMorale": 0,
      "panic": 0,
      "panicType": 1013,
      "resistInfo": {
        "atkResistList": [
          {
            "type": "SLASH",
            "value": 1
          },
          {
            "type": "PENETRATE",
            "value": 1.2
          },
          {
            "type": "HIT",
            "value": 1
          }
        ],
        "attributeResistList": [
          {
            "type": "CRIMSON",
            "value": 1.2
          },
          {
            "type": "SCARLET",
            "value": 1
          },
          {
            "type": "AMBER",
            "value": 1
          },
          {
            "type": "SHAMROCK",
            "value": 1
          },
          {
            "type": "AZURE",
            "value": 0.5
          },
          {
            "type": "INDIGO",
            "value": 1.2
          },
          {
            "type": "VIOLET",
            "value": 1
          },
          {
            "type": "WHITE",
            "value": 2
          },
          {
            "type": "BLACK",
            "value": 2
          }
        ]
      },
      "passiveSet": {
        "passiveIdList": [
        ]
      }
    },
    {
      "id": 859001,
      "nameID": 999999,
      "slotWeightConditionList": [
        "Default1"
      ],
      "hp": {
        "defaultStat": 44,
        "incrementByLevel": 1.29
      },
      "defCorrection": -2,
      "minSpeedList": [
        1
      ],
      "maxSpeedList": [
        4
      ],
      "canUseSkillOnDestroyed": "true",
      "isDestroyable": "false",
      "skillCancelable": "true",
      "canVanish": "false",
      "canChangeSpriteOnDestoryed": "false",
      "spreadMpEffectToAbnormality": "true",
      "partType": "BODY",
      "breakSection": {
        "sectionList": [
          70,
          30,
          0
        ]
      },
      "mp": 0,
      "hasMp": false,
      "lowMorale": 0,
      "panic": 0,
      "panicType": 1013,
      "resistInfo": {
        "atkResistList": [
          {
            "type": "SLASH",
            "value": 1
          },
          {
            "type": "PENETRATE",
            "value": 1
          },
          {
            "type": "HIT",
            "value": 2
          }
        ],
        "attributeResistList": [
          {
            "type": "CRIMSON",
            "value": 1
          },
          {
            "type": "SCARLET",
            "value": 1
          },
          {
            "type": "AMBER",
            "value": 1
          },
          {
            "type": "SHAMROCK",
            "value": 1
          },
          {
            "type": "AZURE",
            "value": 1
          },
          {
            "type": "INDIGO",
            "value": 1
          },
          {
            "type": "VIOLET",
            "value": 1
          },
          {
            "type": "WHITE",
            "value": 2
          },
          {
            "type": "BLACK",
            "value": 2
          }
        ]
      },
      "passiveSet": {
        "passiveIdList": [
          9008401,
          9008402
        ]
      }
    },
    {
      "id": 859101,
      "nameID": 999999,
      "slotWeightConditionList": [
        "Default1"
      ],
      "hp": {
        "defaultStat": 44,
        "incrementByLevel": 1.29
      },
      "defCorrection": -2,
      "minSpeedList": [
        1
      ],
      "maxSpeedList": [
        4
      ],
      "canUseSkillOnDestroyed": "true",
      "isDestroyable": "false",
      "skillCancelable": "true",
      "canVanish": "false",
      "canChangeSpriteOnDestoryed": "false",
      "spreadMpEffectToAbnormality": "true",
      "partType": "BODY",
      "breakSection": {
        "sectionList": [
          70,
          30,
          0
        ]
      },
      "mp": 0,
      "hasMp": false,
      "lowMorale": 0,
      "panic": 0,
      "panicType": 1013,
      "resistInfo": {
        "atkResistList": [
          {
            "type": "SLASH",
            "value": 0.75
          },
          {
            "type": "PENETRATE",
            "value": 1
          },
          {
            "type": "HIT",
            "value": 2
          }
        ],
        "attributeResistList": [
          {
            "type": "CRIMSON",
            "value": 1
          },
          {
            "type": "SCARLET",
            "value": 1
          },
          {
            "type": "AMBER",
            "value": 1
          },
          {
            "type": "SHAMROCK",
            "value": 1
          },
          {
            "type": "AZURE",
            "value": 1
          },
          {
            "type": "INDIGO",
            "value": 1
          },
          {
            "type": "VIOLET",
            "value": 1
          },
          {
            "type": "WHITE",
            "value": 2
          },
          {
            "type": "BLACK",
            "value": 2
          }
        ]
      },
      "passiveSet": {
        "passiveIdList": [
          9008401,
          9008402
        ]
      }
    },
    {
      "id": 859201,
      "nameID": 999999,
      "slotWeightConditionList": [
        "Default1"
      ],
      "hp": {
        "defaultStat": 66,
        "incrementByLevel": 2.05
      },
      "defCorrection": -1,
      "minSpeedList": [
        2
      ],
      "maxSpeedList": [
        5
      ],
      "canUseSkillOnDestroyed": "true",
      "isDestroyable": "false",
      "skillCancelable": "true",
      "canVanish": "false",
      "canChangeSpriteOnDestoryed": "false",
      "spreadMpEffectToAbnormality": "true",
      "partType": "BODY",
      "breakSection": {
        "sectionList": [
          60,
          20,
          0
        ]
      },
      "mp": 0,
      "hasMp": false,
      "lowMorale": 0,
      "panic": 0,
      "panicType": 1013,
      "resistInfo": {
        "atkResistList": [
          {
            "type": "SLASH",
            "value": 0.5
          },
          {
            "type": "PENETRATE",
            "value": 1
          },
          {
            "type": "HIT",
            "value": 2
          }
        ],
        "attributeResistList": [
          {
            "type": "CRIMSON",
            "value": 1
          },
          {
            "type": "SCARLET",
            "value": 1
          },
          {
            "type": "AMBER",
            "value": 1
          },
          {
            "type": "SHAMROCK",
            "value": 1
          },
          {
            "type": "AZURE",
            "value": 1
          },
          {
            "type": "INDIGO",
            "value": 1
          },
          {
            "type": "VIOLET",
            "value": 1
          },
          {
            "type": "WHITE",
            "value": 2
          },
          {
            "type": "BLACK",
            "value": 2
          }
        ]
      },
      "passiveSet": {
        "passiveIdList": [
          9008401,
          9008402
        ]
      }
    },
    {
      "id": 859301,
      "nameID": 999999,
      "slotWeightConditionList": [
        "Default1"
      ],
      "hp": {
        "defaultStat": 75,
        "incrementByLevel": 2.33
      },
      "defCorrection": 6,
      "minSpeedList": [
        1
      ],
      "maxSpeedList": [
        2
      ],
      "canUseSkillOnDestroyed": "true",
      "isDestroyable": "false",
      "skillCancelable": "true",
      "canVanish": "false",
      "canChangeSpriteOnDestoryed": "false",
      "spreadMpEffectToAbnormality": "true",
      "partType": "BODY",
      "breakSection": {
        "sectionList": [
          60,
          10,
          0
        ]
      },
      "mp": 0,
      "hasMp": false,
      "lowMorale": 0,
      "panic": 0,
      "panicType": 1013,
      "resistInfo": {
        "atkResistList": [
          {
            "type": "SLASH",
            "value": 0.5
          },
          {
            "type": "PENETRATE",
            "value": 2
          },
          {
            "type": "HIT",
            "value": 1
          }
        ],
        "attributeResistList": [
          {
            "type": "CRIMSON",
            "value": 1
          },
          {
            "type": "SCARLET",
            "value": 1
          },
          {
            "type": "AMBER",
            "value": 1
          },
          {
            "type": "SHAMROCK",
            "value": 1
          },
          {
            "type": "AZURE",
            "value": 1
          },
          {
            "type": "INDIGO",
            "value": 1
          },
          {
            "type": "VIOLET",
            "value": 1
          },
          {
            "type": "WHITE",
            "value": 2
          },
          {
            "type": "BLACK",
            "value": 2
          }
        ]
      },
      "passiveSet": {
        "passiveIdList": [
          9008401,
          9008402,
          9008701
        ]
      }
    },
    {
      "id": 859401,
      "nameID": 999999,
      "slotWeightConditionList": [
        "Default1"
      ],
      "hp": {
        "defaultStat": 149,
        "incrementByLevel": 5.65
      },
      "defCorrection": -8,
      "minSpeedList": [
        3
      ],
      "maxSpeedList": [
        5
      ],
      "canUseSkillOnDestroyed": "true",
      "isDestroyable": "false",
      "skillCancelable": "true",
      "canVanish": "false",
      "canChangeSpriteOnDestoryed": "false",
      "spreadMpEffectToAbnormality": "true",
      "partType": "BODY",
      "breakSection": {
        "sectionList": [
          45,
          0,
          0
        ]
      },
      "mp": 0,
      "hasMp": false,
      "lowMorale": 0,
      "panic": 0,
      "panicType": 1013,
      "resistInfo": {
        "atkResistList": [
          {
            "type": "SLASH",
            "value": 0.5
          },
          {
            "type": "PENETRATE",
            "value": 2
          },
          {
            "type": "HIT",
            "value": 1
          }
        ],
        "attributeResistList": [
          {
            "type": "CRIMSON",
            "value": 1
          },
          {
            "type": "SCARLET",
            "value": 1
          },
          {
            "type": "AMBER",
            "value": 1
          },
          {
            "type": "SHAMROCK",
            "value": 1
          },
          {
            "type": "AZURE",
            "value": 1
          },
          {
            "type": "INDIGO",
            "value": 1
          },
          {
            "type": "VIOLET",
            "value": 1
          },
          {
            "type": "WHITE",
            "value": 2
          },
          {
            "type": "BLACK",
            "value": 2
          }
        ]
      },
      "passiveSet": {
        "passiveIdList": [
          9008401,
          9101201,
          9101202,
          9101203
        ]
      }
    },
    {
      "id": 859501,
      "nameID": 999999,
      "slotWeightConditionList": [
        "Default1"
      ],
      "hp": {
        "defaultStat": 38,
        "incrementByLevel": 1.18
      },
      "defCorrection": 3,
      "minSpeedList": [
        1
      ],
      "maxSpeedList": [
        2
      ],
      "canUseSkillOnDestroyed": "true",
      "isDestroyable": "false",
      "skillCancelable": "true",
      "canVanish": "false",
      "canChangeSpriteOnDestoryed": "false",
      "spreadMpEffectToAbnormality": "true",
      "partType": "BODY",
      "breakSection": {
        "sectionList": [
          75,
          0
        ]
      },
      "mp": 0,
      "hasMp": false,
      "lowMorale": 0,
      "panic": 0,
      "panicType": 1013,
      "resistInfo": {
        "atkResistList": [
          {
            "type": "SLASH",
            "value": 0.75
          },
          {
            "type": "PENETRATE",
            "value": 1
          },
          {
            "type": "HIT",
            "value": 1.5
          }
        ],
        "attributeResistList": [
          {
            "type": "CRIMSON",
            "value": 1
          },
          {
            "type": "SCARLET",
            "value": 1.5
          },
          {
            "type": "AMBER",
            "value": 1
          },
          {
            "type": "SHAMROCK",
            "value": 1
          },
          {
            "type": "AZURE",
            "value": 1
          },
          {
            "type": "INDIGO",
            "value": 1
          },
          {
            "type": "VIOLET",
            "value": 1.2
          },
          {
            "type": "WHITE",
            "value": 2
          },
          {
            "type": "BLACK",
            "value": 2
          }
        ]
      },
      "passiveSet": {
        "passiveIdList": [
          9009202
        ]
      }
    },
    {
      "id": 859601,
      "nameID": 999999,
      "slotWeightConditionList": [
        "Default1"
      ],
      "hp": {
        "defaultStat": 44,
        "incrementByLevel": 1.29
      },
      "defCorrection": -3,
      "minSpeedList": [
        2
      ],
      "maxSpeedList": [
        5
      ],
      "canUseSkillOnDestroyed": "true",
      "isDestroyable": "false",
      "skillCancelable": "true",
      "canVanish": "false",
      "canChangeSpriteOnDestoryed": "false",
      "spreadMpEffectToAbnormality": "true",
      "partType": "BODY",
      "breakSection": {
        "sectionList": [
          85,
          50,
          0
        ]
      },
      "mp": 0,
      "hasMp": false,
      "lowMorale": 0,
      "panic": 0,
      "panicType": 1013,
      "resistInfo": {
        "atkResistList": [
          {
            "type": "SLASH",
            "value": 0.75
          },
          {
            "type": "PENETRATE",
            "value": 1
          },
          {
            "type": "HIT",
            "value": 1.5
          }
        ],
        "attributeResistList": [
          {
            "type": "CRIMSON",
            "value": 1
          },
          {
            "type": "SCARLET",
            "value": 1.5
          },
          {
            "type": "AMBER",
            "value": 1
          },
          {
            "type": "SHAMROCK",
            "value": 1
          },
          {
            "type": "AZURE",
            "value": 1
          },
          {
            "type": "INDIGO",
            "value": 1
          },
          {
            "type": "VIOLET",
            "value": 1.2
          },
          {
            "type": "WHITE",
            "value": 2
          },
          {
            "type": "BLACK",
            "value": 2
          }
        ]
      },
      "passiveSet": {
        "passiveIdList": [
          9009302
        ]
      }
    },
    {
      "id": 859701,
      "nameID": 999999,
      "slotWeightConditionList": [
        "Default1"
      ],
      "hp": {
        "defaultStat": 42,
        "incrementByLevel": 1.16
      },
      "defCorrection": -2,
      "minSpeedList": [
        1
      ],
      "maxSpeedList": [
        4
      ],
      "canUseSkillOnDestroyed": "true",
      "isDestroyable": "false",
      "skillCancelable": "true",
      "canVanish": "false",
      "canChangeSpriteOnDestoryed": "false",
      "spreadMpEffectToAbnormality": "true",
      "partType": "BODY",
      "breakSection": {
        "sectionList": [
          80,
          45,
          0
        ]
      },
      "mp": 0,
      "hasMp": false,
      "lowMorale": 0,
      "panic": 0,
      "panicType": 1013,
      "resistInfo": {
        "atkResistList": [
          {
            "type": "SLASH",
            "value": 0.75
          },
          {
            "type": "PENETRATE",
            "value": 1.5
          },
          {
            "type": "HIT",
            "value": 1
          }
        ],
        "attributeResistList": [
          {
            "type": "CRIMSON",
            "value": 1.2
          },
          {
            "type": "SCARLET",
            "value": 1.5
          },
          {
            "type": "AMBER",
            "value": 1
          },
          {
            "type": "SHAMROCK",
            "value": 1
          },
          {
            "type": "AZURE",
            "value": 1
          },
          {
            "type": "INDIGO",
            "value": 1
          },
          {
            "type": "VIOLET",
            "value": 1.2
          },
          {
            "type": "WHITE",
            "value": 2
          },
          {
            "type": "BLACK",
            "value": 2
          }
        ]
      },
      "passiveSet": {
        "passiveIdList": [
          9009401
        ]
      }
    },
    {
      "id": 859801,
      "nameID": 999999,
      "slotWeightConditionList": [
        "Default1"
      ],
      "hp": {
        "defaultStat": 42,
        "incrementByLevel": 1.16
      },
      "defCorrection": -2,
      "minSpeedList": [
        1
      ],
      "maxSpeedList": [
        4
      ],
      "canUseSkillOnDestroyed": "true",
      "isDestroyable": "false",
      "skillCancelable": "true",
      "canVanish": "false",
      "canChangeSpriteOnDestoryed": "false",
      "spreadMpEffectToAbnormality": "true",
      "partType": "BODY",
      "breakSection": {
        "sectionList": [
          80,
          45,
          0
        ]
      },
      "mp": 0,
      "hasMp": false,
      "lowMorale": 0,
      "panic": 0,
      "panicType": 1013,
      "resistInfo": {
        "atkResistList": [
          {
            "type": "SLASH",
            "value": 0.5
          },
          {
            "type": "PENETRATE",
            "value": 1.5
          },
          {
            "type": "HIT",
            "value": 1
          }
        ],
        "attributeResistList": [
          {
            "type": "CRIMSON",
            "value": 1.2
          },
          {
            "type": "SCARLET",
            "value": 1.5
          },
          {
            "type": "AMBER",
            "value": 1
          },
          {
            "type": "SHAMROCK",
            "value": 1
          },
          {
            "type": "AZURE",
            "value": 1
          },
          {
            "type": "INDIGO",
            "value": 1
          },
          {
            "type": "VIOLET",
            "value": 1.2
          },
          {
            "type": "WHITE",
            "value": 2
          },
          {
            "type": "BLACK",
            "value": 2
          }
        ]
      },
      "passiveSet": {
        "passiveIdList": [
          9009501
        ]
      }
    },
    {
      "id": 859901,
      "nameID": 999999,
      "slotWeightConditionList": [
        "Default1"
      ],
      "hp": {
        "defaultStat": 44,
        "incrementByLevel": 1.29
      },
      "defCorrection": 1,
      "minSpeedList": [
        1
      ],
      "maxSpeedList": [
        2
      ],
      "canUseSkillOnDestroyed": "true",
      "isDestroyable": "false",
      "skillCancelable": "true",
      "canVanish": "false",
      "canChangeSpriteOnDestoryed": "false",
      "spreadMpEffectToAbnormality": "true",
      "partType": "BODY",
      "breakSection": {
        "sectionList": [
          80,
          60,
          0
        ]
      },
      "mp": 0,
      "hasMp": false,
      "lowMorale": 0,
      "panic": 0,
      "panicType": 1013,
      "resistInfo": {
        "atkResistList": [
          {
            "type": "SLASH",
            "value": 0.8
          },
          {
            "type": "PENETRATE",
            "value": 1.2
          },
          {
            "type": "HIT",
            "value": 1
          }
        ],
        "attributeResistList": [
          {
            "type": "CRIMSON",
            "value": 1
          },
          {
            "type": "SCARLET",
            "value": 1
          },
          {
            "type": "AMBER",
            "value": 1
          },
          {
            "type": "SHAMROCK",
            "value": 1
          },
          {
            "type": "AZURE",
            "value": 0.75
          },
          {
            "type": "INDIGO",
            "value": 1.2
          },
          {
            "type": "VIOLET",
            "value": 1.5
          },
          {
            "type": "WHITE",
            "value": 2
          },
          {
            "type": "BLACK",
            "value": 2
          }
        ]
      },
      "passiveSet": {
        "passiveIdList": [
        ]
      }
    },
    {
      "id": 860001,
      "nameID": 999999,
      "slotWeightConditionList": [
        "Default1"
      ],
      "hp": {
        "defaultStat": 62,
        "incrementByLevel": 1.82
      },
      "defCorrection": -1,
      "minSpeedList": [
        2
      ],
      "maxSpeedList": [
        4
      ],
      "canUseSkillOnDestroyed": "true",
      "isDestroyable": "false",
      "skillCancelable": "true",
      "canVanish": "false",
      "canChangeSpriteOnDestoryed": "false",
      "spreadMpEffectToAbnormality": "true",
      "partType": "BODY",
      "breakSection": {
        "sectionList": [
          80,
          45,
          0
        ]
      },
      "mp": 0,
      "hasMp": false,
      "lowMorale": 0,
      "panic": 0,
      "panicType": 1013,
      "resistInfo": {
        "atkResistList": [
          {
            "type": "SLASH",
            "value": 1
          },
          {
            "type": "PENETRATE",
            "value": 1
          },
          {
            "type": "HIT",
            "value": 1
          }
        ],
        "attributeResistList": [
          {
            "type": "CRIMSON",
            "value": 1
          },
          {
            "type": "SCARLET",
            "value": 1
          },
          {
            "type": "AMBER",
            "value": 1
          },
          {
            "type": "SHAMROCK",
            "value": 1
          },
          {
            "type": "AZURE",
            "value": 0.75
          },
          {
            "type": "INDIGO",
            "value": 2
          },
          {
            "type": "VIOLET",
            "value": 1
          },
          {
            "type": "WHITE",
            "value": 2
          },
          {
            "type": "BLACK",
            "value": 2
          }
        ]
      },
      "passiveSet": {
        "passiveIdList": [
        ]
      }
    },
    {
      "id": 860101,
      "nameID": 999999,
      "slotWeightConditionList": [
        "Default1"
      ],
      "hp": {
        "defaultStat": 44,
        "incrementByLevel": 1.29
      },
      "defCorrection": 1,
      "minSpeedList": [
        1
      ],
      "maxSpeedList": [
        3
      ],
      "canUseSkillOnDestroyed": "true",
      "isDestroyable": "false",
      "skillCancelable": "true",
      "canVanish": "false",
      "canChangeSpriteOnDestoryed": "false",
      "spreadMpEffectToAbnormality": "true",
      "partType": "BODY",
      "breakSection": {
        "sectionList": [
          80,
          40,
          0
        ]
      },
      "mp": 0,
      "hasMp": false,
      "lowMorale": 0,
      "panic": 0,
      "panicType": 1013,
      "resistInfo": {
        "atkResistList": [
          {
            "type": "SLASH",
            "value": 0.8
          },
          {
            "type": "PENETRATE",
            "value": 1.2
          },
          {
            "type": "HIT",
            "value": 1
          }
        ],
        "attributeResistList": [
          {
            "type": "CRIMSON",
            "value": 1.5
          },
          {
            "type": "SCARLET",
            "value": 1
          },
          {
            "type": "AMBER",
            "value": 1
          },
          {
            "type": "SHAMROCK",
            "value": 1
          },
          {
            "type": "AZURE",
            "value": 0.75
          },
          {
            "type": "INDIGO",
            "value": 1
          },
          {
            "type": "VIOLET",
            "value": 1.2
          },
          {
            "type": "WHITE",
            "value": 2
          },
          {
            "type": "BLACK",
            "value": 2
          }
        ]
      },
      "passiveSet": {
        "passiveIdList": [
        ]
      }
    },
    {
      "id": 858801,
      "nameID": 999999,
      "slotWeightConditionList": [
        "Default1"
      ],
      "hp": {
        "defaultStat": 56,
        "incrementByLevel": 1.74
      },
      "defCorrection": 0,
      "minSpeedList": [
        1
      ],
      "maxSpeedList": [
        4
      ],
      "canUseSkillOnDestroyed": "true",
      "isDestroyable": "false",
      "skillCancelable": "true",
      "canVanish": "false",
      "canChangeSpriteOnDestoryed": "false",
      "spreadMpEffectToAbnormality": "true",
      "partType": "BODY",
      "breakSection": {
        "sectionList": [
          45,
          0
        ]
      },
      "mp": 0,
      "hasMp": false,
      "lowMorale": 0,
      "panic": 0,
      "panicType": 1013,
      "resistInfo": {
        "atkResistList": [
          {
            "type": "SLASH",
            "value": 0.75
          },
          {
            "type": "PENETRATE",
            "value": 1.3
          },
          {
            "type": "HIT",
            "value": 1
          }
        ],
        "attributeResistList": [
          {
            "type": "CRIMSON",
            "value": 1
          },
          {
            "type": "SCARLET",
            "value": 0.75
          },
          {
            "type": "AMBER",
            "value": 0.75
          },
          {
            "type": "SHAMROCK",
            "value": 1.2
          },
          {
            "type": "AZURE",
            "value": 1
          },
          {
            "type": "INDIGO",
            "value": 1.2
          },
          {
            "type": "VIOLET",
            "value": 1
          },
          {
            "type": "WHITE",
            "value": 2
          },
          {
            "type": "BLACK",
            "value": 2
          }
        ]
      },
      "passiveSet": {
        "passiveIdList": [
          858801
        ]
      }
    },
    {
      "id": 858901,
      "nameID": 999999,
      "slotWeightConditionList": [
        "Default1"
      ],
      "hp": {
        "defaultStat": 56,
        "incrementByLevel": 1.74
      },
      "defCorrection": 0,
      "minSpeedList": [
        1
      ],
      "maxSpeedList": [
        4
      ],
      "canUseSkillOnDestroyed": "true",
      "isDestroyable": "false",
      "skillCancelable": "true",
      "canVanish": "false",
      "canChangeSpriteOnDestoryed": "false",
      "spreadMpEffectToAbnormality": "true",
      "partType": "BODY",
      "breakSection": {
        "sectionList": [
          45,
          0
        ]
      },
      "mp": 0,
      "hasMp": false,
      "lowMorale": 0,
      "panic": 0,
      "panicType": 1013,
      "resistInfo": {
        "atkResistList": [
          {
            "type": "SLASH",
            "value": 0.75
          },
          {
            "type": "PENETRATE",
            "value": 1.3
          },
          {
            "type": "HIT",
            "value": 1
          }
        ],
        "attributeResistList": [
          {
            "type": "CRIMSON",
            "value": 1
          },
          {
            "type": "SCARLET",
            "value": 0.75
          },
          {
            "type": "AMBER",
            "value": 0.75
          },
          {
            "type": "SHAMROCK",
            "value": 1.2
          },
          {
            "type": "AZURE",
            "value": 1
          },
          {
            "type": "INDIGO",
            "value": 1.2
          },
          {
            "type": "VIOLET",
            "value": 1
          },
          {
            "type": "WHITE",
            "value": 2
          },
          {
            "type": "BLACK",
            "value": 2
          }
        ]
      },
      "passiveSet": {
        "passiveIdList": [
          858801
        ]
      }
    },
    {
      "id": 860201,
      "nameID": 999999,
      "slotWeightConditionList": [
        "Default1"
      ],
      "hp": {
        "defaultStat": 62,
        "incrementByLevel": 1.82
      },
      "defCorrection": -1,
      "minSpeedList": [
        2
      ],
      "maxSpeedList": [
        5
      ],
      "canUseSkillOnDestroyed": "true",
      "isDestroyable": "false",
      "skillCancelable": "true",
      "canVanish": "false",
      "canChangeSpriteOnDestoryed": "false",
      "spreadMpEffectToAbnormality": "true",
      "partType": "BODY",
      "breakSection": {
        "sectionList": [
          45,
          0
        ]
      },
      "mp": 0,
      "hasMp": false,
      "lowMorale": 0,
      "panic": 0,
      "panicType": 1013,
      "resistInfo": {
        "atkResistList": [
          {
            "type": "SLASH",
            "value": 1
          },
          {
            "type": "PENETRATE",
            "value": 1
          },
          {
            "type": "HIT",
            "value": 1
          }
        ],
        "attributeResistList": [
          {
            "type": "CRIMSON",
            "value": 1
          },
          {
            "type": "SCARLET",
            "value": 1
          },
          {
            "type": "AMBER",
            "value": 1
          },
          {
            "type": "SHAMROCK",
            "value": 1
          },
          {
            "type": "AZURE",
            "value": 0.5
          },
          {
            "type": "INDIGO",
            "value": 1.2
          },
          {
            "type": "VIOLET",
            "value": 1.2
          },
          {
            "type": "WHITE",
            "value": 2
          },
          {
            "type": "BLACK",
            "value": 2
          }
        ]
      },
      "passiveSet": {
        "passiveIdList": [
        ]
      }
    },
    {
      "id": 860301,
      "nameID": 999999,
      "slotWeightConditionList": [
        "Default1"
      ],
      "hp": {
        "defaultStat": 52,
        "incrementByLevel": 1.79
      },
      "defCorrection": 5,
      "minSpeedList": [
        1
      ],
      "maxSpeedList": [
        2
      ],
      "canUseSkillOnDestroyed": "true",
      "isDestroyable": "false",
      "skillCancelable": "true",
      "canVanish": "false",
      "canChangeSpriteOnDestoryed": "false",
      "spreadMpEffectToAbnormality": "true",
      "partType": "BODY",
      "breakSection": {
        "sectionList": [
          80,
          45,
          0
        ]
      },
      "mp": 0,
      "hasMp": false,
      "lowMorale": 0,
      "panic": 0,
      "panicType": 1013,
      "resistInfo": {
        "atkResistList": [
          {
            "type": "SLASH",
            "value": 1.2
          },
          {
            "type": "PENETRATE",
            "value": 1.5
          },
          {
            "type": "HIT",
            "value": 0.5
          }
        ],
        "attributeResistList": [
          {
            "type": "CRIMSON",
            "value": 1
          },
          {
            "type": "SCARLET",
            "value": 1
          },
          {
            "type": "AMBER",
            "value": 1.5
          },
          {
            "type": "SHAMROCK",
            "value": 1
          },
          {
            "type": "AZURE",
            "value": 0.75
          },
          {
            "type": "INDIGO",
            "value": 1
          },
          {
            "type": "VIOLET",
            "value": 1
          },
          {
            "type": "WHITE",
            "value": 2
          },
          {
            "type": "BLACK",
            "value": 2
          }
        ]
      },
      "passiveSet": {
        "passiveIdList": [
        ]
      }
    },
    {
      "id": 858501,
      "slotWeightConditionList": [
        "Default1"
      ],
      "hp": {
        "defaultStat": 529,
        "incrementByLevel": 26.46
      },
      "defCorrection": 0,
      "minSpeedList": [
        1
      ],
      "maxSpeedList": [
        4
      ],
      "canUseSkillOnDestroyed": "true",
      "isDestroyable": "false",
      "skillCancelable": "true",
      "canVanish": "false",
      "canChangeSpriteOnDestoryed": "false",
      "spreadMpEffectToAbnormality": "true",
      "partType": "BODY",
      "breakSection": {
        "sectionList": [
          45,
          0
        ]
      },
      "resistInfo": {
        "atkResistList": [
          {
            "type": "SLASH",
            "value": 0.7
          },
          {
            "type": "PENETRATE",
            "value": 0.7
          },
          {
            "type": "HIT",
            "value": 0.7
          }
        ],
        "attributeResistList": [
          {
            "type": "CRIMSON",
            "value": 0.7
          },
          {
            "type": "SCARLET",
            "value": 0.7
          },
          {
            "type": "AMBER",
            "value": 0.7
          },
          {
            "type": "SHAMROCK",
            "value": 0.7
          },
          {
            "type": "AZURE",
            "value": 0.7
          },
          {
            "type": "INDIGO",
            "value": 0.7
          },
          {
            "type": "VIOLET",
            "value": 0.7
          },
          {
            "type": "WHITE",
            "value": 2
          },
          {
            "type": "BLACK",
            "value": 2
          }
        ]
      },
      "passiveSet": {
        "passiveIdList": [
        ]
      }
    },
    {
      "id": 858502,
      "slotWeightConditionList": [
        "Default1"
      ],
      "hp": {
        "defaultStat": 227,
        "incrementByLevel": 11.34
      },
      "defCorrection": 0,
      "minSpeedList": [
        1
      ],
      "maxSpeedList": [
        4
      ],
      "canUseSkillOnDestroyed": "true",
      "isDestroyable": "false",
      "skillCancelable": "true",
      "canVanish": "false",
      "canChangeSpriteOnDestoryed": "false",
      "spreadMpEffectToAbnormality": "true",
      "partType": "RIGHT_ARM",
      "breakSection": {
        "sectionList": [
          45,
          0
        ]
      },
      "resistInfo": {
        "atkResistList": [
          {
            "type": "SLASH",
            "value": 0.7
          },
          {
            "type": "PENETRATE",
            "value": 0.7
          },
          {
            "type": "HIT",
            "value": 0.7
          }
        ],
        "attributeResistList": [
          {
            "type": "CRIMSON",
            "value": 0.7
          },
          {
            "type": "SCARLET",
            "value": 0.7
          },
          {
            "type": "AMBER",
            "value": 0.7
          },
          {
            "type": "SHAMROCK",
            "value": 0.7
          },
          {
            "type": "AZURE",
            "value": 0.7
          },
          {
            "type": "INDIGO",
            "value": 0.7
          },
          {
            "type": "VIOLET",
            "value": 0.7
          },
          {
            "type": "WHITE",
            "value": 2
          },
          {
            "type": "BLACK",
            "value": 2
          }
        ]
      },
      "passiveSet": {
        "passiveIdList": [
        ]
      }
    },
    {
      "id": 860401,
      "slotWeightConditionList": [
        "Default1"
      ],
      "hp": {
        "defaultStat": 42,
        "incrementByLevel": 1.45
      },
      "defCorrection": 5,
      "minSpeedList": [
        2
      ],
      "maxSpeedList": [
        4
      ],
      "canUseSkillOnDestroyed": "true",
      "isDestroyable": "true",
      "skillCancelable": "false",
      "canVanish": "false",
      "canChangeSpriteOnDestoryed": "false",
      "partType": "BODY",
      "breakSection": {
        "sectionList": [
          50,
          0
        ]
      },
      "resistInfo": {
        "atkResistList": [
          {
            "type": "SLASH",
            "value": 1
          },
          {
            "type": "PENETRATE",
            "value": 1
          },
          {
            "type": "HIT",
            "value": 1.2
          }
        ],
        "attributeResistList": [
          {
            "type": "CRIMSON",
            "value": 1.2
          },
          {
            "type": "SCARLET",
            "value": 1
          },
          {
            "type": "AMBER",
            "value": 1
          },
          {
            "type": "SHAMROCK",
            "value": 1
          },
          {
            "type": "AZURE",
            "value": 1
          },
          {
            "type": "INDIGO",
            "value": 1
          },
          {
            "type": "VIOLET",
            "value": 1
          },
          {
            "type": "WHITE",
            "value": 2
          },
          {
            "type": "BLACK",
            "value": 2
          }
        ]
      },
      "passiveSet": {
        "passiveIdList": [
        ]
      }
    }
  ]
}