{
  "list": [
    {
      "id": 860501,
      "nameID": 999999,
      "slotWeightConditionList": [
        "Default1"
      ],
      "hp": {
        "defaultStat": 501,
        "incrementByLevel": 25.9
      },
      "defCorrection": -1,
      "minSpeedList": [
        1
      ],
      "maxSpeedList": [
        4
      ],
      "isDestroyable": "true",
      "skillCancelable": "false",
      "canVanish": "false",
      "canChangeSpriteOnDestoryed": "true",
      "canUseSkillOnDestroyed": "true",
      "partType": "BODY",
      "breakSection": {
        "sectionList": [
          40,
          -10
        ]
      },
      "resistInfo": {
        "atkResistList": [
          {
            "type": "SLASH",
            "value": 1.5
          },
          {
            "type": "PENETRATE",
            "value": 0.5
          },
          {
            "type": "HIT",
            "value": 1
          }
        ],
        "attributeResistList": [
          {
            "type": "CRIMSON",
            "value": 0.5
          },
          {
            "type": "SCARLET",
            "value": 1.25
          },
          {
            "type": "AMBER",
            "value": 1.5
          },
          {
            "type": "SHAMROCK",
            "value": 1
          },
          {
            "type": "AZURE",
            "value": 1
          },
          {
            "type": "INDIGO",
            "value": 1.5
          },
          {
            "type": "VIOLET",
            "value": 0.75
          },
          {
            "type": "WHITE",
            "value": 2
          },
          {
            "type": "BLACK",
            "value": 2
          }
        ]
      },
      "attributeList": [],
      "passiveSet": {
        "passiveIdList": [
          860501,
          860503,
          860504
        ]
      }
    },
    {
      "id": 860601,
      "nameID": 999999,
      "slotWeightConditionList": [
        "Default1"
      ],
      "hp": {
        "defaultStat": 21,
        "incrementByLevel": 0.72
      },
      "defCorrection": 0,
      "minSpeedList": [
        1
      ],
      "maxSpeedList": [
        1
      ],
      "isDestroyable": "false",
      "skillCancelable": "false",
      "canVanish": "false",
      "canChangeSpriteOnDestoryed": "false",
      "canUseSkillOnDestroyed": "true",
      "partType": "BODY",
      "breakSection": {
        "sectionList": [
        ]
      },
      "resistInfo": {
        "atkResistList": [
          {
            "type": "SLASH",
            "value": 1
          },
          {
            "type": "PENETRATE",
            "value": 1
          },
          {
            "type": "HIT",
            "value": 1
          }
        ],
        "attributeResistList": [
          {
            "type": "CRIMSON",
            "value": 1
          },
          {
            "type": "SCARLET",
            "value": 1
          },
          {
            "type": "AMBER",
            "value": 1
          },
          {
            "type": "SHAMROCK",
            "value": 1
          },
          {
            "type": "AZURE",
            "value": 1
          },
          {
            "type": "INDIGO",
            "value": 1
          },
          {
            "type": "VIOLET",
            "value": 1
          },
          {
            "type": "WHITE",
            "value": 2
          },
          {
            "type": "BLACK",
            "value": 2
          }
        ]
      },
      "attributeList": [],
      "passiveSet": {
        "passiveIdList": [
          860601,
          860602,
          860603
        ]
      }
    },
    {
      "id": 860701,
      "nameID": 999999,
      "slotWeightConditionList": [
        "Default1"
      ],
      "hp": {
        "defaultStat": 21,
        "incrementByLevel": 0.72
      },
      "defCorrection": 0,
      "minSpeedList": [
        1
      ],
      "maxSpeedList": [
        1
      ],
      "isDestroyable": "false",
      "skillCancelable": "false",
      "canVanish": "false",
      "canChangeSpriteOnDestoryed": "false",
      "partType": "BODY",
      "breakSection": {
        "sectionList": [
        ]
      },
      "resistInfo": {
        "atkResistList": [
          {
            "type": "SLASH",
            "value": 1
          },
          {
            "type": "PENETRATE",
            "value": 1
          },
          {
            "type": "HIT",
            "value": 1
          }
        ],
        "attributeResistList": [
          {
            "type": "CRIMSON",
            "value": 1
          },
          {
            "type": "SCARLET",
            "value": 1
          },
          {
            "type": "AMBER",
            "value": 1
          },
          {
            "type": "SHAMROCK",
            "value": 1
          },
          {
            "type": "AZURE",
            "value": 1
          },
          {
            "type": "INDIGO",
            "value": 1
          },
          {
            "type": "VIOLET",
            "value": 1
          },
          {
            "type": "WHITE",
            "value": 2
          },
          {
            "type": "BLACK",
            "value": 2
          }
        ]
      },
      "attributeList": [],
      "passiveSet": {
        "passiveIdList": [
          860701,
          860702,
          860703
        ]
      }
    },
    {
      "id": 860901,
      "nameID": 999999,
      "slotWeightConditionList": [
        "Default1"
      ],
      "hp": {
        "defaultStat": 80,
        "incrementByLevel": 3.03
      },
      "defCorrection": -5,
      "minSpeedList": [
        1
      ],
      "maxSpeedList": [
        4
      ],
      "canUseSkillOnDestroyed": "true",
      "isDestroyable": "true",
      "skillCancelable": "false",
      "canVanish": "false",
      "canChangeSpriteOnDestoryed": "false",
      "spreadMpEffectToAbnormality": "true",
      "partType": "BODY",
      "breakSection": {
        "sectionList": [
          80,
          40,
          0
        ]
      },
      "resistInfo": {
        "atkResistList": [
          {
            "type": "SLASH",
            "value": 1
          },
          {
            "type": "PENETRATE",
            "value": 0.75
          },
          {
            "type": "HIT",
            "value": 2
          }
        ],
        "attributeResistList": [
          {
            "type": "CRIMSON",
            "value": 1
          },
          {
            "type": "SCARLET",
            "value": 1
          },
          {
            "type": "AMBER",
            "value": 1
          },
          {
            "type": "SHAMROCK",
            "value": 1
          },
          {
            "type": "AZURE",
            "value": 1
          },
          {
            "type": "INDIGO",
            "value": 1
          },
          {
            "type": "VIOLET",
            "value": 1
          },
          {
            "type": "WHITE",
            "value": 2
          },
          {
            "type": "BLACK",
            "value": 2
          }
        ]
      },
      "passiveSet": {
        "passiveIdList": [
        ]
      }
    },
    {
      "id": 861001,
      "nameID": 999999,
      "slotWeightConditionList": [
        "Default1"
      ],
      "hp": {
        "defaultStat": 80,
        "incrementByLevel": 3.03
      },
      "defCorrection": -5,
      "minSpeedList": [
        1
      ],
      "maxSpeedList": [
        4
      ],
      "canUseSkillOnDestroyed": "true",
      "isDestroyable": "true",
      "skillCancelable": "false",
      "canVanish": "false",
      "canChangeSpriteOnDestoryed": "false",
      "spreadMpEffectToAbnormality": "true",
      "partType": "BODY",
      "breakSection": {
        "sectionList": [
          80,
          40,
          0
        ]
      },
      "resistInfo": {
        "atkResistList": [
          {
            "type": "SLASH",
            "value": 1
          },
          {
            "type": "PENETRATE",
            "value": 0.75
          },
          {
            "type": "HIT",
            "value": 2
          }
        ],
        "attributeResistList": [
          {
            "type": "CRIMSON",
            "value": 1
          },
          {
            "type": "SCARLET",
            "value": 1
          },
          {
            "type": "AMBER",
            "value": 1
          },
          {
            "type": "SHAMROCK",
            "value": 1
          },
          {
            "type": "AZURE",
            "value": 1
          },
          {
            "type": "INDIGO",
            "value": 1
          },
          {
            "type": "VIOLET",
            "value": 1
          },
          {
            "type": "WHITE",
            "value": 2
          },
          {
            "type": "BLACK",
            "value": 2
          }
        ]
      },
      "passiveSet": {
        "passiveIdList": [
        ]
      }
    },
    {
      "id": 861101,
      "nameID": 999999,
      "slotWeightConditionList": [
        "Default1"
      ],
      "hp": {
        "defaultStat": 83,
        "incrementByLevel": 2.86
      },
      "defCorrection": -13,
      "minSpeedList": [
        3
      ],
      "maxSpeedList": [
        5
      ],
      "canUseSkillOnDestroyed": "true",
      "isDestroyable": "true",
      "skillCancelable": "false",
      "canVanish": "false",
      "canChangeSpriteOnDestoryed": "false",
      "spreadMpEffectToAbnormality": "true",
      "partType": "BODY",
      "breakSection": {
        "sectionList": [
          60,
          30,
          0
        ]
      },
      "resistInfo": {
        "atkResistList": [
          {
            "type": "SLASH",
            "value": 2
          },
          {
            "type": "PENETRATE",
            "value": 0.75
          },
          {
            "type": "HIT",
            "value": 1
          }
        ],
        "attributeResistList": [
          {
            "type": "CRIMSON",
            "value": 1
          },
          {
            "type": "SCARLET",
            "value": 1
          },
          {
            "type": "AMBER",
            "value": 1
          },
          {
            "type": "SHAMROCK",
            "value": 1
          },
          {
            "type": "AZURE",
            "value": 1
          },
          {
            "type": "INDIGO",
            "value": 1
          },
          {
            "type": "VIOLET",
            "value": 1
          },
          {
            "type": "WHITE",
            "value": 2
          },
          {
            "type": "BLACK",
            "value": 2
          }
        ]
      },
      "passiveSet": {
        "passiveIdList": [
        ]
      }
    },
    {
      "id": 861201,
      "nameID": 999999,
      "slotWeightConditionList": [
        "Default1"
      ],
      "hp": {
        "defaultStat": 83,
        "incrementByLevel": 2.86
      },
      "defCorrection": -13,
      "minSpeedList": [
        3
      ],
      "maxSpeedList": [
        5
      ],
      "canUseSkillOnDestroyed": "true",
      "isDestroyable": "true",
      "skillCancelable": "false",
      "canVanish": "false",
      "canChangeSpriteOnDestoryed": "false",
      "spreadMpEffectToAbnormality": "true",
      "partType": "BODY",
      "breakSection": {
        "sectionList": [
          60,
          30,
          0
        ]
      },
      "resistInfo": {
        "atkResistList": [
          {
            "type": "SLASH",
            "value": 2
          },
          {
            "type": "PENETRATE",
            "value": 0.75
          },
          {
            "type": "HIT",
            "value": 1
          }
        ],
        "attributeResistList": [
          {
            "type": "CRIMSON",
            "value": 1
          },
          {
            "type": "SCARLET",
            "value": 1
          },
          {
            "type": "AMBER",
            "value": 1
          },
          {
            "type": "SHAMROCK",
            "value": 1
          },
          {
            "type": "AZURE",
            "value": 1
          },
          {
            "type": "INDIGO",
            "value": 1
          },
          {
            "type": "VIOLET",
            "value": 1
          },
          {
            "type": "WHITE",
            "value": 2
          },
          {
            "type": "BLACK",
            "value": 2
          }
        ]
      },
      "passiveSet": {
        "passiveIdList": [
        ]
      }
    },
    {
      "id": 861301,
      "nameID": 999999,
      "slotWeightConditionList": [
        "Default1"
      ],
      "hp": {
        "defaultStat": 125,
        "incrementByLevel": 5.17
      },
      "defCorrection": -6,
      "minSpeedList": [
        3
      ],
      "maxSpeedList": [
        5
      ],
      "canUseSkillOnDestroyed": "true",
      "isDestroyable": "true",
      "skillCancelable": "false",
      "canVanish": "false",
      "canChangeSpriteOnDestoryed": "false",
      "spreadMpEffectToAbnormality": "true",
      "partType": "BODY",
      "breakSection": {
        "sectionList": [
          60,
          30,
          0
        ]
      },
      "resistInfo": {
        "atkResistList": [
          {
            "type": "SLASH",
            "value": 1.5
          },
          {
            "type": "PENETRATE",
            "value": 0.5
          },
          {
            "type": "HIT",
            "value": 1
          }
        ],
        "attributeResistList": [
          {
            "type": "CRIMSON",
            "value": 1
          },
          {
            "type": "SCARLET",
            "value": 1
          },
          {
            "type": "AMBER",
            "value": 1
          },
          {
            "type": "SHAMROCK",
            "value": 1
          },
          {
            "type": "AZURE",
            "value": 1
          },
          {
            "type": "INDIGO",
            "value": 1
          },
          {
            "type": "VIOLET",
            "value": 1
          },
          {
            "type": "WHITE",
            "value": 2
          },
          {
            "type": "BLACK",
            "value": 2
          }
        ]
      },
      "passiveSet": {
        "passiveIdList": [
        ]
      }
    },
    {
      "id": 861401,
      "nameID": 999999,
      "slotWeightConditionList": [
        "Default1"
      ],
      "hp": {
        "defaultStat": 83,
        "incrementByLevel": 2.86
      },
      "defCorrection": -10,
      "minSpeedList": [
        4
      ],
      "maxSpeedList": [
        5
      ],
      "canUseSkillOnDestroyed": "true",
      "isDestroyable": "true",
      "skillCancelable": "false",
      "canVanish": "false",
      "canChangeSpriteOnDestoryed": "false",
      "spreadMpEffectToAbnormality": "true",
      "partType": "BODY",
      "breakSection": {
        "sectionList": [
          50,
          0
        ]
      },
      "resistInfo": {
        "atkResistList": [
          {
            "type": "SLASH",
            "value": 2
          },
          {
            "type": "PENETRATE",
            "value": 0.75
          },
          {
            "type": "HIT",
            "value": 1
          }
        ],
        "attributeResistList": [
          {
            "type": "CRIMSON",
            "value": 1
          },
          {
            "type": "SCARLET",
            "value": 1
          },
          {
            "type": "AMBER",
            "value": 1
          },
          {
            "type": "SHAMROCK",
            "value": 1
          },
          {
            "type": "AZURE",
            "value": 1
          },
          {
            "type": "INDIGO",
            "value": 1
          },
          {
            "type": "VIOLET",
            "value": 1
          },
          {
            "type": "WHITE",
            "value": 2
          },
          {
            "type": "BLACK",
            "value": 2
          }
        ]
      },
      "passiveSet": {
        "passiveIdList": [
        ]
      }
    },
    {
      "id": 861501,
      "nameID": 999999,
      "slotWeightConditionList": [
        "Default1"
      ],
      "hp": {
        "defaultStat": 83,
        "incrementByLevel": 2.86
      },
      "defCorrection": -10,
      "minSpeedList": [
        4
      ],
      "maxSpeedList": [
        5
      ],
      "canUseSkillOnDestroyed": "true",
      "isDestroyable": "true",
      "skillCancelable": "false",
      "canVanish": "false",
      "canChangeSpriteOnDestoryed": "false",
      "spreadMpEffectToAbnormality": "true",
      "partType": "BODY",
      "breakSection": {
        "sectionList": [
          50,
          0
        ]
      },
      "resistInfo": {
        "atkResistList": [
          {
            "type": "SLASH",
            "value": 2
          },
          {
            "type": "PENETRATE",
            "value": 0.75
          },
          {
            "type": "HIT",
            "value": 1
          }
        ],
        "attributeResistList": [
          {
            "type": "CRIMSON",
            "value": 1
          },
          {
            "type": "SCARLET",
            "value": 1
          },
          {
            "type": "AMBER",
            "value": 1
          },
          {
            "type": "SHAMROCK",
            "value": 1
          },
          {
            "type": "AZURE",
            "value": 1
          },
          {
            "type": "INDIGO",
            "value": 1
          },
          {
            "type": "VIOLET",
            "value": 1
          },
          {
            "type": "WHITE",
            "value": 2
          },
          {
            "type": "BLACK",
            "value": 2
          }
        ]
      },
      "passiveSet": {
        "passiveIdList": [
        ]
      }
    },
    {
      "id": 861601,
      "nameID": 999999,
      "slotWeightConditionList": [
        "Default1"
      ],
      "hp": {
        "defaultStat": 125,
        "incrementByLevel": 5.17
      },
      "defCorrection": -2,
      "minSpeedList": [
        5
      ],
      "maxSpeedList": [
        6
      ],
      "canUseSkillOnDestroyed": "true",
      "isDestroyable": "true",
      "skillCancelable": "false",
      "canVanish": "false",
      "canChangeSpriteOnDestoryed": "false",
      "spreadMpEffectToAbnormality": "true",
      "partType": "BODY",
      "breakSection": {
        "sectionList": [
          60,
          -10
        ]
      },
      "resistInfo": {
        "atkResistList": [
          {
            "type": "SLASH",
            "value": 2
          },
          {
            "type": "PENETRATE",
            "value": 0.75
          },
          {
            "type": "HIT",
            "value": 1
          }
        ],
        "attributeResistList": [
          {
            "type": "CRIMSON",
            "value": 1
          },
          {
            "type": "SCARLET",
            "value": 1
          },
          {
            "type": "AMBER",
            "value": 1
          },
          {
            "type": "SHAMROCK",
            "value": 1
          },
          {
            "type": "AZURE",
            "value": 1
          },
          {
            "type": "INDIGO",
            "value": 1
          },
          {
            "type": "VIOLET",
            "value": 1
          },
          {
            "type": "WHITE",
            "value": 2
          },
          {
            "type": "BLACK",
            "value": 2
          }
        ]
      },
      "passiveSet": {
        "passiveIdList": [
        ]
      }
    },
    {
      "id": 861701,
      "nameID": 999999,
      "slotWeightConditionList": [
        "Default1"
      ],
      "hp": {
        "defaultStat": 230,
        "incrementByLevel": 8.72
      },
      "defCorrection": -2,
      "minSpeedList": [
        3
      ],
      "maxSpeedList": [
        5
      ],
      "canUseSkillOnDestroyed": "true",
      "isDestroyable": "true",
      "skillCancelable": "false",
      "canVanish": "false",
      "canChangeSpriteOnDestoryed": "false",
      "spreadMpEffectToAbnormality": "true",
      "partType": "BODY",
      "breakSection": {
        "sectionList": [
          55,
          30,
          0,
          -10
        ]
      },
      "resistInfo": {
        "atkResistList": [
          {
            "type": "SLASH",
            "value": 1
          },
          {
            "type": "PENETRATE",
            "value": 0.5
          },
          {
            "type": "HIT",
            "value": 1.2
          }
        ],
        "attributeResistList": [
          {
            "type": "CRIMSON",
            "value": 1
          },
          {
            "type": "SCARLET",
            "value": 1
          },
          {
            "type": "AMBER",
            "value": 1
          },
          {
            "type": "SHAMROCK",
            "value": 1
          },
          {
            "type": "AZURE",
            "value": 1
          },
          {
            "type": "INDIGO",
            "value": 1
          },
          {
            "type": "VIOLET",
            "value": 1
          },
          {
            "type": "WHITE",
            "value": 2
          },
          {
            "type": "BLACK",
            "value": 2
          }
        ]
      },
      "passiveSet": {
        "passiveIdList": [
        ]
      }
    },
    {
      "id": 861801,
      "nameID": 999999,
      "slotWeightConditionList": [
        "Default1"
      ],
      "hp": {
        "defaultStat": 313,
        "incrementByLevel": 16.19
      },
      "defCorrection": -11,
      "minSpeedList": [
        2
      ],
      "maxSpeedList": [
        4
      ],
      "canUseSkillOnDestroyed": "false",
      "isDestroyable": "true",
      "skillCancelable": "false",
      "canVanish": "false",
      "canChangeSpriteOnDestoryed": "false",
      "spreadMpEffectToAbnormality": "true",
      "partType": "BODY",
      "breakSection": {
        "sectionList": [
          75,
          25,
          0
        ]
      },
      "resistInfo": {
        "atkResistList": [
          {
            "type": "SLASH",
            "value": 1
          },
          {
            "type": "PENETRATE",
            "value": 1
          },
          {
            "type": "HIT",
            "value": 1
          }
        ],
        "attributeResistList": [
          {
            "type": "CRIMSON",
            "value": 1.5
          },
          {
            "type": "SCARLET",
            "value": 1.2
          },
          {
            "type": "AMBER",
            "value": 0.5
          },
          {
            "type": "SHAMROCK",
            "value": 1
          },
          {
            "type": "AZURE",
            "value": 1.2
          },
          {
            "type": "INDIGO",
            "value": 0.5
          },
          {
            "type": "VIOLET",
            "value": 1.5
          },
          {
            "type": "WHITE",
            "value": 2
          },
          {
            "type": "BLACK",
            "value": 2
          }
        ]
      },
      "passiveSet": {
        "passiveIdList": [
          816501,
          816502,
          816503,
          816504
        ]
      }
    },
    {
      "id": 861901,
      "nameID": 999999,
      "slotWeightConditionList": [
        "Default1"
      ],
      "hp": {
        "defaultStat": 94,
        "incrementByLevel": 2.92
      },
      "defCorrection": 0,
      "minSpeedList": [
        2
      ],
      "maxSpeedList": [
        4
      ],
      "canUseSkillOnDestroyed": "true",
      "isDestroyable": "true",
      "skillCancelable": "false",
      "canVanish": "false",
      "canChangeSpriteOnDestoryed": "false",
      "spreadMpEffectToAbnormality": "true",
      "partType": "BODY",
      "breakSection": {
        "sectionList": [
          60,
          0
        ]
      },
      "resistInfo": {
        "atkResistList": [
          {
            "type": "SLASH",
            "value": 1.5
          },
          {
            "type": "PENETRATE",
            "value": 0.75
          },
          {
            "type": "HIT",
            "value": 1
          }
        ],
        "attributeResistList": [
          {
            "type": "CRIMSON",
            "value": 1
          },
          {
            "type": "SCARLET",
            "value": 1
          },
          {
            "type": "AMBER",
            "value": 1
          },
          {
            "type": "SHAMROCK",
            "value": 1
          },
          {
            "type": "AZURE",
            "value": 1
          },
          {
            "type": "INDIGO",
            "value": 1
          },
          {
            "type": "VIOLET",
            "value": 1
          },
          {
            "type": "WHITE",
            "value": 2
          },
          {
            "type": "BLACK",
            "value": 2
          }
        ]
      },
      "passiveSet": {
        "passiveIdList": [
        ]
      }
    },
    {
      "id": 862001,
      "nameID": 999999,
      "slotWeightConditionList": [
        "Default1"
      ],
      "hp": {
        "defaultStat": 75,
        "incrementByLevel": 2.33
      },
      "defCorrection": 0,
      "minSpeedList": [
        1
      ],
      "maxSpeedList": [
        3
      ],
      "canUseSkillOnDestroyed": "true",
      "isDestroyable": "true",
      "skillCancelable": "false",
      "canVanish": "false",
      "canChangeSpriteOnDestoryed": "false",
      "spreadMpEffectToAbnormality": "true",
      "partType": "BODY",
      "breakSection": {
        "sectionList": [
          70,
          0
        ]
      },
      "resistInfo": {
        "atkResistList": [
          {
            "type": "SLASH",
            "value": 1.5
          },
          {
            "type": "PENETRATE",
            "value": 0.75
          },
          {
            "type": "HIT",
            "value": 1
          }
        ],
        "attributeResistList": [
          {
            "type": "CRIMSON",
            "value": 1
          },
          {
            "type": "SCARLET",
            "value": 1
          },
          {
            "type": "AMBER",
            "value": 1
          },
          {
            "type": "SHAMROCK",
            "value": 1
          },
          {
            "type": "AZURE",
            "value": 1
          },
          {
            "type": "INDIGO",
            "value": 1
          },
          {
            "type": "VIOLET",
            "value": 1
          },
          {
            "type": "WHITE",
            "value": 2
          },
          {
            "type": "BLACK",
            "value": 2
          }
        ]
      },
      "passiveSet": {
        "passiveIdList": [
        ]
      }
    },
    {
      "id": 862101,
      "nameID": 999999,
      "slotWeightConditionList": [
        "Default1"
      ],
      "hp": {
        "defaultStat": 75,
        "incrementByLevel": 2.33
      },
      "defCorrection": 0,
      "minSpeedList": [
        1
      ],
      "maxSpeedList": [
        3
      ],
      "canUseSkillOnDestroyed": "true",
      "isDestroyable": "true",
      "skillCancelable": "false",
      "canVanish": "false",
      "canChangeSpriteOnDestoryed": "false",
      "spreadMpEffectToAbnormality": "true",
      "partType": "BODY",
      "breakSection": {
        "sectionList": [
          50,
          0
        ]
      },
      "resistInfo": {
        "atkResistList": [
          {
            "type": "SLASH",
            "value": 1.5
          },
          {
            "type": "PENETRATE",
            "value": 0.75
          },
          {
            "type": "HIT",
            "value": 1
          }
        ],
        "attributeResistList": [
          {
            "type": "CRIMSON",
            "value": 1
          },
          {
            "type": "SCARLET",
            "value": 1
          },
          {
            "type": "AMBER",
            "value": 1
          },
          {
            "type": "SHAMROCK",
            "value": 1
          },
          {
            "type": "AZURE",
            "value": 1
          },
          {
            "type": "INDIGO",
            "value": 1
          },
          {
            "type": "VIOLET",
            "value": 1
          },
          {
            "type": "WHITE",
            "value": 2
          },
          {
            "type": "BLACK",
            "value": 2
          }
        ]
      },
      "passiveSet": {
        "passiveIdList": [
        ]
      }
    },
    {
      "id": 862201,
      "nameID": 999999,
      "slotWeightConditionList": [
        "Default1"
      ],
      "hp": {
        "defaultStat": 94,
        "incrementByLevel": 2.92
      },
      "defCorrection": 0,
      "minSpeedList": [
        2
      ],
      "maxSpeedList": [
        4
      ],
      "canUseSkillOnDestroyed": "true",
      "isDestroyable": "true",
      "skillCancelable": "false",
      "canVanish": "false",
      "canChangeSpriteOnDestoryed": "false",
      "spreadMpEffectToAbnormality": "true",
      "partType": "BODY",
      "breakSection": {
        "sectionList": [
          50,
          0
        ]
      },
      "resistInfo": {
        "atkResistList": [
          {
            "type": "SLASH",
            "value": 1.5
          },
          {
            "type": "PENETRATE",
            "value": 0.75
          },
          {
            "type": "HIT",
            "value": 1
          }
        ],
        "attributeResistList": [
          {
            "type": "CRIMSON",
            "value": 1
          },
          {
            "type": "SCARLET",
            "value": 1
          },
          {
            "type": "AMBER",
            "value": 1
          },
          {
            "type": "SHAMROCK",
            "value": 1
          },
          {
            "type": "AZURE",
            "value": 1
          },
          {
            "type": "INDIGO",
            "value": 1
          },
          {
            "type": "VIOLET",
            "value": 1
          },
          {
            "type": "WHITE",
            "value": 2
          },
          {
            "type": "BLACK",
            "value": 2
          }
        ]
      },
      "passiveSet": {
        "passiveIdList": [
        ]
      }
    },
    {
      "id": 862301,
      "nameID": 999999,
      "slotWeightConditionList": [
        "Default1"
      ],
      "hp": {
        "defaultStat": 230,
        "incrementByLevel": 8.72
      },
      "defCorrection": 5,
      "minSpeedList": [
        2
      ],
      "maxSpeedList": [
        5
      ],
      "canUseSkillOnDestroyed": "true",
      "isDestroyable": "true",
      "skillCancelable": "false",
      "canVanish": "false",
      "canChangeSpriteOnDestoryed": "false",
      "spreadMpEffectToAbnormality": "true",
      "partType": "BODY",
      "breakSection": {
        "sectionList": [
          30,
          0
        ]
      },
      "resistInfo": {
        "atkResistList": [
          {
            "type": "SLASH",
            "value": 1.2
          },
          {
            "type": "PENETRATE",
            "value": 0.5
          },
          {
            "type": "HIT",
            "value": 1
          }
        ],
        "attributeResistList": [
          {
            "type": "CRIMSON",
            "value": 1
          },
          {
            "type": "SCARLET",
            "value": 1
          },
          {
            "type": "AMBER",
            "value": 1
          },
          {
            "type": "SHAMROCK",
            "value": 1
          },
          {
            "type": "AZURE",
            "value": 1
          },
          {
            "type": "INDIGO",
            "value": 1
          },
          {
            "type": "VIOLET",
            "value": 1
          },
          {
            "type": "WHITE",
            "value": 2
          },
          {
            "type": "BLACK",
            "value": 2
          }
        ]
      },
      "passiveSet": {
        "passiveIdList": [
        ]
      }
    },
    {
      "id": 862401,
      "nameID": 999999,
      "slotWeightConditionList": [
        "Default1"
      ],
      "hp": {
        "defaultStat": 73,
        "incrementByLevel": 2.52
      },
      "defCorrection": 0,
      "minSpeedList": [
        1
      ],
      "maxSpeedList": [
        4
      ],
      "breakSection": {
        "sectionList": [
          70,
          30,
          0
        ]
      },
      "canUseSkillOnDestroyed": "false",
      "isDestroyable": "false",
      "skillCancelable": "false",
      "canVanish": "false",
      "canChangeSpriteOnDestoryed": "false",
      "spreadMpEffectToAbnormality": "true",
      "partType": "BODY",
      "resistInfo": {
        "atkResistList": [
          {
            "type": "SLASH",
            "value": 1.8
          },
          {
            "type": "PENETRATE",
            "value": 0.6
          },
          {
            "type": "HIT",
            "value": 1
          }
        ],
        "attributeResistList": [
          {
            "type": "CRIMSON",
            "value": 1
          },
          {
            "type": "SCARLET",
            "value": 1
          },
          {
            "type": "AMBER",
            "value": 1
          },
          {
            "type": "SHAMROCK",
            "value": 1
          },
          {
            "type": "AZURE",
            "value": 1
          },
          {
            "type": "INDIGO",
            "value": 1
          },
          {
            "type": "VIOLET",
            "value": 1
          },
          {
            "type": "WHITE",
            "value": 2
          },
          {
            "type": "BLACK",
            "value": 2
          }
        ]
      }
    },
    {
      "id": 862501,
      "nameID": 999999,
      "slotWeightConditionList": [
        "Default1"
      ],
      "hp": {
        "defaultStat": 73,
        "incrementByLevel": 2.52
      },
      "defCorrection": 0,
      "minSpeedList": [
        1
      ],
      "maxSpeedList": [
        4
      ],
      "breakSection": {
        "sectionList": [
          70,
          30,
          0
        ]
      },
      "canUseSkillOnDestroyed": "false",
      "isDestroyable": "false",
      "skillCancelable": "false",
      "canVanish": "false",
      "canChangeSpriteOnDestoryed": "false",
      "spreadMpEffectToAbnormality": "true",
      "partType": "BODY",
      "resistInfo": {
        "atkResistList": [
          {
            "type": "SLASH",
            "value": 1.8
          },
          {
            "type": "PENETRATE",
            "value": 0.6
          },
          {
            "type": "HIT",
            "value": 1
          }
        ],
        "attributeResistList": [
          {
            "type": "CRIMSON",
            "value": 1
          },
          {
            "type": "SCARLET",
            "value": 1
          },
          {
            "type": "AMBER",
            "value": 1
          },
          {
            "type": "SHAMROCK",
            "value": 1
          },
          {
            "type": "AZURE",
            "value": 1
          },
          {
            "type": "INDIGO",
            "value": 1
          },
          {
            "type": "VIOLET",
            "value": 1
          },
          {
            "type": "WHITE",
            "value": 2
          },
          {
            "type": "BLACK",
            "value": 2
          }
        ]
      }
    },
    {
      "id": 862601,
      "nameID": 999999,
      "slotWeightConditionList": [
        "Default1"
      ],
      "hp": {
        "defaultStat": 230,
        "incrementByLevel": 7.93
      },
      "defCorrection": 0,
      "minSpeedList": [
        1
      ],
      "maxSpeedList": [
        4
      ],
      "breakSection": {
        "sectionList": [
          70,
          20,
          0
        ]
      },
      "canUseSkillOnDestroyed": "false",
      "isDestroyable": "false",
      "skillCancelable": "false",
      "canVanish": "false",
      "canChangeSpriteOnDestoryed": "false",
      "spreadMpEffectToAbnormality": "true",
      "partType": "BODY",
      "resistInfo": {
        "atkResistList": [
          {
            "type": "SLASH",
            "value": 1.25
          },
          {
            "type": "PENETRATE",
            "value": 0.5
          },
          {
            "type": "HIT",
            "value": 1
          }
        ],
        "attributeResistList": [
          {
            "type": "CRIMSON",
            "value": 1
          },
          {
            "type": "SCARLET",
            "value": 1
          },
          {
            "type": "AMBER",
            "value": 1
          },
          {
            "type": "SHAMROCK",
            "value": 1
          },
          {
            "type": "AZURE",
            "value": 1
          },
          {
            "type": "INDIGO",
            "value": 1
          },
          {
            "type": "VIOLET",
            "value": 1
          },
          {
            "type": "WHITE",
            "value": 2
          },
          {
            "type": "BLACK",
            "value": 2
          }
        ]
      }
    },
    {
      "id": 862701,
      "nameID": 999999,
      "slotWeightConditionList": [
        "Default1"
      ],
      "hp": {
        "defaultStat": 501,
        "incrementByLevel": 25.91
      },
      "defCorrection": 0,
      "minSpeedList": [
        2
      ],
      "maxSpeedList": [
        3
      ],
      "canUseSkillOnDestroyed": "true",
      "isDestroyable": "false",
      "skillCancelable": "false",
      "canVanish": "false",
      "canChangeSpriteOnDestoryed": "false",
      "spreadMpEffectToAbnormality": "true",
      "partType": "BODY",
      "breakSection": {
        "sectionList": [
          75,
          20,
          0
        ]
      },
      "resistInfo": {
        "atkResistList": [
          {
            "type": "SLASH",
            "value": 1.25
          },
          {
            "type": "PENETRATE",
            "value": 0.5
          },
          {
            "type": "HIT",
            "value": 1
          }
        ],
        "attributeResistList": [
          {
            "type": "CRIMSON",
            "value": 1
          },
          {
            "type": "SCARLET",
            "value": 1
          },
          {
            "type": "AMBER",
            "value": 1
          },
          {
            "type": "SHAMROCK",
            "value": 1
          },
          {
            "type": "AZURE",
            "value": 1
          },
          {
            "type": "INDIGO",
            "value": 1
          },
          {
            "type": "VIOLET",
            "value": 1
          },
          {
            "type": "WHITE",
            "value": 2
          },
          {
            "type": "BLACK",
            "value": 2
          }
        ]
      },
      "passiveSet": {
        "passiveIdList": []
      }
    },
    {
      "id": 860801,
      "nameID": 999999,
      "slotWeightConditionList": [
        "Default1"
      ],
      "hp": {
        "defaultStat": 751,
        "incrementByLevel": 38.85
      },
      "defCorrection": -1,
      "minSpeedList": [
        2
      ],
      "maxSpeedList": [
        5
      ],
      "isDestroyable": "true",
      "skillCancelable": "false",
      "canVanish": "false",
      "canChangeSpriteOnDestoryed": "true",
      "canUseSkillOnDestroyed": "true",
      "partType": "BODY",
      "breakSection": {
        "sectionList": [
          45,
          -10
        ]
      },
      "resistInfo": {
        "atkResistList": [
          {
            "type": "SLASH",
            "value": 1
          },
          {
            "type": "PENETRATE",
            "value": 1.5
          },
          {
            "type": "HIT",
            "value": 0.5
          }
        ],
        "attributeResistList": [
          {
            "type": "CRIMSON",
            "value": 1.5
          },
          {
            "type": "SCARLET",
            "value": 1
          },
          {
            "type": "AMBER",
            "value": 2
          },
          {
            "type": "SHAMROCK",
            "value": 1
          },
          {
            "type": "AZURE",
            "value": 1.25
          },
          {
            "type": "INDIGO",
            "value": 0.75
          },
          {
            "type": "VIOLET",
            "value": 0.5
          },
          {
            "type": "WHITE",
            "value": 2
          },
          {
            "type": "BLACK",
            "value": 2
          }
        ]
      },
      "attributeList": [],
      "passiveSet": {}
    },
    {
      "id": 862801,
      "nameID": 999999,
      "slotWeightConditionList": [
        "Default1"
      ],
      "hp": {
        "defaultStat": 220,
        "incrementByLevel": 0
      },
      "defCorrection": -1,
      "minSpeedList": [
        1
      ],
      "maxSpeedList": [
        1
      ],
      "isDestroyable": "false",
      "skillCancelable": "false",
      "canVanish": "false",
      "canChangeSpriteOnDestoryed": "false",
      "partType": "BODY",
      "breakSection": {
        "sectionList": [
        ]
      },
      "resistInfo": {
        "atkResistList": [
          {
            "type": "SLASH",
            "value": 2
          },
          {
            "type": "PENETRATE",
            "value": 2
          },
          {
            "type": "HIT",
            "value": 2
          }
        ],
        "attributeResistList": [
          {
            "type": "CRIMSON",
            "value": 2
          },
          {
            "type": "SCARLET",
            "value": 2
          },
          {
            "type": "AMBER",
            "value": 2
          },
          {
            "type": "SHAMROCK",
            "value": 2
          },
          {
            "type": "AZURE",
            "value": 2
          },
          {
            "type": "INDIGO",
            "value": 2
          },
          {
            "type": "VIOLET",
            "value": 2
          },
          {
            "type": "WHITE",
            "value": 2
          },
          {
            "type": "BLACK",
            "value": 2
          }
        ]
      },
      "attributeList": [],
      "passiveSet": {
        "passiveIdList": [
          862803
        ]
      }
    },
    {
      "id": 862901,
      "nameID": 999999,
      "slotWeightConditionList": [
        "Default1"
      ],
      "hp": {
        "defaultStat": 879,
        "incrementByLevel": 42
      },
      "defCorrection": 0,
      "minSpeedList": [
        2
      ],
      "maxSpeedList": [
        5
      ],
      "canUseSkillOnDestroyed": "true",
      "isDestroyable": "true",
      "skillCancelable": "false",
      "canVanish": "false",
      "canChangeSpriteOnDestoryed": "true",
      "spreadMpEffectToAbnormality": "true",
      "partType": "BODY",
      "passiveSet": {
        "passiveIdList": [
          862904
        ]
      },
      "breakSection": {
        "sectionList": [
          0
        ]
      },
      "resistInfo": {
        "atkResistList": [
          {
            "type": "SLASH",
            "value": 1
          },
          {
            "type": "PENETRATE",
            "value": 1
          },
          {
            "type": "HIT",
            "value": 1.2
          }
        ],
        "attributeResistList": [
          {
            "type": "CRIMSON",
            "value": 1
          },
          {
            "type": "SCARLET",
            "value": 0.7
          },
          {
            "type": "AMBER",
            "value": 1.5
          },
          {
            "type": "SHAMROCK",
            "value": 0.7
          },
          {
            "type": "AZURE",
            "value": 1.3
          },
          {
            "type": "INDIGO",
            "value": 1
          },
          {
            "type": "VIOLET",
            "value": 0.7
          },
          {
            "type": "WHITE",
            "value": 2
          },
          {
            "type": "BLACK",
            "value": 2
          }
        ]
      }
    }
  ]
}