{
  "list": [
    {
      "id": 806301,
      "slotWeightConditionList": [
        "Default3"
      ],
      "hp": {
        "defaultStat": 178,
        "incrementByLevel": 5.12
      },
      "defCorrection": 3,
      "minSpeedList": [
        2
      ],
      "maxSpeedList": [
        4
      ],
      "isDestroyable": "true",
      "skillCancelable": "false",
      "canVanish": "false",
      "canChangeSpriteOnDestoryed": "true",
      "canUseSkillOnDestroyed": true,
      "partType": "HEAD",
      "breakSection": {
        "sectionList": [
          20,
          0
        ]
      },
      "resistInfo": {
        "atkResistList": [
          {
            "type": "SLASH",
            "value": 0.5
          },
          {
            "type": "PENETRATE",
            "value": 2
          },
          {
            "type": "HIT",
            "value": 1
          }
        ],
        "attributeResistList": [
          {
            "type": "CRIMSON",
            "value": 1
          },
          {
            "type": "SCARLET",
            "value": 0.5
          },
          {
            "type": "AMBER",
            "value": 1.2
          },
          {
            "type": "SHAMROCK",
            "value": 0.75
          },
          {
            "type": "AZURE",
            "value": 1.2
          },
          {
            "type": "INDIGO",
            "value": 1
          },
          {
            "type": "VIOLET",
            "value": 1
          },
          {
            "type": "WHITE",
            "value": 2
          },
          {
            "type": "BLACK",
            "value": 2
          }
        ]
      },
      "passiveSet": {
        "passiveIdList": [
          806301
        ]
      }
    },
    {
      "id": 806302,
      "slotWeightConditionList": [
        "Default3"
      ],
      "hp": {
        "defaultStat": 51,
        "incrementByLevel": 1.46
      },
      "defCorrection": 3,
      "minSpeedList": [
        2
      ],
      "maxSpeedList": [
        4
      ],
      "isDestroyable": "true",
      "skillCancelable": "false",
      "canVanish": "false",
      "canChangeSpriteOnDestoryed": "true",
      "partType": "BODY",
      "breakSection": {
        "sectionList": [
          60,
          30,
          0
        ]
      },
      "resistInfo": {
        "atkResistList": [
          {
            "type": "SLASH",
            "value": 0.5
          },
          {
            "type": "PENETRATE",
            "value": 1
          },
          {
            "type": "HIT",
            "value": 2
          }
        ],
        "attributeResistList": [
          {
            "type": "CRIMSON",
            "value": 1
          },
          {
            "type": "SCARLET",
            "value": 0.5
          },
          {
            "type": "AMBER",
            "value": 1
          },
          {
            "type": "SHAMROCK",
            "value": 0.75
          },
          {
            "type": "AZURE",
            "value": 2
          },
          {
            "type": "INDIGO",
            "value": 1
          },
          {
            "type": "VIOLET",
            "value": 1
          },
          {
            "type": "WHITE",
            "value": 2
          },
          {
            "type": "BLACK",
            "value": 2
          }
        ]
      },
      "passiveSet": {
        "passiveIdList": [
          806302
        ]
      }
    },
    {
      "id": 807001,
      "slotWeightConditionList": [
        "Default1"
      ],
      "hp": {
        "defaultStat": 40,
        "incrementByLevel": 1
      },
      "defCorrection": -2,
      "minSpeedList": [
        1
      ],
      "maxSpeedList": [
        4
      ],
      "isDestroyable": "false",
      "skillCancelable": "false",
      "canVanish": "false",
      "canChangeSpriteOnDestoryed": "false",
      "partType": "BODY",
      "breakSection": {
        "sectionList": [
          45,
          20,
          0
        ]
      },
      "resistInfo": {
        "atkResistList": [
          {
            "type": "SLASH",
            "value": 0.75
          },
          {
            "type": "PENETRATE",
            "value": 2
          },
          {
            "type": "HIT",
            "value": 1
          }
        ],
        "attributeResistList": [
          {
            "type": "CRIMSON",
            "value": 1
          },
          {
            "type": "SCARLET",
            "value": 0.75
          },
          {
            "type": "AMBER",
            "value": 1.5
          },
          {
            "type": "SHAMROCK",
            "value": 0.75
          },
          {
            "type": "AZURE",
            "value": 2
          },
          {
            "type": "INDIGO",
            "value": 1
          },
          {
            "type": "VIOLET",
            "value": 1
          },
          {
            "type": "WHITE",
            "value": 2
          },
          {
            "type": "BLACK",
            "value": 2
          }
        ]
      },
      "passiveSet": {
        "passiveIdList": [
        ]
      }
    },
    {
      "id": 807101,
      "slotWeightConditionList": [
        "Default1"
      ],
      "hp": {
        "defaultStat": 40,
        "incrementByLevel": 1
      },
      "defCorrection": -2,
      "minSpeedList": [
        1
      ],
      "maxSpeedList": [
        4
      ],
      "isDestroyable": "false",
      "skillCancelable": "false",
      "canVanish": "false",
      "canChangeSpriteOnDestoryed": "false",
      "partType": "BODY",
      "breakSection": {
        "sectionList": [
          45,
          20,
          0
        ]
      },
      "resistInfo": {
        "atkResistList": [
          {
            "type": "SLASH",
            "value": 0.75
          },
          {
            "type": "PENETRATE",
            "value": 2
          },
          {
            "type": "HIT",
            "value": 1
          }
        ],
        "attributeResistList": [
          {
            "type": "CRIMSON",
            "value": 1
          },
          {
            "type": "SCARLET",
            "value": 0.75
          },
          {
            "type": "AMBER",
            "value": 1.5
          },
          {
            "type": "SHAMROCK",
            "value": 0.75
          },
          {
            "type": "AZURE",
            "value": 2
          },
          {
            "type": "INDIGO",
            "value": 1
          },
          {
            "type": "VIOLET",
            "value": 1
          },
          {
            "type": "WHITE",
            "value": 2
          },
          {
            "type": "BLACK",
            "value": 2
          }
        ]
      },
      "passiveSet": {
        "passiveIdList": [
        ]
      }
    },
    {
      "id": 807201,
      "slotWeightConditionList": [
        "Default1"
      ],
      "hp": {
        "defaultStat": 40,
        "incrementByLevel": 1
      },
      "defCorrection": -2,
      "minSpeedList": [
        1
      ],
      "maxSpeedList": [
        4
      ],
      "isDestroyable": "false",
      "skillCancelable": "false",
      "canVanish": "false",
      "canChangeSpriteOnDestoryed": "false",
      "partType": "BODY",
      "breakSection": {
        "sectionList": [
          45,
          20,
          0
        ]
      },
      "resistInfo": {
        "atkResistList": [
          {
            "type": "SLASH",
            "value": 0.75
          },
          {
            "type": "PENETRATE",
            "value": 2
          },
          {
            "type": "HIT",
            "value": 1
          }
        ],
        "attributeResistList": [
          {
            "type": "CRIMSON",
            "value": 1
          },
          {
            "type": "SCARLET",
            "value": 0.75
          },
          {
            "type": "AMBER",
            "value": 1.5
          },
          {
            "type": "SHAMROCK",
            "value": 0.75
          },
          {
            "type": "AZURE",
            "value": 2
          },
          {
            "type": "INDIGO",
            "value": 1
          },
          {
            "type": "VIOLET",
            "value": 1
          },
          {
            "type": "WHITE",
            "value": 2
          },
          {
            "type": "BLACK",
            "value": 2
          }
        ]
      },
      "passiveSet": {
        "passiveIdList": [
        ]
      }
    },
    {
      "id": 807301,
      "slotWeightConditionList": [
        "Default2"
      ],
      "hp": {
        "defaultStat": 120,
        "incrementByLevel": 2.15
      },
      "defCorrection": 1,
      "minSpeedList": [
        2
      ],
      "maxSpeedList": [
        4
      ],
      "isDestroyable": "false",
      "skillCancelable": "false",
      "canVanish": "false",
      "canChangeSpriteOnDestoryed": "false",
      "partType": "BODY",
      "breakSection": {
        "sectionList": [
          40,
          15,
          0
        ]
      },
      "resistInfo": {
        "atkResistList": [
          {
            "type": "SLASH",
            "value": 0.5
          },
          {
            "type": "PENETRATE",
            "value": 2
          },
          {
            "type": "HIT",
            "value": 1
          }
        ],
        "attributeResistList": [
          {
            "type": "CRIMSON",
            "value": 1
          },
          {
            "type": "SCARLET",
            "value": 0.75
          },
          {
            "type": "AMBER",
            "value": 1.2
          },
          {
            "type": "SHAMROCK",
            "value": 0.75
          },
          {
            "type": "AZURE",
            "value": 1.5
          },
          {
            "type": "INDIGO",
            "value": 1
          },
          {
            "type": "VIOLET",
            "value": 1
          },
          {
            "type": "WHITE",
            "value": 2
          },
          {
            "type": "BLACK",
            "value": 2
          }
        ]
      },
      "passiveSet": {
        "passiveIdList": [
        ]
      }
    },
    {
      "id": 807401,
      "slotWeightConditionList": [
        "Default2"
      ],
      "hp": {
        "defaultStat": 120,
        "incrementByLevel": 2.15
      },
      "defCorrection": 1,
      "minSpeedList": [
        2
      ],
      "maxSpeedList": [
        4
      ],
      "isDestroyable": "false",
      "skillCancelable": "false",
      "canVanish": "false",
      "canChangeSpriteOnDestoryed": "false",
      "partType": "BODY",
      "breakSection": {
        "sectionList": [
          40,
          15,
          0
        ]
      },
      "resistInfo": {
        "atkResistList": [
          {
            "type": "SLASH",
            "value": 0.75
          },
          {
            "type": "PENETRATE",
            "value": 2
          },
          {
            "type": "HIT",
            "value": 1
          }
        ],
        "attributeResistList": [
          {
            "type": "CRIMSON",
            "value": 1
          },
          {
            "type": "SCARLET",
            "value": 0.75
          },
          {
            "type": "AMBER",
            "value": 1.2
          },
          {
            "type": "SHAMROCK",
            "value": 0.75
          },
          {
            "type": "AZURE",
            "value": 1.5
          },
          {
            "type": "INDIGO",
            "value": 1
          },
          {
            "type": "VIOLET",
            "value": 1
          },
          {
            "type": "WHITE",
            "value": 2
          },
          {
            "type": "BLACK",
            "value": 2
          }
        ]
      },
      "passiveSet": {
        "passiveIdList": [
        ]
      }
    }
  ]
}