{
  "list": [
    {
      "id": 809701,
      "slotWeightConditionList": [
        "Default1"
      ],
      "hp": {
        "defaultStat": 74,
        "incrementByLevel": 2.54
      },
      "defCorrection": -3,
      "minSpeedList": [
        1
      ],
      "maxSpeedList": [
        2
      ],
      "canUseSkillOnDestroyed": "false",
      "isDestroyable": "false",
      "skillCancelable": "true",
      "canVanish": "false",
      "canChangeSpriteOnDestoryed": "false",
      "spreadMpEffectToAbnormality": "true",
      "partType": "BODY",
      "breakSection": {
        "sectionList": [
          45,
          0
        ]
      },
      "resistInfo": {
        "atkResistList": [
          {
            "type": "SLASH",
            "value": 0.5
          },
          {
            "type": "PENETRATE",
            "value": 1
          },
          {
            "type": "HIT",
            "value": 2
          }
        ],
        "attributeResistList": [
          {
            "type": "CRIMSON",
            "value": 1
          },
          {
            "type": "SCARLET",
            "value": 1
          },
          {
            "type": "AMBER",
            "value": 1
          },
          {
            "type": "SHAMROCK",
            "value": 1
          },
          {
            "type": "AZURE",
            "value": 1
          },
          {
            "type": "INDIGO",
            "value": 1
          },
          {
            "type": "VIOLET",
            "value": 1
          },
          {
            "type": "WHITE",
            "value": 1
          },
          {
            "type": "BLACK",
            "value": 1
          }
        ]
      },
      "passiveSet": {
        "passiveIdList": [
        ]
      }
    },
    {
      "id": 809801,
      "slotWeightConditionList": [
        "Default1"
      ],
      "hp": {
        "defaultStat": 74,
        "incrementByLevel": 2.54
      },
      "defCorrection": -3,
      "minSpeedList": [
        1
      ],
      "maxSpeedList": [
        2
      ],
      "canUseSkillOnDestroyed": "false",
      "isDestroyable": "false",
      "skillCancelable": "true",
      "canVanish": "false",
      "canChangeSpriteOnDestoryed": "false",
      "spreadMpEffectToAbnormality": "true",
      "partType": "BODY",
      "breakSection": {
        "sectionList": [
          45,
          0
        ]
      },
      "resistInfo": {
        "atkResistList": [
          {
            "type": "SLASH",
            "value": 0.5
          },
          {
            "type": "PENETRATE",
            "value": 1
          },
          {
            "type": "HIT",
            "value": 2
          }
        ],
        "attributeResistList": [
          {
            "type": "CRIMSON",
            "value": 1
          },
          {
            "type": "SCARLET",
            "value": 1
          },
          {
            "type": "AMBER",
            "value": 1
          },
          {
            "type": "SHAMROCK",
            "value": 1
          },
          {
            "type": "AZURE",
            "value": 1
          },
          {
            "type": "INDIGO",
            "value": 1
          },
          {
            "type": "VIOLET",
            "value": 1
          },
          {
            "type": "WHITE",
            "value": 1
          },
          {
            "type": "BLACK",
            "value": 1
          }
        ]
      },
      "passiveSet": {
        "passiveIdList": [
        ]
      }
    },
    {
      "id": 809901,
      "slotWeightConditionList": [
        "Default1"
      ],
      "hp": {
        "defaultStat": 732,
        "incrementByLevel": 50.51
      },
      "defCorrection": 0,
      "minSpeedList": [
        2
      ],
      "maxSpeedList": [
        7
      ],
      "canUseSkillOnDestroyed": "false",
      "isDestroyable": "false",
      "skillCancelable": "true",
      "canVanish": "false",
      "canChangeSpriteOnDestoryed": "false",
      "spreadMpEffectToAbnormality": "true",
      "partType": "BODY",
      "showUnitLevel": false,
      "showAtkLevel": false,
      "showDefLevel": false,
      "showHp": false,
      "breakSection": {
        "sectionList": [
          75,
          50,
          25,
          0
        ]
      },
      "resistInfo": {
        "atkResistList": [
          {
            "type": "SLASH",
            "value": 0.5
          },
          {
            "type": "PENETRATE",
            "value": 1
          },
          {
            "type": "HIT",
            "value": 2
          }
        ],
        "attributeResistList": [
          {
            "type": "CRIMSON",
            "value": 1
          },
          {
            "type": "SCARLET",
            "value": 1
          },
          {
            "type": "AMBER",
            "value": 1
          },
          {
            "type": "SHAMROCK",
            "value": 1
          },
          {
            "type": "AZURE",
            "value": 1
          },
          {
            "type": "INDIGO",
            "value": 1
          },
          {
            "type": "VIOLET",
            "value": 1
          },
          {
            "type": "WHITE",
            "value": 1
          },
          {
            "type": "BLACK",
            "value": 1
          }
        ]
      },
      "passiveSet": {
        "passiveIdList": [
        ]
      }
    }
  ]
}