{
  "list": [
    {
      "id": 800101,
      "canSkip": false,
      "personalityEvent": {
        "participantInfo": {
          "min": 1,
          "max": 1
        },
        "judgement": {
          "inclusiveValue": 4,
          "exclusiveValue": 6,
          "judgementDataList": [
            {
              "attributeType": "CRIMSON"
            }
          ]
        }
      }
    },
    {
      "id": 800105,
      "canSkip": false,
      "personalityEvent": {
        "participantInfo": {
          "min": 1,
          "max": 1
        },
        "judgement": {
          "inclusiveValue": 5,
          "exclusiveValue": 7,
          "judgementDataList": [
            {
              "attributeType": "INDIGO"
            }
          ]
        }
      }
    },
    {
      "id": 800202,
      "canSkip": false,
      "personalityEvent": {
        "participantInfo": {
          "min": 1,
          "max": 1
        },
        "judgement": {
          "inclusiveValue": 3,
          "exclusiveValue": 6,
          "judgementDataList": [
            {
              "attributeType": "SCARLET"
            }
          ]
        }
      }
    },
    {
      "id": 800204,
      "canSkip": false,
      "personalityEvent": {
        "participantInfo": {
          "min": 1,
          "max": 1
        },
        "judgement": {
          "inclusiveValue": 4,
          "exclusiveValue": 7,
          "judgementDataList": [
            {
              "attributeType": "AZURE"
            }
          ]
        },
        "eventResults": [
          {
            "rewardList": []
          }
        ]
      }
    },
    {
      "id": 800206,
      "canSkip": false,
      "personalityEvent": {
        "participantInfo": {
          "min": 1,
          "max": 1
        },
        "judgement": {
          "inclusiveValue": 5,
          "exclusiveValue": 8,
          "judgementDataList": [
            {
              "attributeType": "AMBER"
            }
          ]
        }
      }
    },
    {
      "id": 800801,
      "canSkip": false,
      "personalityEvent": {
        "participantInfo": {
          "min": 1,
          "max": 1
        },
        "adderInfo": [
          {
            "correctionCase": "SpecificUnit_Gregor",
            "adder": 4
          }
        ],
        "judgement": {
          "inclusiveValue": 6,
          "exclusiveValue": 9,
          "judgementDataList": [
            {
              "attributeType": "AMBER"
            }
          ]
        },
        "silenceCharacterUniqueIdList": [
          12
        ]
      }
    },
    {
      "id": 801502,
      "canSkip": false,
      "personalityEvent": {
        "participantInfo": {
          "min": 1,
          "max": 1
        },
        "judgement": {
          "inclusiveValue": 7,
          "exclusiveValue": 9,
          "judgementDataList": [
            {
              "attributeType": "INDIGO"
            },
            {
              "attributeType": "AZURE"
            }
          ]
        }
      }
    },
    {
      "id": 802501,
      "canSkip": false,
      "personalityEvent": {
        "participantInfo": {
          "min": 1,
          "max": 1
        },
        "judgement": {
          "inclusiveValue": 13,
          "exclusiveValue": 13,
          "judgementDataList": [
            {
              "attributeType": "CRIMSON"
            }
          ]
        }
      }
    },
    {
      "id": 802801,
      "canSkip": false,
      "personalityEvent": {
        "participantInfo": {
          "min": 1,
          "max": 1
        },
        "judgement": {
          "inclusiveValue": 7,
          "exclusiveValue": 7,
          "judgementDataList": [
            {
              "attributeType": "VIOLET"
            }
          ]
        }
      }
    },
    {
      "id": 803001,
      "canSkip": false,
      "personalityEvent": {
        "participantInfo": {
          "min": 1,
          "max": 1
        },
        "judgement": {
          "inclusiveValue": 10,
          "exclusiveValue": 15,
          "judgementDataList": [
            {
              "attributeType": "CRIMSON"
            }
          ]
        }
      }
    },
    {
      "id": 803101,
      "canSkip": false,
      "personalityEvent": {
        "participantInfo": {
          "min": 1,
          "max": 1
        },
        "judgement": {
          "inclusiveValue": 12,
          "exclusiveValue": 15,
          "judgementDataList": [
            {
              "attributeType": "AZURE"
            }
          ]
        }
      }
    },
    {
      "id": 803201,
      "canSkip": false,
      "personalityEvent": {
        "participantInfo": {
          "min": 1,
          "max": 1
        },
        "judgement": {
          "inclusiveValue": 10,
          "exclusiveValue": 15,
          "judgementDataList": [
            {
              "attributeType": "VIOLET"
            }
          ]
        }
      }
    },
    {
      "id": 851001,
      "canSkip": false,
      "personalityEvent": {
        "participantInfo": {
          "min": 1,
          "max": 1
        },
        "judgement": {
          "inclusiveValue": 12,
          "exclusiveValue": 16,
          "judgementDataList": [
            {
              "attributeType": "AZURE"
            }
          ]
        }
      }
    },
    {
      "id": 851901,
      "canSkip": false,
      "personalityEvent": {
        "participantInfo": {
          "min": 1,
          "max": 1
        },
        "judgement": {
          "inclusiveValue": 14,
          "exclusiveValue": 20,
          "judgementDataList": [
            {
              "attributeType": "VIOLET"
            }
          ]
        }
      }
    },
    {
      "id": 852701,
      "canSkip": false,
      "personalityEvent": {
        "participantInfo": {
          "min": 1,
          "max": 1
        },
        "judgement": {
          "inclusiveValue": 15,
          "exclusiveValue": 19,
          "judgementDataList": [
            {
              "attributeType": "SCARLET"
            }
          ]
        }
      }
    },
    {
      "id": 804501,
      "canSkip": false,
      "personalityEvent": {
        "participantInfo": {
          "min": 1,
          "max": 1
        },
        "judgement": {
          "inclusiveValue": 12,
          "exclusiveValue": 14,
          "judgementDataList": [
            {
              "attributeType": "VIOLET"
            }
          ]
        }
      }
    },
    {
      "id": 804601,
      "canSkip": false,
      "personalityEvent": {
        "participantInfo": {
          "min": 1,
          "max": 1
        },
        "judgement": {
          "inclusiveValue": 13,
          "exclusiveValue": 16,
          "judgementDataList": [
            {
              "attributeType": "AZURE"
            }
          ]
        }
      }
    },
    {
      "id": 804701,
      "canSkip": false,
      "personalityEvent": {
        "participantInfo": {
          "min": 1,
          "max": 1
        },
        "judgement": {
          "inclusiveValue": 13,
          "exclusiveValue": 15,
          "judgementDataList": [
            {
              "attributeType": "AMBER"
            }
          ]
        }
      }
    },
    {
      "id": 804801,
      "canSkip": false,
      "personalityEvent": {
        "participantInfo": {
          "min": 1,
          "max": 1
        },
        "judgement": {
          "inclusiveValue": 12,
          "exclusiveValue": 14,
          "judgementDataList": [
            {
              "attributeType": "SHAMROCK"
            }
          ]
        }
      }
    },
    {
      "id": 805002,
      "canSkip": false,
      "canDuplicateChoose": true,
      "personalityEvent": {
        "participantInfo": {
          "min": 1,
          "max": 1
        },
        "adderInfo": [
          {
            "correctionCase": "SpecificUnit_Yisang",
            "adder": -10
          },
          {
            "correctionCase": "SpecificUnit_Yisang:Not",
            "adder": 5
          }
        ],
        "judgement": {
          "inclusiveValue": 10,
          "exclusiveValue": 13,
          "judgementDataList": [
            {
              "attributeType": "VIOLET"
            },
            {
              "attributeType": "AZURE"
            },
            {
              "attributeType": "SHAMROCK"
            }
          ]
        },
        "silenceCharacterUniqueIdList": [
          1
        ]
      }
    },
    {
      "id": 805004,
      "canSkip": false,
      "canDuplicateChoose": true,
      "personalityEvent": {
        "participantInfo": {
          "min": 1,
          "max": 1
        },
        "adderInfo": [
          {
            "correctionCase": "SpecificUnit_Yisang",
            "adder": -10
          },
          {
            "correctionCase": "SpecificUnit_Yisang:Not",
            "adder": 5
          }
        ],
        "judgement": {
          "inclusiveValue": 12,
          "exclusiveValue": 15,
          "judgementDataList": [
            {
              "attributeType": "CRIMSON"
            }
          ]
        },
        "silenceCharacterUniqueIdList": [
          1
        ]
      }
    },
    {
      "id": 805006,
      "canSkip": false,
      "canDuplicateChoose": true,
      "personalityEvent": {
        "participantInfo": {
          "min": 1,
          "max": 1,
          "mustIncludeIdList": [
            1
          ]
        },
        "adderInfo": [
          {
            "correctionCase": "SpecificUnit_Yisang",
            "adder": 20
          }
        ],
        "judgement": {
          "inclusiveValue": 15,
          "exclusiveValue": 15,
          "judgementDataList": [
            {
              "attributeType": "AMBER"
            }
          ]
        },
        "silenceCharacterUniqueIdList": [
          1
        ]
      }
    },
    {
      "id": 805901,
      "canSkip": false,
      "personalityEvent": {
        "participantInfo": {
          "min": 1,
          "max": 1
        },
        "judgement": {
          "inclusiveValue": 13,
          "exclusiveValue": 15,
          "judgementDataList": [
            {
              "attributeType": "SHAMROCK"
            }
          ]
        }
      }
    }
  ]
}