{
  "list": [
    {
      "id": 854201,
      "canSkip": false,
      "personalityEvent": {
        "participantInfo": {
          "min": 1,
          "max": 1
        },
        "judgement": {
          "inclusiveValue": 12,
          "exclusiveValue": 14,
          "judgementDataList": [
            {
              "attributeType": "SHAMROCK"
            }
          ]
        }
      }
    },
    {
      "id": 854501,
      "canSkip": false,
      "personalityEvent": {
        "participantInfo": {
          "min": 1,
          "max": 1
        },
        "judgement": {
          "inclusiveValue": 13,
          "exclusiveValue": 15,
          "judgementDataList": [
            {
              "attributeType": "SHAMROCK"
            }
          ]
        }
      }
    },
    {
      "id": 855001,
      "canSkip": false,
      "personalityEvent": {
        "participantInfo": {
          "min": 1,
          "max": 1
        },
        "judgement": {
          "inclusiveValue": 13,
          "exclusiveValue": 15,
          "judgementDataList": [
            {
              "attributeType": "AZURE"
            }
          ]
        }
      }
    },
    {
      "id": 853901,
      "canSkip": false,
      "personalityEvent": {
        "participantInfo": {
          "min": 1,
          "max": 1
        },
        "judgement": {
          "inclusiveValue": 13,
          "exclusiveValue": 16,
          "judgementDataList": [
            {
              "attributeType": "AZURE"
            }
          ]
        }
      }
    },
    {
      "id": 854401,
      "canSkip": false,
      "personalityEvent": {
        "participantInfo": {
          "min": 1,
          "max": 1
        },
        "judgement": {
          "inclusiveValue": 13,
          "exclusiveValue": 15,
          "judgementDataList": [
            {
              "attributeType": "AMBER"
            }
          ]
        }
      }
    },
    {
      "id": 854901,
      "canSkip": false,
      "personalityEvent": {
        "participantInfo": {
          "min": 1,
          "max": 1
        },
        "judgement": {
          "inclusiveValue": 13,
          "exclusiveValue": 15,
          "judgementDataList": [
            {
              "attributeType": "AMBER"
            }
          ]
        }
      }
    },
    {
      "id": 854101,
      "canSkip": false,
      "personalityEvent": {
        "participantInfo": {
          "min": 1,
          "max": 1
        },
        "judgement": {
          "inclusiveValue": 12,
          "exclusiveValue": 16,
          "judgementDataList": [
            {
              "attributeType": "VIOLET"
            }
          ]
        }
      }
    },
    {
      "id": 855501,
      "canSkip": false,
      "personalityEvent": {
        "participantInfo": {
          "min": 1,
          "max": 1
        },
        "judgement": {
          "inclusiveValue": 13,
          "exclusiveValue": 16,
          "judgementDataList": [
            {
              "attributeType": "AZURE"
            }
          ]
        }
      }
    }
  ]
}