{
  "list": [
    {
      "id": 817301,
      "canSkip": false,
      "eventType": "EVENT",
      "actionEvent": {
        "eachOptionList": [
          {
            "index": 0,
            "resultList": [
              {
                "nextEventID": 817302
              }
            ]
          }
        ]
      }
    },
    {
      "id": 817303,
      "canSkip": false,
      "eventType": "EVENT",
      "actionEvent": {
        "eachOptionList": [
          {
            "index": 0,
            "resultList": [
              {
                "nextEventID": 817304
              }
            ]
          }
        ]
      }
    }
  ]
}