{
  "list": [
    {
      "id": 816401,
      "canSkip": false,
      "personalityEvent": {
        "participantInfo": {
          "min": 1,
          "max": 1,
          "mustIncludeIdList": [
            7
          ]
        },
        "judgement": {
          "inclusiveValue": 14,
          "exclusiveValue": 16,
          "judgementDataList": [
            {
              "attributeType": "CRIMSON"
            },
            {
              "attributeType": "AZURE"
            },
            {
              "attributeType": "VIOLET"
            }
          ]
        },
        "silenceCharacterUniqueIdList": [
          7
        ]
      }
    }
  ]
}