{
  "list": [
    {
      "id": 816601,
      "canSkip": false,
      "personalityEvent": {
        "participantInfo": {
          "min": 1,
          "max": 1
        },
        "adderInfo": [
          {
            "correctionCase": "SpecificUnit_Heathcliff",
            "adder": -10
          }
        ],
        "judgement": {
          "inclusiveValue": 12,
          "exclusiveValue": 14,
          "judgementDataList": [
            {
              "attributeType": "AZURE"
            }
          ]
        }
      }
    },
    {
      "id": 816602,
      "canSkip": false,
      "personalityEvent": {
        "participantInfo": {
          "min": 1,
          "max": 1
        },
        "adderInfo": [
          {
            "correctionCase": "SpecificUnit_Heathcliff",
            "adder": -10
          }
        ],
        "judgement": {
          "inclusiveValue": 13,
          "exclusiveValue": 15,
          "judgementDataList": [
            {
              "attributeType": "AZURE"
            },
            {
              "attributeType": "VIOLET"
            }
          ]
        }
      }
    },
    {
      "id": 817101,
      "canSkip": false,
      "personalityEvent": {
        "participantInfo": {
          "min": 1,
          "max": 1
        },
        "adderInfo": [
          {
            "correctionCase": "SpecificUnit_Heathcliff",
            "adder": 10
          }
        ],
        "judgement": {
          "inclusiveValue": 17,
          "exclusiveValue": 21,
          "judgementDataList": [
            {
              "attributeType": "INDIGO"
            }
          ]
        }
      }
    },
    {
      "id": 817302,
      "canSkip": false,
      "personalityEvent": {
        "participantInfo": {
          "min": 1,
          "max": 1
        },
        "silenceCharacterUniqueIdList": [
          7
        ],
        "adderInfo": [
          {
            "correctionCase": "SpecificUnit_Heathcliff",
            "adder": 5
          }
        ],
        "judgement": {
          "inclusiveValue": 12,
          "exclusiveValue": 15,
          "judgementDataList": [
            {
              "attributeType": "AZURE"
            },
            {
              "attributeType": "VIOLET"
            }
          ]
        }
      }
    },
    {
      "id": 817304,
      "canSkip": false,
      "personalityEvent": {
        "participantInfo": {
          "min": 1,
          "max": 1
        },
        "silenceCharacterUniqueIdList": [
          7
        ],
        "adderInfo": [
          {
            "correctionCase": "SpecificUnit_Heathcliff",
            "adder": 5
          }
        ],
        "judgement": {
          "inclusiveValue": 14,
          "exclusiveValue": 16,
          "judgementDataList": [
            {
              "attributeType": "CRIMSON"
            },
            {
              "attributeType": "VIOLET"
            }
          ]
        }
      }
    },
    {
      "id": 817305,
      "canSkip": false,
      "personalityEvent": {
        "participantInfo": {
          "min": 1,
          "max": 1,
          "mustIncludeIdList": [
            7
          ]
        },
        "silenceCharacterUniqueIdList": [
          7
        ],
        "adderInfo": [
          {
            "correctionCase": "SpecificUnit_Heathcliff",
            "adder": 20
          }
        ],
        "judgement": {
          "inclusiveValue": 20,
          "exclusiveValue": 20,
          "judgementDataList": [
            {
              "attributeType": "CRIMSON"
            },
            {
              "attributeType": "SCARLET"
            },
            {
              "attributeType": "AMBER"
            },
            {
              "attributeType": "SHAMROCK"
            },
            {
              "attributeType": "AZURE"
            },
            {
              "attributeType": "INDIGO"
            },
            {
              "attributeType": "VIOLET"
            }
          ]
        }
      }
    }
  ]
}