{
  "list": [
    {
      "id": 860501,
      "canSkip": false,
      "personalityEvent": {
        "participantInfo": {
          "min": 1,
          "max": 1
        },
        "judgement": {
          "upDownType": 1,
          "inclusiveValue": 14,
          "exclusiveValue": 16,
          "judgementDataList": [
            {
              "attributeType": "AZURE"
            }
          ]
        }
      }
    },
    {
      "id": 860801,
      "canSkip": false,
      "personalityEvent": {
        "participantInfo": {
          "min": 1,
          "max": 1
        },
        "judgement": {
          "upDownType": 1,
          "inclusiveValue": 14,
          "exclusiveValue": 16,
          "judgementDataList": [
            {
              "attributeType": "VIOLET"
            }
          ]
        }
      }
    },
    {
      "id": 862903,
      "canSkip": false,
      "personalityEvent": {
        "participantInfo": {
          "min": 1,
          "max": 1
        },
        "judgement": {
          "inclusiveValue": 12,
          "exclusiveValue": 15,
          "judgementDataList": [
            {
              "attributeType": "AZURE"
            }
          ]
        }
      }
    }
  ]
}