{
  "list": [
    {
      "id": 10100201,
      "canSkip": false,
      "eventType": "COIN_EVENT",
      "personalityEvent": {
        "participantInfo": {
          "min": 1,
          "max": 1
        },
        "adderInfo": [],
        "judgement": {
          "upDownType": 1,
          "inclusiveValue": 5,
          "exclusiveValue": 8,
          "judgementDataList": [
            {
              "attributeType": "INDIGO"
            }
          ]
        },
        "eventResults": [
          {
            "eventResult": "SUCCESS",
            "eventResultDataList": [
              {
                "resultIndex": 0,
                "resultCondition": "Prob_1",
                "nextEventID": -1,
                "eventResultDataList": [
                  {
                    "resultForm": {
                      "resultEffect": "GetConfirmedEgogift",
                      "itemReward": {
                        "type": "EGO_GIFT",
                        "rewardId": 1002,
                        "num": 1,
                        "prob": 1
                      }
                    }
                  }
                ]
              }
            ]
          },
          {
            "eventResult": "FAILURE",
            "eventResultDataList": [
              {
                "resultIndex": 0,
                "resultCondition": "Prob_1",
                "nextEventID": -1,
                "eventResultDataList": [
                  {
                    "resultForm": {
                      "resultEffectTarget": "ChosenPersonality",
                      "resultEffect": "LoseMpOnly_15"
                    }
                  },
                  {
                    "resultForm": {
                      "resultEffect": "GetConfirmedEgogift",
                      "itemReward": {
                        "type": "EGO_GIFT",
                        "rewardId": 1002,
                        "num": 1,
                        "prob": 1
                      }
                    }
                  }
                ]
              }
            ]
          }
        ]
      }
    },
    {
      "id": 10200201,
      "canSkip": false,
      "eventType": "COIN_EVENT",
      "personalityEvent": {
        "participantInfo": {
          "min": 1,
          "max": 1
        },
        "adderInfo": [],
        "judgement": {
          "upDownType": 1,
          "inclusiveValue": 5,
          "exclusiveValue": 7,
          "judgementDataList": [
            {
              "attributeType": "CRIMSON"
            }
          ]
        },
        "eventResults": [
          {
            "eventResult": "SUCCESS",
            "eventResultDataList": [
              {
                "resultIndex": 0,
                "resultCondition": "Prob_1",
                "nextEventID": 10200202,
                "eventResultDataList": [
                  {
                    "resultForm": {
                      "resultEffectTarget": "ChosenPersonality",
                      "resultEffect": "RecoverMpOnly_15"
                    }
                  }
                ]
              }
            ]
          },
          {
            "eventResult": "FAILURE",
            "eventResultDataList": [
              {
                "resultIndex": 0,
                "resultCondition": "Prob_1",
                "nextEventID": -1,
                "eventResultDataList": [
                  {
                    "resultForm": {
                      "resultEffectTarget": "ChosenPersonality",
                      "resultEffect": "LoseHpOnly_20"
                    }
                  }
                ]
              }
            ]
          }
        ]
      }
    },
    {
      "id": 10200202,
      "canSkip": false,
      "eventType": "COIN_EVENT",
      "personalityEvent": {
        "participantInfo": {
          "min": 1,
          "max": 1
        },
        "adderInfo": [],
        "judgement": {
          "upDownType": 1,
          "inclusiveValue": 7,
          "exclusiveValue": 9,
          "judgementDataList": [
            {
              "attributeType": "AMBER"
            }
          ]
        },
        "eventResults": [
          {
            "eventResult": "SUCCESS",
            "eventResultDataList": [
              {
                "resultIndex": 0,
                "resultCondition": "Prob_1",
                "nextEventID": 10200203,
                "eventResultDataList": [
                  {
                    "resultForm": {
                      "resultEffectTarget": "ChosenPersonality",
                      "resultEffect": "RecoverMpOnly_15"
                    }
                  }
                ]
              }
            ]
          },
          {
            "eventResult": "FAILURE",
            "eventResultDataList": [
              {
                "resultIndex": 0,
                "resultCondition": "Prob_1",
                "nextEventID": -1,
                "eventResultDataList": [
                  {
                    "resultForm": {
                      "resultEffectTarget": "ChosenPersonality",
                      "resultEffect": "LoseHpOnly_20"
                    }
                  }
                ]
              }
            ]
          }
        ]
      }
    },
    {
      "id": 10200203,
      "canSkip": false,
      "eventType": "COIN_EVENT",
      "personalityEvent": {
        "participantInfo": {
          "min": 1,
          "max": 1
        },
        "adderInfo": [],
        "judgement": {
          "upDownType": 1,
          "inclusiveValue": 9,
          "exclusiveValue": 11,
          "judgementDataList": [
            {
              "attributeType": "AZURE"
            }
          ]
        },
        "eventResults": [
          {
            "eventResult": "SUCCESS",
            "eventResultDataList": [
              {
                "resultIndex": 0,
                "resultCondition": "Prob_1",
                "nextEventID": -1,
                "eventResultDataList": [
                  {
                    "resultForm": {
                      "resultEffectTarget": "EveryAlly",
                      "resultEffect": "RecoverMpOnly_30"
                    }
                  },
                  {
                    "resultForm": {
                      "resultEffectTarget": "Rodion",
                      "resultEffect": "RecoverMpOnly_20"
                    }
                  },
                  {
                    "resultForm": {
                      "resultEffect": "GetConfirmedEgogift",
                      "itemReward": {
                        "type": "EGO_GIFT",
                        "rewardId": 1014,
                        "num": 1,
                        "prob": 1
                      }
                    }
                  }
                ]
              }
            ]
          },
          {
            "eventResult": "FAILURE",
            "eventResultDataList": [
              {
                "resultIndex": 0,
                "resultCondition": "Prob_1",
                "nextEventID": -1,
                "eventResultDataList": [
                  {
                    "resultForm": {
                      "resultEffectTarget": "ChosenPersonality",
                      "resultEffect": "LoseHpOnly_20"
                    }
                  }
                ]
              }
            ]
          }
        ]
      }
    },
    {
      "id": 1030201,
      "canSkip": false,
      "eventType": "COIN_EVENT",
      "personalityEvent": {
        "participantInfo": {
          "min": 1,
          "max": 1
        },
        "adderInfo": [],
        "judgement": {
          "upDownType": 1,
          "inclusiveValue": 9,
          "exclusiveValue": 12,
          "judgementDataList": [
            {
              "attributeType": "CRIMSON"
            }
          ]
        },
        "eventResults": [
          {
            "eventResult": "SUCCESS",
            "eventResultDataList": [
              {
                "resultIndex": 0,
                "resultCondition": "Prob_1",
                "nextEventID": -1,
                "eventResultDataList": [
                  {
                    "resultForm": {
                      "resultEffectTarget": "ChosenPersonality",
                      "resultEffect": "RecoverMpOnly_20"
                    }
                  },
                  {
                    "resultForm": {
                      "resultEffect": "UnlockHiddenRoute_33"
                    }
                  }
                ]
              }
            ]
          },
          {
            "eventResult": "FAILURE",
            "eventResultDataList": [
              {
                "resultIndex": 0,
                "resultCondition": "Prob_1",
                "nextEventID": -1,
                "eventResultDataList": [
                  {
                    "resultForm": {
                      "resultEffectTarget": "ChosenPersonality",
                      "resultEffect": "LoseHpMpSameAmount_10"
                    }
                  }
                ]
              }
            ]
          }
        ]
      }
    },
    {
      "id": 1030202,
      "canSkip": false,
      "eventType": "COIN_EVENT",
      "personalityEvent": {
        "participantInfo": {
          "min": 1,
          "max": 1
        },
        "adderInfo": [],
        "judgement": {
          "upDownType": 1,
          "inclusiveValue": 9,
          "exclusiveValue": 12,
          "judgementDataList": [
            {
              "attributeType": "AMBER"
            }
          ]
        },
        "eventResults": [
          {
            "eventResult": "SUCCESS",
            "eventResultDataList": [
              {
                "resultIndex": 0,
                "resultCondition": "Prob_1",
                "nextEventID": -1,
                "eventResultDataList": [
                  {
                    "resultForm": {
                      "resultEffectTarget": "ChosenPersonality",
                      "resultEffect": "RecoverMpOnly_20"
                    }
                  },
                  {
                    "resultForm": {
                      "resultEffect": "UnlockHiddenRoute_33"
                    }
                  }
                ]
              }
            ]
          },
          {
            "eventResult": "FAILURE",
            "eventResultDataList": [
              {
                "resultIndex": 0,
                "resultCondition": "Prob_1",
                "nextEventID": -1,
                "eventResultDataList": [
                  {
                    "resultForm": {
                      "resultEffectTarget": "ChosenPersonality",
                      "resultEffect": "LoseMpOnly_20"
                    }
                  }
                ]
              }
            ]
          }
        ]
      }
    },
    {
      "id": 1030301,
      "canSkip": false,
      "eventType": "COIN_EVENT",
      "personalityEvent": {
        "participantInfo": {
          "min": 1,
          "max": 1
        },
        "adderInfo": [],
        "judgement": {
          "upDownType": 1,
          "inclusiveValue": 10,
          "exclusiveValue": 14,
          "judgementDataList": [
            {
              "attributeType": "INDIGO"
            }
          ]
        },
        "eventResults": [
          {
            "eventResult": "SUCCESS",
            "eventResultDataList": [
              {
                "resultIndex": 0,
                "resultCondition": "Prob_1",
                "nextEventID": -1,
                "eventResultDataList": [
                  {
                    "resultForm": {
                      "resultEffect": "ReduceEnemyWave_1"
                    }
                  },
                  {
                    "resultForm": {
                      "resultEffect": "GetConfirmedEgogift",
                      "resultDescId": "Choice_1030301",
                      "itemReward": {
                        "type": "EGO_GIFT",
                        "rewardId": 991008,
                        "num": 1,
                        "prob": 1
                      }
                    }
                  },
                  {
                    "resultForm": {
                      "resultEffect": "StartBattle",
                      "nextBattleID": 10314
                    }
                  },
                  {
                    "resultForm": {
                      "resultEffect": "GetConfirmedEgogiftOnWinBattle",
                      "itemReward": {
                        "type": "EGO_GIFT",
                        "rewardId": 1021,
                        "num": 1,
                        "prob": 1
                      }
                    }
                  }
                ]
              }
            ]
          },
          {
            "eventResult": "FAILURE",
            "eventResultDataList": [
              {
                "resultIndex": 0,
                "resultCondition": "Prob_1",
                "nextEventID": -1,
                "eventResultDataList": [
                  {
                    "resultForm": {
                      "resultEffectTarget": "ChosenPersonality",
                      "resultEffect": "LoseHpOnly_10"
                    }
                  },
                  {
                    "resultForm": {
                      "resultEffect": "StartBattle",
                      "nextBattleID": 10315
                    }
                  },
                  {
                    "resultForm": {
                      "resultEffect": "GetConfirmedEgogiftOnWinBattle",
                      "itemReward": {
                        "type": "EGO_GIFT",
                        "rewardId": 1021,
                        "num": 1,
                        "prob": 1
                      }
                    }
                  }
                ]
              }
            ]
          }
        ]
      }
    },
    {
      "id": 1030302,
      "canSkip": false,
      "eventType": "COIN_EVENT",
      "personalityEvent": {
        "participantInfo": {
          "min": 1,
          "max": 1
        },
        "adderInfo": [],
        "judgement": {
          "upDownType": 1,
          "inclusiveValue": 10,
          "exclusiveValue": 14,
          "judgementDataList": [
            {
              "attributeType": "SCARLET"
            }
          ]
        },
        "eventResults": [
          {
            "eventResult": "SUCCESS",
            "eventResultDataList": [
              {
                "resultIndex": 0,
                "resultCondition": "Prob_1",
                "nextEventID": -1,
                "eventResultDataList": [
                  {
                    "resultForm": {
                      "resultEffect": "ReduceEnemyWave_2"
                    }
                  },
                  {
                    "resultForm": {
                      "resultEffect": "StartBattle",
                      "nextBattleID": 10313
                    }
                  },
                  {
                    "resultForm": {
                      "resultEffect": "GetConfirmedEgogiftOnWinBattle",
                      "itemReward": {
                        "type": "EGO_GIFT",
                        "rewardId": 1021,
                        "num": 1,
                        "prob": 1
                      }
                    }
                  }
                ]
              }
            ]
          },
          {
            "eventResult": "FAILURE",
            "eventResultDataList": [
              {
                "resultIndex": 0,
                "resultCondition": "Prob_1",
                "nextEventID": -1,
                "eventResultDataList": [
                  {
                    "resultForm": {
                      "resultEffectTarget": "ChosenPersonality",
                      "resultEffect": "LoseHpOnly_10"
                    }
                  },
                  {
                    "resultForm": {
                      "resultEffect": "StartBattle",
                      "nextBattleID": 10315
                    }
                  },
                  {
                    "resultForm": {
                      "resultEffect": "GetConfirmedEgogiftOnWinBattle",
                      "itemReward": {
                        "type": "EGO_GIFT",
                        "rewardId": 1021,
                        "num": 1,
                        "prob": 1
                      }
                    }
                  }
                ]
              }
            ]
          }
        ]
      }
    },
    {
      "id": 1030501,
      "canSkip": false,
      "eventType": "COIN_EVENT",
      "personalityEvent": {
        "participantInfo": {
          "min": 1,
          "max": 1
        },
        "adderInfo": [
          {
            "correctionCase": "SpecificUnit_Sinclair",
            "adder": 4
          }
        ],
        "judgement": {
          "upDownType": 1,
          "inclusiveValue": 10,
          "exclusiveValue": 13,
          "judgementDataList": [
            {
              "attributeType": "CRIMSON"
            }
          ]
        },
        "eventResults": [
          {
            "eventResult": "SUCCESS",
            "eventResultDataList": [
              {
                "resultIndex": 0,
                "resultCondition": "ChooseUnit_Sinclair:Not",
                "nextEventID": -1,
                "eventResultDataList": [
                  {
                    "resultForm": {
                      "resultEffect": "GetConfirmedEgogift",
                      "resultDescId": "Choice_1030501",
                      "itemReward": {
                        "type": "EGO_GIFT",
                        "rewardId": 991009,
                        "num": 1,
                        "prob": 1
                      }
                    }
                  },
                  {
                    "resultForm": {
                      "resultEffect": "StartBattle",
                      "nextBattleID": 10316
                    }
                  }
                ]
              },
              {
                "resultIndex": 1,
                "resultCondition": "ChooseUnit_Sinclair",
                "nextEventID": -1,
                "eventResultDataList": [
                  {
                    "resultForm": {
                      "resultEffect": "GetConfirmedEgogift",
                      "itemReward": {
                        "type": "EGO_GIFT",
                        "rewardId": 1022,
                        "num": 1,
                        "prob": 1
                      }
                    }
                  },
                  {
                    "resultForm": {
                      "resultEffect": "GetConfirmedEgogift",
                      "resultDescId": "Choice_1030501",
                      "itemReward": {
                        "type": "EGO_GIFT",
                        "rewardId": 991009,
                        "num": 1,
                        "prob": 1
                      }
                    }
                  },
                  {
                    "resultForm": {
                      "resultEffect": "StartBattle",
                      "nextBattleID": 10316
                    }
                  }
                ]
              }
            ]
          },
          {
            "eventResult": "FAILURE",
            "eventResultDataList": [
              {
                "resultIndex": 0,
                "resultCondition": "Prob_1",
                "nextEventID": -1,
                "eventResultDataList": [
                  {
                    "resultForm": {
                      "resultEffectTarget": "ChosenPersonality",
                      "resultEffect": "LoseHpOnly_15"
                    }
                  },
                  {
                    "resultForm": {
                      "resultEffect": "StartBattle",
                      "nextBattleID": 10316
                    }
                  }
                ]
              }
            ]
          }
        ]
      }
    },
    {
      "id": 1030601,
      "canSkip": false,
      "eventType": "COIN_EVENT",
      "personalityEvent": {
        "participantInfo": {
          "min": 1,
          "max": 1
        },
        "adderInfo": [
          {
            "correctionCase": "SpecificUnit_Rodion,Ryosyu",
            "adder": 4
          },
          {
            "correctionCase": "SpecificUnit_Sinclair,Honglu",
            "adder": -2
          }
        ],
        "judgement": {
          "upDownType": 1,
          "inclusiveValue": 11,
          "exclusiveValue": 14,
          "judgementDataList": [
            {
              "attributeType": "SHAMROCK"
            }
          ]
        },
        "eventResults": [
          {
            "eventResult": "SUCCESS",
            "eventResultDataList": [
              {
                "resultIndex": 0,
                "resultCondition": "Prob_1",
                "nextEventID": -1,
                "eventResultDataList": [
                  {
                    "resultForm": {
                      "resultEffect": "GetConfirmedEgogift",
                      "itemReward": {
                        "type": "EGO_GIFT",
                        "rewardId": 1037,
                        "num": 1,
                        "prob": 1
                      }
                    }
                  },
                  {
                    "resultForm": {
                      "resultEffectTarget": "ChosenPersonality",
                      "resultEffect": "RecoverMpOnly_10"
                    }
                  }
                ]
              }
            ]
          },
          {
            "eventResult": "FAILURE",
            "eventResultDataList": [
              {
                "resultIndex": 0,
                "resultCondition": "ChooseUnit_Sinclair,Honglu",
                "nextEventID": -1,
                "eventResultDataList": [
                  {
                    "resultForm": {
                      "resultEffectTarget": "ChosenPersonality",
                      "resultEffect": "LoseMpOnly_20"
                    }
                  },
                  {
                    "resultForm": {
                      "resultEffectTarget": "EveryAlly",
                      "resultEffect": "LoseHpOnly_5"
                    }
                  }
                ]
              },
              {
                "resultIndex": 1,
                "resultCondition": "ChooseUnit_Sinclair,Honglu:Not",
                "nextEventID": -1,
                "eventResultDataList": [
                  {
                    "resultForm": {
                      "resultEffectTarget": "ChosenPersonality",
                      "resultEffect": "LoseMpOnly_10"
                    }
                  },
                  {
                    "resultForm": {
                      "resultEffectTarget": "EveryAlly",
                      "resultEffect": "LoseHpOnly_5"
                    }
                  }
                ]
              }
            ]
          }
        ]
      }
    },
    {
      "id": 1030801,
      "canSkip": false,
      "eventType": "COIN_EVENT",
      "personalityEvent": {
        "participantInfo": {
          "min": 1,
          "max": 1
        },
        "adderInfo": [
          {
            "correctionCase": "SpecificUnit_Donquixote",
            "adder": -100
          }
        ],
        "judgement": {
          "upDownType": 1,
          "inclusiveValue": 10,
          "exclusiveValue": 15,
          "judgementDataList": [
            {
              "attributeType": "CRIMSON"
            }
          ]
        },
        "silenceCharacterUniqueIdList": [
          3
        ],
        "eventResults": [
          {
            "eventResult": "SUCCESS",
            "eventResultDataList": [
              {
                "resultIndex": 0,
                "resultCondition": "Prob_1",
                "nextEventID": -1,
                "eventResultDataList": [
                  {
                    "resultForm": {
                      "resultEffectTarget": "ChosenPersonality",
                      "resultEffect": "LoseHpOnly_20"
                    }
                  },
                  {
                    "resultForm": {
                      "resultEffectTarget": "ChosenPersonality",
                      "resultEffect": "LoseMpOnly_20"
                    }
                  },
                  {
                    "resultForm": {
                      "resultEffect": "GetConfirmedEgogift",
                      "itemReward": {
                        "type": "EGO_GIFT",
                        "rewardId": 1038,
                        "num": 1,
                        "prob": 1
                      }
                    }
                  }
                ]
              }
            ]
          },
          {
            "eventResult": "FAILURE",
            "eventResultDataList": [
              {
                "resultIndex": 0,
                "resultCondition": "ChooseUnit_Donquixote:Not",
                "nextEventID": -1,
                "eventResultDataList": [
                  {
                    "resultForm": {
                      "resultEffectTarget": "ChosenPersonality",
                      "resultEffect": "LoseHpOnly_30"
                    }
                  },
                  {
                    "resultForm": {
                      "resultEffectTarget": "ChosenPersonality",
                      "resultEffect": "LoseMpOnly_30"
                    }
                  },
                  {
                    "resultForm": {
                      "resultEffect": "StartBattle",
                      "nextBattleID": 10337
                    }
                  }
                ]
              },
              {
                "resultIndex": 1,
                "resultCondition": "ChooseUnit_Donquixote",
                "nextEventID": -1,
                "eventResultDataList": [
                  {
                    "resultForm": {
                      "resultEffectTarget": "ChosenPersonality",
                      "resultEffect": "LoseHpOnly_30"
                    }
                  },
                  {
                    "resultForm": {
                      "resultEffectTarget": "ChosenPersonality",
                      "resultEffect": "LoseMpOnly_30"
                    }
                  },
                  {
                    "resultForm": {
                      "resultEffect": "StartBattle",
                      "nextBattleID": 10337
                    }
                  }
                ]
              }
            ]
          }
        ]
      }
    },
    {
      "id": 1031001,
      "canSkip": false,
      "eventType": "COIN_EVENT",
      "personalityEvent": {
        "participantInfo": {
          "min": 1,
          "max": 1
        },
        "adderInfo": [],
        "judgement": {
          "upDownType": 1,
          "inclusiveValue": 10,
          "exclusiveValue": 15,
          "judgementDataList": [
            {
              "attributeType": "AZURE"
            }
          ]
        },
        "eventResults": [
          {
            "eventResult": "SUCCESS",
            "eventResultDataList": [
              {
                "resultIndex": 0,
                "resultCondition": "Prob_1",
                "nextEventID": -1,
                "eventResultDataList": [
                  {
                    "resultForm": {
                      "resultEffectTarget": "ChosenPersonality",
                      "resultEffect": "LoseMpOnly_10"
                    }
                  },
                  {
                    "resultForm": {
                      "resultEffect": "GetConfirmedEgogift",
                      "itemReward": {
                        "type": "EGO_GIFT",
                        "rewardId": 1039,
                        "num": 1,
                        "prob": 1
                      }
                    }
                  }
                ]
              }
            ]
          },
          {
            "eventResult": "FAILURE",
            "eventResultDataList": [
              {
                "resultIndex": 0,
                "resultCondition": "Prob_1",
                "nextEventID": -1,
                "eventResultDataList": [
                  {
                    "resultForm": {
                      "resultEffectTarget": "ChosenPersonality",
                      "resultEffect": "LoseMpOnly_20"
                    }
                  },
                  {
                    "resultForm": {
                      "resultEffect": "GetConfirmedEgogift",
                      "resultDescId": "Choice_1031001",
                      "itemReward": {
                        "type": "EGO_GIFT",
                        "rewardId": 991010,
                        "num": 1,
                        "prob": 1
                      }
                    }
                  }
                ]
              }
            ]
          }
        ]
      }
    },
    {
      "id": 1031201,
      "canSkip": false,
      "eventType": "COIN_EVENT",
      "personalityEvent": {
        "participantInfo": {
          "min": 1,
          "max": 1
        },
        "adderInfo": [
          {
            "correctionCase": "SpecificUnit_Sinclair",
            "adder": 4
          }
        ],
        "judgement": {
          "upDownType": 1,
          "inclusiveValue": 10,
          "exclusiveValue": 15,
          "judgementDataList": [
            {
              "attributeType": "CRIMSON"
            }
          ]
        },
        "eventResults": [
          {
            "eventResult": "SUCCESS",
            "eventResultDataList": [
              {
                "resultIndex": 0,
                "resultCondition": "Prob_1",
                "nextEventID": -1,
                "eventResultDataList": [
                  {
                    "resultForm": {
                      "resultEffectTarget": "ChosenPersonality",
                      "resultEffect": "LoseHpOnly_20"
                    }
                  },
                  {
                    "resultForm": {
                      "resultEffect": "GetConfirmedEgogift",
                      "itemReward": {
                        "type": "EGO_GIFT",
                        "rewardId": 1043,
                        "num": 1,
                        "prob": 1
                      }
                    }
                  }
                ]
              }
            ]
          },
          {
            "eventResult": "FAILURE",
            "eventResultDataList": [
              {
                "resultIndex": 0,
                "resultCondition": "Prob_1",
                "nextEventID": -1,
                "eventResultDataList": [
                  {
                    "resultForm": {
                      "resultEffectTarget": "ChosenPersonality",
                      "resultEffect": "LoseHpOnly_20"
                    }
                  },
                  {
                    "resultForm": {
                      "resultEffectTarget": "ChosenPersonality",
                      "resultEffect": "LoseMpOnly_10"
                    }
                  },
                  {
                    "resultForm": {
                      "resultEffectTarget": "ChosenPersonality",
                      "resultEffect": "LoseHpOnly_20"
                    }
                  },
                  {
                    "resultForm": {
                      "resultEffectTarget": "ChosenPersonality",
                      "resultEffect": "LoseMpOnly_10"
                    }
                  },
                  {
                    "resultForm": {
                      "resultEffectTarget": "ChosenPersonality",
                      "resultEffect": "LoseHpOnly_20"
                    }
                  },
                  {
                    "resultForm": {
                      "resultEffectTarget": "ChosenPersonality",
                      "resultEffect": "LoseMpOnly_10"
                    }
                  }
                ]
              }
            ]
          }
        ]
      }
    },
    {
      "id": 1031401,
      "canSkip": false,
      "eventType": "COIN_EVENT",
      "personalityEvent": {
        "participantInfo": {
          "min": 1,
          "max": 1
        },
        "adderInfo": [
          {
            "correctionCase": "SpecificUnit_Ryosyu",
            "adder": 4
          }
        ],
        "judgement": {
          "upDownType": 1,
          "inclusiveValue": 12,
          "exclusiveValue": 16,
          "judgementDataList": [
            {
              "attributeType": "SCARLET"
            }
          ]
        },
        "eventResults": [
          {
            "eventResult": "SUCCESS",
            "eventResultDataList": [
              {
                "resultIndex": 0,
                "resultCondition": "Prob_1",
                "nextEventID": -1,
                "eventResultDataList": [
                  {
                    "resultForm": {
                      "resultEffectTarget": "ChosenPersonality",
                      "resultEffect": "RecoverMpOnly_20"
                    }
                  }
                ]
              }
            ]
          },
          {
            "eventResult": "FAILURE",
            "eventResultDataList": [
              {
                "resultIndex": 0,
                "resultCondition": "Prob_1",
                "nextEventID": -1,
                "eventResultDataList": [
                  {
                    "resultForm": {
                      "resultEffectTarget": "ChosenPersonality",
                      "resultEffect": "LoseMpOnly_10"
                    }
                  },
                  {
                    "resultForm": {
                      "resultEffect": "StartBattle",
                      "nextBattleID": 10339
                    }
                  }
                ]
              }
            ]
          }
        ]
      }
    },
    {
      "id": 91030201,
      "canSkip": false,
      "eventType": "COIN_EVENT",
      "personalityEvent": {
        "participantInfo": {
          "min": 1,
          "max": 1
        },
        "adderInfo": [],
        "judgement": {
          "upDownType": 1,
          "inclusiveValue": 14,
          "exclusiveValue": 18,
          "judgementDataList": [
            {
              "attributeType": "SCARLET"
            }
          ]
        },
        "eventResults": [
          {
            "eventResult": "SUCCESS",
            "eventResultDataList": [
              {
                "resultIndex": 0,
                "resultCondition": "Prob_1",
                "nextEventID": -1,
                "eventResultDataList": [
                  {
                    "resultForm": {
                      "resultEffect": "GetConfirmedEgogift",
                      "itemReward": {
                        "type": "EGO_GIFT",
                        "rewardId": 1055,
                        "num": 1,
                        "prob": 1
                      }
                    }
                  }
                ]
              }
            ]
          },
          {
            "eventResult": "FAILURE",
            "eventResultDataList": [
              {
                "resultIndex": 0,
                "resultCondition": "Prob_1",
                "nextEventID": -1,
                "eventResultDataList": [
                  {
                    "resultForm": {
                      "resultEffect": "Nothing"
                    }
                  }
                ]
              }
            ]
          }
        ]
      }
    },
    {
      "id": 1040101,
      "canSkip": false,
      "eventType": "COIN_EVENT",
      "personalityEvent": {
        "participantInfo": {
          "min": 1,
          "max": 1
        },
        "adderInfo": [
          {
            "correctionCase": "SpecificUnit_Yisang,Faust",
            "adder": 2
          }
        ],
        "judgement": {
          "upDownType": 1,
          "inclusiveValue": 12,
          "exclusiveValue": 15,
          "judgementDataList": [
            {
              "attributeType": "SHAMROCK"
            }
          ]
        },
        "eventResults": [
          {
            "eventResult": "SUCCESS",
            "eventResultDataList": [
              {
                "resultIndex": 0,
                "resultCondition": "Prob_1",
                "nextEventID": -1,
                "eventResultDataList": [
                  {
                    "resultForm": {
                      "resultEffectTarget": "ChosenPersonality",
                      "resultEffect": "LoseHpOnly_10"
                    }
                  },
                  {
                    "resultForm": {
                      "resultEffect": "GetConfirmedEgogift",
                      "itemReward": {
                        "type": "EGO_GIFT",
                        "rewardId": 2001,
                        "num": 1,
                        "prob": 1
                      }
                    }
                  }
                ]
              }
            ]
          },
          {
            "eventResult": "FAILURE",
            "eventResultDataList": [
              {
                "resultIndex": 0,
                "resultCondition": "Prob_1",
                "nextEventID": 1040102,
                "eventResultDataList": [
                  {
                    "resultForm": {
                      "resultEffectTarget": "ChosenPersonality",
                      "resultEffect": "LoseHpOnly_10"
                    }
                  }
                ]
              }
            ]
          }
        ]
      }
    },
    {
      "id": 1040301,
      "canSkip": false,
      "eventType": "COIN_EVENT",
      "personalityEvent": {
        "participantInfo": {
          "min": 1,
          "max": 1
        },
        "adderInfo": [
          {
            "correctionCase": "SpecificUnit_Sinclair,Faust,Honglu",
            "adder": 2
          },
          {
            "correctionCase": "SpecificUnit_Yisang",
            "adder": 4
          }
        ],
        "judgement": {
          "upDownType": 1,
          "inclusiveValue": 9,
          "exclusiveValue": 12,
          "judgementDataList": [
            {
              "attributeType": "AMBER"
            }
          ]
        },
        "eventResults": [
          {
            "eventResult": "SUCCESS",
            "eventResultDataList": [
              {
                "resultIndex": 0,
                "resultCondition": "Prob_1",
                "nextEventID": -1,
                "eventResultDataList": [
                  {
                    "resultForm": {
                      "resultEffectTarget": "ChosenPersonality",
                      "resultEffect": "LoseMpOnly_10"
                    }
                  },
                  {
                    "resultForm": {
                      "resultEffect": "GetConfirmedEgogift",
                      "itemReward": {
                        "type": "EGO_GIFT",
                        "rewardId": 2002,
                        "num": 1,
                        "prob": 1
                      }
                    }
                  }
                ]
              }
            ]
          },
          {
            "eventResult": "FAILURE",
            "eventResultDataList": [
              {
                "resultIndex": 0,
                "resultCondition": "Prob_1",
                "nextEventID": -1,
                "eventResultDataList": [
                  {
                    "resultForm": {
                      "resultEffectTarget": "ChosenPersonality",
                      "resultEffect": "LoseMpOnly_15"
                    }
                  },
                  {
                    "resultForm": {
                      "resultEffect": "GetConfirmedEgogift",
                      "resultDescId": "Choice_1040301",
                      "itemReward": {
                        "type": "EGO_GIFT",
                        "rewardId": 991011,
                        "num": 1,
                        "prob": 1
                      }
                    }
                  }
                ]
              }
            ]
          }
        ]
      }
    },
    {
      "id": 1040401,
      "canSkip": false,
      "eventType": "COIN_EVENT",
      "personalityEvent": {
        "participantInfo": {
          "min": 1,
          "max": 1
        },
        "adderInfo": [
          {
            "correctionCase": "SpecificUnit_Yisang",
            "adder": 4
          }
        ],
        "judgement": {
          "upDownType": 1,
          "inclusiveValue": 7,
          "exclusiveValue": 12,
          "judgementDataList": [
            {
              "attributeType": "INDIGO"
            }
          ]
        },
        "eventResults": [
          {
            "eventResult": "SUCCESS",
            "eventResultDataList": [
              {
                "resultIndex": 0,
                "resultCondition": "Prob_1",
                "nextEventID": 1040402
              }
            ]
          },
          {
            "eventResult": "FAILURE",
            "eventResultDataList": [
              {
                "resultIndex": 0,
                "resultCondition": "Prob_1",
                "nextEventID": -1,
                "eventResultDataList": [
                  {
                    "resultForm": {
                      "resultEffect": "Nothing"
                    }
                  }
                ]
              }
            ]
          }
        ]
      }
    },
    {
      "id": 1040801,
      "canSkip": false,
      "eventType": "COIN_EVENT",
      "personalityEvent": {
        "participantInfo": {
          "min": 1,
          "max": 1
        },
        "adderInfo": [
          {
            "correctionCase": "SpecificUnit_Yisang",
            "adder": 4
          }
        ],
        "judgement": {
          "upDownType": 1,
          "inclusiveValue": 7,
          "exclusiveValue": 12,
          "judgementDataList": [
            {
              "attributeType": "AZURE"
            }
          ]
        },
        "eventResults": [
          {
            "eventResult": "SUCCESS",
            "eventResultDataList": [
              {
                "resultIndex": 0,
                "resultCondition": "ChooseUnit_Yisang",
                "nextEventID": -1,
                "eventResultDataList": [
                  {
                    "resultForm": {
                      "resultEffectTarget": "ChosenPersonality",
                      "resultEffect": "RecoverMpOnly_25"
                    }
                  },
                  {
                    "resultForm": {
                      "resultEffect": "GetConfirmedEgogift",
                      "itemReward": {
                        "type": "EGO_GIFT",
                        "rewardId": 2010,
                        "num": 1,
                        "prob": 1
                      }
                    }
                  }
                ]
              },
              {
                "resultIndex": 1,
                "resultCondition": "ChooseUnit_Yisang:Not",
                "nextEventID": -1,
                "eventResultDataList": [
                  {
                    "resultForm": {
                      "resultEffectTarget": "ChosenPersonality",
                      "resultEffect": "LoseMpOnly_15"
                    }
                  },
                  {
                    "resultForm": {
                      "resultEffect": "GetConfirmedEgogift",
                      "itemReward": {
                        "type": "EGO_GIFT",
                        "rewardId": 2010,
                        "num": 1,
                        "prob": 1
                      }
                    }
                  }
                ]
              }
            ]
          },
          {
            "eventResult": "FAILURE",
            "eventResultDataList": [
              {
                "resultIndex": 0,
                "resultCondition": "Prob_1",
                "nextEventID": -1,
                "eventResultDataList": [
                  {
                    "resultForm": {
                      "resultEffect": "Nothing"
                    }
                  }
                ]
              }
            ]
          }
        ]
      }
    },
    {
      "id": 1050101,
      "canSkip": false,
      "eventType": "COIN_EVENT",
      "personalityEvent": {
        "participantInfo": {
          "min": 1,
          "max": 1
        },
        "silenceCharacterUniqueIdList": [],
        "adderInfo": [
          {
            "correctionCase": "SpecificUnit_Ishmael,Outis",
            "adder": 5
          }
        ],
        "judgement": {
          "upDownType": 1,
          "inclusiveValue": 11,
          "exclusiveValue": 14,
          "judgementDataList": [
            {
              "attributeType": "CRIMSON"
            }
          ]
        },
        "eventResults": [
          {
            "eventResult": "SUCCESS",
            "eventResultDataList": [
              {
                "resultIndex": 0,
                "resultCondition": "ChooseUnit_Ishmael:Not",
                "nextEventID": -1,
                "eventResultDataList": [
                  {
                    "resultForm": {
                      "resultEffectTarget": "ChosenPersonality",
                      "resultEffect": "LoseHpOnly_15"
                    }
                  },
                  {
                    "resultForm": {
                      "resultEffect": "GetConfirmedEgogift",
                      "itemReward": {
                        "type": "EGO_GIFT",
                        "rewardId": 2019,
                        "num": 1,
                        "prob": 1
                      }
                    }
                  }
                ]
              },
              {
                "resultIndex": 1,
                "resultCondition": "ChooseUnit_Ishmael",
                "nextEventID": -1,
                "eventResultDataList": [
                  {
                    "resultForm": {
                      "resultEffectTarget": "ChosenPersonality",
                      "resultEffect": "LoseHpOnly_15"
                    }
                  },
                  {
                    "resultForm": {
                      "resultEffect": "GetConfirmedEgogift",
                      "itemReward": {
                        "type": "EGO_GIFT",
                        "rewardId": 2019,
                        "num": 1,
                        "prob": 1
                      }
                    }
                  },
                  {
                    "resultForm": {
                      "resultEffect": "GetConfirmedEgogift",
                      "itemReward": {
                        "type": "EGO_GIFT",
                        "rewardId": 2020,
                        "num": 1,
                        "prob": 1
                      }
                    }
                  }
                ]
              }
            ]
          },
          {
            "eventResult": "FAILURE",
            "eventResultDataList": [
              {
                "resultIndex": 0,
                "resultCondition": "Prob_1",
                "nextEventID": -1,
                "eventResultDataList": [
                  {
                    "resultForm": {
                      "resultEffectTarget": "ChosenPersonality",
                      "resultEffect": "LoseMpOnly_10"
                    }
                  },
                  {
                    "resultForm": {
                      "resultEffect": "StartBattle",
                      "nextBattleID": 10517
                    }
                  },
                  {
                    "resultForm": {
                      "resultEffect": "GetConfirmedEgogiftOnWinBattle",
                      "itemReward": {
                        "type": "EGO_GIFT",
                        "rewardId": 2019,
                        "num": 1,
                        "prob": 1
                      }
                    }
                  }
                ]
              }
            ]
          }
        ]
      }
    },
    {
      "id": 10502,
      "canSkip": false,
      "eventType": "COIN_EVENT",
      "personalityEvent": {
        "participantInfo": {
          "min": 1,
          "max": 1
        },
        "silenceCharacterUniqueIdList": [],
        "adderInfo": [
          {
            "correctionCase": "SpecificUnit_Ishmael,Outis",
            "adder": 5
          }
        ],
        "judgement": {
          "upDownType": 1,
          "inclusiveValue": 8,
          "exclusiveValue": 11,
          "judgementDataList": [
            {
              "attributeType": "INDIGO"
            }
          ]
        },
        "eventResults": [
          {
            "eventResult": "SUCCESS",
            "eventResultDataList": [
              {
                "resultIndex": 0,
                "resultCondition": "ChooseUnit_Ishmael:Not",
                "nextEventID": 1050201,
                "eventResultDataList": [
                  {
                    "resultForm": {
                      "resultEffectTarget": "ChosenPersonality",
                      "resultEffect": "RecoverMpOnly_5"
                    }
                  }
                ]
              },
              {
                "resultIndex": 1,
                "resultCondition": "ChooseUnit_Ishmael",
                "nextEventID": 1050201,
                "eventResultDataList": [
                  {
                    "resultForm": {
                      "resultEffectTarget": "ChosenPersonality",
                      "resultEffect": "RecoverMpOnly_5"
                    }
                  },
                  {
                    "resultForm": {
                      "resultEffect": "GetConfirmedEgogift",
                      "itemReward": {
                        "type": "EGO_GIFT",
                        "rewardId": 2022,
                        "num": 1,
                        "prob": 1
                      }
                    }
                  }
                ]
              }
            ]
          },
          {
            "eventResult": "FAILURE",
            "eventResultDataList": [
              {
                "resultIndex": 0,
                "resultCondition": "Prob_1",
                "nextEventID": -1,
                "eventResultDataList": [
                  {
                    "resultForm": {
                      "resultEffectTarget": "ChosenPersonality",
                      "resultEffect": "LoseMpOnly_5"
                    }
                  },
                  {
                    "resultForm": {
                      "resultEffect": "StartBattle",
                      "nextBattleID": 10518
                    }
                  }
                ]
              }
            ]
          }
        ]
      }
    },
    {
      "id": 1050201,
      "canSkip": false,
      "eventType": "COIN_EVENT",
      "personalityEvent": {
        "participantInfo": {
          "min": 1,
          "max": 1
        },
        "silenceCharacterUniqueIdList": [],
        "adderInfo": [
          {
            "correctionCase": "SpecificUnit_Ishmael,Outis",
            "adder": 5
          }
        ],
        "judgement": {
          "upDownType": 1,
          "inclusiveValue": 10,
          "exclusiveValue": 13,
          "judgementDataList": [
            {
              "attributeType": "INDIGO"
            }
          ]
        },
        "eventResults": [
          {
            "eventResult": "SUCCESS",
            "eventResultDataList": [
              {
                "resultIndex": 0,
                "resultCondition": "ChooseUnit_Ishmael:Not",
                "nextEventID": 1050202,
                "eventResultDataList": [
                  {
                    "resultForm": {
                      "resultEffectTarget": "ChosenPersonality",
                      "resultEffect": "RecoverMpOnly_10"
                    }
                  }
                ]
              },
              {
                "resultIndex": 1,
                "resultCondition": "ChooseUnit_Ishmael",
                "nextEventID": 1050202,
                "eventResultDataList": [
                  {
                    "resultForm": {
                      "resultEffectTarget": "ChosenPersonality",
                      "resultEffect": "RecoverMpOnly_10"
                    }
                  },
                  {
                    "resultForm": {
                      "resultEffect": "GetConfirmedEgogift",
                      "itemReward": {
                        "type": "EGO_GIFT",
                        "rewardId": 2022,
                        "num": 1,
                        "prob": 1
                      }
                    }
                  }
                ]
              }
            ]
          },
          {
            "eventResult": "FAILURE",
            "eventResultDataList": [
              {
                "resultIndex": 0,
                "resultCondition": "Prob_1",
                "nextEventID": -1,
                "eventResultDataList": [
                  {
                    "resultForm": {
                      "resultEffectTarget": "ChosenPersonality",
                      "resultEffect": "LoseMpOnly_5"
                    }
                  },
                  {
                    "resultForm": {
                      "resultEffect": "StartBattle",
                      "nextBattleID": 10518
                    }
                  }
                ]
              }
            ]
          }
        ]
      }
    },
    {
      "id": 1050202,
      "canSkip": false,
      "eventType": "COIN_EVENT",
      "personalityEvent": {
        "participantInfo": {
          "min": 1,
          "max": 1
        },
        "silenceCharacterUniqueIdList": [],
        "adderInfo": [
          {
            "correctionCase": "SpecificUnit_Ishmael,Outis",
            "adder": 5
          }
        ],
        "judgement": {
          "upDownType": 1,
          "inclusiveValue": 13,
          "exclusiveValue": 16,
          "judgementDataList": [
            {
              "attributeType": "INDIGO"
            }
          ]
        },
        "eventResults": [
          {
            "eventResult": "SUCCESS",
            "eventResultDataList": [
              {
                "resultIndex": 0,
                "resultCondition": "ChooseUnit_Ishmael:Not",
                "nextEventID": -1,
                "eventResultDataList": [
                  {
                    "resultForm": {
                      "resultEffectTarget": "ChosenPersonality",
                      "resultEffect": "RecoverMpOnly_15"
                    }
                  },
                  {
                    "resultForm": {
                      "resultEffect": "GetConfirmedEgogift",
                      "itemReward": {
                        "type": "EGO_GIFT",
                        "rewardId": 2021,
                        "num": 1,
                        "prob": 1
                      }
                    }
                  }
                ]
              },
              {
                "resultIndex": 1,
                "resultCondition": "ChooseUnit_Ishmael",
                "nextEventID": -1,
                "eventResultDataList": [
                  {
                    "resultForm": {
                      "resultEffectTarget": "ChosenPersonality",
                      "resultEffect": "RecoverMpOnly_15"
                    }
                  },
                  {
                    "resultForm": {
                      "resultEffect": "GetConfirmedEgogift",
                      "itemReward": {
                        "type": "EGO_GIFT",
                        "rewardId": 2021,
                        "num": 1,
                        "prob": 1
                      }
                    }
                  },
                  {
                    "resultForm": {
                      "resultEffect": "GetConfirmedEgogift",
                      "itemReward": {
                        "type": "EGO_GIFT",
                        "rewardId": 2022,
                        "num": 1,
                        "prob": 1
                      }
                    }
                  }
                ]
              }
            ]
          },
          {
            "eventResult": "FAILURE",
            "eventResultDataList": [
              {
                "resultIndex": 0,
                "resultCondition": "Prob_1",
                "nextEventID": -1,
                "eventResultDataList": [
                  {
                    "resultForm": {
                      "resultEffectTarget": "ChosenPersonality",
                      "resultEffect": "LoseMpOnly_10"
                    }
                  },
                  {
                    "resultForm": {
                      "resultEffect": "StartBattle",
                      "nextBattleID": 10518
                    }
                  },
                  {
                    "resultForm": {
                      "resultEffect": "GetConfirmedEgogiftOnWinBattle",
                      "itemReward": {
                        "type": "EGO_GIFT",
                        "rewardId": 2021,
                        "num": 1,
                        "prob": 1
                      }
                    }
                  }
                ]
              }
            ]
          }
        ]
      }
    },
    {
      "id": 10503,
      "canSkip": false,
      "eventType": "COIN_EVENT",
      "personalityEvent": {
        "participantInfo": {
          "min": 1,
          "max": 1
        },
        "silenceCharacterUniqueIdList": [],
        "adderInfo": [
          {
            "correctionCase": "SpecificUnit_Ishmael,Outis",
            "adder": 5
          }
        ],
        "judgement": {
          "upDownType": 1,
          "inclusiveValue": 11,
          "exclusiveValue": 14,
          "judgementDataList": [
            {
              "attributeType": "CRIMSON"
            }
          ]
        },
        "eventResults": [
          {
            "eventResult": "SUCCESS",
            "eventResultDataList": [
              {
                "resultIndex": 0,
                "resultCondition": "ChooseUnit_Ishmael:Not",
                "nextEventID": -1,
                "eventResultDataList": [
                  {
                    "resultForm": {
                      "resultEffectTarget": "ChosenPersonality",
                      "resultEffect": "RecoverMpOnly_20"
                    }
                  },
                  {
                    "resultForm": {
                      "resultEffectTarget": "EveryAlly",
                      "resultEffect": "RecoverMpOnly_5"
                    }
                  }
                ]
              },
              {
                "resultIndex": 1,
                "resultCondition": "ChooseUnit_Ishmael",
                "nextEventID": -1,
                "eventResultDataList": [
                  {
                    "resultForm": {
                      "resultEffectTarget": "ChosenPersonality",
                      "resultEffect": "RecoverMpOnly_20"
                    }
                  },
                  {
                    "resultForm": {
                      "resultEffectTarget": "EveryAlly",
                      "resultEffect": "RecoverMpOnly_5"
                    }
                  },
                  {
                    "resultForm": {
                      "resultEffect": "GetConfirmedEgogift",
                      "itemReward": {
                        "type": "EGO_GIFT",
                        "rewardId": 2023,
                        "num": 1,
                        "prob": 1
                      }
                    }
                  }
                ]
              }
            ]
          },
          {
            "eventResult": "FAILURE",
            "eventResultDataList": [
              {
                "resultIndex": 0,
                "resultCondition": "Prob_1",
                "nextEventID": -1,
                "eventResultDataList": [
                  {
                    "resultForm": {
                      "resultEffectTarget": "ChosenPersonality",
                      "resultEffect": "LoseMpOnly_20"
                    }
                  },
                  {
                    "resultForm": {
                      "resultEffectTarget": "EveryAlly",
                      "resultEffect": "LoseHpMpSameAmount_10"
                    }
                  }
                ]
              }
            ]
          }
        ]
      }
    },
    {
      "id": 1050401,
      "canSkip": false,
      "eventType": "COIN_EVENT",
      "personalityEvent": {
        "participantInfo": {
          "min": 1,
          "max": 1
        },
        "silenceCharacterUniqueIdList": [],
        "adderInfo": [
          {
            "correctionCase": "SpecificUnit_Faust,Honglu,Outis,Gregor,Ryosyu",
            "adder": 5
          }
        ],
        "judgement": {
          "upDownType": 1,
          "inclusiveValue": 10,
          "exclusiveValue": 13,
          "judgementDataList": [
            {
              "attributeType": "INDIGO"
            }
          ]
        },
        "eventResults": [
          {
            "eventResult": "SUCCESS",
            "eventResultDataList": [
              {
                "resultIndex": 0,
                "resultCondition": "Prob_1",
                "nextEventID": -1,
                "eventResultDataList": [
                  {
                    "resultForm": {
                      "resultEffectTarget": "EveryAlly",
                      "resultEffect": "RecoverMpOnly_10"
                    }
                  }
                ]
              }
            ]
          },
          {
            "eventResult": "FAILURE",
            "eventResultDataList": [
              {
                "resultIndex": 0,
                "resultCondition": "Prob_1",
                "nextEventID": -1,
                "eventResultDataList": [
                  {
                    "resultForm": {
                      "resultEffectTarget": "ChosenPersonality",
                      "resultEffect": "LoseHpOnly_20"
                    }
                  }
                ]
              }
            ]
          }
        ]
      }
    },
    {
      "id": 1050501,
      "canSkip": false,
      "eventType": "COIN_EVENT",
      "personalityEvent": {
        "participantInfo": {
          "min": 1,
          "max": 1
        },
        "silenceCharacterUniqueIdList": [],
        "adderInfo": [
          {
            "correctionCase": "SpecificUnit_Faust,Outis,Gregor",
            "adder": 5
          }
        ],
        "judgement": {
          "upDownType": 1,
          "inclusiveValue": 12,
          "exclusiveValue": 15,
          "judgementDataList": [
            {
              "attributeType": "AMBER"
            }
          ]
        },
        "eventResults": [
          {
            "eventResult": "SUCCESS",
            "eventResultDataList": [
              {
                "resultIndex": 0,
                "resultCondition": "Prob_1",
                "nextEventID": 1050502,
                "eventResultDataList": [
                  {
                    "resultForm": {
                      "resultEffect": "GetConfirmedEgogift",
                      "itemReward": {
                        "type": "EGO_GIFT",
                        "rewardId": 2024,
                        "num": 1,
                        "prob": 1
                      }
                    }
                  }
                ]
              }
            ]
          },
          {
            "eventResult": "FAILURE",
            "eventResultDataList": [
              {
                "resultIndex": 0,
                "resultCondition": "Prob_1",
                "nextEventID": -1,
                "eventResultDataList": [
                  {
                    "resultForm": {
                      "resultEffect": "Nothing"
                    }
                  }
                ]
              }
            ]
          }
        ]
      }
    },
    {
      "id": 1050502,
      "canSkip": false,
      "eventType": "COIN_EVENT",
      "personalityEvent": {
        "participantInfo": {
          "min": 1,
          "max": 1
        },
        "silenceCharacterUniqueIdList": [],
        "adderInfo": [
          {
            "correctionCase": "SpecificUnit_Faust,Ishmael,Ryosyu,Rodion",
            "adder": 2
          }
        ],
        "judgement": {
          "upDownType": 1,
          "inclusiveValue": 12,
          "exclusiveValue": 15,
          "judgementDataList": [
            {
              "attributeType": "INDIGO"
            }
          ]
        },
        "eventResults": [
          {
            "eventResult": "SUCCESS",
            "eventResultDataList": [
              {
                "resultIndex": 0,
                "resultCondition": "ChooseUnit_Faust,Outis,Gregor,Rodion",
                "nextEventID": -1,
                "eventResultDataList": [
                  {
                    "resultForm": {
                      "resultEffect": "GetConfirmedEgogift",
                      "itemReward": {
                        "type": "EGO_GIFT",
                        "rewardId": 2025,
                        "num": 1,
                        "prob": 1
                      }
                    }
                  }
                ]
              },
              {
                "resultIndex": 1,
                "resultCondition": "ChooseUnit_Faust,Outis,Gregor,Rodion:Not",
                "nextEventID": -1,
                "eventResultDataList": [
                  {
                    "resultForm": {
                      "resultEffect": "GetConfirmedEgogift",
                      "itemReward": {
                        "type": "EGO_GIFT",
                        "rewardId": 2025,
                        "num": 1,
                        "prob": 1
                      }
                    }
                  }
                ]
              }
            ]
          },
          {
            "eventResult": "FAILURE",
            "eventResultDataList": [
              {
                "resultIndex": 0,
                "resultCondition": "Prob_1",
                "nextEventID": -1,
                "eventResultDataList": [
                  {
                    "resultForm": {
                      "resultEffect": "Nothing"
                    }
                  }
                ]
              }
            ]
          }
        ]
      }
    },
    {
      "id": 1050601,
      "canSkip": false,
      "eventType": "COIN_EVENT",
      "personalityEvent": {
        "participantInfo": {
          "min": 1,
          "max": 1
        },
        "silenceCharacterUniqueIdList": [],
        "adderInfo": [],
        "judgement": {
          "upDownType": 1,
          "inclusiveValue": 9,
          "exclusiveValue": 18,
          "judgementDataList": [
            {
              "attributeType": "CRIMSON"
            },
            {
              "attributeType": "AMBER"
            }
          ]
        },
        "eventResults": [
          {
            "eventResult": "SUCCESS",
            "eventResultDataList": [
              {
                "resultIndex": 0,
                "resultCondition": "Prob_1",
                "nextEventID": 1050602,
                "eventResultDataList": [
                  {
                    "resultForm": {
                      "resultEffectTarget": "ChosenPersonality",
                      "resultEffect": "RecoverMpOnly_30"
                    }
                  }
                ]
              }
            ]
          },
          {
            "eventResult": "FAILURE",
            "eventResultDataList": [
              {
                "resultIndex": 0,
                "resultCondition": "Prob_1",
                "nextEventID": 1050602,
                "eventResultDataList": [
                  {
                    "resultForm": {
                      "resultEffectTarget": "ChosenPersonality",
                      "resultEffect": "LoseHpOnly_30"
                    }
                  }
                ]
              }
            ]
          }
        ]
      }
    },
    {
      "id": 1050603,
      "canSkip": false,
      "eventType": "COIN_EVENT",
      "personalityEvent": {
        "participantInfo": {
          "min": 1,
          "max": 1
        },
        "silenceCharacterUniqueIdList": [],
        "adderInfo": [
          {
            "correctionCase": "SpecificAssociation_BLADE_LINEAGE",
            "adder": 5
          }
        ],
        "judgement": {
          "upDownType": 1,
          "inclusiveValue": 12,
          "exclusiveValue": 24,
          "judgementDataList": [
            {
              "attributeType": "INDIGO"
            }
          ]
        },
        "eventResults": [
          {
            "eventResult": "SUCCESS",
            "eventResultDataList": [
              {
                "resultIndex": 0,
                "resultCondition": "Prob_1",
                "nextEventID": -1,
                "eventResultDataList": [
                  {
                    "resultForm": {
                      "resultEffect": "GetConfirmedEgogift",
                      "itemReward": {
                        "type": "EGO_GIFT",
                        "rewardId": 2027,
                        "num": 1,
                        "prob": 1
                      }
                    }
                  }
                ]
              }
            ]
          },
          {
            "eventResult": "FAILURE",
            "eventResultDataList": [
              {
                "resultIndex": 0,
                "resultCondition": "Prob_1",
                "nextEventID": -1,
                "eventResultDataList": [
                  {
                    "resultForm": {
                      "resultEffectTarget": "EveryAlly",
                      "resultEffect": "LoseMpOnly_10"
                    }
                  }
                ]
              }
            ]
          }
        ]
      }
    },
    {
      "id": 1050701,
      "canSkip": false,
      "eventType": "COIN_EVENT",
      "personalityEvent": {
        "participantInfo": {
          "min": 1,
          "max": 1
        },
        "silenceCharacterUniqueIdList": [],
        "adderInfo": [
          {
            "correctionCase": "SpecificAssociation_BLADE_LINEAGE,BLACK_CLOUD",
            "adder": 7
          }
        ],
        "judgement": {
          "upDownType": 1,
          "inclusiveValue": 14,
          "exclusiveValue": 28,
          "judgementDataList": [
            {
              "attributeType": "SCARLET"
            },
            {
              "attributeType": "INDIGO"
            }
          ]
        },
        "eventResults": [
          {
            "eventResult": "SUCCESS",
            "eventResultDataList": [
              {
                "resultIndex": 0,
                "resultCondition": "Prob_1",
                "nextEventID": -1,
                "eventResultDataList": [
                  {
                    "resultForm": {
                      "resultEffect": "GetConfirmedEgogift",
                      "itemReward": {
                        "type": "EGO_GIFT",
                        "rewardId": 2028,
                        "num": 1,
                        "prob": 1
                      }
                    }
                  }
                ]
              }
            ]
          },
          {
            "eventResult": "FAILURE",
            "eventResultDataList": [
              {
                "resultIndex": 0,
                "resultCondition": "Prob_1",
                "nextEventID": -1,
                "eventResultDataList": [
                  {
                    "resultForm": {
                      "resultEffectTarget": "ChosenPersonality",
                      "resultEffect": "RecoverHpOnly_30"
                    }
                  }
                ]
              }
            ]
          }
        ]
      }
    },
    {
      "id": 1050801,
      "canSkip": false,
      "eventType": "COIN_EVENT",
      "personalityEvent": {
        "participantInfo": {
          "min": 1,
          "max": 1
        },
        "silenceCharacterUniqueIdList": [],
        "adderInfo": [
          {
            "correctionCase": "SpecificAssociation_BLACK_CLOUD",
            "adder": 7
          }
        ],
        "judgement": {
          "upDownType": 1,
          "inclusiveValue": 16,
          "exclusiveValue": 32,
          "judgementDataList": [
            {
              "attributeType": "SCARLET"
            },
            {
              "attributeType": "AZURE"
            }
          ]
        },
        "eventResults": [
          {
            "eventResult": "SUCCESS",
            "eventResultDataList": [
              {
                "resultIndex": 0,
                "resultCondition": "Prob_1",
                "nextEventID": -1,
                "eventResultDataList": [
                  {
                    "resultForm": {
                      "resultEffect": "GetConfirmedEgogift",
                      "itemReward": {
                        "type": "EGO_GIFT",
                        "rewardId": 2029,
                        "num": 1,
                        "prob": 1
                      }
                    }
                  }
                ]
              }
            ]
          },
          {
            "eventResult": "FAILURE",
            "eventResultDataList": [
              {
                "resultIndex": 0,
                "resultCondition": "Prob_1",
                "nextEventID": -1,
                "eventResultDataList": [
                  {
                    "resultForm": {
                      "resultEffectTarget": "ChosenPersonality",
                      "resultEffect": "LoseHpMpSameAmount_20"
                    }
                  }
                ]
              }
            ]
          }
        ]
      }
    },
    {
      "id": 1050802,
      "canSkip": false,
      "eventType": "COIN_EVENT",
      "personalityEvent": {
        "participantInfo": {
          "min": 1,
          "max": 1
        },
        "silenceCharacterUniqueIdList": [],
        "adderInfo": [
          {
            "correctionCase": "SpecificAssociation_BLADE_LINEAGE",
            "adder": 7
          }
        ],
        "judgement": {
          "upDownType": 1,
          "inclusiveValue": 16,
          "exclusiveValue": 32,
          "judgementDataList": [
            {
              "attributeType": "INDIGO"
            },
            {
              "attributeType": "CRIMSON"
            }
          ]
        },
        "eventResults": [
          {
            "eventResult": "SUCCESS",
            "eventResultDataList": [
              {
                "resultIndex": 0,
                "resultCondition": "Prob_1",
                "nextEventID": -1,
                "eventResultDataList": [
                  {
                    "resultForm": {
                      "resultEffect": "GetConfirmedEgogift",
                      "itemReward": {
                        "type": "EGO_GIFT",
                        "rewardId": 2030,
                        "num": 1,
                        "prob": 1
                      }
                    }
                  }
                ]
              }
            ]
          },
          {
            "eventResult": "FAILURE",
            "eventResultDataList": [
              {
                "resultIndex": 0,
                "resultCondition": "Prob_1",
                "nextEventID": -1,
                "eventResultDataList": [
                  {
                    "resultForm": {
                      "resultEffectTarget": "ChosenPersonality",
                      "resultEffect": "LoseHpMpSameAmount_20"
                    }
                  }
                ]
              }
            ]
          }
        ]
      }
    },
    {
      "id": 1050901,
      "canSkip": false,
      "eventType": "COIN_EVENT",
      "personalityEvent": {
        "participantInfo": {
          "min": 1,
          "max": 1
        },
        "silenceCharacterUniqueIdList": [],
        "adderInfo": [],
        "judgement": {
          "upDownType": 1,
          "inclusiveValue": 12,
          "exclusiveValue": 24,
          "judgementDataList": [
            {
              "attributeType": "AZURE"
            },
            {
              "attributeType": "INDIGO"
            }
          ]
        },
        "eventResults": [
          {
            "eventResult": "SUCCESS",
            "eventResultDataList": [
              {
                "resultIndex": 0,
                "resultCondition": "Prob_1",
                "nextEventID": -1,
                "eventResultDataList": [
                  {
                    "resultForm": {
                      "resultEffect": "GetConfirmedEgogift",
                      "itemReward": {
                        "type": "EGO_GIFT",
                        "rewardId": 2031,
                        "num": 1,
                        "prob": 1
                      }
                    }
                  }
                ]
              }
            ]
          },
          {
            "eventResult": "FAILURE",
            "eventResultDataList": [
              {
                "resultIndex": 0,
                "resultCondition": "Prob_1",
                "nextEventID": -1,
                "eventResultDataList": [
                  {
                    "resultForm": {
                      "resultEffectTarget": "ChosenPersonality",
                      "resultEffect": "LoseMpOnly_20"
                    }
                  }
                ]
              }
            ]
          }
        ]
      }
    },
    {
      "id": 1051001,
      "canSkip": false,
      "eventType": "COIN_EVENT",
      "personalityEvent": {
        "participantInfo": {
          "min": 1,
          "max": 1
        },
        "silenceCharacterUniqueIdList": [],
        "adderInfo": [
          {
            "correctionCase": "SpecificAssociation_BLADE_LINEAGE",
            "adder": 8
          }
        ],
        "judgement": {
          "upDownType": 1,
          "inclusiveValue": 20,
          "exclusiveValue": 40,
          "judgementDataList": [
            {
              "attributeType": "INDIGO"
            },
            {
              "attributeType": "SCARLET"
            }
          ]
        },
        "eventResults": [
          {
            "eventResult": "SUCCESS",
            "eventResultDataList": [
              {
                "resultIndex": 0,
                "resultCondition": "Prob_1",
                "nextEventID": -1,
                "eventResultDataList": [
                  {
                    "resultForm": {
                      "resultEffect": "GetConfirmedEgogift",
                      "itemReward": {
                        "type": "EGO_GIFT",
                        "rewardId": 2034,
                        "num": 1,
                        "prob": 1
                      }
                    }
                  }
                ]
              }
            ]
          },
          {
            "eventResult": "FAILURE",
            "eventResultDataList": [
              {
                "resultIndex": 0,
                "resultCondition": "Prob_1",
                "nextEventID": -1,
                "eventResultDataList": [
                  {
                    "resultForm": {
                      "resultEffect": "Nothing"
                    }
                  }
                ]
              }
            ]
          }
        ]
      }
    },
    {
      "id": 1051002,
      "canSkip": false,
      "eventType": "COIN_EVENT",
      "personalityEvent": {
        "participantInfo": {
          "min": 1,
          "max": 1
        },
        "silenceCharacterUniqueIdList": [],
        "adderInfo": [
          {
            "correctionCase": "SpecificAssociation_BLADE_LINEAGE",
            "adder": 8
          }
        ],
        "judgement": {
          "upDownType": 1,
          "inclusiveValue": 20,
          "exclusiveValue": 40,
          "judgementDataList": [
            {
              "attributeType": "INDIGO"
            },
            {
              "attributeType": "AZURE"
            }
          ]
        },
        "eventResults": [
          {
            "eventResult": "SUCCESS",
            "eventResultDataList": [
              {
                "resultIndex": 0,
                "resultCondition": "Prob_1",
                "nextEventID": -1,
                "eventResultDataList": [
                  {
                    "resultForm": {
                      "resultEffect": "GetConfirmedEgogift",
                      "itemReward": {
                        "type": "EGO_GIFT",
                        "rewardId": 2035,
                        "num": 1,
                        "prob": 1
                      }
                    }
                  }
                ]
              }
            ]
          },
          {
            "eventResult": "FAILURE",
            "eventResultDataList": [
              {
                "resultIndex": 0,
                "resultCondition": "Prob_1",
                "nextEventID": -1,
                "eventResultDataList": [
                  {
                    "resultForm": {
                      "resultEffect": "Nothing"
                    }
                  }
                ]
              }
            ]
          }
        ]
      }
    },
    {
      "id": 1051101,
      "canSkip": false,
      "eventType": "COIN_EVENT",
      "personalityEvent": {
        "participantInfo": {
          "min": 1,
          "max": 1
        },
        "silenceCharacterUniqueIdList": [],
        "adderInfo": [],
        "judgement": {
          "upDownType": 1,
          "inclusiveValue": 12,
          "exclusiveValue": 24,
          "judgementDataList": [
            {
              "attributeType": "SHAMROCK"
            },
            {
              "attributeType": "INDIGO"
            }
          ]
        },
        "eventResults": [
          {
            "eventResult": "SUCCESS",
            "eventResultDataList": [
              {
                "resultIndex": 0,
                "resultCondition": "Prob_1",
                "nextEventID": -1,
                "eventResultDataList": [
                  {
                    "resultForm": {
                      "resultEffect": "GetConfirmedEgogift",
                      "itemReward": {
                        "type": "EGO_GIFT",
                        "rewardId": 2036,
                        "num": 1,
                        "prob": 1
                      }
                    }
                  }
                ]
              }
            ]
          },
          {
            "eventResult": "FAILURE",
            "eventResultDataList": [
              {
                "resultIndex": 0,
                "resultCondition": "Prob_1",
                "nextEventID": -1,
                "eventResultDataList": [
                  {
                    "resultForm": {
                      "resultEffectTarget": "ChosenPersonality",
                      "resultEffect": "LoseMpOnly_15"
                    }
                  }
                ]
              }
            ]
          }
        ]
      }
    },
    {
      "id": 1051102,
      "canSkip": false,
      "eventType": "COIN_EVENT",
      "personalityEvent": {
        "participantInfo": {
          "min": 1,
          "max": 1
        },
        "silenceCharacterUniqueIdList": [],
        "adderInfo": [],
        "judgement": {
          "upDownType": 1,
          "inclusiveValue": 12,
          "exclusiveValue": 24,
          "judgementDataList": [
            {
              "attributeType": "AZURE"
            },
            {
              "attributeType": "AMBER"
            }
          ]
        },
        "eventResults": [
          {
            "eventResult": "SUCCESS",
            "eventResultDataList": [
              {
                "resultIndex": 0,
                "resultCondition": "Prob_1",
                "nextEventID": -1,
                "eventResultDataList": [
                  {
                    "resultForm": {
                      "resultEffect": "GetConfirmedEgogift",
                      "itemReward": {
                        "type": "EGO_GIFT",
                        "rewardId": 2037,
                        "num": 1,
                        "prob": 1
                      }
                    }
                  }
                ]
              }
            ]
          },
          {
            "eventResult": "FAILURE",
            "eventResultDataList": [
              {
                "resultIndex": 0,
                "resultCondition": "Prob_1",
                "nextEventID": -1,
                "eventResultDataList": [
                  {
                    "resultForm": {
                      "resultEffectTarget": "ChosenPersonality",
                      "resultEffect": "LoseMpOnly_15"
                    }
                  }
                ]
              }
            ]
          }
        ]
      }
    },
    {
      "id": 1051201,
      "canSkip": false,
      "eventType": "COIN_EVENT",
      "personalityEvent": {
        "participantInfo": {
          "min": 1,
          "max": 1
        },
        "silenceCharacterUniqueIdList": [],
        "adderInfo": [],
        "judgement": {
          "upDownType": 1,
          "inclusiveValue": 12,
          "exclusiveValue": 24,
          "judgementDataList": [
            {
              "attributeType": "AZURE"
            },
            {
              "attributeType": "AMBER"
            }
          ]
        },
        "eventResults": [
          {
            "eventResult": "SUCCESS",
            "eventResultDataList": [
              {
                "resultIndex": 0,
                "resultCondition": "Prob_1",
                "nextEventID": -1,
                "eventResultDataList": [
                  {
                    "resultForm": {
                      "resultEffect": "GetConfirmedEgogift",
                      "itemReward": {
                        "type": "EGO_GIFT",
                        "rewardId": 2038,
                        "num": 1,
                        "prob": 1
                      }
                    }
                  }
                ]
              }
            ]
          },
          {
            "eventResult": "FAILURE",
            "eventResultDataList": [
              {
                "resultIndex": 0,
                "resultCondition": "Prob_1",
                "nextEventID": -1,
                "eventResultDataList": [
                  {
                    "resultForm": {
                      "resultEffectTarget": "ChosenPersonality",
                      "resultEffect": "LoseMpOnly_15"
                    }
                  },
                  {
                    "resultForm": {
                      "resultEffect": "MirrorDungeonLossCost",
                      "itemReward": {
                        "type": "MIRRORDUNGEON_COST",
                        "num": 50,
                        "prob": 1
                      }
                    }
                  }
                ]
              }
            ]
          }
        ]
      }
    },
    {
      "id": 1051301,
      "canSkip": false,
      "eventType": "COIN_EVENT",
      "personalityEvent": {
        "participantInfo": {
          "min": 1,
          "max": 1
        },
        "silenceCharacterUniqueIdList": [],
        "adderInfo": [],
        "judgement": {
          "upDownType": 1,
          "inclusiveValue": 13,
          "exclusiveValue": 26,
          "judgementDataList": [
            {
              "attributeType": "INDIGO"
            },
            {
              "attributeType": "SHAMROCK"
            }
          ]
        },
        "eventResults": [
          {
            "eventResult": "SUCCESS",
            "eventResultDataList": [
              {
                "resultIndex": 0,
                "resultCondition": "Prob_1",
                "nextEventID": -1,
                "eventResultDataList": [
                  {
                    "resultForm": {
                      "resultEffect": "GetConfirmedEgogift",
                      "itemReward": {
                        "type": "EGO_GIFT",
                        "rewardId": 2040,
                        "num": 1,
                        "prob": 1
                      }
                    }
                  }
                ]
              }
            ]
          },
          {
            "eventResult": "FAILURE",
            "eventResultDataList": [
              {
                "resultIndex": 0,
                "resultCondition": "Prob_1",
                "nextEventID": -1,
                "eventResultDataList": [
                  {
                    "resultForm": {
                      "resultEffect": "Nothing"
                    }
                  }
                ]
              }
            ]
          }
        ]
      }
    },
    {
      "id": 1051302,
      "canSkip": false,
      "eventType": "COIN_EVENT",
      "personalityEvent": {
        "participantInfo": {
          "min": 1,
          "max": 1
        },
        "silenceCharacterUniqueIdList": [],
        "adderInfo": [],
        "judgement": {
          "upDownType": 1,
          "inclusiveValue": 13,
          "exclusiveValue": 26,
          "judgementDataList": [
            {
              "attributeType": "AMBER"
            },
            {
              "attributeType": "SCARLET"
            }
          ]
        },
        "eventResults": [
          {
            "eventResult": "SUCCESS",
            "eventResultDataList": [
              {
                "resultIndex": 0,
                "resultCondition": "Prob_1",
                "nextEventID": -1,
                "eventResultDataList": [
                  {
                    "resultForm": {
                      "resultEffect": "GetConfirmedEgogift",
                      "itemReward": {
                        "type": "EGO_GIFT",
                        "rewardId": 2039,
                        "num": 1,
                        "prob": 1
                      }
                    }
                  }
                ]
              }
            ]
          },
          {
            "eventResult": "FAILURE",
            "eventResultDataList": [
              {
                "resultIndex": 0,
                "resultCondition": "Prob_1",
                "nextEventID": -1,
                "eventResultDataList": [
                  {
                    "resultForm": {
                      "resultEffect": "Nothing"
                    }
                  }
                ]
              }
            ]
          }
        ]
      }
    },
    {
      "id": 1051401,
      "canSkip": false,
      "eventType": "COIN_EVENT",
      "personalityEvent": {
        "participantInfo": {
          "min": 1,
          "max": 1
        },
        "silenceCharacterUniqueIdList": [],
        "adderInfo": [
          {
            "correctionCase": "SpecificAssociation_YURODIVY",
            "adder": 7
          },
          {
            "correctionCase": "SpecificUnit_Rodion",
            "adder": 7
          }
        ],
        "judgement": {
          "upDownType": 1,
          "inclusiveValue": 15,
          "exclusiveValue": 30,
          "judgementDataList": [
            {
              "attributeType": "CRIMSON"
            },
            {
              "attributeType": "VIOLET"
            },
            {
              "attributeType": "SHAMROCK"
            }
          ]
        },
        "eventResults": [
          {
            "eventResult": "SUCCESS",
            "eventResultDataList": [
              {
                "resultIndex": 0,
                "resultCondition": "Prob_1",
                "nextEventID": -1,
                "eventResultDataList": [
                  {
                    "resultForm": {
                      "resultEffect": "GetConfirmedEgogift",
                      "itemReward": {
                        "type": "EGO_GIFT",
                        "rewardId": 2041,
                        "num": 1,
                        "prob": 1
                      }
                    }
                  }
                ]
              },
              {
                "resultIndex": 1,
                "resultCondition": "",
                "nextEventID": -1,
                "eventResultDataList": [
                  {
                    "resultForm": {
                      "resultEffectTarget": "EveryAlly",
                      "resultEffect": "RecoverHpMpSameAmount_25"
                    }
                  }
                ]
              }
            ]
          },
          {
            "eventResult": "FAILURE",
            "eventResultDataList": [
              {
                "resultIndex": 0,
                "resultCondition": "Prob_1",
                "nextEventID": -1,
                "eventResultDataList": [
                  {
                    "resultForm": {
                      "resultEffect": "Nothing"
                    }
                  }
                ]
              }
            ]
          }
        ]
      }
    },
    {
      "id": 1051501,
      "canSkip": false,
      "eventType": "COIN_EVENT",
      "personalityEvent": {
        "participantInfo": {
          "min": 1,
          "max": 1
        },
        "silenceCharacterUniqueIdList": [],
        "adderInfo": [],
        "judgement": {
          "upDownType": 1,
          "inclusiveValue": 13,
          "exclusiveValue": 26,
          "judgementDataList": [
            {
              "attributeType": "AMBER"
            },
            {
              "attributeType": "SHAMROCK"
            },
            {
              "attributeType": "INDIGO"
            }
          ]
        },
        "eventResults": [
          {
            "eventResult": "SUCCESS",
            "eventResultDataList": [
              {
                "resultIndex": 0,
                "resultCondition": "Prob_1",
                "nextEventID": -1,
                "eventResultDataList": [
                  {
                    "resultForm": {
                      "resultEffect": "GetConfirmedEgogift",
                      "itemReward": {
                        "type": "EGO_GIFT",
                        "rewardId": 2042,
                        "num": 1,
                        "prob": 1
                      }
                    }
                  }
                ]
              }
            ]
          },
          {
            "eventResult": "FAILURE",
            "eventResultDataList": [
              {
                "resultIndex": 0,
                "resultCondition": "Prob_1",
                "nextEventID": -1,
                "eventResultDataList": [
                  {
                    "resultForm": {
                      "resultEffect": "Nothing"
                    }
                  }
                ]
              }
            ]
          }
        ]
      }
    }
  ]
}