{
  "list": [
    {
      "id": 858501,
      "canSkip": false,
      "eventType": "EVENT",
      "actionEvent": {
        "eachOptionList": [
          {
            "index": 0,
            "resultList": [
              {
                "nextEventID": 85850101
              }
            ]
          },
          {
            "index": 1,
            "resultList": [
              {
                "nextEventID": 85850102
              }
            ]
          },
          {
            "index": 2,
            "resultList": [
              {
                "nextEventID": 85850103
              }
            ]
          }
        ]
      }
    },
    {
      "id": 858502,
      "canSkip": false,
      "eventType": "EVENT",
      "actionEvent": {
        "eachOptionList": [
          {
            "index": 0,
            "resultList": [
              {
                "nextEventID": 85850201
              }
            ]
          },
          {
            "index": 1,
            "resultList": [
              {
                "nextEventID": 85850202
              }
            ]
          },
          {
            "index": 2,
            "resultList": [
              {
                "nextEventID": 85850203
              }
            ]
          },
          {
            "index": 3,
            "resultList": [
              {
                "nextEventID": 85850204
              }
            ]
          },
          {
            "index": 4,
            "resultList": [
              {
                "nextEventID": 85850205
              }
            ]
          },
          {
            "index": 5,
            "resultList": [
              {
                "nextEventID": 85850206
              }
            ]
          },
          {
            "index": 6,
            "resultList": [
              {
                "nextEventID": 85850207
              }
            ]
          }
        ]
      }
    }
  ]
}