{
  "list": [
    {
      "id": 100101,
      "stageLevel": 4,
      "stageType": "Abnormality",
      "participantInfo": {
        "min": 5,
        "max": 5
      },
      "waveList": [
        {
          "battleMapInfo": {
            "mapName": "LCorpElevator_v1",
            "mapSize": 33.32
          },
          "unitList": [
            {
              "unitID": 8005,
              "unitCount": 4,
              "unitLevel": 4
            }
          ],
          "bgmList": [
            "Battle_Cp1_Ally_1",
            "Battle_Cp1_Enemy_1"
          ]
        }
      ],
      "staminaCost": 0,
      "recommendedLevel": 4,
      "turnLimit": 99,
      "questlist": [
        {
          "args": [
            "10"
          ],
          "localizeId": 1
        }
      ],
      "rewardList": [
      ],
      "story": {
        "exit": [
          "1D102A"
        ]
      }
    },
    {
      "id": 100102,
      "stageLevel": 4,
      "stageType": "Abnormality",
      "participantInfo": {
        "min": 5,
        "max": 5
      },
      "waveList": [
        {
          "battleMapInfo": {
            "mapName": "LCorpElevator_v1",
            "mapSize": 33.32
          },
          "unitList": [
            {
              "unitID": 8006,
              "unitCount": 2,
              "unitLevel": 4
            },
            {
              "unitID": 8005,
              "unitCount": 2,
              "unitLevel": 4
            }
          ],
          "bgmList": [
            "Battle_Cp1_Ally_1",
            "Battle_Cp1_Enemy_1"
          ]
        }
      ],
      "staminaCost": 0,
      "recommendedLevel": 4,
      "turnLimit": 99,
      "questlist": [
        {
          "args": [
            "10"
          ],
          "localizeId": 1
        }
      ],
      "rewardList": [
      ],
      "story": {
        "exit": [
          "1D103A"
        ]
      }
    },
    {
      "id": 100103,
      "stageLevel": 4,
      "stageType": "Abnormality",
      "participantInfo": {
        "min": 5,
        "max": 5
      },
      "waveList": [
        {
          "battleMapInfo": {
            "mapName": "LCorpElevator_v1",
            "mapSize": 33.32
          },
          "unitList": [
            {
              "unitID": 8007,
              "unitCount": 2,
              "unitLevel": 4
            },
            {
              "unitID": 8005,
              "unitCount": 2,
              "unitLevel": 4
            }
          ],
          "bgmList": [
            "Battle_Cp1_Ally_1",
            "Battle_Cp1_Enemy_1"
          ]
        }
      ],
      "staminaCost": 0,
      "recommendedLevel": 4,
      "turnLimit": 99,
      "questlist": [
        {
          "args": [
            "10"
          ],
          "localizeId": 1
        }
      ],
      "rewardList": [
        {
          "type": "ITEM",
          "rewardId": 1,
          "num": 1,
          "prob": 0.5
        },
        {
          "type": "EXP",
          "rewardId": 1,
          "num": 1,
          "prob": 1
        },
        {
          "type": "ITEM",
          "rewardId": 1,
          "num": 100,
          "prob": 1
        }
      ],
      "story": {
        "exit": [
          "1D103A"
        ]
      }
    },
    {
      "id": 100104,
      "stageLevel": 6,
      "stageType": "Abnormality",
      "participantInfo": {
        "min": 5,
        "max": 5
      },
      "waveList": [
        {
          "battleMapInfo": {
            "mapName": "SmokeWar",
            "mapSize": 30
          },
          "unitList": [
            {
              "unitID": 8005,
              "unitCount": 2,
              "unitLevel": 6
            },
            {
              "unitID": 8006,
              "unitCount": 2,
              "unitLevel": 6
            },
            {
              "unitID": 8007,
              "unitCount": 1,
              "unitLevel": 6
            }
          ],
          "bgmList": [
            "Battle_Cp1_Ally_2",
            "Battle_Cp1_Enemy_2"
          ]
        }
      ],
      "staminaCost": 0,
      "recommendedLevel": 6,
      "turnLimit": 99,
      "questlist": [
        {
          "args": [
            "10"
          ],
          "localizeId": 1
        }
      ],
      "rewardList": [
      ],
      "story": {
        "enter": [
          "1D305B"
        ]
      }
    },
    {
      "id": 100105,
      "stageLevel": 5,
      "stageType": "Abnormality",
      "participantInfo": {
        "min": 5,
        "max": 5
      },
      "waveList": [
        {
          "battleMapInfo": {
            "mapName": "LCorpCenter_v1",
            "mapSize": 40
          },
          "unitList": [
            {
              "unitID": 8003,
              "unitCount": 3,
              "unitLevel": 5
            }
          ],
          "bgmList": [
            "Battle_Cp1_Ally_1",
            "Battle_Cp1_Enemy_1"
          ]
        }
      ],
      "staminaCost": 0,
      "recommendedLevel": 5,
      "turnLimit": 99,
      "questlist": [
        {
          "args": [
            "10"
          ],
          "localizeId": 1
        }
      ],
      "rewardList": [
      ],
      "story": {
        "enter": [
          "1D203B"
        ]
      }
    },
    {
      "id": 100106,
      "stageLevel": 5,
      "stageType": "Abnormality",
      "participantInfo": {
        "min": 5,
        "max": 5
      },
      "waveList": [
        {
          "battleMapInfo": {
            "mapName": "LCorpCenter_v1",
            "mapSize": 40
          },
          "unitList": [
            {
              "unitID": 8003,
              "unitCount": 2,
              "unitLevel": 5
            },
            {
              "unitID": 8007,
              "unitCount": 2,
              "unitLevel": 5
            }
          ],
          "bgmList": [
            "Battle_Cp1_Ally_1",
            "Battle_Cp1_Enemy_1"
          ]
        }
      ],
      "staminaCost": 0,
      "recommendedLevel": 5,
      "turnLimit": 99,
      "questlist": [
        {
          "args": [
            "10"
          ],
          "localizeId": 1
        }
      ],
      "rewardList": [
      ],
      "story": {
        "enter": [
          "1D203B"
        ]
      }
    },
    {
      "id": 100107,
      "stageLevel": 5,
      "stageType": "Abnormality",
      "participantInfo": {
        "min": 5,
        "max": 5
      },
      "waveList": [
        {
          "battleMapInfo": {
            "mapName": "WhiteSnow",
            "mapSize": 40
          },
          "unitList": [
            {
              "unitID": 8001,
              "unitCount": 1,
              "unitLevel": 6
            }
          ],
          "bgmList": [
            "Battle_Cp1_Ally_2",
            "Battle_Cp1_Enemy_2"
          ],
          "enemyPositionID": 11
        }
      ],
      "staminaCost": 0,
      "recommendedLevel": 5,
      "turnLimit": 99,
      "questlist": [
        {
          "args": [
            "10"
          ],
          "localizeId": 1
        }
      ],
      "rewardList": [
        {
          "type": "EGO_GIFT",
          "rewardId": 1005,
          "num": 1,
          "prob": 1
        }
      ],
      "story": {
        "enter": [
          "1D105B"
        ],
        "exit": [
          "1D105A"
        ]
      },
      "stageScriptList": ["SnowWhite"],
      "eventScriptName": "SnowWhite",
      "abnormalityEventList": [
        800101,
        800105
      ]
    },
    {
      "id": 100108,
      "stageLevel": 6,
      "stageType": "Abnormality",
      "participantInfo": {
        "min": 5,
        "max": 5
      },
      "waveList": [
        {
          "battleMapInfo": {
            "mapName": "LCorpCenter",
            "mapSize": 40
          },
          "unitList": [
            {
              "unitID": 8002,
              "unitCount": 1,
              "unitLevel": 6
            },
            {
              "unitID": 8003,
              "unitCount": 2,
              "unitLevel": 6
            }
          ],
          "subUnitList": [
            {
              "unitID": 8003,
              "unitCount": 3,
              "unitLevel": 6
            },
            {
              "unitID": 8004,
              "unitCount": 4,
              "unitLevel": 6
            },
            {
              "unitID": 8004,
              "unitCount": 4,
              "unitLevel": 6
            }
          ],
          "bgmList": [
            "Battle_Cp1_Ally_2",
            "Battle_Cp1_Enemy_2"
          ],
          "enemyPositionID": 19
        }
      ],
      "staminaCost": 0,
      "recommendedLevel": 6,
      "turnLimit": 99,
      "questlist": [
        {
          "args": [
            "10"
          ],
          "localizeId": 1
        }
      ],
      "rewardList": [
        {
          "type": "EGO_GIFT",
          "rewardId": 1006,
          "num": 1,
          "prob": 1
        }
      ],
      "stageScriptList": ["AztecDisk"],
      "eventScriptName": "AztecDisk",
      "abnormalityEventList": [
        800201,
        800202,
        800203,
        800204,
        800205,
        800206
      ]
    },
    {
      "id": 100109,
      "stageLevel": 7,
      "stageType": "Abnormality",
      "participantInfo": {
        "min": 5,
        "max": 5
      },
      "waveList": [
        {
          "battleMapInfo": {
            "mapName": "LCorpCenter",
            "mapSize": 40
          },
          "unitList": [
            {
              "unitID": 8008,
              "unitCount": 1,
              "unitLevel": 8
            }
          ],
          "bgmList": [
            "Battle_Cp1_Ally_3",
            "Battle_Cp1_Enemy_2",
            "Battle_Cp1_Enemy_3"
          ],
          "enemyPositionID": 13
        }
      ],
      "staminaCost": 0,
      "recommendedLevel": 7,
      "turnLimit": 99,
      "questlist": [
        {
          "args": [
            "10"
          ],
          "localizeId": 1
        }
      ],
      "rewardList": [
      ],
      "story": {
        "enter": [
          "1D306B"
        ],
        "others": [
          {
            "phase": "STORY_AFTER_ABNORMALITY_CHOICE",
            "storyID": "1D306I"
          },
          {
            "phase": "BEFORE_ROUND_END",
            "storyID": "1D306I2",
            "storyIndex": 0
          }
        ],
        "exit": [
          "1D306A"
        ]
      },
      "stageScriptList": ["MuckwormedApple_StoryDungeon"],
      "eventScriptName": "MuckwormedApple",
      "abnormalityEventList": [
        800801
      ],
      "includeBoss": 2
    },
    {
      "id": 100110,
      "stageLevel": 6,
      "stageType": "Abnormality",
      "participantInfo": {
        "min": 5,
        "max": 5
      },
      "waveList": [
        {
          "battleMapInfo": {
            "mapName": "SmokeWar",
            "mapSize": 30
          },
          "unitList": [
            {
              "unitID": 8007,
              "unitCount": 3,
              "unitLevel": 6
            },
            {
              "unitID": 8005,
              "unitCount": 2,
              "unitLevel": 6
            }
          ],
          "bgmList": [
            "Battle_Cp1_Ally_2",
            "Battle_Cp1_Enemy_2"
          ]
        }
      ],
      "staminaCost": 0,
      "recommendedLevel": 6,
      "turnLimit": 99,
      "questlist": [
        {
          "args": [
            "10"
          ],
          "localizeId": 1
        }
      ],
      "rewardList": [
      ],
      "story": {
        "enter": [
          "1D305B"
        ]
      }
    },
    {
      "id": 100111,
      "stageLevel": 6,
      "stageType": "Abnormality",
      "participantInfo": {
        "min": 5,
        "max": 5
      },
      "waveList": [
        {
          "battleMapInfo": {
            "mapName": "SmokeWar",
            "mapSize": 30
          },
          "unitList": [
            {
              "unitID": 8006,
              "unitCount": 3,
              "unitLevel": 6
            },
            {
              "unitID": 8007,
              "unitCount": 2,
              "unitLevel": 6
            }
          ],
          "bgmList": [
            "Battle_Cp1_Ally_2",
            "Battle_Cp1_Enemy_2"
          ]
        }
      ],
      "staminaCost": 0,
      "recommendedLevel": 6,
      "turnLimit": 99,
      "questlist": [
        {
          "args": [
            "10"
          ],
          "localizeId": 1
        }
      ],
      "rewardList": [
      ]
    },
    {
      "id": 100112,
      "stageLevel": 7,
      "stageType": "Abnormality",
      "participantInfo": {
        "min": 5,
        "max": 5
      },
      "waveList": [
        {
          "battleMapInfo": {
            "mapName": "LCorpCenter_v1",
            "mapSize": 40
          },
          "unitList": [
            {
              "unitID": 8003,
              "unitCount": 3,
              "unitLevel": 7
            }
          ],
          "bgmList": [
            "Battle_Cp1_Ally_1",
            "Battle_Cp1_Enemy_1"
          ]
        }
      ],
      "staminaCost": 0,
      "recommendedLevel": 7,
      "turnLimit": 99,
      "questlist": [
        {
          "args": [
            "10"
          ],
          "localizeId": 1
        }
      ],
      "rewardList": [
      ]
    }
  ]
}