{
  "list": [
    {
      "id": 10301,
      "stageLevel": 23,
      "stageType": "Abnormality",
      "participantInfo": {
        "min": 5,
        "max": 5
      },
      "waveList": [
        {
          "battleMapInfo": {
            "mapName": "Cp3_B1_LCorpE_v1"
          },
          "unitList": [
            {
              "unitID": 8007,
              "unitCount": 2,
              "unitLevel": 23
            },
            {
              "unitID": 8018,
              "unitCount": 1,
              "unitLevel": 23
            }
          ],
          "bgmList": [
            "Battle_Cp3_Ally_1",
            "Battle_Cp3_Enemy_1"
          ],
          "enemyPositionID": 16
        }
      ],
      "staminaCost": 0,
      "recommendedLevel": 23,
      "turnLimit": 99,
      "questlist": [
        {
          "args": [
            "10"
          ],
          "localizeId": 1
        }
      ],
      "rewardList": [
      ],
      "story": {
        "exit": [
          "3D101A"
        ]
      },
      "dangerLevel": 1
    },
    {
      "id": 10302,
      "stageLevel": 23,
      "stageType": "Abnormality",
      "participantInfo": {
        "min": 5,
        "max": 5
      },
      "waveList": [
        {
          "battleMapInfo": {
            "mapName": "Cp3_B1_LCorpE_v1"
          },
          "unitList": [
            {
              "unitID": 8007,
              "unitCount": 1,
              "unitLevel": 23
            },
            {
              "unitID": 8017,
              "unitCount": 1,
              "unitLevel": 23
            },
            {
              "unitID": 8018,
              "unitCount": 1,
              "unitLevel": 23
            }
          ],
          "bgmList": [
            "Battle_Cp3_Ally_1",
            "Battle_Cp3_Enemy_1"
          ],
          "enemyPositionID": 16
        }
      ],
      "staminaCost": 0,
      "recommendedLevel": 23,
      "turnLimit": 99,
      "questlist": [
        {
          "args": [
            "10"
          ],
          "localizeId": 1
        }
      ],
      "rewardList": [
      ],
      "dangerLevel": 1
    },
    {
      "id": 10305,
      "stageLevel": 23,
      "stageType": "Abnormality",
      "participantInfo": {
        "min": 5,
        "max": 5
      },
      "waveList": [
        {
          "battleMapInfo": {
            "mapName": "Cp3_B1_LCorpE_v1"
          },
          "unitList": [
            {
              "unitID": 8007,
              "unitCount": 2,
              "unitLevel": 23
            },
            {
              "unitID": 8017,
              "unitCount": 1,
              "unitLevel": 23
            }
          ],
          "bgmList": [
            "Battle_Cp3_Ally_1",
            "Battle_Cp3_Enemy_1"
          ],
          "enemyPositionID": 16
        }
      ],
      "staminaCost": 0,
      "recommendedLevel": 23,
      "turnLimit": 99,
      "questlist": [
        {
          "args": [
            "10"
          ],
          "localizeId": 1
        }
      ],
      "rewardList": [
      ],
      "dangerLevel": 1
    },
    {
      "id": 10306,
      "stageLevel": 24,
      "stageType": "Abnormality",
      "participantInfo": {
        "min": 5,
        "max": 5
      },
      "waveList": [
        {
          "battleMapInfo": {
            "mapName": "Cp3_B1_LCorpE"
          },
          "unitList": [
            {
              "unitID": 8017,
              "unitCount": 2,
              "unitLevel": 24
            },
            {
              "unitID": 8018,
              "unitCount": 1,
              "unitLevel": 24
            }
          ],
          "bgmList": [
            "Battle_Cp3_Ally_1",
            "Battle_Cp3_Enemy_1"
          ],
          "enemyPositionID": 16
        }
      ],
      "staminaCost": 0,
      "recommendedLevel": 24,
      "turnLimit": 99,
      "questlist": [
        {
          "args": [
            "10"
          ],
          "localizeId": 1
        }
      ],
      "rewardList": [
      ],
      "dangerLevel": 1
    },
    {
      "id": 10307,
      "stageLevel": 24,
      "stageType": "Abnormality",
      "participantInfo": {
        "min": 5,
        "max": 5
      },
      "waveList": [
        {
          "battleMapInfo": {
            "mapName": "Cp3_B1_LCorpE_v2"
          },
          "unitList": [
            {
              "unitID": 8024,
              "unitCount": 1,
              "unitLevel": 24
            },
            {
              "unitID": 8026,
              "unitCount": 1,
              "unitLevel": 24
            }
          ],
          "bgmList": [
            "Battle_Cp3_Ally_2",
            "Battle_Cp3_Enemy_2"
          ]
        }
      ],
      "staminaCost": 0,
      "recommendedLevel": 24,
      "turnLimit": 99,
      "questlist": [
        {
          "args": [
            "10"
          ],
          "localizeId": 1
        }
      ],
      "rewardList": [
        {
          "type": "EGO_GIFT",
          "rewardId": 1033,
          "num": 1,
          "prob": 1
        }
      ],
      "dangerLevel": 1
    },
    {
      "id": 10308,
      "stageLevel": 24,
      "stageType": "Abnormality",
      "participantInfo": {
        "min": 5,
        "max": 5
      },
      "waveList": [
        {
          "battleMapInfo": {
            "mapName": "Cp3_B1_LCorpE_v2"
          },
          "unitList": [
            {
              "unitID": 8017,
              "unitCount": 1,
              "unitLevel": 24
            },
            {
              "unitID": 8018,
              "unitCount": 2,
              "unitLevel": 24
            }
          ],
          "bgmList": [
            "Battle_Cp3_Ally_1",
            "Battle_Cp3_Enemy_1"
          ],
          "enemyPositionID": 16
        }
      ],
      "staminaCost": 0,
      "recommendedLevel": 24,
      "turnLimit": 99,
      "questlist": [
        {
          "args": [
            "10"
          ],
          "localizeId": 1
        }
      ],
      "rewardList": [
      ],
      "dangerLevel": 1
    },
    {
      "id": 10309,
      "stageLevel": 24,
      "stageType": "Abnormality",
      "participantInfo": {
        "min": 5,
        "max": 5
      },
      "waveList": [
        {
          "battleMapInfo": {
            "mapName": "Cp3_B1_LCorpE_v2"
          },
          "unitList": [
            {
              "unitID": 8027,
              "unitCount": 1,
              "unitLevel": 24
            },
            {
              "unitID": 8007,
              "unitCount": 2,
              "unitLevel": 24
            }
          ],
          "bgmList": [
            "Battle_Cp3_Ally_2",
            "Battle_Cp3_Enemy_2"
          ],
          "enemyPositionID": 16
        }
      ],
      "staminaCost": 0,
      "recommendedLevel": 24,
      "turnLimit": 99,
      "questlist": [
        {
          "args": [
            "10"
          ],
          "localizeId": 1
        }
      ],
      "rewardList": [
      ],
      "dangerLevel": 1
    },
    {
      "id": 10312,
      "stageLevel": 25,
      "stageType": "Abnormality",
      "participantInfo": {
        "min": 5,
        "max": 5
      },
      "waveList": [
        {
          "battleMapInfo": {
            "mapName": "Cp3_B1_LCorpE"
          },
          "unitList": [
            {
              "unitID": 8025,
              "unitCount": 2,
              "unitLevel": 25
            }
          ],
          "bgmList": [
            "Battle_Cp3_Ally_3",
            "Battle_Cp3_Enemy_4"
          ],
          "enemyPositionID": 20
        }
      ],
      "staminaCost": 0,
      "recommendedLevel": 25,
      "turnLimit": 99,
      "questlist": [
        {
          "args": [
            "10"
          ],
          "localizeId": 1
        }
      ],
      "rewardList": [
        {
          "type": "EGO_GIFT",
          "rewardId": 1034,
          "num": 1,
          "prob": 1
        }
      ],
      "story": {
        "enter": [
          "3D103B"
        ]
      },
      "dangerLevel": 1
    },
    {
      "id": 10317,
      "stageLevel": 25,
      "stageType": "Abnormality",
      "participantInfo": {
        "min": 5,
        "max": 5
      },
      "waveList": [
        {
          "battleMapInfo": {
            "mapName": "Cp3_B0_UnderGround_v1"
          },
          "unitList": [
            {
              "unitID": 8007,
              "unitCount": 2,
              "unitLevel": 25
            },
            {
              "unitID": 8017,
              "unitCount": 1,
              "unitLevel": 25
            }
          ],
          "bgmList": [
            "Battle_Cp3_Ally_1",
            "Battle_Cp3_Enemy_1"
          ],
          "enemyPositionID": 16
        }
      ],
      "staminaCost": 0,
      "recommendedLevel": 25,
      "turnLimit": 99,
      "questlist": [
        {
          "args": [
            "10"
          ],
          "localizeId": 1
        }
      ],
      "rewardList": [
      ],
      "dangerLevel": 1
    },
    {
      "id": 10320,
      "stageLevel": 25,
      "stageType": "Abnormality",
      "participantInfo": {
        "min": 5,
        "max": 5
      },
      "waveList": [
        {
          "battleMapInfo": {
            "mapName": "Cp3_B0_UnderGround_v1"
          },
          "unitList": [
            {
              "unitID": 8017,
              "unitCount": 1,
              "unitLevel": 25
            },
            {
              "unitID": 8018,
              "unitCount": 2,
              "unitLevel": 25
            }
          ],
          "bgmList": [
            "Battle_Cp3_Ally_1",
            "Battle_Cp3_Enemy_1"
          ],
          "enemyPositionID": 16
        }
      ],
      "staminaCost": 0,
      "recommendedLevel": 25,
      "turnLimit": 99,
      "questlist": [
        {
          "args": [
            "10"
          ],
          "localizeId": 1
        }
      ],
      "rewardList": [
      ],
      "dangerLevel": 1
    },
    {
      "id": 10321,
      "stageLevel": 25,
      "stageType": "Abnormality",
      "participantInfo": {
        "min": 5,
        "max": 5
      },
      "waveList": [
        {
          "battleMapInfo": {
            "mapName": "Cp3_B0_UnderGround"
          },
          "unitList": [
            {
              "unitID": 8027,
              "unitCount": 2,
              "unitLevel": 25
            }
          ],
          "bgmList": [
            "Battle_Cp3_Ally_2",
            "Battle_Cp3_Enemy_2"
          ],
          "enemyPositionID": 16
        }
      ],
      "staminaCost": 0,
      "recommendedLevel": 25,
      "turnLimit": 99,
      "questlist": [
        {
          "args": [
            "10"
          ],
          "localizeId": 1
        }
      ],
      "rewardList": [
      ],
      "dangerLevel": 1
    },
    {
      "id": 10323,
      "stageLevel": 25,
      "stageType": "Abnormality",
      "participantInfo": {
        "min": 5,
        "max": 5
      },
      "waveList": [
        {
          "battleMapInfo": {
            "mapName": "Cp3_B2_LCorpS"
          },
          "unitList": [
            {
              "unitID": 8007,
              "unitCount": 1,
              "unitLevel": 25
            },
            {
              "unitID": 8017,
              "unitCount": 2,
              "unitLevel": 25
            },
            {
              "unitID": 8018,
              "unitCount": 1,
              "unitLevel": 25
            }
          ],
          "bgmList": [
            "Battle_Cp3_Ally_1",
            "Battle_Cp3_Enemy_1"
          ],
          "enemyPositionID": 17
        }
      ],
      "staminaCost": 0,
      "recommendedLevel": 25,
      "turnLimit": 99,
      "questlist": [
        {
          "args": [
            "10"
          ],
          "localizeId": 1
        }
      ],
      "rewardList": [
      ],
      "dangerLevel": 1
    },
    {
      "id": 10325,
      "stageLevel": 25,
      "stageType": "Abnormality",
      "participantInfo": {
        "min": 5,
        "max": 5
      },
      "waveList": [
        {
          "battleMapInfo": {
            "mapName": "Cp3_B1_LCorpE_v2"
          },
          "unitList": [
            {
              "unitID": 8026,
              "unitCount": 1,
              "unitLevel": 25
            },
            {
              "unitID": 8017,
              "unitCount": 3,
              "unitLevel": 25
            }
          ],
          "bgmList": [
            "Battle_Cp3_Ally_2",
            "Battle_Cp3_Enemy_2"
          ],
          "enemyPositionID": 17
        }
      ],
      "staminaCost": 0,
      "recommendedLevel": 25,
      "turnLimit": 99,
      "questlist": [
        {
          "args": [
            "10"
          ],
          "localizeId": 1
        }
      ],
      "rewardList": [
      ],
      "dangerLevel": 1
    },
    {
      "id": 10327,
      "stageLevel": 26,
      "stageType": "Abnormality",
      "participantInfo": {
        "min": 5,
        "max": 5
      },
      "waveList": [
        {
          "battleMapInfo": {
            "mapName": "Cp3_B1_LCorpE_v2"
          },
          "unitList": [
            {
              "unitID": 8033,
              "unitCount": 2,
              "unitLevel": 24
            },
            {
              "unitID": 8024,
              "unitCount": 2,
              "unitLevel": 24
            }
          ],
          "bgmList": [
            "Battle_Cp3_Ally_2",
            "Battle_Cp3_Enemy_2"
          ],
          "enemyPositionID": 14
        }
      ],
      "staminaCost": 0,
      "recommendedLevel": 26,
      "turnLimit": 99,
      "questlist": [
        {
          "args": [
            "10"
          ],
          "localizeId": 1
        }
      ],
      "rewardList": [
      ],
      "dangerLevel": 1
    },
    {
      "id": 10328,
      "stageLevel": 26,
      "stageType": "Abnormality",
      "participantInfo": {
        "min": 5,
        "max": 5
      },
      "waveList": [
        {
          "battleMapInfo": {
            "mapName": "Cp3_B2_LCorpS"
          },
          "unitList": [
            {
              "unitID": 8027,
              "unitCount": 1,
              "unitLevel": 26
            },
            {
              "unitID": 8018,
              "unitCount": 2,
              "unitLevel": 26
            },
            {
              "unitID": 8017,
              "unitCount": 1,
              "unitLevel": 26
            }
          ],
          "bgmList": [
            "Battle_Cp3_Ally_2",
            "Battle_Cp3_Enemy_2"
          ],
          "enemyPositionID": 17
        }
      ],
      "staminaCost": 0,
      "recommendedLevel": 26,
      "turnLimit": 99,
      "questlist": [
        {
          "args": [
            "10"
          ],
          "localizeId": 1
        }
      ],
      "rewardList": [
      ],
      "dangerLevel": 1
    },
    {
      "id": 10329,
      "stageLevel": 26,
      "stageType": "Abnormality",
      "participantInfo": {
        "min": 5,
        "max": 5
      },
      "waveList": [
        {
          "battleMapInfo": {
            "mapName": "Cp3_B1_LCorpE_v2"
          },
          "unitList": [
            {
              "unitID": 8026,
              "unitCount": 2,
              "unitLevel": 26
            },
            {
              "unitID": 8024,
              "unitCount": 2,
              "unitLevel": 26
            }
          ],
          "bgmList": [
            "Battle_Cp3_Ally_2",
            "Battle_Cp3_Enemy_2"
          ],
          "enemyPositionID": 17
        }
      ],
      "staminaCost": 0,
      "recommendedLevel": 26,
      "turnLimit": 99,
      "questlist": [
        {
          "args": [
            "10"
          ],
          "localizeId": 1
        }
      ],
      "rewardList": [
      ],
      "dangerLevel": 1,
      "stageScriptList": ["10329"]
    },
    {
      "id": 10332,
      "stageLevel": 26,
      "stageType": "Abnormality",
      "participantInfo": {
        "min": 5,
        "max": 5
      },
      "waveList": [
        {
          "battleMapInfo": {
            "mapName": "Cp3_B2_LCorpS_v1"
          },
          "unitList": [
            {
              "unitID": 8007,
              "unitCount": 1,
              "unitLevel": 26
            },
            {
              "unitID": 8017,
              "unitCount": 1,
              "unitLevel": 26
            },
            {
              "unitID": 8018,
              "unitCount": 1,
              "unitLevel": 26
            }
          ],
          "bgmList": [
            "Battle_Cp3_Ally_1",
            "Battle_Cp3_Enemy_1"
          ],
          "enemyPositionID": 16
        }
      ],
      "staminaCost": 0,
      "recommendedLevel": 26,
      "turnLimit": 99,
      "questlist": [
        {
          "args": [
            "10"
          ],
          "localizeId": 1
        }
      ],
      "rewardList": [
      ],
      "dangerLevel": 1
    },
    {
      "id": 10336,
      "stageLevel": 26,
      "stageType": "Abnormality",
      "participantInfo": {
        "min": 5,
        "max": 5
      },
      "waveList": [
        {
          "battleMapInfo": {
            "mapName": "Cp3_B0_UnderGround_v1"
          },
          "unitList": [
            {
              "unitID": 8028,
              "unitCount": 1,
              "unitLevel": 26
            }
          ],
          "bgmList": [
            "Battle_Cp3_Ally_3",
            "Battle_Cp3_Enemy_4"
          ],
          "enemyPositionID": 13
        }
      ],
      "staminaCost": 0,
      "recommendedLevel": 26,
      "turnLimit": 99,
      "questlist": [
        {
          "args": [
            "10"
          ],
          "localizeId": 1
        }
      ],
      "rewardList": [
        {
          "type": "EGO_GIFT",
          "rewardId": 1046,
          "num": 1,
          "prob": 1
        }
      ],
      "dangerLevel": 1
    },
    {
      "id": 10338,
      "stageLevel": 26,
      "stageType": "Abnormality",
      "participantInfo": {
        "min": 5,
        "max": 5
      },
      "waveList": [
        {
          "battleMapInfo": {
            "mapName": "Cp3_B2_LCorpS_v2"
          },
          "unitList": [
            {
              "unitID": 8026,
              "unitCount": 1,
              "unitLevel": 26
            },
            {
              "unitID": 8024,
              "unitCount": 1,
              "unitLevel": 26
            }
          ],
          "bgmList": [
            "Battle_Cp3_Ally_2",
            "Battle_Cp3_Enemy_2"
          ],
          "enemyPositionID": 15
        }
      ],
      "staminaCost": 0,
      "recommendedLevel": 26,
      "turnLimit": 99,
      "questlist": [
        {
          "args": [
            "10"
          ],
          "localizeId": 1
        }
      ],
      "rewardList": [
      ],
      "dangerLevel": 1
    },
    {
      "id": 10339,
      "stageLevel": 27,
      "stageType": "Abnormality",
      "participantInfo": {
        "min": 5,
        "max": 5
      },
      "waveList": [
        {
          "battleMapInfo": {
            "mapName": "Cp3_B0_UnderGround"
          },
          "unitList": [
            {
              "unitID": 8025,
              "unitCount": 1,
              "unitLevel": 27
            },
            {
              "unitID": 8027,
              "unitCount": 2,
              "unitLevel": 27
            }
          ],
          "bgmList": [
            "Battle_Cp3_Ally_3",
            "Battle_Cp3_Enemy_4"
          ],
          "enemyPositionID": 17
        }
      ],
      "staminaCost": 0,
      "recommendedLevel": 27,
      "turnLimit": 99,
      "questlist": [
        {
          "args": [
            "10"
          ],
          "localizeId": 1
        }
      ],
      "rewardList": [
      ],
      "dangerLevel": 1
    },
    {
      "id": 10342,
      "stageLevel": 28,
      "stageType": "Abnormality",
      "participantInfo": {
        "min": 5,
        "max": 5
      },
      "waveList": [
        {
          "battleMapInfo": {
            "mapName": "Cp3_B3_Alter"
          },
          "unitList": [
            {
              "unitID": 8017,
              "unitCount": 1,
              "unitLevel": 28
            },
            {
              "unitID": 8007,
              "unitCount": 2,
              "unitLevel": 28
            }
          ],
          "bgmList": [
            "Battle_Cp3_Ally_2",
            "Battle_Cp3_Enemy_2"
          ]
        },
        {
          "battleMapInfo": {
            "mapName": "Cp3_B3_Alter"
          },
          "unitList": [
            {
              "unitID": 8017,
              "unitCount": 1,
              "unitLevel": 28
            },
            {
              "unitID": 8018,
              "unitCount": 2,
              "unitLevel": 28
            }
          ],
          "enemyPositionID": 16
        }
      ],
      "staminaCost": 0,
      "recommendedLevel": 28,
      "turnLimit": 99,
      "questlist": [
        {
          "args": [
            "10"
          ],
          "localizeId": 1
        }
      ],
      "rewardList": [
      ],
      "story": {
        "enter": [
          "3D303B"
        ]
      },
      "dangerLevel": 1
    },
    {
      "id": 10344,
      "stageLevel": 28,
      "stageType": "Abnormality",
      "participantInfo": {
        "min": 5,
        "max": 5
      },
      "waveList": [
        {
          "battleMapInfo": {
            "mapName": "Cp3_B3_Alter"
          },
          "unitList": [
            {
              "unitID": 8025,
              "unitCount": 1,
              "unitLevel": 28
            },
            {
              "unitID": 8027,
              "unitCount": 1,
              "unitLevel": 28
            }
          ],
          "bgmList": [
            "Battle_Cp3_Ally_3",
            "Battle_Cp3_Enemy_4"
          ],
          "enemyPositionID": 16
        }
      ],
      "staminaCost": 0,
      "recommendedLevel": 28,
      "turnLimit": 99,
      "questlist": [
        {
          "args": [
            "10"
          ],
          "localizeId": 1
        }
      ],
      "rewardList": [
      ],
      "story": {
        "enter": [
          "3D305B"
        ]
      },
      "dangerLevel": 1
    },
    {
      "id": 10346,
      "stageLevel": 29,
      "stageType": "Abnormality",
      "participantInfo": {
        "min": 5,
        "max": 5
      },
      "waveList": [
        {
          "battleMapInfo": {
            "mapName": "Cp3_B3_Alter"
          },
          "unitList": [
            {
              "unitID": 8026,
              "unitCount": 1,
              "unitLevel": 29
            },
            {
              "unitID": 8017,
              "unitCount": 3,
              "unitLevel": 29
            }
          ],
          "bgmList": [
            "Battle_Cp3_Ally_3",
            "Battle_Cp3_Enemy_4"
          ],
          "enemyPositionID": 17
        }
      ],
      "staminaCost": 0,
      "recommendedLevel": 29,
      "turnLimit": 99,
      "questlist": [
        {
          "args": [
            "10"
          ],
          "localizeId": 1
        }
      ],
      "rewardList": [
      ],
      "story": {
        "enter": [
          "3D307B"
        ]
      },
      "dangerLevel": 1
    },
    {
      "id": 10347,
      "stageLevel": 29,
      "stageType": "Abnormality",
      "participantInfo": {
        "min": 5,
        "max": 5
      },
      "waveList": [
        {
          "battleMapInfo": {
            "mapName": "Cp3_B3_CorpesHill"
          },
          "unitList": [
            {
              "unitID": 8033,
              "unitCount": 3,
              "unitLevel": 29
            }
          ],
          "bgmList": [
            "Battle_Cp3_Ally_3",
            "Battle_Cp3_Enemy_4"
          ],
          "enemyPositionID": 16
        }
      ],
      "staminaCost": 0,
      "recommendedLevel": 29,
      "turnLimit": 99,
      "questlist": [
        {
          "args": [
            "10"
          ],
          "localizeId": 1
        }
      ],
      "rewardList": [
      ],
      "dangerLevel": 1
    },
    {
      "id": 10348,
      "stageLevel": 30,
      "stageType": "Abnormality",
      "participantInfo": {
        "min": 5,
        "max": 5
      },
      "waveList": [
        {
          "battleMapInfo": {
            "mapName": "Cp3_B3_BossBattle"
          },
          "unitList": [
            {
              "unitID": 8029,
              "unitCount": 1,
              "unitLevel": 30
            }
          ],
          "bgmList": [
            "Battle_Cp3_Cromer_p1",
            "Battle_Cp3_Cromer_p2"
          ],
          "enemyPositionID": 11
        }
      ],
      "staminaCost": 0,
      "recommendedLevel": 30,
      "turnLimit": 99,
      "questlist": [
        {
          "args": [
            "10"
          ],
          "localizeId": 1
        }
      ],
      "rewardList": [
      ],
      "story": {
        "enter": [
          "3D309B"
        ],
        "others": [
          {
            "phase": "STORY_AFTER_ABNORMALITY_CHOICE",
            "storyID": "3D309I1"
          },
          {
            "phase": "BEFORE_ROUND_END",
            "storyID": "3D309I2",
            "storyIndex": 0
          }
        ],
        "exit": [
          "3D309A"
        ]
      },
      "dangerLevel": 1,
      "stageScriptList": ["Cromer"],
      "eventScriptName": "Cromer",
      "abnormalityEventList": [
        803001
      ],
      "hasGoldenBough": true,
      "includeBoss": 1
    }
  ]
}