{
  "list": [
    {
      "id": 10506,
      "stageLevel": 39,
      "stageType": "Abnormality",
      "participantInfo": {
        "min": 6,
        "max": 6
      },
      "waveList": [
        {
          "battleMapInfo": {
            "mapName": "Cp5_PequodTown"
          },
          "unitList": [
            {
              "unitID": 8103,
              "unitCount": 1,
              "unitLevel": 39
            }
          ],
          "subUnitList": [
            {
              "unitID": 8110,
              "unitCount": 1,
              "unitLevel": 39
            },
            {
              "unitID": 8111,
              "unitCount": 1,
              "unitLevel": 39
            }
          ],
          "bgmList": [
            "Battle_Cp5_Ally_4",
            "Battle_Cp5_Enemy_5"
          ],
          "enemyPositionID": 54
        }
      ],
      "staminaCost": 0,
      "recommendedLevel": 39,
      "turnLimit": 99,
      "questlist": [
        {
          "args": [
            "10"
          ],
          "localizeId": 1
        }
      ],
      "rewardList": [
        {
          "type": "EGO_GIFT",
          "rewardId": 2018,
          "num": 1,
          "prob": 1
        }
      ],
      "story": {
        "enter": [
          "5D105B"
        ],
        "exit": [
          "5D105A"
        ]
      },
      "stageScriptList": ["a1c5p1_4_2"]
    },
    {
      "id": 10509,
      "stageLevel": 39,
      "stageType": "Abnormality",
      "participantInfo": {
        "min": 6,
        "max": 6
      },
      "waveList": [
        {
          "battleMapInfo": {
            "mapName": "Cp5_HeartEntrance1"
          },
          "unitList": [
            {
              "unitID": 8101,
              "unitCount": 1,
              "unitLevel": 39
            }
          ],
          "subUnitList": [
            {
              "unitID": 8109,
              "unitCount": 1,
              "unitLevel": 39
            }
          ],
          "bgmList": [
            "Battle_Cp5_Ally_4",
            "Battle_Cp5_Enemy_5"
          ],
          "enemyPositionID": 52
        }
      ],
      "staminaCost": 0,
      "recommendedLevel": 39,
      "turnLimit": 99,
      "questlist": [
        {
          "args": [
            "10"
          ],
          "localizeId": 1
        }
      ],
      "rewardList": [
        {
          "type": "EGO_GIFT",
          "rewardId": 9019,
          "num": 1,
          "prob": 1
        }
      ],
      "story": {
        "enter": [
          "5D202B"
        ],
        "exit": [
          "5D202A"
        ]
      },
      "stageScriptList": ["8101"],
      "eventScriptName": "8101",
      "abnormalityEventList": [
        810101
      ]
    },
    {
      "id": 10510,
      "stageLevel": 38,
      "stageType": "Abnormality",
      "participantInfo": {
        "min": 6,
        "max": 6
      },
      "waveList": [
        {
          "battleMapInfo": {
            "mapName": "Cp5_HeartEntrance2"
          },
          "unitList": [
            {
              "unitID": 8064,
              "unitCount": 2,
              "unitLevel": 38
            },
            {
              "unitID": 8067,
              "unitCount": 2,
              "unitLevel": 38
            },
            {
              "unitID": 8066,
              "unitCount": 1,
              "unitLevel": 38
            }
          ],
          "bgmList": [
            "Battle_Cp5_Ally_1",
            "Battle_Cp5_Enemy_2"
          ]
        }
      ],
      "staminaCost": 0,
      "recommendedLevel": 38,
      "turnLimit": 99,
      "questlist": [
        {
          "args": [
            "10"
          ],
          "localizeId": 1
        }
      ],
      "rewardList": [],
      "story": {
        "enter": [
          "5D203B"
        ]
      },
      "stageScriptList": ["a1c5p1_4_2"]
    },
    {
      "id": 10512,
      "stageLevel": 39,
      "stageType": "Abnormality",
      "participantInfo": {
        "min": 6,
        "max": 6
      },
      "waveList": [
        {
          "battleMapInfo": {
            "mapName": "Cp5_HeartEntrance3"
          },
          "unitList": [
            {
              "unitID": 8100,
              "unitCount": 1,
              "unitLevel": 39
            },
            {
              "unitID": 8107,
              "unitCount": 4,
              "unitLevel": 39
            }
          ],
          "bgmList": [
            "Battle_Cp5_Ally_3",
            "Battle_Cp5_Enemy_4"
          ],
          "enemyPositionID": 53
        }
      ],
      "staminaCost": 0,
      "recommendedLevel": 39,
      "turnLimit": 99,
      "questlist": [
        {
          "args": [
            "10"
          ],
          "localizeId": 1
        }
      ],
      "rewardList": [
        {
          "type": "EGO_GIFT",
          "rewardId": 9009,
          "num": 1,
          "prob": 1
        }
      ],
      "story": {
        "enter": [
          "5D205B"
        ],
        "exit": [
          "5D205A"
        ]
      },
      "stageScriptList": ["8100"],
      "eventScriptName": "8100",
      "abnormalityEventList": [
        810001
      ]
    },
    {
      "id": 10513,
      "stageLevel": 39,
      "stageType": "Abnormality",
      "participantInfo": {
        "min": 6,
        "max": 6
      },
      "waveList": [
        {
          "battleMapInfo": {
            "mapName": "Cp5_HeartEntrance3"
          },
          "unitList": [
            {
              "unitID": 8065,
              "unitCount": 2,
              "unitLevel": 39
            },
            {
              "unitID": 8067,
              "unitCount": 1,
              "unitLevel": 39
            },
            {
              "unitID": 8069,
              "unitCount": 2,
              "unitLevel": 39
            }
          ],
          "bgmList": [
            "Battle_Cp5_Ally_1",
            "Battle_Cp5_Enemy_2"
          ]
        }
      ],
      "staminaCost": 0,
      "recommendedLevel": 39,
      "turnLimit": 99,
      "questlist": [
        {
          "args": [
            "10"
          ],
          "localizeId": 1
        }
      ],
      "rewardList": [],
      "stageScriptList": ["a1c5p1_4_2"]
    },
    {
      "id": 10514,
      "stageLevel": 40,
      "stageType": "Abnormality",
      "battleCameraInfo": {
        "defaultPosX": 0,
        "defaultPosY": 0,
        "defaultPosZ": -10
      },
      "participantInfo": {
        "min": 6,
        "max": 6
      },
      "waveList": [
        {
          "battleMapInfo": {
            "mapName": "Cp5_HeartEntrance3",
            "mapSize": 28
          },
          "unitList": [
            {
              "unitID": 8102,
              "unitCount": 1,
              "unitLevel": 40
            }
          ],
          "subUnitList": [
            {
              "unitID": 8108,
              "unitCount": 1,
              "unitLevel": 40
            }
          ],
          "bgmList": [
            "Battle_Cp5_Ally_4",
            "Battle_Cp5_Enemy_5"
          ],
          "enemyPositionID": 55,
          "allyPositionID": 48
        }
      ],
      "staminaCost": 0,
      "recommendedLevel": 40,
      "turnLimit": 99,
      "questlist": [
        {
          "args": [
            "10"
          ],
          "localizeId": 1
        }
      ],
      "rewardList": [
        {
          "type": "EGO_GIFT",
          "rewardId": 9073,
          "num": 1,
          "prob": 1
        }
      ],
      "story": {
        "enter": [
          "5D301B"
        ],
        "exit": [
          "5D301A"
        ]
      },
      "stageScriptList": ["8102"],
      "eventScriptName": "8102",
      "abnormalityEventList": [
        810201
      ]
    },
    {
      "id": 10515,
      "stageLevel": 40,
      "stageType": "Abnormality",
      "participantInfo": {
        "min": 6,
        "max": 6
      },
      "waveList": [
        {
          "battleMapInfo": {
            "mapName": "Cp5_TheDepthsOfHeart"
          },
          "unitList": [
            {
              "unitID": 8105,
              "unitCount": 1,
              "unitLevel": 40
            },
            {
              "unitID": 8112,
              "unitCount": 1,
              "unitLevel": 40
            },
            {
              "unitID": 8104,
              "unitCount": 1,
              "unitLevel": 40
            }
          ],
          "bgmList": [
            "Battle_Cp5_AhabBattle"
          ],
          "enemyPositionID": 57,
          "allyPositionID": 58
        }
      ],
      "staminaCost": 0,
      "recommendedLevel": 40,
      "turnLimit": 99,
      "questlist": [
        {
          "args": [
            "10"
          ],
          "localizeId": 1
        }
      ],
      "rewardList": [
        {
          "type": "EGO_GIFT",
          "rewardId": 2026,
          "num": 1,
          "prob": 1
        }
      ],
      "story": {
        "enter": [
          "5D303B"
        ]
      },
      "stageScriptList": ["8105"]
    },
    {
      "id": 10516,
      "stageLevel": 40,
      "stageType": "Abnormality",
      "participantInfo": {
        "min": 6,
        "max": 6
      },
      "waveList": [
        {
          "battleMapInfo": {
            "mapName": "Cp5_TheDepthsOfHeart_Awaken"
          },
          "unitList": [
            {
              "unitID": 8106,
              "unitCount": 1,
              "unitLevel": 40
            }
          ],
          "bgmList": [
            "Battle_Cp5_AhabBossBattle"
          ],
          "enemyPositionID": 59,
          "allyPositionID": 58
        }
      ],
      "staminaCost": 0,
      "recommendedLevel": 40,
      "turnLimit": 99,
      "questlist": [
        {
          "args": [
            "10"
          ],
          "localizeId": 1
        }
      ],
      "rewardList": [],
      "story": {
        "enter": [
          "5D304B"
        ],
        "exit": [
          "5D304A"
        ],
        "others": [
          {
            "phase": "STORY_AFTER_ABNORMALITY_CHOICE",
            "storyID": "5D304I",
            "storyIndex": 0
          },
          {
            "phase": "STORY_AFTER_ABNORMALITY_CHOICE",
            "storyID": "5D304I2",
            "storyIndex": 1
          },
          {
            "phase": "STORY_AFTER_ABNORMALITY_CHOICE",
            "storyID": "5D304I3",
            "storyIndex": 2
          },
          {
            "phase": "STORY_AFTER_ABNORMALITY_CHOICE",
            "storyID": "5D304I4",
            "storyIndex": 3
          },
          {
            "phase": "BEFORE_ROUND_END",
            "storyID": "5D304I5",
            "storyIndex": 4
          },
          {
            "phase": "BEFORE_ROUND_END",
            "storyID": "5D304I6",
            "storyIndex": 5
          },
          {
            "phase": "BEFORE_ROUND_END",
            "storyID": "5D304I7",
            "storyIndex": 6
          },
          {
            "phase": "BEFORE_ROUND_END",
            "storyID": "5D304I8",
            "storyIndex": 7
          },
          {
            "phase": "BEFORE_ROUND_END",
            "storyID": "5D304I9",
            "storyIndex": 8
          }
        ]
      },
      "stageScriptList": ["8106"],
      "eventScriptName": "8106",
      "abnormalityEventList": [
        810601,
        810602,
        810603
      ],
      "includeBoss": 1
    }
  ]
}