{
  "1": {"a":0,"id":"1","name":"Dante"},
  "2": {"a":0,"id":"2","name":"Gregor"},
  "3": {"a":0,"id":"3","name":"Charon"},
  "4": {"a":0,"id":"4","name":"Sinclair"},
  "5": {"a":0,"id":"5","name":"Rodion"},
  "6": {"a":0,"id":"6","name":"Yi Sang"},
  "7": {"a":0,"id":"7","name":"Effie/Saude"},
  "8": {"a":0,"id":"8","name":"Ishmael"},
  "9": {"a":0,"id":"9","name":"Yuri"},
  "10": {"a":0,"id":"10","name":"Malkuth"},
  "11": {"a":0,"id":"11","name":"Pierre/Jack"},
  "12": {"a":0,"id":"12","name":"Angela"},
  "13": {"a":0,"id":"13","name":"Nelly"},
  "14": {"a":0,"id":"14","name":"Heathcliff"},
  "15": {"a":0,"id":"15","name":"Samjo"},
  "16": {"a":0,"id":"16","name":"Yesod"},
  "17": {"a":0,"id":"17","name":"Molar Office"},
  "18": {"a":0,"id":"18","name":"Hod"},
  "19": {"a":0,"id":"19","name":"Dawn Office"}
}