{
  "battlepass_battlepass": {"a":0,"id":"battlepass_battlepass","content":"Battle Pass"},
  "battlepass_passmission": {"a":0,"id":"battlepass_passmission","content":"Pass Missions"},
  "battlepass_dailymission": {"a":0,"id":"battlepass_dailymission","content":"Daily"},
  "battlepass_weeklymission": {"a":0,"id":"battlepass_weeklymission","content":"Weekly"},
  "battlepass_seasonmission": {"a":0,"id":"battlepass_seasonmission","content":"Seasonal"},
  "battlepass_freeandpaid": {"a":0,"id":"battlepass_freeandpaid","content":"Paid {0} Free {1}"},
  "battlepass_mission_tag_normal": {"a":0,"id":"battlepass_mission_tag_normal","content":"Regular"},
  "battlepass_mission_tag_battle": {"a":0,"id":"battlepass_mission_tag_battle","content":"Combat"},
  "battlepass_remain_time": {"a":0,"id":"battlepass_remain_time","content":"{0} days {1} hours left"},
  "battlepass_ask_purchase_limbus_pass": {"a":0,"id":"battlepass_ask_purchase_limbus_pass","content":"Purchasing the Limbus Pass will give you the following benefits during {0}:"},
  "battlepass_limbus_pass_benefit_reward": {"a":0,"id":"battlepass_limbus_pass_benefit_reward","content":"Limbus Pass Rewards Available"},
  "battlepass_limbus_pass_benefit_ex_reward": {"a":0,"id":"battlepass_limbus_pass_benefit_ex_reward","content":"Max Pass Level Reward Upgraded"},
  "battlepass_level_up": {"a":0,"id":"battlepass_level_up","content":"Pass Level-up"},
  "battlepass_level_up_ask": {"a":0,"id":"battlepass_level_up_ask","content":"Level up the Pass using [Paid Lunacy]?"},
  "battlepass_level_upgrade": {"a":0,"id":"battlepass_level_upgrade","content":"Pass Level Up"},
  "battlepass_level_max": {"a":0,"id":"battlepass_level_max","content":"<color=#f8c200>Max Pass Level</color> reached."},
  "battlepass_purchase_level_up_failed": {"a":0,"id":"battlepass_purchase_level_up_failed","content":"Cannot Purchase Pass Level"},
  "lack_if_paid_lunacy": {"a":0,"id":"lack_if_paid_lunacy","content":"Insufficient Paid Lunacy"},
  "remain_days_with_label": {"a":0,"id":"remain_days_with_label","content":"{0}d left"},
  "remain_hours_with_label": {"a":0,"id":"remain_hours_with_label","content":"{0}h left"},
  "remain_minutes_with_label": {"a":0,"id":"remain_minutes_with_label","content":"{0}m left"},
  "update_progress": {"a":0,"id":"update_progress","content":"Progress Updated"},
  "able_to_acquire_ex_pass_level_reward": {"a":0,"id":"able_to_acquire_ex_pass_level_reward","content":"Eligible for Max Pass Level rewards"},
  "ask_to_use_paid_lunacy_to_level_up_pass": {"a":0,"id":"ask_to_use_paid_lunacy_to_level_up_pass","content":"Spend {0} Paid Lunacy to purchase Pass Levels?"},
  "battlepass_purchase_level_up": {"a":0,"id":"battlepass_purchase_level_up","content":"Buy Pass Levels"},
  "lack_of_paid_lunacy": {"a":0,"id":"lack_of_paid_lunacy","content":"You don’t have enough paid Lunacy."},
  "only_paid_lunacy_for_battlepass_levelup": {"a":0,"id":"only_paid_lunacy_for_battlepass_levelup","content":"※ Purchasing Battle Pass Levels costs 300 Paid Lunacy."},
  "buy_battlepass_word": {"a":0,"id":"buy_battlepass_word","content":"Buy"},
  "battlepass_level_ex_reward": {"a":0,"id":"battlepass_level_ex_reward","content":"Max Pass Level Reward"},
  "battlepass_progress": {"a":0,"id":"battlepass_progress","content":"Battle Pass XP"},
  "battlepass_free": {"a":0,"id":"battlepass_free","content":"Free"},
  "battlepass_limbuspass": {"a":0,"id":"battlepass_limbuspass","content":"Limbus Pass"},
  "battlepass_unable_levelup_by_level": {"a":0,"id":"battlepass_unable_levelup_by_level","content":"Max Level Reached"},
  "battlepass_reward_opened_at": {"a":0,"id":"battlepass_reward_opened_at","content":"{0} Update"},
  "battlepass_package_purchase": {"a":0,"id":"battlepass_package_purchase","content":"<font=\"BebasKai SDF\">LIMBUS PASS</style> Package"},
  "battlepass_package_desc_level": {"a":0,"id":"battlepass_package_desc_level","content":"Contains various rewards including the 「Limbus Pass Package Special Banner」"},
  "battlepass_package_desc_banner": {"a":0,"id":"battlepass_package_desc_banner","content":"+ [LIMBUS PASS] Activation"},
  "battlepass_package_ask_purchase": {"a":0,"id":"battlepass_package_ask_purchase","content":"Spend {0} Paid Lunacy to purchase this Package?"},
  "battlepass_package_warning": {"a":0,"id":"battlepass_package_warning","content":"※ This item will be immediately used upon purchase; refund may be restricted."},
  "battlepass_limbus_pass_benefit_ex_box_reward": {"a":0,"id":"battlepass_limbus_pass_benefit_ex_box_reward","content":"Receive the following Max Pass Level EX Rewards upon purchase"},
  "battlepass_limbus_pass_benefit_ex_box_reward_count": {"a":0,"id":"battlepass_limbus_pass_benefit_ex_box_reward_count","content":"<style=\"highlightConverted\">{1}</style> [Season {0}] Nominable Egoshard Crates"},
  "battlepass_select_product_popup_title": {"a":0,"id":"battlepass_select_product_popup_title","content":"Select Pass/Package"},
  "only_paid_lunacy_for_battlepass_levelup_with_number": {"a":0,"id":"only_paid_lunacy_for_battlepass_levelup_with_number","content":"※ Purchasing a Pass Level costs {0} Paid Lunacy."},
  "battle_pass_package_button_desc": {"a":0,"id":"battle_pass_package_button_desc","content":"Various Rewards\nIncluding the Special Banner"},
  "battle_pass_select_popup_package_desc": {"a":0,"id":"battle_pass_select_popup_package_desc","content":"Various Rewards\nIncluding the Special Banner"},
  "battle_pass_select_popup_limbus_desc": {"a":0,"id":"battle_pass_select_popup_limbus_desc","content":"◆ Unlocks Limbus Pass Rewards\n◆ Upgrades Max Pass Level EX Rewards"},
  "battle_pass_package_purchase_popup_desc": {"a":0,"id":"battle_pass_package_purchase_popup_desc","content":"◆ Gain 10 Pass Levels immediately upon purchase.\n◆ Includes the following contents."},
  "battle_pass_limbus_purchase_popup_desc": {"a":0,"id":"battle_pass_limbus_purchase_popup_desc","content":"◆ Receive various rewards from the Limbus Pass.\n◆ Receive 3 [Season 3] Nominable Egoshard Crates instead of 1 from the Max Pass Level EX Rewards."},
  "battle_pass_package_button_desc_with_limbus": {"a":0,"id":"battle_pass_package_button_desc_with_limbus","content":"Various Rewards\nIncluding the Special Banner\n+ [LIMBUS PASS]"},
  "battle_pass_package_purchase_popup_desc_in_box": {"a":0,"id":"battle_pass_package_purchase_popup_desc_in_box","content":"- Limbus Pass Package Special Banner\n- Level Boost Ticket IV"},
  "until_season_4_start": {"a":0,"id":"until_season_4_start","content":"~ Until Season 4 Update"},
  "until_season_5_start": {"a":0,"id":"until_season_5_start","content":"Until Season 5 Update"},
  "battlepass_ask_purchase_limbus_pass_package": {"a":0,"id":"battlepass_ask_purchase_limbus_pass_package","content":"Purchasing the Limbus Pass Package will\ngive you the following benefits during {0}:"},
  "battlepass_purchase_desc_pass": {"a":0,"id":"battlepass_purchase_desc_pass","content":"Various rewards included in the Limbus Pass"},
  "battlepass_purchase_desc_ex": {"a":0,"id":"battlepass_purchase_desc_ex","content":"Receive <style=\"highlightConverted\">{1}</style> Season 4 Nominable Egoshard Crates from Max Pass Level+ Rewards instead of <style=\"highlightConverted\">{0}</style>"},
  "battlepass_purchase_desc_pass_level": {"a":0,"id":"battlepass_purchase_desc_pass_level","content":"Immediately gain 10 Pass Levels upon purchase"},
  "battlepass_purchase_desc_level_ticket": {"a":0,"id":"battlepass_purchase_desc_level_ticket","content":"Level Boost Ticket IV"},
  "battlepass_purchase_desc_special_banner": {"a":0,"id":"battlepass_purchase_desc_special_banner","content":"Limbus Pass Package Special Banner"},
  "battlepass_purchase_desc_policy": {"a":0,"id":"battlepass_purchase_desc_policy","content":"※ This item will be used immediately upon purchase; refund will be restricted.\n\n※ The Battle Pass is guaranteed to last [at least 90 days from the start of the Season].\nThe exact end date of the Battle Pass will be notified when the next [Guide for the upcoming Season] is posted.\nPlease note that your Battle Pass purchase date has no effect on the active duration of the Battle Pass."},
  "owned_count": {"a":0,"id":"owned_count","content":"{0} Owned"},
  "battle_pass_package_button_desc_with_limbus_2": {"a":0,"id":"battle_pass_package_button_desc_with_limbus_2","content":"◆ Immediately gain 10 Pass LV upon purchase\n◆ Receive a Special Banner\n◆ Level Boost Ticket IV"},
  "battle_pass_product_limbus_desc_summary": {"a":0,"id":"battle_pass_product_limbus_desc_summary","content":"◆ Unlocks Limbus Pass Rewards\n◆ Upgrades Max Pass Level EX Rewards"},
  "battle_pass_product_package_with_limbus_desc_summary": {"a":0,"id":"battle_pass_product_package_with_limbus_desc_summary","content":"◆ Season 4 Limbus Pass\n◆ Immediately gain 10 Pass LV upon purchase\n◆ Level Boost Ticket IV\n◆ Limbus Package Special Banner"},
  "battle_pass_product_package_without_limbus_desc_summary": {"a":0,"id":"battle_pass_product_package_without_limbus_desc_summary","content":"◆ Immediately gain 10 Pass LV upon purchase\n◆ Level Boost Ticket IV\n◆ Limbus Package Special Banner"},
  "battle_pass_sale_10": {"a":0,"id":"battle_pass_sale_10","content":"10% Discount"},
  "battlepass_season_1": {"a":0,"id":"battlepass_season_1","content":"Season 1: Orientation"},
  "battlepass_season_2": {"a":0,"id":"battlepass_season_2","content":"Season 2: Reminiscence"},
  "battlepass_season_3": {"a":0,"id":"battlepass_season_3","content":"Season 3: Bon Voyage"},
  "battlepass_season_4": {"a":0,"id":"battlepass_season_4","content":"Season 4: Clear All Cathy"}
}