{
  "CLEAR_STAGE": {"a":0,"id":"CLEAR_STAGE","content":"Clear any stage {0} time(s)"},
  "KILL_ENEMY_ANY": {"a":0,"id":"KILL_ENEMY_ANY","content":"Defeat {0} enemies"},
  "KILL_ENEMY_ABNORMALITY": {"a":0,"id":"KILL_ENEMY_ABNORMALITY","content":"Suppress {0} Abnormalities"},
  "SOMEONE_PARTICIPATED_IN_BATTLE": {"a":0,"id":"SOMEONE_PARTICIPATED_IN_BATTLE","content":"Have {1} in battle {0} time(s)"},
  "MIRROR_DUNGEON_TRY": {"a":0,"id":"MIRROR_DUNGEON_TRY","content":"Enter the Mirror Dungeon {0} time(s)"},
  "MIRROR_DUNGEON_CLEAR": {"a":0,"id":"MIRROR_DUNGEON_CLEAR","content":"Clear Mirror Dungeons {0} time(s)"},
  "BATTLEPASS_LEVELUP": {"a":0,"id":"BATTLEPASS_LEVELUP","content":"Reach Battle Pass Level {0}"},
  "USE_EGO_20402": {"a":0,"id":"USE_EGO_20402","content":"Use Ryōshū’s 4th Match Flame {0} time(s)"},
  "USE_ANNOUNCER_2": {"a":0,"id":"USE_ANNOUNCER_2","content":"Have Gregor as the Announcer {0} time(s)"},
  "LOGIN_ONCE": {"a":0,"id":"LOGIN_ONCE","content":"{0} daily log-ins"},
  "LOGIN_MULTIPLE": {"a":0,"id":"LOGIN_MULTIPLE","content":"{0} total daily log-ins"},
  "EXPDUNGEON_CLEAR": {"a":0,"id":"EXPDUNGEON_CLEAR","content":"Clear EXP Luxcavation {0} time(s)"},
  "THREADDENGEON_CLEAR": {"a":0,"id":"THREADDENGEON_CLEAR","content":"Clear Thread Luxcavation {0} time(s)"},
  "PURCHASE_ENKEPHALIN_MODULE": {"a":0,"id":"PURCHASE_ENKEPHALIN_MODULE","content":"Assemble {0} Enkephalin Module(s)"}
}