{
  "1": {"a":0,"id":"1","name":"Yi Sang"},
  "2": {"a":0,"id":"2","name":"Faust"},
  "3": {"a":0,"id":"3","name":"Don Quixote"},
  "4": {"a":0,"id":"4","name":"Ryōshū"},
  "5": {"a":0,"id":"5","name":"Meursault"},
  "6": {"a":0,"id":"6","name":"Hong Lu"},
  "7": {"a":0,"id":"7","name":"Heathcliff"},
  "8": {"a":0,"id":"8","name":"Ishmael"},
  "9": {"a":0,"id":"9","name":"Rodion"},
  "10": {"a":0,"id":"10","name":"Sinclair"},
  "11": {"a":0,"id":"11","name":"Outis"},
  "12": {"a":0,"id":"12","name":"Gregor"}
}