{
  "Ally": {"a":0,"id":"Ally","content":"Friendly Units"},
  "RandomAlly": {"a":0,"id":"RandomAlly","content":"Random Friendly Units"},
  "EveryAlly": {"a":0,"id":"EveryAlly","content":"All Allies"},
  "EveryEnemy": {"a":0,"id":"EveryEnemy","content":"All Enemies"},
  "ChosenPersonality": {"a":0,"id":"ChosenPersonality","content":"The Selected Identity"},
  "HighestHpAlly": {"a":0,"id":"HighestHpAlly","content":"Friendly Units with the most HP"},
  "LowestHpAlly": {"a":0,"id":"LowestHpAlly","content":"Friendly Units with the least HP"},
  "HighestMpAlly": {"a":0,"id":"HighestMpAlly","content":"Friendly Units with the highest SP"},
  "LowestMpAlly": {"a":0,"id":"LowestMpAlly","content":"Friendly Units with the lowest SP"},
  "NotFullHpAlly": {"a":0,"id":"NotFullHpAlly","content":"Friendly Units whose HP is not full"},
  "NotAffectedAlly": {"a":0,"id":"NotAffectedAlly","content":"Allies unaffected by previous effects"},
  "LowestHpRatioAlly": {"a":0,"id":"LowestHpRatioAlly","content":"Ally with the lowest HP percentage"},
  "Every": {"a":0,"id":"Every","content":"All"},
  "Empty": {"a":0,"id":"Empty","content":""},
  "Nothing": {"a":0,"id":"Nothing","content":"<color=#ebcaa2>Nothing happened.</color>"},
  "LevelupPersonality": {"a":0,"id":"LevelupPersonality","content":"<color=#ebcaa2>Event: Sinner Power-up!</color>"},
  "GetEgogift": {"a":0,"id":"GetEgogift","content":"<color=#ebcaa2>Event: Random E.G.O Gift!</color>"},
  "GetCharacter": {"a":0,"id":"GetCharacter","content":"<color=#ebcaa2>Event: Sinner Recruitment!</color>"},
  "LevelupPersonalityOnWinBattle": {"a":0,"id":"LevelupPersonalityOnWinBattle","content":"<color=#ebcaa2>Win the next battle to recruit a Sinner!</color>"},
  "GetConfirmedEgogiftOnWinBattle": {"a":0,"id":"GetConfirmedEgogiftOnWinBattle","content":"<color=#ebcaa2>Win the next battle to gain {reward}!</color>"},
  "StartBattle": {"a":0,"id":"StartBattle","content":"<color=#ff0000>Combat Encounter!</color>"},
  "StartBattle_Normal": {"a":0,"id":"StartBattle_Normal","content":"<color=#ff0000>Regular Encounter!</color>"},
  "StartBattle_Danger": {"a":0,"id":"StartBattle_Danger","content":"<color=#ff0000>Risky Encounter!</color>"},
  "StartBattle_Abnormality": {"a":0,"id":"StartBattle_Abnormality","content":"<color=#ff0000>Focused Encounter!</color>"},
  "StartBattle_FloorBoss": {"a":0,"id":"StartBattle_FloorBoss","content":"<color=#ff0000>Floor Boss Encounter!</color>"},
  "RecoverHpOnly": {"a":0,"id":"RecoverHpOnly","content":"<color=#ebcaa2>{targets} {conditions}</color> <color=#ebcaa2>healed for</color> <color=#00ff9c>{amount} HP.</color>"},
  "RecoverMpOnly": {"a":0,"id":"RecoverMpOnly","content":"<color=#ebcaa2>{targets} {conditions}</color> <color=#ebcaa2>healed for</color> <color=#80c9ff>{amount} SP.</color>"},
  "RecoverHpOnlyUntilMax": {"a":0,"id":"RecoverHpOnlyUntilMax","content":"<color=#ebcaa2>{targets} {conditions}</color> <color=#ebcaa2>healed back to</color> <color=#00ff9c>Full HP.</color>"},
  "RecoverMpOnlyUntilMax": {"a":0,"id":"RecoverMpOnlyUntilMax","content":"<color=#ebcaa2>{targets} {conditions}</color> <color=#ebcaa2>healed back to</color> <color=#80c9ff>Full SP.</color>"},
  "LoseHpOnly": {"a":0,"id":"LoseHpOnly","content":"<color=#ebcaa2>{targets} {conditions}</color> <color=#ebcaa2>took</color> <color=#e30000>{amount} HP Damage!</color>"},
  "LoseMpOnly": {"a":0,"id":"LoseMpOnly","content":"<color=#ebcaa2>{targets} {conditions}</color> <color=#ebcaa2>lost</color> <color=#fe4b48>{amount} SP!</color>"},
  "RecoverHpMpSameAmount": {"a":0,"id":"RecoverHpMpSameAmount","content":"<color=#ebcaa2>{targets} {conditions}</color> <color=#ebcaa2>healed for</color> <color=#00ff9c>{amount} HP</color> and <color=#80c9ff>SP.</color>"},
  "RecoverHpMpDifferentAmount": {"a":0,"id":"RecoverHpMpDifferentAmount","content":"<color=#ebcaa2>{targets} {conditions}</color> <color=#ebcaa2>healed for</color> <color=#00ff9c>{amount} HP</color> and <color=#80c9ff>{amount} SP.</color>"},
  "LoseHpMpSameAmount": {"a":0,"id":"LoseHpMpSameAmount","content":"<color=#ebcaa2>{targets} {conditions}</color> <color=#ebcaa2>took</color> <color=#e30000>{amount} HP</color> and <color=#fe4b48>SP damage!</color>"},
  "LoseHpMpDifferentAmount": {"a":0,"id":"LoseHpMpDifferentAmount","content":"<color=#ebcaa2>{targets} {conditions}</color> <color=#ebcaa2>took</color> <color=#e30000>{amount} HP</color> and <color=#fe4b48>{amount} SP damage!</color>"},
  "GetConfirmedEgogift": {"a":0,"id":"GetConfirmedEgogift","content":"<color=#ebcaa2>{reward} Earned!</color>"},
  "GetBuff_OnStageStart": {"a":0,"id":"GetBuff_OnStageStart","content":"<color=#ebcaa2>{target} {conditional} will enter the next combat encounter with {stack} {buffName}.</color>"},
  "UnlockHiddenRoute": {"a":0,"id":"UnlockHiddenRoute","content":"<color=#ebcaa2>There’s a new path on the map!</color>"},
  "ReduceEnemyWave": {"a":0,"id":"ReduceEnemyWave","content":"<color=#ebcaa2>Enemy waves reduced by {waveNum} for the next battle.</color>"},
  "DestroyEgogift": {"a":0,"id":"DestroyEgogift","content":"<color=#ebcaa2>{reward}</color> <color=#e30000>Expired!</color>"},
  "Choice_90103301": {"a":0,"id":"Choice_90103301","content":"<color=#f8c200>Speed +1</color> <color=#ebcaa2>for this battle.</color>"},
  "Choice_901001": {"a":0,"id":"Choice_901001","content":"<color=#ebcaa2>At the start of the combat phase,</color> allies without <color=#a0392b>Wrath Affinity Attack Skill</color> <color=#ebcaa2>take</color> <color=#e30000>5 Wrath damage.</color>"},
  "Choice_901007": {"a":0,"id":"Choice_901007","content":"<color=#ebcaa2>At the start of the turn,</color> </color=#ebcaa2>heal</color> <color=#00ff9c>10 HP</color> and <color=#80c9ff>10 SP.</color> (Up to 3 turns)"},
  "Choice_901009": {"a":0,"id":"Choice_901009","content":"<color=#e30000>Skill Final Power -1</color> <color=#ebcaa2>at the start of the combat phase.</color>"},
  "Choice_901010": {"a":0,"id":"Choice_901010","content":"<color=#ebcaa2>At the start of the next battle,</color> <color=#ebcaa2>Ally Units without</color> <color=#bb521f>Lust Affinity Attack Skill</color> <color=#ebcaa2>are Staggered.</color> "},
  "Choice_901019": {"a":0,"id":"Choice_901019","content":"<color=#e30000>Speed -2</color> <color=#ebcaa2>at the start of the combat phase.</color>"},
  "Choice_90103402": {"a":0,"id":"Choice_90103402","content":"<color=#f8c200>Speed +2</color> <color=#ebcaa2>for this battle.</color>"},
  "Choice_1030301": {"a":0,"id":"Choice_1030301","content":"<color=#ebcaa2>At the start of the next battle, All Ally Units</color> <color=#ebcaa2>gain</color> <color=#f8c200>3 Attack Power Up.</color>"},
  "Choice_1030501": {"a":0,"id":"Choice_1030501","content":"<color=#ff0000>Combat Encounter!</color>\n<color=#ebcaa2>All enemies</color> <color=#ebcaa2>are inflicted with</color> <color=#e30000>5 Attack Power Down!</color>"},
  "Choice_1031001": {"a":0,"id":"Choice_1031001","content":"<color=#ebcaa2>The chosen Sinner</color> <color=#ebcaa2>gains</color> <color=#e30000>3 Damage Down</color> <color=#ebcaa2>for the next 2 battles.</color>"},
  "Choice_90100201": {"a":0,"id":"Choice_90100201","content":"<color=#ebcaa2>The Sinner who failed the check takes</color> <color=#e30000>12 HP</color> <color=#ebcaa2>damage and</color> <color=#fe4b48>8 SP</color> <color=#ebcaa2>damage!</color>"},
  "Choice_90100502": {"a":0,"id":"Choice_90100502","content":"<color=#ebcaa2>The Sinner who failed the check takes</color> <color=#e30000>15 HP</color> <color=#ebcaa2>damage and</color> <color=#fe4b48>12 SP</color> <color=#ebcaa2>damage!</color>"},
  "Choice_90101001": {"a":0,"id":"Choice_90101001","content":"<color=#ebcaa2>Identities without</color> <color=#bb521f>Lust Affinity Attack Skill</color> <color=#ebcaa2>take</color> <color=#fe4b48>10 SP</color> <color=#ebcaa2>damage!</color>"},
  "Choice_90101101": {"a":0,"id":"Choice_90101101","content":"<color=#ebcaa2>The Sinner who failed the check takes</color> <color=#fe4b48>15 SP</color> <color=#ebcaa2>damage!</color>"},
  "Choice_90101701": {"a":0,"id":"Choice_90101701","content":"<color=#ebcaa2>The Sinner who passed the check takes</color> <color=#fe4b48>5 SP</color> <color=#ebcaa2>damage!</color>"},
  "Choice_90101702": {"a":0,"id":"Choice_90101702","content":"<color=#ebcaa2>The Sinner who failed the check takes</color> <color=#fe4b48>25 SP</color> <color=#ebcaa2>damage!</color>"},
  "Choice_90101801": {"a":0,"id":"Choice_90101801","content":"<color=#ebcaa2>The Sinner who failed the check takes</color> <color=#fe4b48>12 SP</color> <color=#ebcaa2>damage!</color>"},
  "Choice_90101901": {"a":0,"id":"Choice_90101901","content":"<color=#ebcaa2>The Sinner who failed the check takes</color> <color=#fe4b48>10 SP</color> <color=#ebcaa2>damage!</color>"},
  "Choice_90102001": {"a":0,"id":"Choice_90102001","content":"<color=#ebcaa2>Identities without</color> <color=#61822b>Gluttony Affinity Attack Skill</color> <color=#ebcaa2>take</color> <color=#fe4b48>5 HP</color> <color=#ebcaa2>damage!</color>"},
  "Choice_90102002": {"a":0,"id":"Choice_90102002","content":"<color=#ebcaa2>Identities without</color> <color=#61822b>Gluttony Affinity Attack Skill</color> <color=#ebcaa2>take</color> <color=#fe4b48>10 HP</color> <color=#ebcaa2>damage!</color>"},
  "Choice_90102201": {"a":0,"id":"Choice_90102201","content":"<color=#ebcaa2>Identities without</color> <color=#306471>Gloom Affinity Attack Skill</color> <color=#ebcaa2>take</color> <color=#fe4b48>13 HP</color> <color=#ebcaa2>damage!</color>"},
  "Choice_90103302": {"a":0,"id":"Choice_90103302","content":"<color=#ebcaa2>Identities without</color> <color=#7d4e94>Envy Affinity Attack Skill</color> <color=#fe4b48>take</color> <color=#e30000>15 HP</color> <color=#ebcaa2>damage and</color> <color=#fe4b48>15 SP</color> <color=#ebcaa2>damage!</color>"},
  "Choice_90100101": {"a":0,"id":"Choice_90100101","content":"<color=#ebcaa2>Identities without</color> <color=#a0392b>Wrath Affinity Attack Skill</color> <color=#ebcaa2>take</color> <color=#fe4b48>16 HP</color> <color=#ebcaa2>damage!</color>"},
  "Choice_901004": {"a":0,"id":"Choice_901004","content":"<color=#ebcaa2>Identities with</color> <color=#a0392b>Wrath Affinity Attack Skill</color> <color=#ebcaa2>heal</color> <color=#f8c200>15 HP.</color>"},
  "Choice_90100701": {"a":0,"id":"Choice_90100701","content":"<color=#ebcaa2>Identities with</color> <color=#bb521f>Lust Affinity Attack Skill</color> </color=#ebcaa2>heal</color> <color=#80c9ff>SP.</color>"},
  "Choice_901008": {"a":0,"id":"Choice_901008","content":"<color=#ebcaa2>Identities with</color> <color=#bb521f>Lust Affinity Attack Skill</color> <color=#ebcaa2>heal</color> <color=#f8c200>10 HP.</color>"},
  "Choice_90100901": {"a":0,"id":"Choice_90100901","content":"<color=#ebcaa2>Identities without</color> <color=#bb521f>Lust Affinity Attack Skill</color> <color=#ebcaa2>take</color> <color=#fe4b48>20 SP</color> <color=#ebcaa2>damage!</color>"},
  "Choice_901014": {"a":0,"id":"Choice_901014","content":"<color=#ebcaa2>Identities without</color> <color=#e48801>Sloth Affinity Attack Skill</color> <color=#ebcaa2>take</color> <color=#fe4b48>20 HP</color> <color=#ebcaa2>damage!</color>"},
  "Choice_90101401": {"a":0,"id":"Choice_90101401","content":"<color=#ebcaa2>Identities without</color> <color=#e48801>Sloth Affinity Attack Skill</color> <color=#fe4b48>take</color> <color=#fe4b48>12 HP</color> <color=#ebcaa2>damage and</color> <color=#fe4b48>12 SP</color> <color=#ebcaa2>damage!</color>"},
  "Choice_90101601": {"a":0,"id":"Choice_90101601","content":"<color=#ebcaa2>Identities with</color> <color=#61822b>Gluttony Affinity Attack Skill</color> </color=#ebcaa2>heal</color> <color=#80c9ff>SP.</color>"},
  "Choice_901018": {"a":0,"id":"Choice_901018","content":"<color=#ebcaa2>One random Identity without</color> <color=#a0392b>Wrath Affinity Attack Skill</color> <color=#ebcaa2>takes</color> <color=#fe4b48>10 HP</color> <color=#ebcaa2>damage!</color>"},
  "Choice_901021": {"a":0,"id":"Choice_901021","content":"<color=#ebcaa2>Identities without</color> <color=#306471>Gloom Affinity Attack Skill</color> <color=#ebcaa2>take</color> <color=#fe4b48>10 HP</color> <color=#ebcaa2>damage!</color>"},
  "Choice_901023": {"a":0,"id":"Choice_901023","content":"<color=#ebcaa2>Identities without</color> <color=#306471>Gloom Affinity Attack Skill</color> <color=#ebcaa2>take</color> <color=#fe4b48>9 SP</color> <color=#ebcaa2>damage!</color>"},
  "Choice_90102301": {"a":0,"id":"Choice_90102301","content":"<color=#ebcaa2>One random Identity without</color> <color=#306471>Gloom Affinity Attack Skill</color> <color=#ebcaa2>takes</color> <color=#fe4b48>10 SP</color> <color=#ebcaa2>damage!</color>"},
  "Choice_901024": {"a":0,"id":"Choice_901024","content":"<color=#ebcaa2>The Identity with the lowest Sanity who possesses</color> <color=#306471>Gloom Affinity Attack Skill</color> </color=#ebcaa2>fully heals their</color> <color=#f8c200>HP.</color>"},
  "Choice_901025": {"a":0,"id":"Choice_901025","content":"<color=#ebcaa2>Identities without</color> <color=#306471>Gloom Affinity Attack Skill</color> <color=#ebcaa2>take</color> <color=#fe4b48>20 HP</color> <color=#ebcaa2>damage!</color>"},
  "Choice_90102501": {"a":0,"id":"Choice_90102501","content":"<color=#ebcaa2>Identities with</color> <color=#306471>Gloom Affinity Attack Skill</color> <color=#ebcaa2>heal</color> <color=#f8c200>20 HP.</color>"},
  "Choice_901026": {"a":0,"id":"Choice_901026","content":"<color=#ebcaa2>Identities without</color> <color=#185188>Pride Affinity Attack Skill</color> <color=#ebcaa2>take</color> <color=#fe4b48>10 HP</color> <color=#ebcaa2>damage!</color>"},
  "Choice_90102601": {"a":0,"id":"Choice_90102601","content":"<color=#ebcaa2>Identities with</color> <color=#185188>Pride Affinity Attack Skill</color> <color=#ebcaa2>heal</color> <color=#f8c200>10 HP.</color>"},
  "Choice_901027": {"a":0,"id":"Choice_901027","content":"<color=#ebcaa2>Identities without</color> <color=#185188>Pride Affinity Attack Skill</color> <color=#ebcaa2>take</color> <color=#fe4b48>25 HP</color> <color=#ebcaa2>damage!</color>"},
  "Choice_90102701": {"a":0,"id":"Choice_90102701","content":"<color=#ebcaa2>Identities without</color> <color=#185188>Pride Affinity Attack Skill</color> <color=#ebcaa2>take</color> <color=#fe4b48>25 HP</color> <color=#ebcaa2>damage!</color>"},
  "Choice_901028": {"a":0,"id":"Choice_901028","content":"<color=#ebcaa2>Identities without</color> <color=#185188>Pride Affinity Attack Skill</color> <color=#ebcaa2>take</color> <color=#fe4b48>5 HP</color> <color=#ebcaa2>damage!</color>"},
  "Choice_90102801": {"a":0,"id":"Choice_90102801","content":"<color=#ebcaa2>Identities with</color> <color=#185188>Pride Affinity Attack Skill</color> <color=#ebcaa2>heal</color> <color=#f8c200>10 HP.</color>"},
  "Choice_901032": {"a":0,"id":"Choice_901032","content":"<color=#ebcaa2>Identities without</color> <color=#7d4e94>Envy Affinity Attack Skill</color> <color=#ebcaa2>take</color> <color=#fe4b48>20 SP</color> <color=#ebcaa2>damage!</color>"},
  "Choice_901034": {"a":0,"id":"Choice_901034","content":"<color=#ebcaa2>Identities without</color> <color=#7d4e94>Envy Affinity Attack Skill</color> <color=#fe4b48>take</color> <color=#e30000>15 HP</color> <color=#ebcaa2>damage and</color> <color=#fe4b48>15 SP</color> <color=#ebcaa2>damage!</color>"},
  "Choice_901035": {"a":0,"id":"Choice_901035","content":"<color=#ebcaa2>Identities without</color> <color=#7d4e94>Envy Affinity Attack Skill</color> <color=#ebcaa2>take</color> <color=#fe4b48>12 HP</color> <color=#ebcaa2>damage!</color>"},
  "Choice_90103501": {"a":0,"id":"Choice_90103501","content":"<color=#ebcaa2>Identities with</color> <color=#7d4e94>Envy Affinity Attack Skill</color> <color=#ebcaa2>heal</color> <color=#f8c200>10 HP.</color>"},
  "Choice_1040301": {"a":0,"id":"Choice_1040301","content":"<color=#ebcaa2>The chosen Sinner</color> <color=#ebcaa2>has</color> <color=#e30000>10 Rupture</color> <color=#ebcaa2>for 1 turn in the next battle.</color>"},
  "MirrorDungeonAcquireCost": {"a":0,"id":"MirrorDungeonAcquireCost","content":"<color=#ebcaa2>Cost {amount} gained</color>"},
  "MirrorDungeonLossCost": {"a":0,"id":"MirrorDungeonLossCost","content":"<color=#ebcaa2>Cost {amount} lost</color>"},
  "Choice_90104001": {"a":0,"id":"Choice_90104001","content":"<color=#ebcaa2>Start the next battle with</color> <color=#f8c200>+2 E.G.O resources</color> <color=#ebcaa2>of all affinities</color>"},
  "Choice_9010400101": {"a":0,"id":"Choice_9010400101","content":"<color=#ebcaa2>All allies have</color> <color=#f8c200>+2 Skill Final Power</color> <color=#ebcaa2>for the next battle</color>"},
  "Choice_90104002": {"a":0,"id":"Choice_90104002","content":"<color=#ebcaa2>All allies have</color> <color=#f8c200>+1 Skill Power</color> <color=#ebcaa2>for the next battle</color>"},
  "ChangeEventIllust": {"a":0,"id":"ChangeEventIllust","content":""},
  "Choice_90105801": {"a":0,"id":"Choice_90105801","content":"All Deployed Identities gain 2 Levels"},
  "Choice_90106802": {"a":0,"id":"Choice_90106802","content":"All Deployed Identities gain 3 Levels"},
  "Choice_90107402": {"a":0,"id":"Choice_90107402","content":"All Deployed Identities gain 2 Levels"},
  "Choice_90109101": {"a":0,"id":"Choice_90109101","content":"All Deployed Identities gain 2 Levels"},
  "Choice_90200502": {"a":0,"id":"Choice_90200502","content":"<color=#ebcaa2>The Sinner who failed the check takes</color> <color=#e30000>15 HP</color> <color=#ebcaa2>damage and</color> <color=#fe4b48>12 SP</color> <color=#ebcaa2>damage!</color>"},
  "Choice_LoseBattle": {"a":0,"id":"Choice_LoseBattle","content":"<color=#ff0000>No rewards upon Defeat</color>"},
  "Choice_EGO901001": {"a":0,"id":"Choice_EGO901001","content":"Win the battle to gain E.G.O Gifts \"Hellterfly's Dream\" & \"Ardent Flower\""},
  "Choice_EGO901002": {"a":0,"id":"Choice_EGO901002","content":"Win the battle to gain E.G.O Gifts \"Perversion\" & \"Awe\""},
  "Choice_EGO901009": {"a":0,"id":"Choice_EGO901009","content":"Win the battle to gain E.G.O Gifts \"Fiery Dawn\" & \"Melted Paraffin\""},
  "Choice_EGO901010": {"a":0,"id":"Choice_EGO901010","content":"Win the battle to gain E.G.O Gifts \"Bloody Gadget\" & \"Grandeur\""},
  "Choice_EGO901011": {"a":0,"id":"Choice_EGO901011","content":"Win the battle to gain E.G.O Gifts \"Sunshower\" & \"Ragged Umbrella\""},
  "Choice_EGO901013": {"a":0,"id":"Choice_EGO901013","content":"Win the battle to gain E.G.O Gifts \"Talisman Bundle\" & \"Old Wooden Doll\""},
  "Choice_EGO901014": {"a":0,"id":"Choice_EGO901014","content":"Win the battle to gain E.G.O Gifts \"Rusty Commemorative Coin\" & \"Pain of Stifled Rage\""},
  "Choice_EGO901016": {"a":0,"id":"Choice_EGO901016","content":"Win the battle to gain E.G.O Gifts \"Green Spirit\" & \"Sour Liquor Aroma\""},
  "Choice_EGO901018": {"a":0,"id":"Choice_EGO901018","content":"Win the battle to gain E.G.O Gifts \"Crown of Roses\" & \"Respite\""},
  "Choice_EGO901019": {"a":0,"id":"Choice_EGO901019","content":"Win the battle to gain E.G.O Gifts \"Sticky Muck\" & \"Bio-venom Vial\""},
  "Choice_EGO901020": {"a":0,"id":"Choice_EGO901020","content":"Win the battle to gain E.G.O Gifts \"White Gossypium\" & \"Tangled Bundle\""},
  "Choice_EGO901021": {"a":0,"id":"Choice_EGO901021","content":"Win the battle to gain E.G.O Gifts \"Blue Zippo Lighter\" & \"Patrolling Flaslight\""},
  "Choice_EGO901024": {"a":0,"id":"Choice_EGO901024","content":"Win the battle to gain E.G.O Gifts \"Melted Eyeball\" & \"Venomous Skin\""},
  "Choice_EGO901031": {"a":0,"id":"Choice_EGO901031","content":"Win the battle to gain E.G.O Gifts \"Nixie Divergence\" & \"Clockwork Spring\""},
  "Choice_EGO901033": {"a":0,"id":"Choice_EGO901033","content":"Win the battle to gain E.G.O Gifts \"Standard-duty Battery\" & \"Uncapped Defibrilator\""},
  "Choice_EGO901034": {"a":0,"id":"Choice_EGO901034","content":"Win the battle to gain E.G.O Gifts \"Pinpoint Logic Circuit\" & \"UPS System\""},
  "Choice_EGO901056": {"a":0,"id":"Choice_EGO901056","content":"Win the battle to gain E.G.O Gifts \"Four-leaf Clover\" & \"Emerald Elytra\""},
  "Choice_EGO901059": {"a":0,"id":"Choice_EGO901059","content":"Win the battle to gain E.G.O Gifts \"Midwinter Nightmare\" & \"Eldtree Snare\""},
  "Choice_EGO901073": {"a":0,"id":"Choice_EGO901073","content":"Win the battle to gain E.G.O Gifts \"Endorphin Kit\" & \"Fluorescent Lamp\""},
  "Choice_EGO971029": {"a":0,"id":"Choice_EGO971029","content":"Win the battle to gain E.G.O Gifts \"E-Type Dimensional Dagger\" & \"Portable Barrier Battery\""},
  "EGO_GIFT": {"a":0,"id":"EGO_GIFT","content":"E.G.O Gift"},
  "OnStageStart": {"a":0,"id":"OnStageStart","content":"Upon Stage Entry"},
  "IncludeSkillAttribute": {"a":0,"id":"IncludeSkillAttribute","content":"with the [ATTRIBUTES] Sin Affinity Attack Skill"},
  "NotIncludeSkillAttribute": {"a":0,"id":"NotIncludeSkillAttribute","content":"without the [ATTRIBUTES] Sin Affinity Attack Skill"},
  "NextBattle": {"a":0,"id":"NextBattle","content":"participating in the next battle"},
  "LowestMp": {"a":0,"id":"LowestMp","content":"with the lowest SP"},
  "FAILURE": {"a":0,"id":"FAILURE","content":"that failed the Check"},
  "SUCCESS": {"a":0,"id":"SUCCESS","content":"that passed the Check"},
  "ADD": {"a":0,"id":"ADD","content":"Add"},
  "SUB": {"a":0,"id":"SUB","content":"Subtract"},
  "85560101CRIMSON": {"a":0,"id":"85560101CRIMSON","content":"Crimson"},
  "85560101SCARLET": {"a":0,"id":"85560101SCARLET","content":"Scarlet"},
  "85560101AMBER": {"a":0,"id":"85560101AMBER","content":"Amber"},
  "85560101SHAMROCK": {"a":0,"id":"85560101SHAMROCK","content":"Shamrock"},
  "85560101AZURE": {"a":0,"id":"85560101AZURE","content":"Azure"},
  "85560101INDIGO": {"a":0,"id":"85560101INDIGO","content":"Indigo?"},
  "85560101VIOLET": {"a":0,"id":"85560101VIOLET","content":"Violet"}
}