{
  "dungeon_1_1_0101": {"a":0,"id":"dungeon_1_1_0101","content":"Control Team Containment"},
  "dungeon_1_1_0102": {"a":0,"id":"dungeon_1_1_0102","content":"Control Team Lobby"},
  "dungeon_1_1_0103": {"a":0,"id":"dungeon_1_1_0103","content":"Containment Hall 1"},
  "dungeon_1_1_0104": {"a":0,"id":"dungeon_1_1_0104","content":"Containment Hall 2"},
  "dungeon_1_1_0105": {"a":0,"id":"dungeon_1_1_0105","content":"Containment Hall 3"},
  "dungeon_1_1_0106": {"a":0,"id":"dungeon_1_1_0106","content":"Employee Lounge"},
  "dungeon_1_1_0107": {"a":0,"id":"dungeon_1_1_0107","content":"Info. Team Passage"},
  "dungeon_1_1_0201": {"a":0,"id":"dungeon_1_1_0201","content":"Info. Team Lobby"},
  "dungeon_1_1_0202": {"a":0,"id":"dungeon_1_1_0202","content":"Employee Waiting Room"},
  "dungeon_1_1_0203": {"a":0,"id":"dungeon_1_1_0203","content":"Containment Hall 4"},
  "dungeon_1_1_0204": {"a":0,"id":"dungeon_1_1_0204","content":"Containment Hall 5"},
  "dungeon_1_1_0205": {"a":0,"id":"dungeon_1_1_0205","content":"Canteen"},
  "dungeon_1_1_0206": {"a":0,"id":"dungeon_1_1_0206","content":"Reserve Passageway"},
  "dungeon_1_1_0207": {"a":0,"id":"dungeon_1_1_0207","content":"Critical Abnormality Block"},
  "dungeon_1_1_0301": {"a":0,"id":"dungeon_1_1_0301","content":"Smoke War Central Front"},
  "dungeon_1_1_0302": {"a":0,"id":"dungeon_1_1_0302","content":"Defense Line 23-7 - 1100 Hours"},
  "dungeon_1_1_0303": {"a":0,"id":"dungeon_1_1_0303","content":"Key Foothold"},
  "dungeon_1_1_0304": {"a":0,"id":"dungeon_1_1_0304","content":"Defense Line 23-7 - 1300 Hours"},
  "dungeon_1_1_0305": {"a":0,"id":"dungeon_1_1_0305","content":"Defense Line 23-7 - 1536 Hours"},
  "dungeon_1_2_0101": {"a":0,"id":"dungeon_1_2_0101","content":"Vault Storage"},
  "dungeon_1_2_0102": {"a":0,"id":"dungeon_1_2_0102","content":"Quarry Entrance"},
  "dungeon_1_2_0103": {"a":0,"id":"dungeon_1_2_0103","content":"Quarry 1"},
  "dungeon_1_2_0104": {"a":0,"id":"dungeon_1_2_0104","content":"Quarry 2"},
  "dungeon_1_2_0105": {"a":0,"id":"dungeon_1_2_0105","content":"Quarry 3"},
  "dungeon_1_2_0106": {"a":0,"id":"dungeon_1_2_0106","content":"Quarry 4"},
  "dungeon_1_2_0107": {"a":0,"id":"dungeon_1_2_0107","content":"Explosives Bay"},
  "dungeon_1_2_0108": {"a":0,"id":"dungeon_1_2_0108","content":"Peccatula Enclosure"},
  "dungeon_1_2_0109": {"a":0,"id":"dungeon_1_2_0109","content":"Shelter"},
  "dungeon_1_2_0110": {"a":0,"id":"dungeon_1_2_0110","content":"Underground Factory Gate"},
  "dungeon_1_2_0201": {"a":0,"id":"dungeon_1_2_0201","content":"Factory Entrance"},
  "dungeon_1_2_0202": {"a":0,"id":"dungeon_1_2_0202","content":"Production Line 1"},
  "dungeon_1_2_0203": {"a":0,"id":"dungeon_1_2_0203","content":"Production Line 2"},
  "dungeon_1_2_0204": {"a":0,"id":"dungeon_1_2_0204","content":"Production Line 3"},
  "dungeon_1_2_0205": {"a":0,"id":"dungeon_1_2_0205","content":"Molding Chamber"},
  "dungeon_1_2_0206": {"a":0,"id":"dungeon_1_2_0206","content":"Molding Chamber"},
  "dungeon_1_2_0207": {"a":0,"id":"dungeon_1_2_0207","content":"Assembly Line"},
  "dungeon_1_2_0208": {"a":0,"id":"dungeon_1_2_0208","content":"Paint Shop"},
  "dungeon_1_2_0209": {"a":0,"id":"dungeon_1_2_0209","content":"Maintenance Point"},
  "dungeon_1_2_0210": {"a":0,"id":"dungeon_1_2_0210","content":"Backup Generators"},
  "dungeon_1_2_0211": {"a":0,"id":"dungeon_1_2_0211","content":"Safety Testing"},
  "dungeon_1_2_0212": {"a":0,"id":"dungeon_1_2_0212","content":"Forward Base"},
  "dungeon_1_2_0213": {"a":0,"id":"dungeon_1_2_0213","content":"Final Processing"},
  "dungeon_1_2_0214": {"a":0,"id":"dungeon_1_2_0214","content":"Waste Disposal"},
  "dungeon_1_2_0215": {"a":0,"id":"dungeon_1_2_0215","content":"Quality Control"},
  "dungeon_1_2_0301": {"a":0,"id":"dungeon_1_2_0301","content":"Snowy Crossroads"},
  "dungeon_1_2_0302": {"a":0,"id":"dungeon_1_2_0302","content":"Frozen Ruins"},
  "dungeon_1_2_0303": {"a":0,"id":"dungeon_1_2_0303","content":"Ruined Village"},
  "dungeon_1_2_0304": {"a":0,"id":"dungeon_1_2_0304","content":"Snowstorm Fields"},
  "dungeon_1_2_0305": {"a":0,"id":"dungeon_1_2_0305","content":"Buried Hideout"},
  "dungeon_1_2_0306": {"a":0,"id":"dungeon_1_2_0306","content":"Drawbridge"},
  "dungeon_1_2_0307": {"a":0,"id":"dungeon_1_2_0307","content":"Ice Castle Where Neighbors Lie"},
  "dungeon_1_3_0101": {"a":0,"id":"dungeon_1_3_0101","content":"Gate Entrance"},
  "dungeon_1_3_0102": {"a":0,"id":"dungeon_1_3_0102","content":"Basement Entrance"},
  "dungeon_1_3_0103": {"a":0,"id":"dungeon_1_3_0103","content":"Machinery Room"},
  "dungeon_1_3_0104": {"a":0,"id":"dungeon_1_3_0104","content":"Gate #1"},
  "dungeon_1_3_0105": {"a":0,"id":"dungeon_1_3_0105","content":"Sealed Door"},
  "dungeon_1_3_0106": {"a":0,"id":"dungeon_1_3_0106","content":"Forgotten Passage"},
  "dungeon_1_3_0107": {"a":0,"id":"dungeon_1_3_0107","content":"Containment Area"},
  "dungeon_1_3_0108": {"a":0,"id":"dungeon_1_3_0108","content":"Corroded Entity Block"},
  "dungeon_1_3_0109": {"a":0,"id":"dungeon_1_3_0109","content":"Elite Training Quarters"},
  "dungeon_1_3_0110": {"a":0,"id":"dungeon_1_3_0110","content":"Prison Area"},
  "dungeon_1_3_0111": {"a":0,"id":"dungeon_1_3_0111","content":"Old Warehouse"},
  "dungeon_1_3_0112": {"a":0,"id":"dungeon_1_3_0112","content":"Blockade Zone"},
  "dungeon_1_3_0113": {"a":0,"id":"dungeon_1_3_0113","content":"Chapel"},
  "dungeon_1_3_0114": {"a":0,"id":"dungeon_1_3_0114","content":"Torture Chamber"},
  "dungeon_1_3_0201": {"a":0,"id":"dungeon_1_3_0201","content":"Church Corridor"},
  "dungeon_1_3_0202": {"a":0,"id":"dungeon_1_3_0202","content":"Closed Prayer Room"},
  "dungeon_1_3_0203": {"a":0,"id":"dungeon_1_3_0203","content":"Room of Echoing Screams"},
  "dungeon_1_3_0204": {"a":0,"id":"dungeon_1_3_0204","content":"Gate #2"},
  "dungeon_1_3_0205": {"a":0,"id":"dungeon_1_3_0205","content":"Bridge of Suppuration"},
  "dungeon_1_3_0206": {"a":0,"id":"dungeon_1_3_0206","content":"Underground Church"},
  "dungeon_1_3_0207": {"a":0,"id":"dungeon_1_3_0207","content":"Meditator’s Pulpit"},
  "dungeon_1_3_0208": {"a":0,"id":"dungeon_1_3_0208","content":"Church Door"},
  "dungeon_1_3_0209": {"a":0,"id":"dungeon_1_3_0209","content":"Altar of Tears"},
  "dungeon_1_3_0210": {"a":0,"id":"dungeon_1_3_0210","content":"Altar Entrance"},
  "dungeon_1_3_0211": {"a":0,"id":"dungeon_1_3_0211","content":"Sacristy"},
  "dungeon_1_3_0212": {"a":0,"id":"dungeon_1_3_0212","content":"Central Area"},
  "dungeon_1_3_0213": {"a":0,"id":"dungeon_1_3_0213","content":"Altar of Penance"},
  "dungeon_1_3_0214": {"a":0,"id":"dungeon_1_3_0214","content":"Purificatory"},
  "dungeon_1_3_0215": {"a":0,"id":"dungeon_1_3_0215","content":"Gate #3"},
  "dungeon_1_3_0216": {"a":0,"id":"dungeon_1_3_0216","content":"The Judging Block"},
  "dungeon_1_3_0217": {"a":0,"id":"dungeon_1_3_0217","content":"Path to Hallowed Ground"},
  "dungeon_1_3_0301": {"a":0,"id":"dungeon_1_3_0301","content":"Ritual Square"},
  "dungeon_1_3_0302": {"a":0,"id":"dungeon_1_3_0302","content":"Hill of Corpses"},
  "dungeon_1_4_0101": {"a":0,"id":"dungeon_1_4_0101","content":"League of Nine Littérateurs Lab - Spring"},
  "dungeon_1_4_0102": {"a":0,"id":"dungeon_1_4_0102","content":"Rearranged K Corp. Laboratory"},
  "dungeon_1_4_0201": {"a":0,"id":"dungeon_1_4_0201","content":"League of Nine Littérateurs Lab - Autumn"},
  "dungeon_1_4_0202": {"a":0,"id":"dungeon_1_4_0202","content":"League of Nine Littérateurs Lab - Summer"},
  "dungeon_1_4_0301": {"a":0,"id":"dungeon_1_4_0301","content":"League of Nine Littérateurs Lab - Winter"},
  "dungeon_1_4_0302": {"a":0,"id":"dungeon_1_4_0302","content":"N Corp's White Room"},
  "dungeon_1_5_0101": {"a":0,"id":"dungeon_1_5_0101","content":"Whale Guts"},
  "dungeon_1_5_0102": {"a":0,"id":"dungeon_1_5_0102","content":"Pequod Town"},
  "dungeon_1_5_0103": {"a":0,"id":"dungeon_1_5_0103","content":"Ahab's Office"},
  "dungeon_1_5_0104": {"a":0,"id":"dungeon_1_5_0104","content":"Journey to the Heart"},
  "dungeon_1_5_0201": {"a":0,"id":"dungeon_1_5_0201","content":"Pequod Town Entrance"},
  "dungeon_1_5_0202": {"a":0,"id":"dungeon_1_5_0202","content":"Right Heart Atrium"},
  "dungeon_1_5_0203": {"a":0,"id":"dungeon_1_5_0203","content":"Right Heart Ventricle"},
  "dungeon_1_5_0204": {"a":0,"id":"dungeon_1_5_0204","content":"Sinew Bridge"},
  "dungeon_1_5_0205": {"a":0,"id":"dungeon_1_5_0205","content":"Thumping of the Heart"},
  "dungeon_1_5_0301": {"a":0,"id":"dungeon_1_5_0301","content":"Rendezvous Area Before the Heart"},
  "dungeon_1_5_0302": {"a":0,"id":"dungeon_1_5_0302","content":"Heart of the Whale"}
}