{
  "20101": {"a":0,"id":"20101","name":"Crow’s Eye View","desc":"Yi Sang’s Base E.G.O"},
  "20102": {"a":0,"id":"20102","name":"4th Match Flame","desc":"Yi Sang’s E.G.O Gear"},
  "20103": {"a":0,"id":"20103","name":"Wishing Cairn","desc":"Yi Sang’s E.G.O Gear"},
  "20201": {"a":0,"id":"20201","name":"Representation Emitter","desc":"Faust’s Base E.G.O"},
  "20202": {"a":0,"id":"20202","name":"Fluid Sac","desc":"Faust’s E.G.O Gear"},
  "20203": {"a":0,"id":"20203","name":"Hex Nail","desc":"Faust’s E.G.O Gear"},
  "20301": {"a":0,"id":"20301","name":"La Sangre de Sancho","desc":"Don Quixote’s Base E.G.O"},
  "20302": {"a":0,"id":"20302","name":"Fluid Sac","desc":"Don Quixote’s E.G.O Gear"},
  "20401": {"a":0,"id":"20401","name":"Forest for the Flames","desc":"Ryōshū’s Base E.G.O"},
  "20402": {"a":0,"id":"20402","name":"4th Match Flame","desc":"Ryōshū’s E.G.O Gear"},
  "20501": {"a":0,"id":"20501","name":"Chains of Others","desc":"Meursault’s Base E.G.O"},
  "20502": {"a":0,"id":"20502","name":"Screwloose Wallop","desc":"Meursault’s E.G.O Gear"},
  "20503": {"a":0,"id":"20503","name":"Pursuance","desc":"Meursault’s E.G.O Gear"},
  "20601": {"a":0,"id":"20601","name":"Land of Illusion","desc":"Hong Lu’s Base E.G.O"},
  "20602": {"a":0,"id":"20602","name":"Roseate Desire","desc":"Hong Lu’s E.G.O Gear"},
  "20701": {"a":0,"id":"20701","name":"Bodysack","desc":"Heathcliff’s Base E.G.O"},
  "20702": {"a":0,"id":"20702","name":"Telepole","desc":"Heathcliff’s E.G.O Gear"},
  "20801": {"a":0,"id":"20801","name":"Snagharpoon","desc":"Ishmael’s Base E.G.O"},
  "20802": {"a":0,"id":"20802","name":"Roseate Desire","desc":"Ishmael’s E.G.O Gear"},
  "20803": {"a":0,"id":"20803","name":"Ardor Blossom Star","desc":"Ishmael’s E.G.O Gear"},
  "20901": {"a":0,"id":"20901","name":"What is Cast","desc":"Rodion’s Base E.G.O"},
  "20902": {"a":0,"id":"20902","name":"4th Match Flame","desc":"Rodion’s E.G.O Gear"},
  "20903": {"a":0,"id":"20903","name":"Rime Shank","desc":"Rodion’s E.G.O Gear"},
  "21001": {"a":0,"id":"21001","name":"Branch of Knowledge","desc":"Sinclair’s Base E.G.O"},
  "21002": {"a":0,"id":"21002","name":"Impending Day","desc":"Sinclair’s E.G.O Gear"},
  "21101": {"a":0,"id":"21101","name":"To Páthos Máthos","desc":"Outis’s Base E.G.O"},
  "21102": {"a":0,"id":"21102","name":"Ebony Stem","desc":"Outis’s E.G.O Gear"},
  "21103": {"a":0,"id":"21103","name":"Ya Śūnyatā Tad Rūpam","desc":"Outis’s E.G.O Gear"},
  "21201": {"a":0,"id":"21201","name":"Suddenly, One Day","desc":"Gregor’s Base E.G.O"},
  "21202": {"a":0,"id":"21202","name":"Legerdemain","desc":"Gregor’s E.G.O Gear"},
  "21203": {"a":0,"id":"21203","name":"Lantern","desc":"Gregor’s E.G.O Gear"},
  "20303": {"a":0,"id":"20303","name":"Telepole","desc":"Don Quixote’s E.G.O Gear"},
  "20204": {"a":0,"id":"20204","name":"Telepole","desc":"Faust’s E.G.O Gear"},
  "20304": {"a":0,"id":"20304","name":"Lifetime Stew","desc":"Don Quixote’s E.G.O Gear"},
  "21003": {"a":0,"id":"21003","name":"Lifetime Stew","desc":"Sinclair’s E.G.O Gear"},
  "20104": {"a":0,"id":"20104","name":"Dimension Shredder","desc":"Yi Sang’s E.G.O Gear"},
  "20603": {"a":0,"id":"20603","name":"Dimension Shredder","desc":"Hong Lu’s E.G.O Gear"},
  "20504": {"a":0,"id":"20504","name":"Capote","desc":"Meursault’s E.G.O Gear"},
  "20804": {"a":0,"id":"20804","name":"Capote","desc":"Ishmael’s E.G.O Gear"},
  "21104": {"a":0,"id":"21104","name":"Sunshower","desc":"Outis’s E.G.O Gear"},
  "21204": {"a":0,"id":"21204","name":"AEDD","desc":"Gregor’s E.G.O Gear"},
  "20703": {"a":0,"id":"20703","name":"AEDD","desc":"Heathcliff’s E.G.O Gear"},
  "20105": {"a":0,"id":"20105","name":"Sunshower","desc":"Yi Sang’s E.G.O Gear"},
  "20403": {"a":0,"id":"20403","name":"Red Eyes","desc":"Ryōshū’s E.G.O Gear"},
  "20404": {"a":0,"id":"20404","name":"Red Eyes (Open)","desc":"Ryōshū’s E.G.O Gear"},
  "20405": {"a":0,"id":"20405","name":"Soda","desc":"Ryōshū’s E.G.O Gear"},
  "20604": {"a":0,"id":"20604","name":"Soda","desc":"Hong Lu’s E.G.O Gear"},
  "21004": {"a":0,"id":"21004","name":"Lantern","desc":"Sinclair’s E.G.O Gear"},
  "20704": {"a":0,"id":"20704","name":"Ya Śūnyatā Tad Rūpam","desc":"Heathcliff’s E.G.O Gear"},
  "20505": {"a":0,"id":"20505","name":"Regret","desc":"Meursault’s E.G.O Gear"},
  "20605": {"a":0,"id":"20605","name":"Effervescent Corrosion","desc":"Hong Lu’s E.G.O Gear"},
  "20205": {"a":0,"id":"20205","name":"9:2","desc":"Faust’s E.G.O Gear"},
  "20406": {"a":0,"id":"20406","name":"Blind Obsession","desc":"Ryōshū’s E.G.O Gear"},
  "20805": {"a":0,"id":"20805","name":"Blind Obsession","desc":"Ishmael’s E.G.O Gear"},
  "20904": {"a":0,"id":"20904","name":"Effervescent Corrosion","desc":"Rodion’s E.G.O Gear"},
  "21005": {"a":0,"id":"21005","name":"9:2","desc":"Sinclair’s E.G.O Gear"},
  "20905": {"a":0,"id":"20905","name":"Pursuance","desc":"Rodion’s E.G.O Gear"},
  "20705": {"a":0,"id":"20705","name":"Holiday","desc":"Heathcliff’s E.G.O Gear"},
  "21105": {"a":0,"id":"21105","name":"Holiday","desc":"Outis’s E.G.O Gear"},
  "20305": {"a":0,"id":"20305","name":"Wishing Cairn","desc":"Don Quixote’s E.G.O Gear"},
  "21205": {"a":0,"id":"21205","name":"Garden of Thorns","desc":"Gregor’s E.G.O Gear"},
  "21206": {"a":0,"id":"21206","name":"Bygone Days","desc":"Gregor’s E.G.O Gear"},
  "20106": {"a":0,"id":"20106","name":"Bygone Days","desc":"Yi Sang’s E.G.O Gear"},
  "20306": {"a":0,"id":"20306","name":"Electric Screaming","desc":"Don Quixote’s E.G.O Gear"},
  "20506": {"a":0,"id":"20506","name":"Electric Screaming","desc":"Meursault’s E.G.O Gear"},
  "21106": {"a":0,"id":"21106","name":"Binds","desc":"Outis’s E.G.O Gear"},
  "20706": {"a":0,"id":"20706","name":"Binds","desc":"Heathcliff’s E.G.O Gear"},
  "20806": {"a":0,"id":"20806","name":"Wingbeat","desc":"Ishmael’s E.G.O Gear"},
  "20906": {"a":0,"id":"20906","name":"Sanguine Desire","desc":"Rodion’s E.G.O Gear"},
  "20606": {"a":0,"id":"20606","name":"Cavernous Wailing","desc":"Hong Lu’s E.G.O Gear"},
  "21006": {"a":0,"id":"21006","name":"Cavernous Wailing","desc":"Sinclair’s E.G.O Gear"},
  "20206": {"a":0,"id":"20206","name":"Everlasting","desc":"Faust’s E.G.O Gear"},
  "20407": {"a":0,"id":"20407","name":"Contempt, Awe","desc":"Ryōshū’s E.G.O Gear"},
  "20707": {"a":0,"id":"20707","name":"Fell Bullet","desc":"Heathcliff’s E.G.O Gear"},
  "21107": {"a":0,"id":"21107","name":"Dimension Shredder","desc":"Outis’s E.G.O Gear"},
  "21207": {"a":0,"id":"21207","name":"Solemn Lament","desc":"Gregor’s E.G.O Gear"},
  "20807": {"a":0,"id":"20807","name":"Bygone Days","desc":"Ishmael’s E.G.O Gear"},
  "21279": {"a":0,"id":"21279","name":"Refracted Garden of Thorns","desc":"Gregor’s E.G.O Gear"}
}