{
  "8001": {"a":0,"id":"8001","name":"Ebony Queen’s Apple","desc":"Core"},
  "800101": {"a":0,"id":"800101","name":"Fruit","desc":"Part"},
  "800102": {"a":0,"id":"800102","name":"Left Stem","desc":"Part"},
  "800103": {"a":0,"id":"800103","name":"Right Stem","desc":"Part"},
  "800104": {"a":0,"id":"800104","name":"Roots","desc":"Part"},
  "90004": {"a":0,"id":"90004","name":"Number-nuts Hooligan","desc":"Enemy Unit"},
  "90005": {"a":0,"id":"90005","name":"Sharp Hooligan","desc":"Enemy Unit"},
  "90006": {"a":0,"id":"90006","name":"Famished Hooligan","desc":"Enemy Unit"},
  "90007": {"a":0,"id":"90007","name":"Head Hooligan","desc":"Enemy Unit"},
  "90008": {"a":0,"id":"90008","name":"Fiery Veteran","desc":"Enemy Unit"},
  "90009": {"a":0,"id":"90009","name":"Puzzled Veteran","desc":"Enemy Unit"},
  "90010": {"a":0,"id":"90010","name":"Scruffy Veteran","desc":"Enemy Unit"},
  "90011": {"a":0,"id":"90011","name":"Crooked Veteran","desc":"Enemy Unit"},
  "90012": {"a":0,"id":"90012","name":"Vulgar Veteran","desc":"Enemy Unit"},
  "90013": {"a":0,"id":"90013","name":"Razor-sharp Veteran","desc":"Enemy Unit"},
  "90001": {"a":0,"id":"90001","name":"Hardened Veteran","desc":"Enemy Unit"},
  "90002": {"a":0,"id":"90002","name":"Downcast Veteran","desc":"Enemy Unit"},
  "90003": {"a":0,"id":"90003","name":"Embittered Veteran","desc":"Enemy Unit"},
  "90014": {"a":0,"id":"90014","name":"Recollected Awry Soldier","desc":"Enemy Unit"},
  "90015": {"a":0,"id":"90015","name":"Recollected Wallowing Soldier","desc":"Enemy Unit"},
  "90016": {"a":0,"id":"90016","name":"Recollected Overtaken Soldier","desc":"Enemy Unit"},
  "91001": {"a":0,"id":"91001","name":"Old G Corp. Head Manager","desc":"Enemy Boss"},
  "91002": {"a":0,"id":"91002","name":"Recollected Festered G Corp. H. Manager","desc":"Enemy Boss"},
  "8901": {"a":0,"id":"8901","name":"Peccatulum Gulae","desc":"Core"},
  "8005": {"a":0,"id":"8005","name":"Peccatulum Gulae","desc":"Core"},
  "8006": {"a":0,"id":"8006","name":"Peccatulum Pigritiae","desc":"Core"},
  "8007": {"a":0,"id":"8007","name":"Peccatulum Irae","desc":"Core"},
  "8002": {"a":0,"id":"8002","name":"Doomsday Calendar","desc":"Core"},
  "80022": {"a":0,"id":"80022","name":"Doomsday Calendar","desc":"Core"},
  "80023": {"a":0,"id":"80023","name":"Doomsday Calendar","desc":"Core"},
  "80024": {"a":0,"id":"80024","name":"Doomsday Calendar","desc":"Core"},
  "8003": {"a":0,"id":"8003","name":"Doomsday Clay Doll","desc":"Core"},
  "8004": {"a":0,"id":"8004","name":"Burning Clay Doll","desc":"Core"},
  "8008": {"a":0,"id":"8008","name":"Golden Apple","desc":"Core"},
  "8009": {"a":0,"id":"8009","name":"False Apple","desc":"Core"},
  "8010": {"a":0,"id":"8010","name":"Become Strong? Genuinely?","desc":"Core"},
  "8011": {"a":0,"id":"8011","name":"Grown Powerful! For Realsies?","desc":"Core"},
  "8012": {"a":0,"id":"8012","name":"You Want To Get Beat? Hurtily?","desc":"Core"},
  "8013": {"a":0,"id":"8013","name":"Pink Shoes Enchantee","desc":"Core"},
  "8014": {"a":0,"id":"8014","name":"Pink Shoes Possessee","desc":"Core"},
  "8015": {"a":0,"id":"8015","name":"Clippity-cloppity? Tap Away!","desc":"Core"},
  "8016": {"a":0,"id":"8016","name":"Peccatulum Morositatis","desc":"Core"},
  "8017": {"a":0,"id":"8017","name":"Peccatulum Luxuriae","desc":"Core"},
  "8018": {"a":0,"id":"8018","name":"Peccatulum Superbiae","desc":"Core"},
  "8019": {"a":0,"id":"8019","name":"Slumber-broken Neighbor","desc":"Core"},
  "8020": {"a":0,"id":"8020","name":"Rearisen Neighbor","desc":"Core"},
  "8021": {"a":0,"id":"8021","name":"Freezing Miner Slave","desc":"Core"},
  "8022": {"a":0,"id":"8022","name":"Shivering Miner Slave","desc":"Core"},
  "8023": {"a":0,"id":"8023","name":"Baba Yaga","desc":"Core"},
  "8024": {"a":0,"id":"8024","name":"Proceeding Inquisitor","desc":"Core"},
  "8025": {"a":0,"id":"8025","name":"Four-legged Beast","desc":"Core"},
  "8026": {"a":0,"id":"8026","name":"Everything There of an Inquisitor","desc":"Core"},
  "8027": {"a":0,"id":"8027","name":"Crawling Inquisitor","desc":"Core"},
  "8028": {"a":0,"id":"8028","name":"Slithering Inquisitor","desc":"Core"},
  "8029": {"a":0,"id":"8029","name":"Kromer","desc":"Core"},
  "8030": {"a":0,"id":"8030","name":"Kromer the Dreamer of Human Wholeness","desc":"Core"},
  "8031": {"a":0,"id":"8031","name":"Headless Ichthys","desc":"Core"},
  "8032": {"a":0,"id":"8032","name":"Alleyway Watchdog","desc":"Core"},
  "890101": {"a":0,"id":"890101","name":"Body","desc":"Part"},
  "800501": {"a":0,"id":"800501","name":"Body","desc":"Part"},
  "800601": {"a":0,"id":"800601","name":"Body","desc":"Part"},
  "800701": {"a":0,"id":"800701","name":"Body","desc":"Part"},
  "800201": {"a":0,"id":"800201","name":"Left Arm","desc":"Part"},
  "800202": {"a":0,"id":"800202","name":"Right Arm","desc":"Part"},
  "800203": {"a":0,"id":"800203","name":"Face","desc":"Part"},
  "800301": {"a":0,"id":"800301","name":"Head","desc":"Part"},
  "800401": {"a":0,"id":"800401","name":"Head","desc":"Part"},
  "800801": {"a":0,"id":"800801","name":"Body","desc":"Part"},
  "800901": {"a":0,"id":"800901","name":"Head","desc":"Part"},
  "800902": {"a":0,"id":"800902","name":"Body","desc":"Part"},
  "800903": {"a":0,"id":"800903","name":"Legs","desc":"Part"},
  "801001": {"a":0,"id":"801001","name":"Body","desc":"Part"},
  "801101": {"a":0,"id":"801101","name":"Body","desc":"Part"},
  "801201": {"a":0,"id":"801201","name":"Body","desc":"Part"},
  "801202": {"a":0,"id":"801202","name":"Left Arm","desc":"Part"},
  "801301": {"a":0,"id":"801301","name":"Body","desc":"Part"},
  "801401": {"a":0,"id":"801401","name":"Body","desc":"Part"},
  "801501": {"a":0,"id":"801501","name":"Body","desc":"Part"},
  "801502": {"a":0,"id":"801502","name":"Left Arm","desc":"Part"},
  "801601": {"a":0,"id":"801601","name":"Body","desc":"Part"},
  "801701": {"a":0,"id":"801701","name":"Body","desc":"Part"},
  "801801": {"a":0,"id":"801801","name":"Body","desc":"Part"},
  "801901": {"a":0,"id":"801901","name":"Body","desc":"Part"},
  "802001": {"a":0,"id":"802001","name":"Body","desc":"Part"},
  "802101": {"a":0,"id":"802101","name":"Body","desc":"Part"},
  "802201": {"a":0,"id":"802201","name":"Body","desc":"Part"},
  "802301": {"a":0,"id":"802301","name":"Body","desc":"Part"},
  "802401": {"a":0,"id":"802401","name":"Right Arm","desc":"Part"},
  "802402": {"a":0,"id":"802402","name":"Body","desc":"Part"},
  "802501": {"a":0,"id":"802501","name":"Body","desc":"Part"},
  "802601": {"a":0,"id":"802601","name":"Body","desc":"Part"},
  "802701": {"a":0,"id":"802701","name":"Body","desc":"Part"},
  "802801": {"a":0,"id":"802801","name":"Body","desc":"Part"},
  "802802": {"a":0,"id":"802802","name":"Left Arm","desc":"Part"},
  "802803": {"a":0,"id":"802803","name":"Right Arm","desc":"Part"},
  "802901": {"a":0,"id":"802901","name":"Body","desc":"Part"},
  "803001": {"a":0,"id":"803001","name":"Right Arm","desc":"Part"},
  "803002": {"a":0,"id":"803002","name":"Left Arm","desc":"Part"},
  "803003": {"a":0,"id":"803003","name":"Maw","desc":"Part"},
  "803004": {"a":0,"id":"803004","name":"Body","desc":"Part"},
  "803101": {"a":0,"id":"803101","name":"Body","desc":"Part"},
  "803102": {"a":0,"id":"803102","name":"Right Leg","desc":"Part"},
  "803103": {"a":0,"id":"803103","name":"Left Leg","desc":"Part"},
  "803104": {"a":0,"id":"803104","name":"Tail","desc":"Part"},
  "803201": {"a":0,"id":"803201","name":"Body","desc":"Part"},
  "803202": {"a":0,"id":"803202","name":"Telepole","desc":"Part"},
  "803203": {"a":0,"id":"803203","name":"Person","desc":"Part"},
  "803204": {"a":0,"id":"803204","name":"Head","desc":"Part"},
  "90017": {"a":0,"id":"90017","name":"Rustic-sounding Tingtanger","desc":"Enemy Unit"},
  "90018": {"a":0,"id":"90018","name":"Chest-puffing Tingtanger","desc":"Enemy Unit"},
  "90019": {"a":0,"id":"90019","name":"Bean-hating Tingtanger","desc":"Enemy Unit"},
  "91003": {"a":0,"id":"91003","name":"Tingtang Boss","desc":"Enemy Boss"},
  "90020": {"a":0,"id":"90020","name":"Rigid Casino Security","desc":"Enemy Unit"},
  "90021": {"a":0,"id":"90021","name":"Confident Casino Security","desc":"Enemy Unit"},
  "90022": {"a":0,"id":"90022","name":"Collected Casino Security","desc":"Enemy Unit"},
  "90023": {"a":0,"id":"90023","name":"Casino Security Chief","desc":"Enemy Unit"},
  "90024": {"a":0,"id":"90024","name":"Mariachi Alegre","desc":"Enemy Unit"},
  "90025": {"a":0,"id":"90025","name":"Mariachi Vivaz","desc":"Enemy Unit"},
  "91004": {"a":0,"id":"91004","name":"Aida","desc":"Enemy Boss"},
  "90026": {"a":0,"id":"90026","name":"Threatening Tieqiu Crewman","desc":"Enemy Unit"},
  "90027": {"a":0,"id":"90027","name":"Flexing Tieqiu Crewman","desc":"Enemy Unit"},
  "90028": {"a":0,"id":"90028","name":"Calm K Corp. Checkpoint Security","desc":"Enemy Unit"},
  "90029": {"a":0,"id":"90029","name":"Quiet K Corp. Checkpoint Security","desc":"Enemy Unit"},
  "90030": {"a":0,"id":"90030","name":"Stern K Corp. Checkpoint Security","desc":"Enemy Unit"},
  "90031": {"a":0,"id":"90031","name":"Reliable K Corp. Checkpoint Security","desc":"Enemy Unit"},
  "90032": {"a":0,"id":"90032","name":"Servile N Corp. Inquisitor","desc":"Enemy Unit"},
  "90033": {"a":0,"id":"90033","name":"Compliant N Corp. Inquisitor","desc":"Enemy Unit"},
  "90034": {"a":0,"id":"90034","name":"Worshipping N Corp. Inquisitor","desc":"Enemy Unit"},
  "90035": {"a":0,"id":"90035","name":"Scourging N Corp. Inquisitor","desc":"Enemy Unit"},
  "90036": {"a":0,"id":"90036","name":"Interrogative N Corp. Inquisitor","desc":"Enemy Unit"},
  "90037": {"a":0,"id":"90037","name":"Sadistic N Corp. Inquisitor","desc":"Enemy Unit"},
  "90038": {"a":0,"id":"90038","name":"Obsessive N Corp. Inquisitor","desc":"Enemy Unit"},
  "90039": {"a":0,"id":"90039","name":"Joyous N Corp. Inquisitor","desc":"Enemy Unit"},
  "90040": {"a":0,"id":"90040","name":"Fearless N Corp. Inquisitor","desc":"Enemy Unit"},
  "91005": {"a":0,"id":"91005","name":"Guido the Persistent","desc":"Enemy Unit"},
  "91006": {"a":0,"id":"91006","name":"Guido the Persistent","desc":"Enemy Unit"},
  "99004": {"a":0,"id":"99004","name":"Famished Hooligan","desc":"Enemy Unit"},
  "99005": {"a":0,"id":"99005","name":"Number-nuts Hooligan","desc":"Enemy Unit"},
  "99006": {"a":0,"id":"99006","name":"Sharp Hooligan","desc":"Enemy Unit"},
  "99007": {"a":0,"id":"99007","name":"Number-nuts Hooligan","desc":"Enemy Unit"},
  "99008": {"a":0,"id":"99008","name":"Sharp Hooligan","desc":"Enemy Unit"},
  "99009": {"a":0,"id":"99009","name":"Famished Hooligan","desc":"Enemy Unit"},
  "99010": {"a":0,"id":"99010","name":"Number-nuts Hooligan","desc":"Enemy Unit"},
  "99011": {"a":0,"id":"99011","name":"Sharp Hooligan","desc":"Enemy Unit"},
  "99012": {"a":0,"id":"99012","name":"Number-nuts Hooligan","desc":"Enemy Unit"},
  "99013": {"a":0,"id":"99013","name":"Sharp Hooligan","desc":"Enemy Unit"},
  "99014": {"a":0,"id":"99014","name":"Number-nuts Hooligan","desc":"Enemy Unit"},
  "99015": {"a":0,"id":"99015","name":"Famished Hooligan","desc":"Enemy Unit"},
  "99016": {"a":0,"id":"99016","name":"Number-nuts Hooligan","desc":"Enemy Unit"},
  "99017": {"a":0,"id":"99017","name":"Famished Hooligan","desc":"Enemy Unit"},
  "99018": {"a":0,"id":"99018","name":"Head Hooligan","desc":"Enemy Unit"},
  "99019": {"a":0,"id":"99019","name":"Number-nuts Hooligan","desc":"Enemy Unit"},
  "99020": {"a":0,"id":"99020","name":"Famished Hooligan","desc":"Enemy Unit"},
  "99021": {"a":0,"id":"99021","name":"Sharp Hooligan","desc":"Enemy Unit"},
  "90041": {"a":0,"id":"90041","name":"Slave","desc":"Enemy Unit"},
  "8033": {"a":0,"id":"8033","name":"Wriggling Beast","desc":"Core"},
  "803301": {"a":0,"id":"803301","name":"Body","desc":"Part"},
  "803302": {"a":0,"id":"803302","name":"Right Arm","desc":"Part"},
  "97101": {"a":0,"id":"97101","name":"Crooked Veteran","desc":"Enemy Unit"},
  "97102": {"a":0,"id":"97102","name":"Vulgar Veteran","desc":"Enemy Unit"},
  "97103": {"a":0,"id":"97103","name":"Razor-sharp Veteran","desc":"Enemy Unit"},
  "97104": {"a":0,"id":"97104","name":"Hardened Veteran","desc":"Enemy Unit"},
  "97105": {"a":0,"id":"97105","name":"Downcast Veteran","desc":"Enemy Unit"},
  "97106": {"a":0,"id":"97106","name":"Embittered Veteran","desc":"Enemy Unit"},
  "97107": {"a":0,"id":"97107","name":"Recollected Awry Soldier","desc":"Enemy Unit"},
  "97108": {"a":0,"id":"97108","name":"Recollected Wallowing Soldier","desc":"Enemy Unit"},
  "97109": {"a":0,"id":"97109","name":"Recollected Overtaken Soldier","desc":"Enemy Unit"},
  "97151": {"a":0,"id":"97151","name":"Old G Corp. Head Manager","desc":"Enemy Boss"},
  "97152": {"a":0,"id":"97152","name":"Recollected Festered G Corp. H. Manager","desc":"Enemy Boss"},
  "97201": {"a":0,"id":"97201","name":"Rigid Casino Security","desc":"Enemy Unit"},
  "97202": {"a":0,"id":"97202","name":"Confident Casino Security","desc":"Enemy Unit"},
  "97203": {"a":0,"id":"97203","name":"Collected Casino Security","desc":"Enemy Unit"},
  "97204": {"a":0,"id":"97204","name":"Mariachi Alegre","desc":"Enemy Unit"},
  "97205": {"a":0,"id":"97205","name":"Mariachi Vivaz","desc":"Enemy Unit"},
  "97206": {"a":0,"id":"97206","name":"Threatening Tieqiu Crewman","desc":"Enemy Unit"},
  "97207": {"a":0,"id":"97207","name":"Flexing Tieqiu Crewman","desc":"Enemy Unit"},
  "97251": {"a":0,"id":"97251","name":"Casino Security Chief","desc":"Enemy Unit"},
  "97252": {"a":0,"id":"97252","name":"Aida","desc":"Enemy Boss"},
  "97301": {"a":0,"id":"97301","name":"Servile N Corp. Inquisitor","desc":"Enemy Unit"},
  "97302": {"a":0,"id":"97302","name":"Compliant N Corp. Inquisitor","desc":"Enemy Unit"},
  "97303": {"a":0,"id":"97303","name":"Worshipping N Corp. Inquisitor","desc":"Enemy Unit"},
  "97304": {"a":0,"id":"97304","name":"Scourging N Corp. Inquisitor","desc":"Enemy Unit"},
  "97305": {"a":0,"id":"97305","name":"Interrogative N Corp. Inquisitor","desc":"Enemy Unit"},
  "97306": {"a":0,"id":"97306","name":"Sadistic N Corp. Inquisitor","desc":"Enemy Unit"},
  "97307": {"a":0,"id":"97307","name":"Obsessive N Corp. Inquisitor","desc":"Enemy Unit"},
  "97308": {"a":0,"id":"97308","name":"Joyous N Corp. Inquisitor","desc":"Enemy Unit"},
  "97309": {"a":0,"id":"97309","name":"Fearless N Corp. Inquisitor","desc":"Enemy Unit"},
  "97351": {"a":0,"id":"97351","name":"Guido the Persistent","desc":"Enemy Unit"},
  "8701": {"a":0,"id":"8701","name":"Ebony Queen’s Apple","desc":"Core"},
  "870101": {"a":0,"id":"870101","name":"Fruit","desc":"Part"},
  "870102": {"a":0,"id":"870102","name":"Left Stem","desc":"Part"},
  "870103": {"a":0,"id":"870103","name":"Right Stem","desc":"Part"},
  "870104": {"a":0,"id":"870104","name":"Roots","desc":"Part"},
  "8702": {"a":0,"id":"8702","name":"Headless Ichthys","desc":"Core"},
  "870201": {"a":0,"id":"870201","name":"Body","desc":"Part"},
  "870202": {"a":0,"id":"870202","name":"Right Leg","desc":"Part"},
  "870203": {"a":0,"id":"870203","name":"Left Leg","desc":"Part"},
  "870204": {"a":0,"id":"870204","name":"Tail","desc":"Part"},
  "8703": {"a":0,"id":"8703","name":"Golden Apple","desc":"Core"},
  "870301": {"a":0,"id":"870301","name":"Body","desc":"Part"},
  "8704": {"a":0,"id":"8704","name":"False Apple","desc":"Core"},
  "870401": {"a":0,"id":"870401","name":"Head","desc":"Part"},
  "870402": {"a":0,"id":"870402","name":"Body","desc":"Part"},
  "870403": {"a":0,"id":"870403","name":"Legs","desc":"Part"},
  "8705": {"a":0,"id":"8705","name":"Alleyway Watchdog","desc":"Core"},
  "870501": {"a":0,"id":"870501","name":"Body","desc":"Part"},
  "870502": {"a":0,"id":"870502","name":"Telepole","desc":"Part"},
  "870503": {"a":0,"id":"870503","name":"Person","desc":"Part"},
  "870504": {"a":0,"id":"870504","name":"Head","desc":"Part"},
  "8706": {"a":0,"id":"8706","name":"Become Strong? Genuinely?","desc":"Core"},
  "870601": {"a":0,"id":"870601","name":"Body","desc":"Part"},
  "8707": {"a":0,"id":"8707","name":"Grown Powerful! For Realsies?","desc":"Core"},
  "870701": {"a":0,"id":"870701","name":"Body","desc":"Part"},
  "8708": {"a":0,"id":"8708","name":"You Want To Get Beat? Hurtily?","desc":"Core"},
  "870801": {"a":0,"id":"870801","name":"Body","desc":"Part"},
  "870802": {"a":0,"id":"870802","name":"Left Arm","desc":"Part"},
  "8709": {"a":0,"id":"8709","name":"Pink Shoes Enchantee","desc":"Core"},
  "870901": {"a":0,"id":"870901","name":"Body","desc":"Part"},
  "8710": {"a":0,"id":"8710","name":"Pink Shoes Possessee","desc":"Core"},
  "871001": {"a":0,"id":"871001","name":"Body","desc":"Part"},
  "8711": {"a":0,"id":"8711","name":"Clippity-cloppity? Tap Away!","desc":"Core"},
  "871101": {"a":0,"id":"871101","name":"Body","desc":"Part"},
  "871102": {"a":0,"id":"871102","name":"Left Arm","desc":"Part"},
  "8712": {"a":0,"id":"8712","name":"Doomsday Calendar","desc":"Core"},
  "871201": {"a":0,"id":"871201","name":"Left Arm","desc":"Part"},
  "871202": {"a":0,"id":"871202","name":"Right Arm","desc":"Part"},
  "871203": {"a":0,"id":"871203","name":"Face","desc":"Part"},
  "87122": {"a":0,"id":"87122","name":"Doomsday Calendar","desc":"Core"},
  "87123": {"a":0,"id":"87123","name":"Doomsday Calendar","desc":"Core"},
  "87124": {"a":0,"id":"87124","name":"Doomsday Calendar","desc":"Core"},
  "8713": {"a":0,"id":"8713","name":"Doomsday Clay Doll","desc":"Core"},
  "871301": {"a":0,"id":"871301","name":"Head","desc":"Part"},
  "8714": {"a":0,"id":"8714","name":"Burning Clay Doll","desc":"Core"},
  "871401": {"a":0,"id":"871401","name":"Head","desc":"Part"},
  "8721": {"a":0,"id":"8721","name":"Ebony Queen’s Apple","desc":"Core"},
  "872101": {"a":0,"id":"872101","name":"Fruit","desc":"Part"},
  "872102": {"a":0,"id":"872102","name":"Left Stem","desc":"Part"},
  "872103": {"a":0,"id":"872103","name":"Right Stem","desc":"Part"},
  "872104": {"a":0,"id":"872104","name":"Roots","desc":"Part"},
  "8722": {"a":0,"id":"8722","name":"Headless Ichthys","desc":"Core"},
  "872201": {"a":0,"id":"872201","name":"Body","desc":"Part"},
  "872202": {"a":0,"id":"872202","name":"Right Leg","desc":"Part"},
  "872203": {"a":0,"id":"872203","name":"Left Leg","desc":"Part"},
  "872204": {"a":0,"id":"872204","name":"Tail","desc":"Part"},
  "8723": {"a":0,"id":"8723","name":"Golden Apple","desc":"Core"},
  "872301": {"a":0,"id":"872301","name":"Body","desc":"Part"},
  "8724": {"a":0,"id":"8724","name":"False Apple","desc":"Core"},
  "872401": {"a":0,"id":"872401","name":"Head","desc":"Part"},
  "872402": {"a":0,"id":"872402","name":"Body","desc":"Part"},
  "872403": {"a":0,"id":"872403","name":"Legs","desc":"Part"},
  "8725": {"a":0,"id":"8725","name":"Alleyway Watchdog","desc":"Core"},
  "872501": {"a":0,"id":"872501","name":"Body","desc":"Part"},
  "872502": {"a":0,"id":"872502","name":"Telepole","desc":"Part"},
  "872503": {"a":0,"id":"872503","name":"Person","desc":"Part"},
  "872504": {"a":0,"id":"872504","name":"Head","desc":"Part"},
  "8726": {"a":0,"id":"8726","name":"Become Strong? Genuinely?","desc":"Core"},
  "872601": {"a":0,"id":"872601","name":"Body","desc":"Part"},
  "8727": {"a":0,"id":"8727","name":"Grown Powerful! For Realsies?","desc":"Core"},
  "872701": {"a":0,"id":"872701","name":"Body","desc":"Part"},
  "8728": {"a":0,"id":"8728","name":"You Want To Get Beat? Hurtily?","desc":"Core"},
  "872801": {"a":0,"id":"872801","name":"Body","desc":"Part"},
  "872802": {"a":0,"id":"872802","name":"Left Arm","desc":"Part"},
  "8729": {"a":0,"id":"8729","name":"Pink Shoes Enchantee","desc":"Core"},
  "872901": {"a":0,"id":"872901","name":"Body","desc":"Part"},
  "8730": {"a":0,"id":"8730","name":"Pink Shoes Possessee","desc":"Core"},
  "873001": {"a":0,"id":"873001","name":"Body","desc":"Part"},
  "8731": {"a":0,"id":"8731","name":"Clippity-cloppity? Tap Away!","desc":"Core"},
  "873101": {"a":0,"id":"873101","name":"Body","desc":"Part"},
  "873102": {"a":0,"id":"873102","name":"Left Arm","desc":"Part"},
  "8732": {"a":0,"id":"8732","name":"Doomsday Calendar","desc":"Core"},
  "873201": {"a":0,"id":"873201","name":"Left Arm","desc":"Part"},
  "873202": {"a":0,"id":"873202","name":"Right Arm","desc":"Part"},
  "873203": {"a":0,"id":"873203","name":"Face","desc":"Part"},
  "87322": {"a":0,"id":"87322","name":"Doomsday Calendar","desc":"Core"},
  "87323": {"a":0,"id":"87323","name":"Doomsday Calendar","desc":"Core"},
  "87324": {"a":0,"id":"87324","name":"Doomsday Calendar","desc":"Core"},
  "8733": {"a":0,"id":"8733","name":"Doomsday Clay Doll","desc":"Core"},
  "873301": {"a":0,"id":"873301","name":"Head","desc":"Part"},
  "8734": {"a":0,"id":"8734","name":"Burning Clay Doll","desc":"Core"},
  "873401": {"a":0,"id":"873401","name":"Head","desc":"Part"},
  "90042": {"a":0,"id":"90042","name":"Confused K Corp. Checkpoint Security","desc":"Enemy Unit"},
  "90043": {"a":0,"id":"90043","name":"Swamped K Corp. Checkpoint Security","desc":"Enemy Unit"},
  "90044": {"a":0,"id":"90044","name":"Hazed K Corp. Checkpoint Security","desc":"Enemy Unit"},
  "90045": {"a":0,"id":"90045","name":"Stunned K Corp. Checkpoint Security","desc":"Enemy Unit"},
  "8034": {"a":0,"id":"8034","name":"Headchicken a.k.a. Bongy","desc":"Core"},
  "803401": {"a":0,"id":"803401","name":"Body","desc":"Part"},
  "8035": {"a":0,"id":"8035","name":"Headchicken a.k.a. Bongy","desc":"Core"},
  "803501": {"a":0,"id":"803501","name":"Body","desc":"Part"},
  "8036": {"a":0,"id":"8036","name":"Headchicken a.k.a. Bongy","desc":"Core"},
  "803601": {"a":0,"id":"803601","name":"Body","desc":"Part"},
  "8037": {"a":0,"id":"8037","name":"Headchicken a.k.a. Bongy","desc":"Core"},
  "803701": {"a":0,"id":"803701","name":"Body","desc":"Part"},
  "8038": {"a":0,"id":"8038","name":"Papa Bongy","desc":"Core"},
  "803801": {"a":0,"id":"803801","name":"Body","desc":"Part"},
  "8039": {"a":0,"id":"8039","name":"Papa Bongy","desc":"Core"},
  "803901": {"a":0,"id":"803901","name":"Body","desc":"Part"},
  "803902": {"a":0,"id":"803902","name":"Chicken Bucket","desc":"Part"},
  "8040": {"a":0,"id":"8040","name":"Spiced-up Papa Bongy","desc":"Core"},
  "804001": {"a":0,"id":"804001","name":"Body","desc":"Part"},
  "804002": {"a":0,"id":"804002","name":"Chicken Bucket","desc":"Part"},
  "8041": {"a":0,"id":"8041","name":"Brazen Bull - Tearful","desc":"Core"},
  "804101": {"a":0,"id":"804101","name":"Body","desc":"Part"},
  "804102": {"a":0,"id":"804102","name":"Head","desc":"Part"},
  "8042": {"a":0,"id":"8042","name":"K Corp. Filming Drone","desc":"Core"},
  "804201": {"a":0,"id":"804201","name":"Body","desc":"Part"},
  "8043": {"a":0,"id":"8043","name":"Lobotomy E.G.O::Sunshower - Dongbaek","desc":"Core"},
  "804301": {"a":0,"id":"804301","name":"Body","desc":"Part"},
  "8044": {"a":0,"id":"8044","name":"Dongbaek E.G.O::Spicebush","desc":"Core"},
  "804401": {"a":0,"id":"804401","name":"Body","desc":"Part"},
  "8045": {"a":0,"id":"8045","name":"Shock Centipede","desc":"Core"},
  "804501": {"a":0,"id":"804501","name":"Body","desc":"Part"},
  "804502": {"a":0,"id":"804502","name":"Head","desc":"Part"},
  "8046": {"a":0,"id":"8046","name":"Drifting Fox","desc":"Core"},
  "804601": {"a":0,"id":"804601","name":"Body","desc":"Part"},
  "804602": {"a":0,"id":"804602","name":"Head","desc":"Part"},
  "8047": {"a":0,"id":"8047","name":"So That No One Will Cry","desc":"Core"},
  "804701": {"a":0,"id":"804701","name":"Body","desc":"Part"},
  "804702": {"a":0,"id":"804702","name":"Right Arm","desc":"Part"},
  "8048": {"a":0,"id":"8048","name":"Fairy Gentleman","desc":"Core"},
  "804801": {"a":0,"id":"804801","name":"Body","desc":"Part"},
  "804802": {"a":0,"id":"804802","name":"Left Arm","desc":"Part"},
  "8049": {"a":0,"id":"8049","name":"Dongrang, Who Denies All","desc":"Core"},
  "8050": {"a":0,"id":"8050","name":"Effloresced E.G.O::Farmwatch","desc":"Core"},
  "8051": {"a":0,"id":"8051","name":"Fairy Wine","desc":"Core"},
  "805101": {"a":0,"id":"805101","name":"Wine Barrel","desc":"Part"},
  "8052": {"a":0,"id":"8052","name":"Old Umbrella","desc":"Core"},
  "805201": {"a":0,"id":"805201","name":"Umbrella","desc":"Part"},
  "8053": {"a":0,"id":"8053","name":"Old Umbrella","desc":"Core"},
  "805301": {"a":0,"id":"805301","name":"Umbrella","desc":"Part"},
  "8054": {"a":0,"id":"8054","name":"Soon-to-bloom Flower","desc":"Core"},
  "805401": {"a":0,"id":"805401","name":"Bud","desc":"Part"},
  "90046": {"a":0,"id":"90046","name":"K Corp. Filming Drone","desc":"Enemy Unit"},
  "90047": {"a":0,"id":"90047","name":"Crude Sawblade Bot","desc":"Enemy Unit"},
  "90048": {"a":0,"id":"90048","name":"Crude Wrecking Ball Bot","desc":"Enemy Unit"},
  "90049": {"a":0,"id":"90049","name":"Complete Sawblade Bot","desc":"Enemy Unit"},
  "90050": {"a":0,"id":"90050","name":"Complete Wrecking Ball Bot","desc":"Enemy Unit"},
  "91007": {"a":0,"id":"91007","name":"Solid Combined Bot","desc":"Enemy Boss"},
  "90051": {"a":0,"id":"90051","name":"Confident Rosespanner Workshop Fixer","desc":"Enemy Unit"},
  "90052": {"a":0,"id":"90052","name":"Prideful Rosespanner Workshop Fixer","desc":"Enemy Unit"},
  "90053": {"a":0,"id":"90053","name":"Shaking Rosespanner Workshop Fixer","desc":"Enemy Unit"},
  "91008": {"a":0,"id":"91008","name":"Rosespanner Workshop Rep Niko","desc":"Enemy Boss"},
  "90054": {"a":0,"id":"90054","name":"Threatened K Corp. Class 1 Staff","desc":"Enemy Unit"},
  "90055": {"a":0,"id":"90055","name":"Unnerved K Corp. Class 1 Staff","desc":"Enemy Unit"},
  "90056": {"a":0,"id":"90056","name":"Hacked K Corp. Regen Drone","desc":"Enemy Unit"},
  "90057": {"a":0,"id":"90057","name":"Hacked K Corp. Regen Drone","desc":"Enemy Unit"},
  "90058": {"a":0,"id":"90058","name":"Lobotomy E.G.O::Sloshing","desc":"Enemy Unit"},
  "90059": {"a":0,"id":"90059","name":"Lobotomy E.G.O::Red Sheet","desc":"Enemy Unit"},
  "90060": {"a":0,"id":"90060","name":"Lobotomy E.G.O::Sloshing","desc":"Enemy Unit"},
  "90061": {"a":0,"id":"90061","name":"Lobotomy E.G.O::Red Sheet","desc":"Enemy Unit"},
  "91009": {"a":0,"id":"91009","name":"Lobotomy E.G.O::Red Sheet - Marile","desc":"Enemy Boss"},
  "90062": {"a":0,"id":"90062","name":"Reawakened Lobotomy E.G.O::Sloshing","desc":"Enemy Unit"},
  "90063": {"a":0,"id":"90063","name":"Reawakened Lobotomy E.G.O::Red Sheet","desc":"Enemy Unit"},
  "90064": {"a":0,"id":"90064","name":"Revived K Corp. Security","desc":"Enemy Unit"},
  "90065": {"a":0,"id":"90065","name":"Revived K Corp. Security","desc":"Enemy Unit"},
  "90066": {"a":0,"id":"90066","name":"Revived K Corp. Class 1 Staff","desc":"Enemy Unit"},
  "90067": {"a":0,"id":"90067","name":"Revived K Corp. Class 1 Staff","desc":"Enemy Unit"},
  "90068": {"a":0,"id":"90068","name":"Revived K Corp. Class 3 Staff","desc":"Enemy Unit"},
  "90069": {"a":0,"id":"90069","name":"Revived K Corp. Class 3 Empowered Staff","desc":"Enemy Unit"},
  "90070": {"a":0,"id":"90070","name":"Imagined T Corp. Class 3 Collector","desc":"Enemy Unit"},
  "91010": {"a":0,"id":"91010","name":"Reawakened Lobotomy E.G.O::Red Sheet - Marile","desc":"Enemy Unit"},
  "90071": {"a":0,"id":"90071","name":"K Corp. Arrest Drone","desc":"Enemy Unit"},
  "90072": {"a":0,"id":"90072","name":"K Corp. Filming Drone","desc":"Enemy Unit"},
  "90073": {"a":0,"id":"90073","name":"Terrified K Corp. Checkpoint Security","desc":"Enemy Unit"},
  "90074": {"a":0,"id":"90074","name":"Shaking K Corp. Checkpoint Security","desc":"Enemy Unit"},
  "90075": {"a":0,"id":"90075","name":"Stiffened K Corp. Checkpoint Security","desc":"Enemy Unit"},
  "90076": {"a":0,"id":"90076","name":"Timid K Corp. Checkpoint Security","desc":"Enemy Unit"},
  "8055": {"a":0,"id":"8055","name":"Fully Bloomed Flower","desc":"Core"},
  "805501": {"a":0,"id":"805501","name":"Bud","desc":"Part"},
  "80442": {"a":0,"id":"80442","name":"Dongbaek E.G.O::Spicebush","desc":"Core"},
  "8056": {"a":0,"id":"8056","name":"Tree of Vanity","desc":"Core"},
  "805601": {"a":0,"id":"805601","name":"Fruit of Vanity","desc":"Part"},
  "8057": {"a":0,"id":"8057","name":"Resentful Tree","desc":"Core"},
  "805701": {"a":0,"id":"805701","name":"Resentment","desc":"Part"},
  "8060": {"a":0,"id":"8060","name":"Tree of Desires","desc":"Core"},
  "806001": {"a":0,"id":"806001","name":"Desire","desc":"Part"},
  "804901": {"a":0,"id":"804901","name":"Body","desc":"Part"},
  "8058": {"a":0,"id":"8058","name":"Faelantern","desc":"Core"},
  "805801": {"a":0,"id":"805801","name":"Body","desc":"Part"},
  "80492": {"a":0,"id":"80492","name":"Dongrang, Who Denies All","desc":"Core"},
  "80493": {"a":0,"id":"80493","name":"Dongrang, Who Denies All","desc":"Core"},
  "8061": {"a":0,"id":"8061","name":"Absorbing Tree","desc":"Core"},
  "806101": {"a":0,"id":"806101","name":"Tree","desc":"Part"},
  "805001": {"a":0,"id":"805001","name":"Body","desc":"Part"},
  "805802": {"a":0,"id":"805802","name":"Head","desc":"Part"},
  "805803": {"a":0,"id":"805803","name":"Left Arm","desc":"Part"},
  "8059": {"a":0,"id":"8059","name":"Fairy-Long-Legs","desc":"Core"},
  "805901": {"a":0,"id":"805901","name":"Body","desc":"Part"},
  "805902": {"a":0,"id":"805902","name":"Left Arm","desc":"Part"},
  "8064": {"a":0,"id":"8064","name":"Peccatulum Gulae","desc":"Core"},
  "8065": {"a":0,"id":"8065","name":"Peccatulum Pigritiae","desc":"Core"},
  "8066": {"a":0,"id":"8066","name":"Peccatulum Irae","desc":"Core"},
  "8067": {"a":0,"id":"8067","name":"Peccatulum Morositatis","desc":"Core"},
  "8068": {"a":0,"id":"8068","name":"Peccatulum Luxuriae","desc":"Core"},
  "8069": {"a":0,"id":"8069","name":"Peccatulum Superbiae","desc":"Core"},
  "806401": {"a":0,"id":"806401","name":"Body","desc":"Part"},
  "806501": {"a":0,"id":"806501","name":"Body","desc":"Part"},
  "806601": {"a":0,"id":"806601","name":"Body","desc":"Part"},
  "806701": {"a":0,"id":"806701","name":"Body","desc":"Part"},
  "806801": {"a":0,"id":"806801","name":"Body","desc":"Part"},
  "806901": {"a":0,"id":"806901","name":"Body","desc":"Part"},
  "805903": {"a":0,"id":"805903","name":"Head","desc":"Part"},
  "8062": {"a":0,"id":"8062","name":"Giant Leaf","desc":"Core"},
  "806201": {"a":0,"id":"806201","name":"Body","desc":"Part"},
  "8075": {"a":0,"id":"8075","name":"Blubbering Toad","desc":"Core"},
  "807501": {"a":0,"id":"807501","name":"Body","desc":"Part"},
  "807502": {"a":0,"id":"807502","name":"Left Eye","desc":"Part"},
  "807503": {"a":0,"id":"807503","name":"Right Eye","desc":"Part"},
  "8076": {"a":0,"id":"8076","name":"kqe-1j-23","desc":"Core"},
  "807601": {"a":0,"id":"807601","name":"Body","desc":"Part"},
  "8077": {"a":0,"id":"8077","name":"Heart of the Townsfolk","desc":"Core"},
  "807701": {"a":0,"id":"807701","name":"Heart","desc":"Part"},
  "8078": {"a":0,"id":"8078","name":"My Form Empties","desc":"Core"},
  "807801": {"a":0,"id":"807801","name":"Buddha Mūrti","desc":"Part"},
  "807802": {"a":0,"id":"807802","name":"Stone Seat","desc":"Part"},
  "8079": {"a":0,"id":"8079","name":"Lured Guido","desc":"Enemy Unit"},
  "807901": {"a":0,"id":"807901","name":"Body","desc":"Part"},
  "8080": {"a":0,"id":"8080","name":"Lured Aida","desc":"Enemy Unit"},
  "808001": {"a":0,"id":"808001","name":"Body","desc":"Part"},
  "8081": {"a":0,"id":"8081","name":"Lured Festered G Corp. H. Manager","desc":"Enemy Unit"},
  "808101": {"a":0,"id":"808101","name":"Body","desc":"Part"},
  "8082": {"a":0,"id":"8082","name":"Kromer","desc":"Enemy Unit"},
  "808201": {"a":0,"id":"808201","name":"Body","desc":"Part"},
  "8083": {"a":0,"id":"8083","name":"Kromer the Dreamer of Human Wholeness","desc":"Core"},
  "808301": {"a":0,"id":"808301","name":"Right Arm","desc":"Part"},
  "808302": {"a":0,"id":"808302","name":"Left Arm","desc":"Part"},
  "808303": {"a":0,"id":"808303","name":"Maw","desc":"Part"},
  "90082": {"a":0,"id":"90082","name":"K Corp. Class 3 Excision Staff","desc":"Enemy Unit"},
  "8084": {"a":0,"id":"8084","name":"Headless Ichthys","desc":"Core"},
  "808401": {"a":0,"id":"808401","name":"Body","desc":"Part"},
  "808402": {"a":0,"id":"808402","name":"Right Leg","desc":"Part"},
  "808403": {"a":0,"id":"808403","name":"Left Leg","desc":"Part"},
  "808404": {"a":0,"id":"808404","name":"Tail","desc":"Part"},
  "8085": {"a":0,"id":"8085","name":"Alleyway Watchdog","desc":"Core"},
  "808501": {"a":0,"id":"808501","name":"Body","desc":"Part"},
  "808502": {"a":0,"id":"808502","name":"Telepole","desc":"Part"},
  "808503": {"a":0,"id":"808503","name":"Person","desc":"Part"},
  "808504": {"a":0,"id":"808504","name":"Head","desc":"Part"},
  "8086": {"a":0,"id":"8086","name":"Shock Centipede","desc":"Core"},
  "808601": {"a":0,"id":"808601","name":"Body","desc":"Part"},
  "808602": {"a":0,"id":"808602","name":"Head","desc":"Part"},
  "8087": {"a":0,"id":"8087","name":"Drifting Fox","desc":"Core"},
  "808701": {"a":0,"id":"808701","name":"Body","desc":"Part"},
  "808702": {"a":0,"id":"808702","name":"Head","desc":"Part"},
  "8088": {"a":0,"id":"8088","name":"Old Umbrella","desc":"Core"},
  "808801": {"a":0,"id":"808801","name":"Umbrella","desc":"Part"},
  "8089": {"a":0,"id":"8089","name":"So That No One Will Cry","desc":"Core"},
  "808901": {"a":0,"id":"808901","name":"Body","desc":"Part"},
  "808902": {"a":0,"id":"808902","name":"Right Arm","desc":"Part"},
  "8090": {"a":0,"id":"8090","name":"Fairy Gentleman","desc":"Core"},
  "809001": {"a":0,"id":"809001","name":"Body","desc":"Part"},
  "809002": {"a":0,"id":"809002","name":"Left Arm","desc":"Part"},
  "8091": {"a":0,"id":"8091","name":"Fairy Wine","desc":"Core"},
  "809101": {"a":0,"id":"809101","name":"Wine Barrel","desc":"Part"},
  "8092": {"a":0,"id":"8092","name":"Fairy Longlegs","desc":"Core"},
  "809201": {"a":0,"id":"809201","name":"Body","desc":"Part"},
  "809202": {"a":0,"id":"809202","name":"Left Arm","desc":"Part"},
  "809203": {"a":0,"id":"809203","name":"Head","desc":"Part"},
  "8093": {"a":0,"id":"8093","name":"Giant Leaf","desc":"Core"},
  "809301": {"a":0,"id":"809301","name":"Body","desc":"Part"},
  "8094": {"a":0,"id":"8094","name":"Golden Apple","desc":"Core"},
  "8095": {"a":0,"id":"8095","name":"False Apple","desc":"Core"},
  "809401": {"a":0,"id":"809401","name":"Body","desc":"Part"},
  "809501": {"a":0,"id":"809501","name":"Head","desc":"Part"},
  "809502": {"a":0,"id":"809502","name":"Body","desc":"Part"},
  "8096": {"a":0,"id":"8096","name":"Brazen Bull - Tearful","desc":"Core"},
  "809601": {"a":0,"id":"809601","name":"Body","desc":"Part"},
  "809602": {"a":0,"id":"809602","name":"Head","desc":"Part"},
  "8263": {"a":0,"id":"8263","name":"Fairy Queen","desc":"Core"},
  "826301": {"a":0,"id":"826301","name":"Body","desc":"Part"},
  "826302": {"a":0,"id":"826302","name":"Right Arm","desc":"Part"},
  "826303": {"a":0,"id":"826303","name":"Left Arm","desc":"Part"},
  "8264": {"a":0,"id":"8264","name":"Fairy Mass","desc":"Core"},
  "826401": {"a":0,"id":"826401","name":"Body","desc":"Part"},
  "8265": {"a":0,"id":"8265","name":"Fairy Queen","desc":"Core"},
  "826501": {"a":0,"id":"826501","name":"Body","desc":"Part"},
  "826502": {"a":0,"id":"826502","name":"Right Arm","desc":"Part"},
  "826503": {"a":0,"id":"826503","name":"Left Arm","desc":"Part"},
  "8266": {"a":0,"id":"8266","name":"Fairy Mass","desc":"Core"},
  "826601": {"a":0,"id":"826601","name":"Body","desc":"Part"},
  "8501": {"a":0,"id":"8501","name":"Recollected Awry Soldier","desc":"Core"},
  "850101": {"a":0,"id":"850101","name":"Body","desc":"Part"},
  "8502": {"a":0,"id":"8502","name":"Recollected Wallowing Soldier","desc":"Core"},
  "850201": {"a":0,"id":"850201","name":"Body","desc":"Part"},
  "8503": {"a":0,"id":"8503","name":"Recollected Overtaken Soldier","desc":"Core"},
  "850301": {"a":0,"id":"850301","name":"Body","desc":"Part"},
  "8504": {"a":0,"id":"8504","name":"Recollected Festered G Corp. H. Manager","desc":"Core"},
  "850401": {"a":0,"id":"850401","name":"Body","desc":"Part"},
  "8505": {"a":0,"id":"8505","name":"Mariachi Alegre","desc":"Core"},
  "850501": {"a":0,"id":"850501","name":"Body","desc":"Part"},
  "8506": {"a":0,"id":"8506","name":"Mariachi Vivaz","desc":"Core"},
  "850601": {"a":0,"id":"850601","name":"Body","desc":"Part"},
  "8507": {"a":0,"id":"8507","name":"Threatening Tieqiu Crewman","desc":"Core"},
  "850701": {"a":0,"id":"850701","name":"Body","desc":"Part"},
  "8508": {"a":0,"id":"8508","name":"Flexing Tieqiu Crewman","desc":"Core"},
  "850801": {"a":0,"id":"850801","name":"Body","desc":"Part"},
  "8509": {"a":0,"id":"8509","name":"Aida","desc":"Core"},
  "850901": {"a":0,"id":"850901","name":"Body","desc":"Part"},
  "8510": {"a":0,"id":"8510","name":"Blubbering Toad","desc":"Core"},
  "851001": {"a":0,"id":"851001","name":"Body","desc":"Part"},
  "851002": {"a":0,"id":"851002","name":"Left Eye","desc":"Part"},
  "851003": {"a":0,"id":"851003","name":"Right Eye","desc":"Part"},
  "8511": {"a":0,"id":"8511","name":"Servile N Corp. Inquisitor","desc":"Enemy Unit"},
  "851101": {"a":0,"id":"851101","name":"Body","desc":"Part"},
  "8512": {"a":0,"id":"8512","name":"Compliant N Corp. Inquisitor","desc":"Enemy Unit"},
  "851201": {"a":0,"id":"851201","name":"Body","desc":"Part"},
  "8513": {"a":0,"id":"8513","name":"Scourging N Corp. Inquisitor","desc":"Enemy Unit"},
  "851301": {"a":0,"id":"851301","name":"Body","desc":"Part"},
  "8514": {"a":0,"id":"8514","name":"Interrogative N Corp. Inquisitor","desc":"Enemy Unit"},
  "851401": {"a":0,"id":"851401","name":"Body","desc":"Part"},
  "8515": {"a":0,"id":"8515","name":"Obsessive N Corp. Inquisitor","desc":"Enemy Unit"},
  "851501": {"a":0,"id":"851501","name":"Body","desc":"Part"},
  "8516": {"a":0,"id":"8516","name":"Joyous N Corp. Inquisitor","desc":"Enemy Unit"},
  "851601": {"a":0,"id":"851601","name":"Body","desc":"Part"},
  "8517": {"a":0,"id":"8517","name":"Guido the Persistent","desc":"Enemy Unit"},
  "851701": {"a":0,"id":"851701","name":"Body","desc":"Part"},
  "8518": {"a":0,"id":"8518","name":"Refracted Alleyway Watchdog","desc":"Core"},
  "851801": {"a":0,"id":"851801","name":"Body","desc":"Part"},
  "851802": {"a":0,"id":"851802","name":"Telepole","desc":"Part"},
  "851803": {"a":0,"id":"851803","name":"Person","desc":"Part"},
  "851804": {"a":0,"id":"851804","name":"Head","desc":"Part"},
  "8519": {"a":0,"id":"8519","name":"Kqe-1j-23","desc":"Core"},
  "851901": {"a":0,"id":"851901","name":"Body","desc":"Part"},
  "8520": {"a":0,"id":"8520","name":"Heart of the Townsfolk","desc":"Core"},
  "852001": {"a":0,"id":"852001","name":"Heart","desc":"Part"},
  "8521": {"a":0,"id":"8521","name":"K Corp. Class 3 Staff","desc":"Core"},
  "852101": {"a":0,"id":"852101","name":"Body","desc":"Part"},
  "8522": {"a":0,"id":"8522","name":"Everything There of an Inquisitor","desc":"Core"},
  "852201": {"a":0,"id":"852201","name":"Body","desc":"Part"},
  "8523": {"a":0,"id":"8523","name":"K Corp. Class 3 Empowered Staff","desc":"Core"},
  "852301": {"a":0,"id":"852301","name":"Body","desc":"Part"},
  "8524": {"a":0,"id":"8524","name":"Headless Ichthys","desc":"Core"},
  "852401": {"a":0,"id":"852401","name":"Body","desc":"Part"},
  "852402": {"a":0,"id":"852402","name":"Right Leg","desc":"Part"},
  "852403": {"a":0,"id":"852403","name":"Left Leg","desc":"Part"},
  "852404": {"a":0,"id":"852404","name":"Tail","desc":"Part"},
  "8525": {"a":0,"id":"8525","name":"Slithering Inquisitor","desc":"Core"},
  "852501": {"a":0,"id":"852501","name":"Body","desc":"Part"},
  "852502": {"a":0,"id":"852502","name":"Left Arm","desc":"Part"},
  "852503": {"a":0,"id":"852503","name":"Right Arm","desc":"Part"},
  "8526": {"a":0,"id":"8526","name":"Kromer the Dreamer of Human Wholeness","desc":"Core"},
  "852601": {"a":0,"id":"852601","name":"Right Arm","desc":"Part"},
  "852602": {"a":0,"id":"852602","name":"Left Arm","desc":"Part"},
  "852603": {"a":0,"id":"852603","name":"Maw","desc":"Part"},
  "8527": {"a":0,"id":"8527","name":"My Form Empties","desc":"Core"},
  "852701": {"a":0,"id":"852701","name":"Buddha Mūrti","desc":"Part"},
  "852702": {"a":0,"id":"852702","name":"Stone Seat","desc":"Part"},
  "8528": {"a":0,"id":"8528","name":"Lured Guido","desc":"Enemy Unit"},
  "852801": {"a":0,"id":"852801","name":"Body","desc":"Part"},
  "8529": {"a":0,"id":"8529","name":"Lured Aida","desc":"Enemy Unit"},
  "852901": {"a":0,"id":"852901","name":"Body","desc":"Part"},
  "8530": {"a":0,"id":"8530","name":"Lured Festered G Corp. H. Manager","desc":"Enemy Unit"},
  "853001": {"a":0,"id":"853001","name":"Body","desc":"Part"},
  "8531": {"a":0,"id":"8531","name":"Calm K Corp. Checkpoint Security","desc":"Enemy Unit"},
  "853101": {"a":0,"id":"853101","name":"Body","desc":"Part"},
  "8532": {"a":0,"id":"8532","name":"Reliable K Corp. Checkpoint Security","desc":"Enemy Unit"},
  "853201": {"a":0,"id":"853201","name":"Body","desc":"Part"},
  "8533": {"a":0,"id":"8533","name":"Kromer","desc":"Enemy Unit"},
  "853301": {"a":0,"id":"853301","name":"Body","desc":"Part"},
  "8534": {"a":0,"id":"8534","name":"K Corp. Class 3 Staff","desc":"Core"},
  "853401": {"a":0,"id":"853401","name":"Body","desc":"Part"},
  "8535": {"a":0,"id":"8535","name":"Proceeding Inquisitor","desc":"Core"},
  "853501": {"a":0,"id":"853501","name":"Body","desc":"Part"},
  "8536": {"a":0,"id":"8536","name":"Four-legged Beast","desc":"Core"},
  "853601": {"a":0,"id":"853601","name":"Body","desc":"Part"},
  "8537": {"a":0,"id":"8537","name":"Refracted Headless Ichthys","desc":"Core"},
  "853701": {"a":0,"id":"853701","name":"Body","desc":"Part"},
  "853702": {"a":0,"id":"853702","name":"Right Leg","desc":"Part"},
  "853703": {"a":0,"id":"853703","name":"Left Leg","desc":"Part"},
  "853704": {"a":0,"id":"853704","name":"Tail","desc":"Part"},
  "8538": {"a":0,"id":"8538","name":"Alleyway Watchdog","desc":"Core"},
  "853801": {"a":0,"id":"853801","name":"Body","desc":"Part"},
  "853802": {"a":0,"id":"853802","name":"Telepole","desc":"Part"},
  "853803": {"a":0,"id":"853803","name":"Person","desc":"Part"},
  "853804": {"a":0,"id":"853804","name":"Head","desc":"Part"},
  "8539": {"a":0,"id":"8539","name":"Refracted Drifting Fox","desc":"Core"},
  "853901": {"a":0,"id":"853901","name":"Body","desc":"Part"},
  "853902": {"a":0,"id":"853902","name":"Head","desc":"Part"},
  "8540": {"a":0,"id":"8540","name":"Refracted Old Umbrella","desc":"Core"},
  "854001": {"a":0,"id":"854001","name":"Body","desc":"Part"},
  "8541": {"a":0,"id":"8541","name":"Refracted Shock Centipede","desc":"Core"},
  "854101": {"a":0,"id":"854101","name":"Body","desc":"Part"},
  "854102": {"a":0,"id":"854102","name":"Head","desc":"Part"},
  "8542": {"a":0,"id":"8542","name":"Refracted Fairy Gentleman","desc":"Core"},
  "854201": {"a":0,"id":"854201","name":"Body","desc":"Part"},
  "854202": {"a":0,"id":"854202","name":"Left Arm","desc":"Part"},
  "8543": {"a":0,"id":"8543","name":"Refracted Fairy Wine","desc":"Core"},
  "854301": {"a":0,"id":"854301","name":"Body","desc":"Part"},
  "8544": {"a":0,"id":"8544","name":"Refracted So That No One Will Cry","desc":"Core"},
  "854401": {"a":0,"id":"854401","name":"Body","desc":"Part"},
  "854402": {"a":0,"id":"854402","name":"Right Arm","desc":"Part"},
  "8545": {"a":0,"id":"8545","name":"Refracted Fairy-Long-Legs","desc":"Core"},
  "854501": {"a":0,"id":"854501","name":"Body","desc":"Part"},
  "854502": {"a":0,"id":"854502","name":"Left Arm","desc":"Part"},
  "854503": {"a":0,"id":"854503","name":"Head","desc":"Part"},
  "8546": {"a":0,"id":"8546","name":"Refracted Clover","desc":"Core"},
  "854601": {"a":0,"id":"854601","name":"Body","desc":"Part"},
  "8547": {"a":0,"id":"8547","name":"Refracted Fairy Gentleman","desc":"Core"},
  "854701": {"a":0,"id":"854701","name":"Body","desc":"Part"},
  "854702": {"a":0,"id":"854702","name":"Left Arm","desc":"Part"},
  "8548": {"a":0,"id":"8548","name":"Refracted Fairy Wine","desc":"Core"},
  "854801": {"a":0,"id":"854801","name":"Body","desc":"Part"},
  "8549": {"a":0,"id":"8549","name":"Refracted Faelantern","desc":"Core"},
  "854901": {"a":0,"id":"854901","name":"Fairy","desc":"Part"},
  "854902": {"a":0,"id":"854902","name":"Body","desc":"Part"},
  "8550": {"a":0,"id":"8550","name":"Refracted Wayward Passenger","desc":"Core"},
  "855001": {"a":0,"id":"855001","name":"Left Blade","desc":"Part"},
  "855002": {"a":0,"id":"855002","name":"Right Blade","desc":"Part"},
  "8551": {"a":0,"id":"8551","name":"Refracted T Corp. Class 3 Collector","desc":"Core"},
  "855101": {"a":0,"id":"855101","name":"Body","desc":"Part"},
  "8555": {"a":0,"id":"8555","name":"Refracted Steam Transport Machine","desc":"Core"},
  "855501": {"a":0,"id":"855501","name":"Body","desc":"Part"},
  "855502": {"a":0,"id":"855502","name":"Steam Blaster","desc":"Part"},
  "8556": {"a":0,"id":"8556","name":"Refracted Sign of Roses","desc":"Core"},
  "855601": {"a":0,"id":"855601","name":"Signpost","desc":"Part"},
  "855602": {"a":0,"id":"855602","name":"Flesh","desc":"Part"},
  "8557": {"a":0,"id":"8557","name":"Refracted T Corp. Class 3 Collector","desc":"Core"},
  "855701": {"a":0,"id":"855701","name":"Body","desc":"Part"},
  "8558": {"a":0,"id":"8558","name":"Refracted T Corp. Class 3 Collector","desc":"Core"},
  "855801": {"a":0,"id":"855801","name":"Body","desc":"Part"},
  "8559": {"a":0,"id":"8559","name":"Refracted T Corp. Class 3 Collector","desc":"Core"},
  "855901": {"a":0,"id":"855901","name":"Body","desc":"Part"},
  "8560": {"a":0,"id":"8560","name":"Refracted Hemorrhaging Dimension","desc":"Core"},
  "856001": {"a":0,"id":"856001","name":"Dimension","desc":"Part"},
  "8561": {"a":0,"id":"8561","name":"Refracted Poisonous Dimension","desc":"Core"},
  "856101": {"a":0,"id":"856101","name":"Dimension","desc":"Part"},
  "8562": {"a":0,"id":"8562","name":"Refracted Tremoring Dimension","desc":"Core"},
  "856201": {"a":0,"id":"856201","name":"Dimension","desc":"Part"},
  "8563": {"a":0,"id":"8563","name":"Refracted Electrifying Dimension","desc":"Core"},
  "856301": {"a":0,"id":"856301","name":"Dimension","desc":"Part"},
  "8564": {"a":0,"id":"8564","name":"Refracted Wrath-drenched Rose","desc":"Core"},
  "856401": {"a":0,"id":"856401","name":"Flower","desc":"Part"},
  "8565": {"a":0,"id":"8565","name":"Refracted Lust-drenched Rose","desc":"Core"},
  "856501": {"a":0,"id":"856501","name":"Flower","desc":"Part"},
  "8566": {"a":0,"id":"8566","name":"Refracted Sloth-drenched Rose","desc":"Core"},
  "856601": {"a":0,"id":"856601","name":"Flower","desc":"Part"},
  "8567": {"a":0,"id":"8567","name":"Refracted Gluttony-drenched Rose","desc":"Core"},
  "856701": {"a":0,"id":"856701","name":"Flower","desc":"Part"},
  "8568": {"a":0,"id":"8568","name":"Refracted Gloom-drenched Rose","desc":"Core"},
  "856801": {"a":0,"id":"856801","name":"Flower","desc":"Part"},
  "8569": {"a":0,"id":"8569","name":"Refracted Pride-drenched Rose","desc":"Core"},
  "856901": {"a":0,"id":"856901","name":"Flower","desc":"Part"},
  "8570": {"a":0,"id":"8570","name":"Refracted Envy-drenched Rose","desc":"Core"},
  "857001": {"a":0,"id":"857001","name":"Flower","desc":"Part"},
  "999999": {"a":0,"id":"999999","name":"Body","desc":"Part"},
  "8577": {"a":0,"id":"8577","name":"Refracted Ardor Blossom Moth","desc":"Core"},
  "857701": {"a":0,"id":"857701","name":"Body","desc":"Part"},
  "857702": {"a":0,"id":"857702","name":"Wings","desc":"Part"},
  "8578": {"a":0,"id":"8578","name":"Refracted Drenched Gossypium","desc":"Core"},
  "857801": {"a":0,"id":"857801","name":"Body","desc":"Part"},
  "8585": {"a":0,"id":"8585","name":"Refracted Spiral of Contempt","desc":"Core"},
  "858501": {"a":0,"id":"858501","name":"Body","desc":"Part"},
  "858502": {"a":0,"id":"858502","name":"Hands","desc":"Part"},
  "8571": {"a":0,"id":"8571","name":"Refracted Skin Prophet","desc":"Core"},
  "8572": {"a":0,"id":"8572","name":"Refracted Candle","desc":"Core"},
  "8573": {"a":0,"id":"8573","name":"Refracted Ambling Pearl","desc":"Core"},
  "8574": {"a":0,"id":"8574","name":"Refracted Green Slime","desc":"Core"},
  "8575": {"a":0,"id":"8575","name":"Refracted Dream-Devouring Siltcurrent","desc":"Core"},
  "8576": {"a":0,"id":"8576","name":"Refracted Flotsam","desc":"Core"},
  "8579": {"a":0,"id":"8579","name":"Refracted Ahab","desc":"Core"},
  "8580": {"a":0,"id":"8580","name":"Refracted Queequeg","desc":"Core"},
  "8581": {"a":0,"id":"8581","name":"Refracted Starbuck","desc":"Core"},
  "8582": {"a":0,"id":"8582","name":"Refracted Effloresced E.G.O::GasHarpoon","desc":"Core"},
  "85822": {"a":0,"id":"85822","name":"Refracted Effloresced E.G.O::GasHarpoon","desc":"Core"},
  "85823": {"a":0,"id":"85823","name":"Refracted Effloresced E.G.O::GasHarpoon","desc":"Core"},
  "8583": {"a":0,"id":"8583","name":"Refracted Blinded Pequod Town Villager","desc":"Core"},
  "8584": {"a":0,"id":"8584","name":"Refracted Gagged Pequod Town Villager","desc":"Core"},
  "8586": {"a":0,"id":"8586","name":"Refracted Whale of the Porous Hand Mermaid","desc":"Core"},
  "8587": {"a":0,"id":"8587","name":"Refracted Whale of the Porous Hand Soldier Mermaid","desc":"Core"},
  "8588": {"a":0,"id":"8588","name":"Refracted Blinded Pequod Town Villager","desc":"Core"},
  "8589": {"a":0,"id":"8589","name":"Refracted Gagged Pequod Town Villager","desc":"Core"},
  "8590": {"a":0,"id":"8590","name":"Refracted Moustachioed Twinhooks Pirate","desc":"Core"},
  "8591": {"a":0,"id":"8591","name":"Refracted Bandana-wearing Twinhooks Pirate","desc":"Core"},
  "8592": {"a":0,"id":"8592","name":"Refracted Agile Twinhooks Pirate","desc":"Core"},
  "8593": {"a":0,"id":"8593","name":"Refracted Tough Twinhooks Pirate","desc":"Core"},
  "8594": {"a":0,"id":"8594","name":"Refracted Twinhook Pirates First Mate Smee","desc":"Core"},
  "8595": {"a":0,"id":"8595","name":"Refracted Pallidified Thing-Shield","desc":"Core"},
  "8596": {"a":0,"id":"8596","name":"Refracted Pallidified Thing-Club","desc":"Core"},
  "8597": {"a":0,"id":"8597","name":"Refracted Pallidified Thing-Pirate","desc":"Core"},
  "8598": {"a":0,"id":"8598","name":"Refracted Pallidified Thing-Hook","desc":"Core"},
  "8599": {"a":0,"id":"8599","name":"Refracted Pallid White Mermaid","desc":"Core"},
  "8600": {"a":0,"id":"8600","name":"Refracted Pallid Blue Mermaid","desc":"Core"},
  "8601": {"a":0,"id":"8601","name":"Refracted Pallid Entwined Mermaid","desc":"Core"},
  "8602": {"a":0,"id":"8602","name":"Refracted Pallid and Blue Mermaid","desc":"Core"},
  "8603": {"a":0,"id":"8603","name":"Refracted Whale of the Thousand Strands Mermaid","desc":"Core"},
  "8604": {"a":0,"id":"8604","name":"Refracted Grasp","desc":"Core"},
  "860401": {"a":0,"id":"860401","name":"Grasp","desc":"Part"},
  "8605": {"a":0,"id":"8605","name":"Refracted Portrait of a Certain Day","desc":"Core"},
  "8606": {"a":0,"id":"8606","name":"Refracted Portrait","desc":"Core"},
  "8607": {"a":0,"id":"8607","name":"Refracted Portrait","desc":"Core"},
  "8608": {"a":0,"id":"8608","name":"Refracted Dreaming Electric Sheep","desc":"Core"},
  "8628": {"a":0,"id":"8628","name":"Refracted Generator","desc":"Core"},
  "8624": {"a":0,"id":"8624","name":"Refracted Enamored Researcher of the Ring?","desc":""},
  "8625": {"a":0,"id":"8625","name":"Refracted Mad Researcher of the Ring?","desc":""},
  "8626": {"a":0,"id":"8626","name":"Refracted Pointillist Researcher of the Ring?","desc":""},
  "8627": {"a":0,"id":"8627","name":"Refracted Nelly","desc":""},
  "8618": {"a":0,"id":"8618","name":"Refracted Hindley, The Reaved Lamenter","desc":""},
  "8611": {"a":0,"id":"8611","name":"Refracted Swift Edgar Family Butler","desc":""},
  "8612": {"a":0,"id":"8612","name":"Refracted Fast Edgar Family Butler","desc":""},
  "8613": {"a":0,"id":"8613","name":"Refracted Veteran Edgar Family Butler","desc":""},
  "8614": {"a":0,"id":"8614","name":"Refracted Shifty Edgar Family Butler","desc":""},
  "8615": {"a":0,"id":"8615","name":"Refracted Trained Edgar Family Butler","desc":""},
  "8616": {"a":0,"id":"8616","name":"Refracted Veteran Edgar Family Butler","desc":""},
  "8609": {"a":0,"id":"8609","name":"Refracted Hostile Wuthering Heights Butler","desc":""},
  "8610": {"a":0,"id":"8610","name":"Refracted Trained Wuthering Heights Butler","desc":""},
  "8617": {"a":0,"id":"8617","name":"Refracted Josephine","desc":""},
  "8629": {"a":0,"id":"8629","name":"The Refracted King in Binds","desc":""},
  "8619": {"a":0,"id":"8619","name":"Refracted Determined Kurokumo Henchman","desc":""},
  "8620": {"a":0,"id":"8620","name":"Refracted Tense Kurokumo Henchman","desc":""},
  "8621": {"a":0,"id":"8621","name":"Refracted Adept Kurokumo Henchwoman","desc":""},
  "8622": {"a":0,"id":"8622","name":"Refracted Tired Kurokumo Henchwoman","desc":""},
  "8623": {"a":0,"id":"8623","name":"Refracted Kurokumo Clan Captain Jun","desc":""},
  "8280": {"a":0,"id":"8280","name":"Refracted Peccatulum Invidiae","desc":"Core"},
  "8292": {"a":0,"id":"8292","name":"Refracted Peccatulum Invidiae?","desc":"Core"},
  "90077": {"a":0,"id":"90077","name":"Sharp Trash Crab","desc":"Enemy Unit"},
  "90078": {"a":0,"id":"90078","name":"Pointy Trash Crab","desc":"Enemy Unit"},
  "90079": {"a":0,"id":"90079","name":"Hard Trash Crab","desc":"Enemy Unit"},
  "90080": {"a":0,"id":"90080","name":"Cannoneer Crab","desc":"Enemy Unit"},
  "90081": {"a":0,"id":"90081","name":"Bayonet Artillery Crab","desc":"Enemy Unit"},
  "8063": {"a":0,"id":"8063","name":"King Trash Crab","desc":"Core"},
  "806301": {"a":0,"id":"806301","name":"Head","desc":"Part"},
  "806302": {"a":0,"id":"806302","name":"Shell","desc":"Part"},
  "8070": {"a":0,"id":"8070","name":"Sharp Trash Crab","desc":"Core"},
  "807001": {"a":0,"id":"807001","name":"Body","desc":"Part"},
  "8071": {"a":0,"id":"8071","name":"Pointy Trash Crab","desc":"Core"},
  "807101": {"a":0,"id":"807101","name":"Body","desc":"Part"},
  "8072": {"a":0,"id":"8072","name":"Hard Trash Crab","desc":"Core"},
  "807201": {"a":0,"id":"807201","name":"Body","desc":"Part"},
  "8073": {"a":0,"id":"8073","name":"Cannoneer Crab","desc":"Core"},
  "807301": {"a":0,"id":"807301","name":"Body","desc":"Part"},
  "8074": {"a":0,"id":"8074","name":"Bayonet Artillery Crab","desc":"Core"},
  "807401": {"a":0,"id":"807401","name":"Body","desc":"Part"},
  "90083": {"a":0,"id":"90083","name":"Whale of the Porous Hand Mermaid","desc":"Core"},
  "90084": {"a":0,"id":"90084","name":"Moustachioed Twinhooks Pirate","desc":"Core"},
  "90085": {"a":0,"id":"90085","name":"Bandana-wearing Twinhooks Pirate","desc":"Core"},
  "90086": {"a":0,"id":"90086","name":"Agile Twinhooks Pirate","desc":"Core"},
  "90087": {"a":0,"id":"90087","name":"Tough Twinhooks Pirate","desc":"Core"},
  "91011": {"a":0,"id":"91011","name":"Whale of the Porous Hand Soldier Mermaid","desc":"Core"},
  "91012": {"a":0,"id":"91012","name":"Twinhook Pirates First Mate Smee","desc":"Core"},
  "97401": {"a":0,"id":"97401","name":"Terrified K Corp. Checkpoint Security","desc":"Core"},
  "97402": {"a":0,"id":"97402","name":"Stiffened K Corp. Checkpoint Security","desc":"Core"},
  "97403": {"a":0,"id":"97403","name":"Threatened K Corp. Class 1 Staff","desc":"Core"},
  "97404": {"a":0,"id":"97404","name":"Unnerved K Corp. Class 1 Staff","desc":"Core"},
  "97405": {"a":0,"id":"97405","name":"Hacked K Corp. Regen Drone","desc":"Core"},
  "97406": {"a":0,"id":"97406","name":"Revived K Corp. Security","desc":"Core"},
  "97407": {"a":0,"id":"97407","name":"Revived K Corp. Security","desc":"Core"},
  "97408": {"a":0,"id":"97408","name":"Revived K Corp. Class 1 Staff","desc":"Core"},
  "97409": {"a":0,"id":"97409","name":"Revived K Corp. Class 1 Staff","desc":"Core"},
  "97410": {"a":0,"id":"97410","name":"Revived K Corp. Class 3 Empowered Staff","desc":"Core"},
  "8741": {"a":0,"id":"8741","name":"So That No One Will Cry","desc":"Core"},
  "874101": {"a":0,"id":"874101","name":"Body","desc":"Part"},
  "874102": {"a":0,"id":"874102","name":"Right Arm","desc":"Part"},
  "8742": {"a":0,"id":"8742","name":"Drifting Fox","desc":"Core"},
  "874201": {"a":0,"id":"874201","name":"Body","desc":"Part"},
  "874202": {"a":0,"id":"874202","name":"Head","desc":"Part"},
  "8743": {"a":0,"id":"8743","name":"Old Umbrella","desc":"Core"},
  "874301": {"a":0,"id":"874301","name":"Umbrella","desc":"Part"},
  "8744": {"a":0,"id":"8744","name":"Fairy Gentleman","desc":"Core"},
  "874401": {"a":0,"id":"874401","name":"Body","desc":"Part"},
  "874402": {"a":0,"id":"874402","name":"Left Arm","desc":"Part"},
  "8745": {"a":0,"id":"8745","name":"Fairy Wine","desc":"Core"},
  "874501": {"a":0,"id":"874501","name":"Wine Barrel","desc":"Part"},
  "8746": {"a":0,"id":"8746","name":"Fairy-Long-Legs","desc":"Core"},
  "874601": {"a":0,"id":"874601","name":"Body","desc":"Part"},
  "874602": {"a":0,"id":"874602","name":"Left Arm","desc":"Part"},
  "874603": {"a":0,"id":"874603","name":"Head","desc":"Part"},
  "8747": {"a":0,"id":"8747","name":"Giant Leaf","desc":"Core"},
  "874701": {"a":0,"id":"874701","name":"Body","desc":"Part"},
  "8748": {"a":0,"id":"8748","name":"Brazen Bull - Tearful","desc":"Core"},
  "874801": {"a":0,"id":"874801","name":"Body","desc":"Part"},
  "874802": {"a":0,"id":"874802","name":"Head","desc":"Part"},
  "8749": {"a":0,"id":"8749","name":"kqe-1j-23","desc":"Core"},
  "874901": {"a":0,"id":"874901","name":"Body","desc":"Part"},
  "8750": {"a":0,"id":"8750","name":"Heart of the Townsfolk","desc":"Core"},
  "875001": {"a":0,"id":"875001","name":"Heart","desc":"Part"},
  "8751": {"a":0,"id":"8751","name":"Blubbering Toad","desc":"Core"},
  "875101": {"a":0,"id":"875101","name":"Body","desc":"Part"},
  "875102": {"a":0,"id":"875102","name":"Left Eye","desc":"Part"},
  "875103": {"a":0,"id":"875103","name":"Right Eye","desc":"Part"},
  "90088": {"a":0,"id":"90088","name":"Whale of the Thousand Strands Mermaid","desc":"Core"},
  "90089": {"a":0,"id":"90089","name":"Pallid White Mermaid","desc":"Core"},
  "90090": {"a":0,"id":"90090","name":"Pallid Blue Mermaid","desc":"Core"},
  "90091": {"a":0,"id":"90091","name":"Pallid Entwined Mermaid","desc":"Core"},
  "90092": {"a":0,"id":"90092","name":"Pallidified Thing-Shield","desc":"Core"},
  "90093": {"a":0,"id":"90093","name":"Pallidified Thing-Club","desc":"Core"},
  "90094": {"a":0,"id":"90094","name":"Pallidified Thing-Pirate","desc":"Core"},
  "90095": {"a":0,"id":"90095","name":"Pallidified Thing-Hook","desc":"Core"},
  "90096": {"a":0,"id":"90096","name":"Sturdy Little Brother of the Middle","desc":"Core"},
  "90097": {"a":0,"id":"90097","name":"Stern Little Brother of the Middle","desc":"Core"},
  "8097": {"a":0,"id":"8097","name":"Sturdy Little Brother of the Middle","desc":"Core"},
  "809701": {"a":0,"id":"809701","name":"Body","desc":"Part"},
  "8098": {"a":0,"id":"8098","name":"Stern Little Brother of the Middle","desc":"Core"},
  "809801": {"a":0,"id":"809801","name":"Body","desc":"Part"},
  "8099": {"a":0,"id":"8099","name":"Ricardo","desc":"Core"},
  "809901": {"a":0,"id":"809901","name":"Body","desc":"Part"},
  "90100": {"a":0,"id":"90100","name":"Pallid and Blue Mermaid","desc":"Core"},
  "97501": {"a":0,"id":"97501","name":"Pallidified Thing-Club","desc":"Core"},
  "97502": {"a":0,"id":"97502","name":"Pallidified Thing-Shield","desc":"Core"},
  "97503": {"a":0,"id":"97503","name":"Pallidified Thing-Hook","desc":"Core"},
  "97504": {"a":0,"id":"97504","name":"Pallidified Thing-Pirate","desc":"Core"},
  "97505": {"a":0,"id":"97505","name":"Pallid White Mermaid","desc":"Core"},
  "97506": {"a":0,"id":"97506","name":"Pallid Blue Mermaid","desc":"Core"},
  "97507": {"a":0,"id":"97507","name":"Pallid Entwined Mermaid","desc":"Core"},
  "8100": {"a":0,"id":"8100","name":"Skin Prophet","desc":"Core"},
  "810001": {"a":0,"id":"810001","name":"Body","desc":"Part"},
  "8107": {"a":0,"id":"8107","name":"Candle","desc":"Core"},
  "810701": {"a":0,"id":"810701","name":"Candle","desc":"Part"},
  "8102": {"a":0,"id":"8102","name":"Dream-Devouring Siltcurrent","desc":"Core"},
  "810201": {"a":0,"id":"810201","name":"Body","desc":"Part"},
  "810202": {"a":0,"id":"810202","name":"Fluorescence","desc":"Part"},
  "8108": {"a":0,"id":"8108","name":"Flotsam","desc":"Core"},
  "810801": {"a":0,"id":"810801","name":"Flotsam","desc":"Part"},
  "8101": {"a":0,"id":"8101","name":"Ambling Pearl","desc":"Core"},
  "810101": {"a":0,"id":"810101","name":"Shell","desc":"Part"},
  "810102": {"a":0,"id":"810102","name":"Pearl","desc":"Part"},
  "8109": {"a":0,"id":"8109","name":"Green Slime","desc":"Core"},
  "810901": {"a":0,"id":"810901","name":"Green Slime","desc":"Part"},
  "8103": {"a":0,"id":"8103","name":"???","desc":"Core"},
  "810301": {"a":0,"id":"810301","name":"Body","desc":"Part"},
  "81032": {"a":0,"id":"81032","name":"???","desc":"Core"},
  "8110": {"a":0,"id":"8110","name":"Blinded Pequod Town Villager","desc":"Core"},
  "811001": {"a":0,"id":"811001","name":"Body","desc":"Part"},
  "8111": {"a":0,"id":"8111","name":"Gagged Pequod Town Villager","desc":"Core"},
  "811101": {"a":0,"id":"811101","name":"Body","desc":"Part"},
  "90098": {"a":0,"id":"90098","name":"Blinded Pequod Town Villager","desc":"Core"},
  "90099": {"a":0,"id":"90099","name":"Gagged Pequod Town Villager","desc":"Core"},
  "8104": {"a":0,"id":"8104","name":"Starbuck","desc":"Core"},
  "810401": {"a":0,"id":"810401","name":"Body","desc":"Part"},
  "8105": {"a":0,"id":"8105","name":"Ahab","desc":"Core"},
  "810501": {"a":0,"id":"810501","name":"Body","desc":"Part"},
  "81052": {"a":0,"id":"81052","name":"Ahab","desc":"Core"},
  "8106": {"a":0,"id":"8106","name":"Effloresced E.G.O::GasHarpoon","desc":"Core"},
  "810601": {"a":0,"id":"810601","name":"Body","desc":"Part"},
  "8112": {"a":0,"id":"8112","name":"Queequeg","desc":"Core"},
  "811201": {"a":0,"id":"811201","name":"Body","desc":"Part"},
  "81062": {"a":0,"id":"81062","name":"Effloresced E.G.O::GasHarpoon","desc":"Core"},
  "81063": {"a":0,"id":"81063","name":"Effloresced E.G.O::GasHarpoon","desc":"Core"},
  "90101": {"a":0,"id":"90101","name":"Leafy Gnome","desc":"Enemy Unit"},
  "90102": {"a":0,"id":"90102","name":"Cherry Gnome","desc":"Enemy Unit"},
  "90103": {"a":0,"id":"90103","name":"Shadowy Gnome","desc":"Enemy Unit"},
  "90104": {"a":0,"id":"90104","name":"Manager Gnome","desc":"Enemy Unit"},
  "811401": {"a":0,"id":"811401","name":"Body","desc":"Part"},
  "811501": {"a":0,"id":"811501","name":"Body","desc":"Part"},
  "811601": {"a":0,"id":"811601","name":"Body","desc":"Part"},
  "813501": {"a":0,"id":"813501","name":"Body","desc":"Part"},
  "8113": {"a":0,"id":"8113","name":"Santata","desc":"Enemy Unit"},
  "811301": {"a":0,"id":"811301","name":"Body","desc":"Part"},
  "811302": {"a":0,"id":"811302","name":"Gift Sack","desc":"Part"},
  "90105": {"a":0,"id":"90105","name":"Dodoru","desc":"Enemy Unit"},
  "8147": {"a":0,"id":"8147","name":"Dawn of Green - Doubt - α","desc":"Enemy Unit"},
  "8148": {"a":0,"id":"8148","name":"Dawn of Green - Doubt - β","desc":"Enemy Unit"},
  "8149": {"a":0,"id":"8149","name":"Dawn of Green - Doubt - γ","desc":"Enemy Unit"},
  "8150": {"a":0,"id":"8150","name":"Dawn of Green - Doubt - δ","desc":"Enemy Unit"},
  "814701": {"a":0,"id":"814701","name":"Body","desc":"Part"},
  "814801": {"a":0,"id":"814801","name":"Body","desc":"Part"},
  "814901": {"a":0,"id":"814901","name":"Body","desc":"Part"},
  "815001": {"a":0,"id":"815001","name":"Body","desc":"Part"},
  "90106": {"a":0,"id":"90106","name":"Dawn of Green - Doubt - α","desc":"Enemy Unit"},
  "90107": {"a":0,"id":"90107","name":"Dawn of Green - Doubt - β","desc":"Enemy Unit"},
  "90108": {"a":0,"id":"90108","name":"Dawn of Green - Doubt - γ","desc":"Enemy Unit"},
  "90109": {"a":0,"id":"90109","name":"Dawn of Green - Doubt - δ","desc":"Enemy Unit"},
  "90110": {"a":0,"id":"90110","name":"Determined Kurokumo Henchman","desc":"Core"},
  "90111": {"a":0,"id":"90111","name":"Tense Kurokumo Henchman","desc":"Core"},
  "90112": {"a":0,"id":"90112","name":"Adept Kurokumo Henchwoman","desc":"Core"},
  "90113": {"a":0,"id":"90113","name":"Tired Kurokumo Henchwoman","desc":"Core"},
  "91013": {"a":0,"id":"91013","name":"Kurokumo Clan Captain Jun","desc":"Core"},
  "8151": {"a":0,"id":"8151","name":"Peccatulum Irae?","desc":"Core"},
  "8152": {"a":0,"id":"8152","name":"Peccatulum Morositatis?","desc":"Core"},
  "8153": {"a":0,"id":"8153","name":"Distorting Bamboo-hatted Kim","desc":"Core"},
  "8154": {"a":0,"id":"8154","name":"Distorted Bamboo-hatted Kim","desc":"Core"},
  "90114": {"a":0,"id":"90114","name":"Urgent T Corp. Gangster","desc":""},
  "90115": {"a":0,"id":"90115","name":"Scared T Corp. Gangster","desc":""},
  "90116": {"a":0,"id":"90116","name":"Hefty Dead Rabbits Henchman","desc":""},
  "90117": {"a":0,"id":"90117","name":"Slow Dead Rabbits Henchman","desc":""},
  "90118": {"a":0,"id":"90118","name":"Fierce Dead Rabbits Henchman","desc":""},
  "90119": {"a":0,"id":"90119","name":"Sharp Dead Rabbits Henchman","desc":""},
  "90120": {"a":0,"id":"90120","name":"Swift Edgar Family Butler","desc":""},
  "90121": {"a":0,"id":"90121","name":"Fast Edgar Family Butler","desc":""},
  "90122": {"a":0,"id":"90122","name":"Veteran Edgar Family Butler","desc":""},
  "90123": {"a":0,"id":"90123","name":"Shifty Edgar Family Butler","desc":""},
  "90124": {"a":0,"id":"90124","name":"Trained Edgar Family Butler","desc":""},
  "90125": {"a":0,"id":"90125","name":"Veteran Edgar Family Butler","desc":""},
  "90126": {"a":0,"id":"90126","name":"Hostile Wuthering Heights Butler","desc":""},
  "90127": {"a":0,"id":"90127","name":"Trained Wuthering Heights Butler","desc":""},
  "91014": {"a":0,"id":"91014","name":"Josephine","desc":""},
  "90128": {"a":0,"id":"90128","name":"Stubborn Öufi Fixer","desc":""},
  "90129": {"a":0,"id":"90129","name":"Precise Öufi Fixer","desc":""},
  "90130": {"a":0,"id":"90130","name":"Öufi Assoc. Director","desc":""},
  "90131": {"a":0,"id":"90131","name":"Enamored Researcher of the Ring?","desc":""},
  "90132": {"a":0,"id":"90132","name":"Mad Researcher of the Ring?","desc":""},
  "90133": {"a":0,"id":"90133","name":"Pointillist Researcher of the Ring?","desc":""},
  "91015": {"a":0,"id":"91015","name":"Hindley","desc":""},
  "8204": {"a":0,"id":"8204","name":"Dead Rabbits Boss","desc":""},
  "8159": {"a":0,"id":"8159","name":"Peccatulum Pigritiae?","desc":""},
  "8160": {"a":0,"id":"8160","name":"Peccatulum Gulae?","desc":""},
  "8162": {"a":0,"id":"8162","name":"Bizarre Dead Rabbits Henchman","desc":""},
  "8163": {"a":0,"id":"8163","name":"Veiled Dead Rabbits Henchman","desc":""},
  "8164": {"a":0,"id":"8164","name":"Heathcliff?","desc":""},
  "8165": {"a":0,"id":"8165","name":"Hindley, The Reaved Lamenter","desc":""},
  "90134": {"a":0,"id":"90134","name":"Bizarre Dead Rabbits Henchman","desc":""},
  "90135": {"a":0,"id":"90135","name":"Veiled Dead Rabbits Henchman","desc":""},
  "8166": {"a":0,"id":"8166","name":"Heathcliff, The Heartbroken","desc":""},
  "816602": {"a":0,"id":"816602","name":"The Chain","desc":""},
  "8167": {"a":0,"id":"8167","name":"Josephine of the Wild Hunt","desc":""},
  "8168": {"a":0,"id":"8168","name":"Hindley of the Wild Hunt","desc":""},
  "8169": {"a":0,"id":"8169","name":"Linton of the Wild Hunt","desc":""},
  "8170": {"a":0,"id":"8170","name":"The Reaved Lamenter of the Wild Hunt","desc":""},
  "8171": {"a":0,"id":"8171","name":"Nelly","desc":""},
  "8172": {"a":0,"id":"8172","name":"Erlking Heathcliff","desc":""},
  "8173": {"a":0,"id":"8173","name":"Erlking Heathcliff","desc":""},
  "8174": {"a":0,"id":"8174","name":"Every Catherine","desc":""},
  "8192": {"a":0,"id":"8192","name":"Left Hand of Every Catherine","desc":""},
  "8193": {"a":0,"id":"8193","name":"Right Hand of Every Catherine","desc":""},
  "8161": {"a":0,"id":"8161","name":"Peccatulum Irae??","desc":""},
  "9999": {"a":0,"id":"9999","name":"Vergilius","desc":""},
  "819201": {"a":0,"id":"819201","name":"Left Hand","desc":""},
  "819301": {"a":0,"id":"819301","name":"Right Hand","desc":""},
  "8175": {"a":0,"id":"8175","name":"Wrath-drenched Rose","desc":"Core"},
  "8176": {"a":0,"id":"8176","name":"Lust-drenched Rose","desc":"Core"},
  "8177": {"a":0,"id":"8177","name":"Sloth-drenched Rose","desc":"Core"},
  "8178": {"a":0,"id":"8178","name":"Gluttony-drenched Rose","desc":"Core"},
  "8179": {"a":0,"id":"8179","name":"Gloom-drenched Rose","desc":"Core"},
  "8180": {"a":0,"id":"8180","name":"Pride-drenched Rose","desc":"Core"},
  "8181": {"a":0,"id":"8181","name":"Envy-drenched Rose","desc":"Core"},
  "8182": {"a":0,"id":"8182","name":"Effloresced E.G.O::Farmwatch","desc":"Core"},
  "8183": {"a":0,"id":"8183","name":"Tree of Desires","desc":"Core"},
  "8184": {"a":0,"id":"8184","name":"Absorbing Tree","desc":"Core"},
  "8197": {"a":0,"id":"8197","name":"Ardor Blossom Moth","desc":"Core"},
  "8198": {"a":0,"id":"8198","name":"Drenched Gossypium","desc":"Core"},
  "8199": {"a":0,"id":"8199","name":"Spiral of Contempt","desc":"Core"},
  "8200": {"a":0,"id":"8200","name":"Grasp","desc":"Core"},
  "8201": {"a":0,"id":"8201","name":"Sign of Roses","desc":"Core"},
  "8118": {"a":0,"id":"8118","name":"Steam Transport Machine","desc":"Core"},
  "8119": {"a":0,"id":"8119","name":"Wayward Passenger","desc":"Core"},
  "8120": {"a":0,"id":"8120","name":"Hemorrhaging Dimension","desc":"Core"},
  "8121": {"a":0,"id":"8121","name":"Poisonous Dimension","desc":"Core"},
  "8122": {"a":0,"id":"8122","name":"Tremoring Dimension","desc":"Core"},
  "8123": {"a":0,"id":"8123","name":"Electrifying Dimension","desc":"Core"},
  "90140": {"a":0,"id":"90140","name":"Aggressive Yurodivy","desc":"Core"},
  "90141": {"a":0,"id":"90141","name":"Quick-witted Yurodivy","desc":"Core"},
  "91017": {"a":0,"id":"91017","name":"District 20 Yurodiviye Captain","desc":"Core"},
  "90142": {"a":0,"id":"90142","name":"T Corp. Class 2 Collection Staff","desc":"Core"},
  "90143": {"a":0,"id":"90143","name":"T Corp. Class 3 Collector - Neutralize","desc":"Core"},
  "90144": {"a":0,"id":"90144","name":"T Corp. Class 3 Collector - Suppress","desc":"Core"},
  "8277": {"a":0,"id":"8277","name":"The Time Ripper","desc":"Core"},
  "827701": {"a":0,"id":"827701","name":"Body","desc":"Part"},
  "8278": {"a":0,"id":"8278","name":"The Time Ripper","desc":"Core"},
  "827801": {"a":0,"id":"827801","name":"Brain","desc":"Part"},
  "827802": {"a":0,"id":"827802","name":"Brain","desc":"Part"},
  "827803": {"a":0,"id":"827803","name":"Brain","desc":"Part"},
  "827804": {"a":0,"id":"827804","name":"Brain","desc":"Part"},
  "827805": {"a":0,"id":"827805","name":"Brain","desc":"Part"},
  "8279": {"a":0,"id":"8279","name":"Unfolded Time Rippers","desc":"Core"},
  "827901": {"a":0,"id":"827901","name":"Body","desc":"Core"},
  "90145": {"a":0,"id":"90145","name":"Craving Bloodbag Passenger","desc":"Core"},
  "90146": {"a":0,"id":"90146","name":"Violent Bloodbag Passenger","desc":"Core"},
  "90147": {"a":0,"id":"90147","name":"Aggressive Bloodbag Passenger","desc":"Core"},
  "90148": {"a":0,"id":"90148","name":"Merciless Bloodbag Cleanup Agent","desc":"Core"},
  "90149": {"a":0,"id":"90149","name":"Feral Bloodbag Cleanup Agent","desc":"Core"},
  "90150": {"a":0,"id":"90150","name":"Hungering Bloodbag Cleanup Agent","desc":"Core"},
  "90151": {"a":0,"id":"90151","name":"Bloodbag Prosthetic Fixer","desc":"Core"},
  "91018": {"a":0,"id":"91018","name":"Sasha","desc":"Core"},
  "8350": {"a":0,"id":"8350","name":"Cassetti","desc":"Core"},
  "835001": {"a":0,"id":"835001","name":"Body","desc":"Core"},
  "8363": {"a":0,"id":"8363","name":"Fruit of Understanding","desc":"Enemy Unit"},
  "8364": {"a":0,"id":"8364","name":"Fruit of Understanding","desc":"Enemy Unit"},
  "8365": {"a":0,"id":"8365","name":"Fruit of Understanding","desc":"Enemy Unit"},
  "8366": {"a":0,"id":"8366","name":"Grant Us Love","desc":"Enemy Unit"},
  "836602": {"a":0,"id":"836602","name":"Left Arm","desc":"Enemy Unit"},
  "836603": {"a":0,"id":"836603","name":"Right Arm","desc":"Enemy Unit"},
  "850001": {"a":0,"id":"850001","name":"New Refraction - Recollected Awry Soldier","desc":"Core"},
  "8500101": {"a":0,"id":"8500101","name":"Body","desc":"Part"},
  "850002": {"a":0,"id":"850002","name":"New Refraction - Recollected Wallowing Soldier","desc":"Core"},
  "8500201": {"a":0,"id":"8500201","name":"Body","desc":"Part"},
  "850004": {"a":0,"id":"850004","name":"New Refraction - Recollected Festered G Corp. H. Captain","desc":"Core"},
  "850000401": {"a":0,"id":"850000401","name":"Body","desc":"Part"},
  "800323": {"a":0,"id":"800323","name":"New Refraction - Peccatula Invidia","desc":"Core"},
  "800324": {"a":0,"id":"800324","name":"New Refraction - Peccatula Invidia","desc":"Core"},
  "800325": {"a":0,"id":"800325","name":"New Refraction - Peccatula Invidia","desc":"Core"},
  "80029201": {"a":0,"id":"80029201","name":"Body","desc":"Part"},
  "80533": {"a":0,"id":"80533","name":"New Refraction - Franz Krommer","desc":"Core"},
  "80053301": {"a":0,"id":"80053301","name":"Body","desc":"Part"},
  "800517": {"a":0,"id":"800517","name":"New Refraction - Guido the Persistent","desc":"Core"},
  "80051701": {"a":0,"id":"80051701","name":"Chastity Cage","desc":"Part"},
  "800280": {"a":0,"id":"800280","name":"New Refraction - Peccatula Invidia","desc":"Core"},
  "80028001": {"a":0,"id":"80028001","name":"Chastity Cage","desc":"Part"},
  "800316": {"a":0,"id":"800316","name":"New Refraction - Peccatula Invidia","desc":"Core"},
  "80000303": {"a":0,"id":"80000303","name":"New Refraction - Peccatula Invidia","desc":"Core"},
  "800204": {"a":0,"id":"800204","name":"New Refraction - Dead Rabbits Boss","desc":""},
  "8200401": {"a":0,"id":"8200401","name":"Chastity Cage","desc":"Part"},
  "800494": {"a":0,"id":"800494","name":"New Refraction - Peccatula Invidia","desc":"Core"},
  "800306": {"a":0,"id":"800306","name":"New Refraction - Peccatula Invidia","desc":"Core"},
  "800581": {"a":0,"id":"800581","name":"New Refraction - Lured Starbuck","desc":"Core"},
  "800579": {"a":0,"id":"800579","name":"New Refraction - Lured Ahab","desc":"Core"},
  "8005792": {"a":0,"id":"8005792","name":"New Refraction - Phase 2 Lured Ahab","desc":"Core"},
  "800580": {"a":0,"id":"800580","name":"New Refraction - Lured Queequeeg","desc":"Core"}
}