{
  "1": {"a":0,"id":"1","content":"Standard Extraction"},
  "2": {"a":0,"id":"2","content":"Assured Extraction: 3★ Identity"},
  "3": {"a":0,"id":"3","content":"New Manager’s Welcome Extraction"},
  "4": {"a":0,"id":"4","content":"[Season 1] Assured Extraction: 3★ Identity"},
  "101": {"a":0,"id":"101","content":"Target Extraction: Gregor"},
  "102": {"a":0,"id":"102","content":"New Target Extraction: N Corp. #1"},
  "103": {"a":0,"id":"103","content":"Target Extraction: Rodion"},
  "104": {"a":0,"id":"104","content":"New Target Extraction: N Corp. #2"},
  "105": {"a":0,"id":"105","content":"Target Extraction: Heathcliff"},
  "106": {"a":0,"id":"106","content":"New Target Extraction: Seven S6 Director Outis & Liu S5 Hong Lu"},
  "107": {"a":0,"id":"107","content":"Target Extraction: Don Quixote"},
  "108": {"a":0,"id":"108","content":"New Target Extraction: Hell’s Chicken"},
  "109": {"a":0,"id":"109","content":"Target Extraction: Hong Lu"},
  "110": {"a":0,"id":"110","content":"New Target Extraction: N Corp. #3"},
  "111": {"a":0,"id":"111","content":"Target Extraction: Faust"},
  "112": {"a":0,"id":"112","content":"Target Extraction: Dimension Shredder for Yi Sang & Hong Lu"},
  "113": {"a":0,"id":"113","content":"Target Extraction: Meursault"},
  "114": {"a":0,"id":"114","content":"New Target Extraction: Rosespanner Workshop"},
  "5": {"a":0,"id":"5","content":"[Season 2] Assured Extraction: 3★ Identity"},
  "115": {"a":0,"id":"115","content":"New Target Extraction: Technology Liberation Alliance & Rosespanner Workshop"},
  "116": {"a":0,"id":"116","content":"Target Extraction: Outis"},
  "117": {"a":0,"id":"117","content":"New Target Extraction: Technology Liberation Alliance #2"},
  "118": {"a":0,"id":"118","content":"Target Extraction: Sinclair"},
  "119": {"a":0,"id":"119","content":"New Target Extraction: K Corp & Technology Liberation Alliance #3"},
  "120": {"a":0,"id":"120","content":"Target Extraction: Red Eyes & Red Eyes (Open)"},
  "121": {"a":0,"id":"121","content":"New Target Extraction: Liu South Section 4 Ishmael"},
  "122": {"a":0,"id":"122","content":"Target Extraction: Yi Sang"},
  "123": {"a":0,"id":"123","content":"New Target Extraction: R Corp. 4th Pack Rhino Meursault & Zwei South Section 5 Rodion"},
  "124": {"a":0,"id":"124","content":"New Target Extraction: Cinq South Section 5 Director Don Quixote"},
  "125": {"a":0,"id":"125","content":"Target Extraction: Ryōshū"},
  "126": {"a":0,"id":"126","content":"New Target Extraction: Identity & E.G.O - S.E.A"},
  "127": {"a":0,"id":"127","content":"New Target Extraction: Zwei South Section 4 Gregor & Faust"},
  "128": {"a":0,"id":"128","content":"Target Extraction: Ishmael"},
  "129": {"a":0,"id":"129","content":"New Target Extraction: W Corp. L3 Cleanup Agent Ryōshū & L2 Cleanup Agent Hong Lu"},
  "130": {"a":0,"id":"130","content":"Target Extraction: Don Quixote"},
  "131": {"a":0,"id":"131","content":"New Target Extraction: Seven South Section 4 Faust & Heathcliff"},
  "132": {"a":0,"id":"132","content":"Target Extraction: Gregor"},
  "133": {"a":0,"id":"133","content":"New Target Extraction: Dieci South Section 4 Rodion"},
  "134": {"a":0,"id":"134","content":"Target Extraction: Hong Lu"},
  "135": {"a":0,"id":"135","content":"New E.G.O Target Extraction: Lantern for Sinclair"},
  "136": {"a":0,"id":"136","content":"New E.G.O Target Extraction: Ya Śūnyatā Tad Rūpam for Heathcliff"},
  "137": {"a":0,"id":"137","content":"Target Extraction: Rodion"},
  "138": {"a":0,"id":"138","content":"The 1st Walpurgis Night Target Extraction"},
  "139": {"a":0,"id":"139","content":"Target Extraction: Heathcliff"},
  "140": {"a":0,"id":"140","content":"New Target Extraction: W Corp. L3 Cleanup Agent Yi Sang"},
  "141": {"a":0,"id":"141","content":"Target Extraction: Faust"},
  "142": {"a":0,"id":"142","content":"New Target Extraction: Twinhook Pirates First mate Gregor & LCCB Assistant Manager Ryōshū"},
  "143": {"a":0,"id":"143","content":"New Target Extraction: The Middle Little Sister Don Quixote & Little Brother Meursault"},
  "6": {"a":0,"id":"6","content":"[Season 3] Assured Extraction: 3★ Identity"},
  "144": {"a":0,"id":"144","content":"Target Extraction: Outis"},
  "145": {"a":0,"id":"145","content":"New Target Extraction: The Pequod Harpooneer Heathcliff & First Mate Yi Sang"},
  "146": {"a":0,"id":"146","content":"Target Extraction: Meursault"},
  "147": {"a":0,"id":"147","content":"New E.G.O Target Extraction: Pursuance for Rodion"},
  "148": {"a":0,"id":"148","content":"New Target Extraction: Cinq South S4 Director Sinclair & S4 Outis"},
  "149": {"a":0,"id":"149","content":"Target Extraction: Ryōshū"},
  "150": {"a":0,"id":"150","content":"New E.G.O Target Extraction: Miracle in District 20"},
  "151": {"a":0,"id":"151","content":"Target Extraction: Yi Sang"},
  "152": {"a":0,"id":"152","content":"The 2nd Walpurgis Night Target Extraction"},
  "153": {"a":0,"id":"153","content":"Target Extraction: Sinclair"},
  "154": {"a":0,"id":"154","content":"New Target Extraction: Dieci South Section 4 Hong Lu & Yi Sang"},
  "155": {"a":0,"id":"155","content":"Target Extraction: Gregor"},
  "156": {"a":0,"id":"156","content":"New Target Extraction: The Pequod Captain Ishmael"},
  "157": {"a":0,"id":"157","content":"New E.G.O Target Extraction: Wishing Cairn for Don Quixote"},
  "158": {"a":0,"id":"158","content":"Target Extraction: Hong Lu"},
  "159": {"a":0,"id":"159","content":"New Target Extraction: Yield My Flesh to Claim Their Bones"},
  "160": {"a":0,"id":"160","content":"Target Extraction: Ishmael"},
  "161": {"a":0,"id":"161","content":"New Target Extraction: Liu South S4 Director Rodion & S4 Ryōshū"},
  "162": {"a":0,"id":"162","content":"New E.G.O Target Extraction: Garden of Thorns for Gregor"},
  "163": {"a":0,"id":"163","content":"Target Extraction: Don Quixote"},
  "164": {"a":0,"id":"164","content":"New Target Extraction: Öufi South Section 3 Heathcliff"},
  "7": {"a":0,"id":"7","content":"[Season 4] Assured Extraction: 3★ Identity"},
  "165": {"a":0,"id":"165","content":"New Target Extraction: Wuthering Heights Chief Butler Outis & Dead Rabbits Boss Meursault"},
  "166": {"a":0,"id":"166","content":"Target Extraction: Rodion"},
  "167": {"a":0,"id":"167","content":"New Target Extraction: Edgar Family Heir Gregor & Wuthering Heights Butler Faust"},
  "168": {"a":0,"id":"168","content":"Target Extraction: Heathcliff"},
  "169": {"a":0,"id":"169","content":"New Target Extraction: Edgar Family Chief Butler Ryōshū & Butler Ishmael"},
  "170": {"a":0,"id":"170","content":"Target Extraction: Ryōshū"},
  "171": {"a":0,"id":"171","content":"The 3rd Walpurgis Night Target Extraction"},
  "172": {"a":0,"id":"172","content":"Target Extraction: Faust"},
  "173": {"a":0,"id":"173","content":"New Target Extraction: The Ring Pointillist Student Yi Sang & Outis"},
  "174": {"a":0,"id":"174","content":"Target Extraction: Outis"},
  "175": {"a":0,"id":"175","content":"New E.G.O Target Extraction: Cavernous Wailing for Hong Lu & Sinclair"},
  "176": {"a":0,"id":"176","content":"Target Extraction: Meursault"},
  "177": {"a":0,"id":"177","content":"New Target Extraction: Timekilling Time"},
  "178": {"a":0,"id":"178","content":"Target Extraction: Yi Sang"},
  "179": {"a":0,"id":"179","content":"New Target Extraction: T Corp. Class 3 Collection Staff Don Quixote & Class 2 Collection Staff Rodion"},
  "180": {"a":0,"id":"180","content":"Target Extraction: Sinclair"},
  "181": {"a":0,"id":"181","content":"New Target Extraction: Dieci South S4 Director Meursault & Contempt, Awe Ryōshū"},
  "182": {"a":0,"id":"182","content":"Target Extraction: Gregor"},
  "183": {"a":0,"id":"183","content":"New Target Extraction: W Corp. L3 Cleanup Captain Outis & Fell Bullet Heathcliff"},
  "184": {"a":0,"id":"184","content":"Target Extraction: Hong Lu"},
  "185": {"a":0,"id":"185","content":"New Target Extraction: MultiCrack Office Rep Faust & Dimension Shredder Outis"},
  "186": {"a":0,"id":"186","content":"Target Extraction: Ishmael"},
  "187": {"a":0,"id":"187","content":"New Target Extraction: Wild Hunt Heathcliff"},
  "188": {"a":0,"id":"188","content":"Target Extraction: Don Quixote"},
  "189": {"a":0,"id":"189","content":"The 4th Walpurgis Night Target Extraction"},
  "190": {"a":0,"id":"190","content":"Target Extraction: Ryōshū"},
  "191": {"a":0,"id":"191","content":"New Identity & E.G.O Target Extraction: Devyat' North Section 3 Rodion & Bygone Days Ishmael"}
}