{
  "1": {"a":0,"id":"1","name":"Lunacy","desc":"Contains 140 Lunacy.","subDesc":"Unknown","additionalItemDesc":"Unknown","otherItemDesc":"Unknown"},
  "2": {"a":0,"id":"2","name":"Lunacy Bundle","desc":"Contains 588 Lunacy.","subDesc":"Unknown","additionalItemDesc":"Unknown","otherItemDesc":"Unknown"},
  "3": {"a":0,"id":"3","name":"Lunacy Bouquet","desc":"Contains 2028 Lunacy.","subDesc":"Unknown","additionalItemDesc":"Unknown","otherItemDesc":"Unknown"},
  "4": {"a":0,"id":"4","name":"Lunacy Crate","desc":"Contains 4294 Lunacy.","subDesc":"Unknown","additionalItemDesc":"Unknown","otherItemDesc":"Unknown"},
  "5": {"a":0,"id":"5","name":"Lunacy Mound","desc":"Contains 8206 Lunacy.","subDesc":"Unknown","additionalItemDesc":"Unknown","otherItemDesc":"Unknown"},
  "6": {"a":0,"id":"6","name":"Lunacy Hoard","desc":"Contains 16672 Lunacy.","subDesc":"Unknown","additionalItemDesc":"Unknown","otherItemDesc":"Unknown"},
  "11": {"a":0,"id":"11","name":"Lunacy","desc":"Contains 70 Lunacy.","subDesc":"Unknown","additionalItemDesc":"Unknown","otherItemDesc":"Unknown"},
  "12": {"a":0,"id":"12","name":"Lunacy Bundle","desc":"Contains 294 Lunacy.\nYou will also receive 31 Free Lunacy as a bonus.","subDesc":"Unknown","additionalItemDesc":"Unknown","otherItemDesc":"Unknown"},
  "13": {"a":0,"id":"13","name":"Lunacy Bouquet","desc":"Contains 1014 Lunacy.\nYou will also receive 156 Free Lunacy as a bonus.","subDesc":"Unknown","additionalItemDesc":"Unknown","otherItemDesc":"Unknown"},
  "14": {"a":0,"id":"14","name":"Lunacy Crate","desc":"Contains 2147 Lunacy.\nYou will also receive 323 Free Lunacy as a bonus.","subDesc":"Unknown","additionalItemDesc":"Unknown","otherItemDesc":"Unknown"},
  "15": {"a":0,"id":"15","name":"Lunacy Mound","desc":"Contains 4103 Lunacy.\nYou will also receive 642 Free Lunacy as a bonus.","subDesc":"Unknown","additionalItemDesc":"Unknown","otherItemDesc":"Unknown"},
  "16": {"a":0,"id":"16","name":"Lunacy Hoard","desc":"Contains 8336 Lunacy.\nYou will also receive 1349 Free Lunacy as a bonus.","subDesc":"Unknown","additionalItemDesc":"Unknown","otherItemDesc":"Unknown"},
  "21": {"a":0,"id":"21","name":"Monthly Lunacy Supply","desc":"Get 650 Lunacy instantly upon purchase.\nReceive an additional 65 Free Lunacy each day you log in for 30 days.","subDesc":"Unknown","additionalItemDesc":"Unknown","otherItemDesc":"Unknown"},
  "22": {"a":0,"id":"22","name":"Monthly Lunacy Batch","desc":"Get 130 Lunacy instantly upon purchase.\nReceive an additional 39 Free Lunacy each day you log in for 30 days.","subDesc":"Unknown","additionalItemDesc":"Unknown","otherItemDesc":"Unknown"},
  "101": {"a":0,"id":"101","name":"Monthly Extraction Pack","desc":"A monthly offer that contains the following:\n\n· Lunacy x650\n· Decaextraction Ticket x1","subDesc":"Unknown","additionalItemDesc":"Unknown","otherItemDesc":"Unknown"},
  "102": {"a":0,"id":"102","name":"Monthly Training Pack I","desc":"A monthly offer that contains the following:\n\n· Lunacy x1690\n· Decaextraction Ticket x2\n· Level Boost Ticket II x1\n· Level Boost Ticket I x2\n· Identity Training Ticket III x10\n· Identity Training Ticket II x30","subDesc":"Unknown","additionalItemDesc":"Unknown","otherItemDesc":"Unknown"},
  "103": {"a":0,"id":"103","name":"Monthly Training Pack II","desc":"A monthly offer that contains the following:\n\n· Lunacy x1690\n· Decaextraction Ticket x2\n· Thread x120","subDesc":"Unknown","additionalItemDesc":"Unknown","otherItemDesc":"Unknown"},
  "104": {"a":0,"id":"104","name":"Monthly EXP Pack","desc":"A monthly offer that contains the following:\n\n· Level Boost Ticket IV x2\n· Identity Training Ticket IV x20\n· Identity Training Ticket III x20","subDesc":"Unknown","additionalItemDesc":"Unknown","otherItemDesc":"Unknown"},
  "105": {"a":0,"id":"105","name":"Monthly Thread Pack","desc":"A monthly offer that contains the following:\n\n· Thread x300","subDesc":"Unknown","additionalItemDesc":"Unknown","otherItemDesc":"Unknown"},
  "111": {"a":0,"id":"111","name":"New Manager’s Onboarding Pack","desc":"A one-time offer for newly recruited managers. The pack contains the following:\n\n· 3★ Guarantee Decaextraction Ticket x1\n· Decaextraction Ticket x1","subDesc":"Unknown","additionalItemDesc":"Unknown","otherItemDesc":"Unknown"},
  "121": {"a":0,"id":"121","name":"Season 1 Settler Supplies","desc":"Only available for purchase during the orientation period of Season 1. The pack contains the following:\n\n· Lunacy x5040\n· Decaextraction Ticket x3\n· Level Boost Ticket III x1\n· Identity Training Ticket II x40\n· Thread x80\n· Season 1 Nominable Egoshard Crate x40","subDesc":"Unknown","additionalItemDesc":"Unknown","otherItemDesc":"Unknown"},
  "122": {"a":0,"id":"122","name":"Season 2 Settler Supplies","desc":"Only available for purchase during the orientation period of Season 2. The pack contains the following:\n\n· Lunacy x5040\n· Decaextraction Ticket x3\n· Level Boost Ticket III x1\n· Identity Training Ticket III x30\n· Thread x80\n· Season 2 Nominable Egoshard Crate x40","subDesc":"Unknown","additionalItemDesc":"Unknown","otherItemDesc":"Unknown"},
  "123": {"a":0,"id":"123","name":"Season 3 Settler Supplies","desc":"Only available for purchase during the orientation period of Season 3. The pack contains the following:\n\n· Lunacy x5040\n· Decaextraction Ticket x3\n· Level Boost Ticket III x1\n· Identity Training Ticket III x30\n· Thread x80\n· Season 3 Nominable Egoshard Crate x40","subDesc":"Unknown","additionalItemDesc":"Unknown","otherItemDesc":"Unknown"},
  "131": {"a":0,"id":"131","name":"Weekly Extraction Pack","desc":"A weekly offer that contains the following:\n\n· Lunacy x273\n· Extraction Ticket x5","subDesc":"Unknown","additionalItemDesc":"Unknown","otherItemDesc":"Unknown"},
  "133": {"a":0,"id":"133","name":"Weekly Thread Pack","desc":"A weekly offer that contains the following:\n\n· Thread x75","subDesc":"Unknown","additionalItemDesc":"Unknown","otherItemDesc":"Unknown"},
  "134": {"a":0,"id":"134","name":"Weekly Enkephalin Pack","desc":"A weekly offer that contains the following:\n\n· Enkephalin Box x20","subDesc":"Unknown","additionalItemDesc":"Unknown","otherItemDesc":"Unknown"},
  "135": {"a":0,"id":"135","name":"Weekly EXP Pack","desc":"A weekly offer that contains the following:\n\n· Level Boost Ticket III x1\n· Identity Training Ticket IV x12\n· Identity Training Ticket III x20","subDesc":"Unknown","additionalItemDesc":"Unknown","otherItemDesc":"Unknown"},
  "136": {"a":0,"id":"136","name":"Weekly Thread Pack","desc":"A weekly offer that contains the following:\n\n· Thread x100","subDesc":"Unknown","additionalItemDesc":"Unknown","otherItemDesc":"Unknown"},
  "141": {"a":0,"id":"141","name":"Monthly Extraction Ticket Pack I","desc":"A monthly offer that contains the following:\n\n· Decaextraction Ticket x3","subDesc":"Unknown","additionalItemDesc":"Unknown","otherItemDesc":"Unknown"},
  "142": {"a":0,"id":"142","name":"Monthly Extraction Ticket Pack II","desc":"A monthly offer that contains the following:\n\n· Decaextraction Ticket x5","subDesc":"Unknown","additionalItemDesc":"Unknown","otherItemDesc":"Unknown"},
  "143": {"a":0,"id":"143","name":"Weekly Extraction Ticket Pack I","desc":"A weekly offer that contains the following:\n\n· Extraction Ticket x10","subDesc":"Unknown","additionalItemDesc":"Unknown","otherItemDesc":"Unknown"},
  "144": {"a":0,"id":"144","name":"Monthly EXP Pack I","desc":"A monthly offer that contains the following:\n\n· Level Boost Ticket IV x2\n· Identity Training Ticket IV x20\n· Identity Training Ticket III x20","subDesc":"Unknown","additionalItemDesc":"Unknown","otherItemDesc":"Unknown"},
  "145": {"a":0,"id":"145","name":"Monthly EXP Pack II","desc":"A monthly offer that contains the following:\n\n· Level Boost Ticket IV x4\n· Identity Training Ticket IV x20\n· Identity Training Ticket III x20","subDesc":"Unknown","additionalItemDesc":"Unknown","otherItemDesc":"Unknown"},
  "146": {"a":0,"id":"146","name":"Monthly EXP Pack III","desc":"A monthly offer that contains the following:\n\n· Level Boost Ticket IV x8\n· Identity Training Ticket IV x40\n· Identity Training Ticket III x40","subDesc":"Unknown","additionalItemDesc":"Unknown","otherItemDesc":"Unknown"},
  "147": {"a":0,"id":"147","name":"Monthly Thread Pack I","desc":"A monthly offer that contains the following:\n\n· Thread x300","subDesc":"Unknown","additionalItemDesc":"Unknown","otherItemDesc":"Unknown"},
  "148": {"a":0,"id":"148","name":"Monthly Thread Pack II","desc":"A monthly offer that contains the following:\n\n· Thread x500","subDesc":"Unknown","additionalItemDesc":"Unknown","otherItemDesc":"Unknown"},
  "149": {"a":0,"id":"149","name":"Monthly Thread Pack III","desc":"A monthly offer that contains the following:\n\n· Thread x1000","subDesc":"Unknown","additionalItemDesc":"Unknown","otherItemDesc":"Unknown"},
  "201": {"a":0,"id":"201","name":"1st Anniversary Pack","desc":"A limited 1st Anniversary Pack. Contains the following items:\n\n· Immediate access to Angela Announcer\n· 3★ Guarantee Decaextraction Ticket x1\n· Identity Takeoff Ticket x1\n\n※ If you have already obtained the Angela Announcer, acquire x50 Thread Crates instead.\n※ Identity Takeoff Ticket raises an Identity’s level to up to 40, and Uptie Tier up to Tier 4.","subDesc":"Unknown","additionalItemDesc":"Unknown","otherItemDesc":"Unknown"},
  "999": {"a":0,"id":"999","name":"Limbus Pass","desc":"Upgrades the Battle Pass into the Limbus Pass.\n\n※ Only applies for the current season’s pass.","subDesc":"Unknown","additionalItemDesc":"Unknown","otherItemDesc":"Unknown"},
  "124": {"a":0,"id":"124","name":"Season 4 Commencement Lunacy Pack","desc":"A Seasonal offer that contains the following:\n\n· Lunacy x1300\n\n※ Please note that all Lunacy contained in this pack is Paid Lunacy.","subDesc":"Unknown","additionalItemDesc":"Unknown","otherItemDesc":"Unknown"},
  "125": {"a":0,"id":"125","name":"Season 4 Settler Supplies","desc":"Only available for purchase during Season 4. The pack contains the following:\n\n· Lunacy x5040\n· Decaextraction Ticket x3\n· Level Boost Ticket III x1\n· Identity Training Ticket III x30\n· Thread x80\n· Season 4 Nominable Egoshard Crate x40","subDesc":"Unknown","additionalItemDesc":"Unknown","otherItemDesc":"Unknown"},
  "150": {"a":0,"id":"150","name":"Weekly EXP Pack","desc":"A weekly offer that contains the following:\n\n· Identity Training Ticket IV x25\n· Identity Training Ticket III x18","subDesc":"Unknown","additionalItemDesc":"Unknown","otherItemDesc":"Unknown"},
  "151": {"a":0,"id":"151","name":"Monthly EXP Pack I","desc":"A monthly offer that contains the following:\n\n· Identity Training Ticket IV x72\n· Identity Training Ticket III x48","subDesc":"Unknown","additionalItemDesc":"Unknown","otherItemDesc":"Unknown"},
  "152": {"a":0,"id":"152","name":"Monthly EXP Pack II","desc":"A monthly offer that contains the following:\n\n· Identity Training Ticket IV x125\n· Identity Training Ticket III x72","subDesc":"Unknown","additionalItemDesc":"Unknown","otherItemDesc":"Unknown"},
  "153": {"a":0,"id":"153","name":"Monthly EXP Pack III","desc":"A monthly offer that contains the following:\n\n· Identity Training Ticket IV x250\n· Identity Training Ticket III x144","subDesc":"Unknown","additionalItemDesc":"Unknown","otherItemDesc":"Unknown"},
  "202": {"a":0,"id":"202","name":"Full Moon 2024\nCommemorative\nID Upgrade Pack","desc":"A limited Full Moon 2024 Campaign Commemorative Pack. Contains the following items:\n\n· Takeoff Module - ID Uptie x1\n· Identity Training Ticket IV x80\n\n※ Using the Takeoff Module - ID Uptie raises the selected Identity's Uptie Tier to 4.","subDesc":"Unknown","additionalItemDesc":"Unknown","otherItemDesc":"Unknown"},
  "203": {"a":0,"id":"203","name":"Full Moon 2024\nCommemorative\nE.G.O Upgrade Pack","desc":"A limited Full Moon 2024 Campaign Commemorative Pack. Contains the following items:\n\n· Decaextraction Ticket x3\n· Takeoff Module - E.G.O Spinning [WAW] x1\n\n※ Using the Takeoff Module - E.G.O Spinning [WAW] raises the selected E.G.O's Threadspinning tier to 4. (Usable only on E.G.Os WAW Level or lower)","subDesc":"Unknown","additionalItemDesc":"Unknown","otherItemDesc":"Unknown"},
  "204": {"a":0,"id":"204","name":"Full Moon 2024\nCommemorative\nComplete Pack","desc":"A limited Full Moon 2024 Campaign Commemorative Pack. Contains the following items:\n\n· Decaextraction Ticket x4\n· Takeoff Module - ID Uptie x1\n· Takeoff Module - E.G.O Spinning [WAW] x1\n· Identity Training Ticket IV x80\n· Threads x100\n\n※ Using the Takeoff Module - ID Uptie raises the selected Identity's Uptie Tier to 4.\n\n※ Using the Takeoff Module - E.G.O Spinning [WAW] raises the selected E.G.O's Threadspinning tier to 4. (Usable only on E.G.Os WAW Level or lower)","subDesc":"Unknown","additionalItemDesc":"Unknown","otherItemDesc":"Unknown"}
}