{
  "20102_getCondition": {"a":0,"id":"20102_getCondition","content":"Extraction\nSeason 1 Limbus Pass Level 30 Reward"},
  "20103_getCondition": {"a":0,"id":"20103_getCondition","content":"Extraction\nPurchase from Dispenser"},
  "20202_getCondition": {"a":0,"id":"20202_getCondition","content":"Extraction\nSeason 1 Limbus Pass Level 42 Reward"},
  "20203_getCondition": {"a":0,"id":"20203_getCondition","content":"Extraction\nPurchase from Dispenser"},
  "20302_getCondition": {"a":0,"id":"20302_getCondition","content":"Extraction\nSeason 1 Limbus Pass Level 18 Reward"},
  "20402_getCondition": {"a":0,"id":"20402_getCondition","content":"Extraction\nSeason 1 Regular Pass Level 60 Reward"},
  "20502_getCondition": {"a":0,"id":"20502_getCondition","content":"Extraction\nSeason 1 Regular Pass Level 28 Reward"},
  "20503_getCondition": {"a":0,"id":"20503_getCondition","content":"Extraction\nPurchase from Dispenser"},
  "20602_getCondition": {"a":0,"id":"20602_getCondition","content":"Extraction\nSeason 1 Regular Pass Level 36 Reward"},
  "20702_getCondition": {"a":0,"id":"20702_getCondition","content":"Extraction\nSeason 1 Limbus Pass Level 54 Reward"},
  "20802_getCondition": {"a":0,"id":"20802_getCondition","content":"Extraction\nSeason 1 Regular Pass Level 44 Reward"},
  "20803_getCondition": {"a":0,"id":"20803_getCondition","content":"Extraction\nPurchase from Dispenser"},
  "20902_getCondition": {"a":0,"id":"20902_getCondition","content":"Extraction\nSeason 1 Limbus Pass Level 6 Reward"},
  "20903_getCondition": {"a":0,"id":"20903_getCondition","content":"Extraction\nSeason 1 Regular Pass Level 52 Reward"},
  "21002_getCondition": {"a":0,"id":"21002_getCondition","content":"Extraction\nSeason 1 Regular Pass Level 12 Reward"},
  "21102_getCondition": {"a":0,"id":"21102_getCondition","content":"Extraction\nSeason 1 Regular Pass Level 4 Reward"},
  "21103_getCondition": {"a":0,"id":"21103_getCondition","content":"Extraction\nPurchase from Dispenser"},
  "21202_getCondition": {"a":0,"id":"21202_getCondition","content":"Extraction\nSeason 1 Regular Pass Level 20 Reward"},
  "21203_getCondition": {"a":0,"id":"21203_getCondition","content":"Extraction\nPurchase from Dispenser"},
  "20303_getCondition": {"a":0,"id":"20303_getCondition","content":"Extraction\nPurchase from Dispenser"},
  "20204_getCondition": {"a":0,"id":"20204_getCondition","content":"Extraction\nPurchase from Dispenser"},
  "21003_getCondition": {"a":0,"id":"21003_getCondition","content":"Extraction\nPurchase from Dispenser"},
  "20304_getCondition": {"a":0,"id":"20304_getCondition","content":"Hell’s Chicken Event Reward"},
  "20104_getCondition": {"a":0,"id":"20104_getCondition","content":"Extraction\nPurchase from Dispenser"},
  "20603_getCondition": {"a":0,"id":"20603_getCondition","content":"Extraction\nPurchase from Dispenser"},
  "20504_getCondition": {"a":0,"id":"20504_getCondition","content":"Season 2 Regular Pass Level 10 Reward"},
  "20804_getCondition": {"a":0,"id":"20804_getCondition","content":"Season 2 Limbus Pass Level 20 Reward"},
  "21104_getCondition": {"a":0,"id":"21104_getCondition","content":"Season 2 Limbus Pass Level 40 Reward"},
  "20703_getCondition": {"a":0,"id":"20703_getCondition","content":"Season 2 Regular Pass Level 30 Reward"},
  "10102_getCondition_normal": {"a":0,"id":"10102_getCondition_normal","content":"Acquire Seven South Section 6 Yi Sang"},
  "10102_getCondition_gacksung": {"a":0,"id":"10102_getCondition_gacksung","content":"Uptie Seven South Section 6 Yi Sang to Tier 3"},
  "10103_getCondition_normal": {"a":0,"id":"10103_getCondition_normal","content":"Acquire Blade Lineage Salsu Yi Sang"},
  "10103_getCondition_gacksung": {"a":0,"id":"10103_getCondition_gacksung","content":"Uptie Blade Lineage Salsu Yi Sang to Tier 3"},
  "10202_getCondition_normal": {"a":0,"id":"10202_getCondition_normal","content":"Acquire W Corp. L2 Cleanup Agent Faust"},
  "10202_getCondition_gacksung": {"a":0,"id":"10202_getCondition_gacksung","content":"Uptie W Corp. L2 Cleanup Agent Faust to Tier 3"},
  "10203_getCondition_normal": {"a":0,"id":"10203_getCondition_normal","content":"Acquire Lobotomy Corp. Remnant Faust"},
  "10203_getCondition_gacksung": {"a":0,"id":"10203_getCondition_gacksung","content":"Uptie Lobotomy Corp. Remnant Faust to Tier 3"},
  "10302_getCondition_normal": {"a":0,"id":"10302_getCondition_normal","content":"Acquire W Corp. L3 Cleanup Agent Don Quixote"},
  "10302_getCondition_gacksung": {"a":0,"id":"10302_getCondition_gacksung","content":"Uptie W Corp. L3 Cleanup Agent Don Quixote to Tier 3"},
  "10303_getCondition_normal": {"a":0,"id":"10303_getCondition_normal","content":"Acquire Shi South Section 5 Director Don Quixote"},
  "10303_getCondition_gacksung": {"a":0,"id":"10303_getCondition_gacksung","content":"Uptie Shi South Section 5 Director Don Quixote to Tier 3"},
  "10402_getCondition_normal": {"a":0,"id":"10402_getCondition_normal","content":"Acquire Seven South Section 6 Ryōshū"},
  "10402_getCondition_gacksung": {"a":0,"id":"10402_getCondition_gacksung","content":"Uptie Seven South Section 6 Ryōshū to Tier 3"},
  "10403_getCondition_normal": {"a":0,"id":"10403_getCondition_normal","content":"Acquire Kurokumo Wakashu Ryōshū"},
  "10403_getCondition_gacksung": {"a":0,"id":"10403_getCondition_gacksung","content":"Uptie Kurokumo Wakashu Ryōshū to Tier 3"},
  "10502_getCondition_normal": {"a":0,"id":"10502_getCondition_normal","content":"Acquire Liu South Section 6 Meursault"},
  "10502_getCondition_gacksung": {"a":0,"id":"10502_getCondition_gacksung","content":"Uptie Liu South Section 6 Meursault to Tier 3"},
  "10503_getCondition_normal": {"a":0,"id":"10503_getCondition_normal","content":"Acquire W Corp. L2 Cleanup Agent Meursault"},
  "10503_getCondition_gacksung": {"a":0,"id":"10503_getCondition_gacksung","content":"Uptie W Corp. L2 Cleanup Agent Meursault to Tier 3"},
  "10602_getCondition_normal": {"a":0,"id":"10602_getCondition_normal","content":"Acquire Kurokumo Wakashu Hong Lu"},
  "10602_getCondition_gacksung": {"a":0,"id":"10602_getCondition_gacksung","content":"Uptie Kurokumo Wakashu Hong Lu to Tier 3"},
  "10603_getCondition_normal": {"a":0,"id":"10603_getCondition_normal","content":"Acquire Tingtang Gangleader Hong Lu"},
  "10603_getCondition_gacksung": {"a":0,"id":"10603_getCondition_gacksung","content":"Uptie Tingtang Gangleader Hong Lu to Tier 3"},
  "10702_getCondition_normal": {"a":0,"id":"10702_getCondition_normal","content":"Acquire Shi South Section 5 Heathcliff"},
  "10702_getCondition_gacksung": {"a":0,"id":"10702_getCondition_gacksung","content":"Uptie Shi South Section 5 Heathcliff to Tier 3"},
  "10703_getCondition_normal": {"a":0,"id":"10703_getCondition_normal","content":"Acquire R Corp. 4th Pack Rabbit Heathcliff"},
  "10703_getCondition_gacksung": {"a":0,"id":"10703_getCondition_gacksung","content":"Uptie R Corp. 4th Pack Rabbit Heathcliff to Tier 3"},
  "10802_getCondition_normal": {"a":0,"id":"10802_getCondition_normal","content":"Acquire R Corp. 4th Pack Reindeer Ishmael"},
  "10802_getCondition_gacksung": {"a":0,"id":"10802_getCondition_gacksung","content":"Uptie R Corp. 4th Pack Reindeer Ishmael to Tier 3"},
  "10803_getCondition_normal": {"a":0,"id":"10803_getCondition_normal","content":"Acquire Shi South Section 5 Ishmael"},
  "10803_getCondition_gacksung": {"a":0,"id":"10803_getCondition_gacksung","content":"Uptie Shi South Section 5 Ishmael to Tier 3"},
  "10804_getCondition_normal": {"a":0,"id":"10804_getCondition_normal","content":"Acquire LCCB Assistant Manager Ishmael"},
  "10804_getCondition_gacksung": {"a":0,"id":"10804_getCondition_gacksung","content":"Uptie LCCB Assistant Manager Ishmael to Tier 3"},
  "10902_getCondition_normal": {"a":0,"id":"10902_getCondition_normal","content":"Acquire Kurokumo Wakashu Rodya"},
  "10902_getCondition_gacksung": {"a":0,"id":"10902_getCondition_gacksung","content":"Uptie Kurokumo Wakashu Rodya to Tier 3"},
  "10903_getCondition_normal": {"a":0,"id":"10903_getCondition_normal","content":"Acquire LCCB Assistant Manager Rodya"},
  "10903_getCondition_gacksung": {"a":0,"id":"10903_getCondition_gacksung","content":"Uptie LCCB Assistant Manager Rodya to Tier 3"},
  "11002_getCondition_normal": {"a":0,"id":"11002_getCondition_normal","content":"Acquire Blade Lineage Salsu Sinclair"},
  "11002_getCondition_gacksung": {"a":0,"id":"11002_getCondition_gacksung","content":"Uptie Blade Lineage Salsu Sinclair to Tier 3"},
  "11003_getCondition_normal": {"a":0,"id":"11003_getCondition_normal","content":"Acquire Zwei South Section 6 Sinclair"},
  "11003_getCondition_gacksung": {"a":0,"id":"11003_getCondition_gacksung","content":"Uptie Zwei South Section 6 Sinclair to Tier 3"},
  "11004_getCondition_normal": {"a":0,"id":"11004_getCondition_normal","content":"Acquire Jefe de Los Mariachis Sinclair"},
  "11004_getCondition_gacksung": {"a":0,"id":"11004_getCondition_gacksung","content":"Uptie Jefe de Los Mariachis Sinclair to Tier 3"},
  "11102_getCondition_normal": {"a":0,"id":"11102_getCondition_normal","content":"Acquire Blade Lineage Salsu Outis"},
  "11102_getCondition_gacksung": {"a":0,"id":"11102_getCondition_gacksung","content":"Uptie Blade Lineage Salsu Outis to Tier 3"},
  "11103_getCondition_normal": {"a":0,"id":"11103_getCondition_normal","content":"Acquire G Corp. Head Manager Outis"},
  "11103_getCondition_gacksung": {"a":0,"id":"11103_getCondition_gacksung","content":"Uptie G Corp. Head Manager Outis to Tier 3"},
  "11202_getCondition_normal": {"a":0,"id":"11202_getCondition_normal","content":"Acquire Liu South Section 6 Gregor"},
  "11202_getCondition_gacksung": {"a":0,"id":"11202_getCondition_gacksung","content":"Uptie Liu South Section 6 Gregor to Tier 3"},
  "11203_getCondition_normal": {"a":0,"id":"11203_getCondition_normal","content":"Acquire G Corp. Manager Corporal Gregor"},
  "11203_getCondition_gacksung": {"a":0,"id":"11203_getCondition_gacksung","content":"Uptie G Corp. Manager Corporal Gregor to Tier 3"},
  "10504_getCondition_normal": {"a":0,"id":"10504_getCondition_normal","content":"Acquire N Corp. Großhammer Meursault"},
  "10504_getCondition_gacksung": {"a":0,"id":"10504_getCondition_gacksung","content":"Uptie N Corp. Großhammer Meursault to Tier 3"},
  "10904_getCondition_normal": {"a":0,"id":"10904_getCondition_normal","content":"Acquire N Corp. Mittelhammer Rodion"},
  "10904_getCondition_gacksung": {"a":0,"id":"10904_getCondition_gacksung","content":"Uptie N Corp. Mittelhammer Rodion to Tier 3"},
  "10204_getCondition_normal": {"a":0,"id":"10204_getCondition_normal","content":"Acquire The One Who Grips Faust"},
  "10204_getCondition_gacksung": {"a":0,"id":"10204_getCondition_gacksung","content":"Uptie The One Who Grips Faust to Tier 3"},
  "10704_getCondition_normal": {"a":0,"id":"10704_getCondition_normal","content":"Acquire N Corp. Kleinhammer Heathcliff"},
  "10704_getCondition_gacksung": {"a":0,"id":"10704_getCondition_gacksung","content":"Uptie N Corp. Kleinhammer Heathcliff to Tier 3"},
  "11104_getCondition_normal": {"a":0,"id":"11104_getCondition_normal","content":"Acquire Seven South Section 6 Director Outis"},
  "11104_getCondition_gacksung": {"a":0,"id":"11104_getCondition_gacksung","content":"Uptie Seven South Section 6 Director Outis to Tier 3"},
  "10604_getCondition_normal": {"a":0,"id":"10604_getCondition_normal","content":"Acquire Liu South Section 5 Hong Lu"},
  "10604_getCondition_gacksung": {"a":0,"id":"10604_getCondition_gacksung","content":"Uptie Liu South Section 5 Hong Lu to Tier 3"},
  "10404_getCondition_normal": {"a":0,"id":"10404_getCondition_normal","content":"Acquire R.B. Chef de Cuisine Ryōshū"},
  "10404_getCondition_gacksung": {"a":0,"id":"10404_getCondition_gacksung","content":"Uptie R.B. Chef de Cuisine Ryōshū to Tier 3"},
  "11204_getCondition_normal": {"a":0,"id":"11204_getCondition_normal","content":"Acquire R.B. Sous-chef Gregor"},
  "11204_getCondition_gacksung": {"a":0,"id":"11204_getCondition_gacksung","content":"Uptie R.B. Sous-chef Gregor to Tier 3"},
  "10304_getCondition_normal": {"a":0,"id":"10304_getCondition_normal","content":"Acquire N Corp. Mittelhammer Don Quixote"},
  "10304_getCondition_gacksung": {"a":0,"id":"10304_getCondition_gacksung","content":"Uptie N Corp. Mittelhammer Don Quixote to Tier 3"},
  "11005_getCondition_normal": {"a":0,"id":"11005_getCondition_normal","content":"Acquire The One Who Shall Grip Sinclair"},
  "11005_getCondition_gacksung": {"a":0,"id":"11005_getCondition_gacksung","content":"Uptie The One Who Shall Grip Sinclair to Tier 3"},
  "10905_getCondition_normal": {"a":0,"id":"10905_getCondition_normal","content":"Acquire Rosespanner Workshop Rep Rodion"},
  "10905_getCondition_gacksung": {"a":0,"id":"10905_getCondition_gacksung","content":"Uptie Rosespanner Workshop Rep Rodion to Tier 3"},
  "10505_getCondition_normal": {"a":0,"id":"10505_getCondition_normal","content":"Acquire Rosespanner Workshop Fixer Meursault"},
  "10505_getCondition_gacksung": {"a":0,"id":"10505_getCondition_gacksung","content":"Uptie Rosespanner Workshop Fixer Meursault to Tier 3"},
  "10705_getCondition_normal": {"a":0,"id":"10705_getCondition_normal","content":"Acquire Lobotomy E.G.O::Sunshower Heathcliff"},
  "10705_getCondition_gacksung": {"a":0,"id":"10705_getCondition_gacksung","content":"Uptie Lobotomy E.G.O::Sunshower Heathcliff to Tier 3"},
  "11205_getCondition_normal": {"a":0,"id":"11205_getCondition_normal","content":"Acquire Rosespanner Workshop Fixer Gregor"},
  "11205_getCondition_gacksung": {"a":0,"id":"11205_getCondition_gacksung","content":"Uptie Rosespanner Workshop Fixer Gregor to Tier 3"},
  "10104_getCondition_normal": {"a":0,"id":"10104_getCondition_normal","content":"Acquire Effloresced E.G.O::Spicebush Yi Sang"},
  "10104_getCondition_gacksung": {"a":0,"id":"10104_getCondition_gacksung","content":"Uptie Effloresced E.G.O::Spicebush Yi Sang to Tier 3"},
  "10805_getCondition_normal": {"a":0,"id":"10805_getCondition_normal","content":"Acquire Lobotomy E.G.O::Sloshing Ishmael"},
  "10805_getCondition_gacksung": {"a":0,"id":"10805_getCondition_gacksung","content":"Uptie Lobotomy E.G.O::Sloshing Ishmael to Tier 3"},
  "10605_getCondition_normal": {"a":0,"id":"10605_getCondition_normal","content":"Acquire K Corp. Class 3 Excision Staff Hong Lu"},
  "10605_getCondition_gacksung": {"a":0,"id":"10605_getCondition_gacksung","content":"Uptie K Corp. Class 3 Excision Staff Hong Lu to Tier 3"},
  "11006_getCondition_normal": {"a":0,"id":"11006_getCondition_normal","content":"Acquire Lobotomy E.G.O::Red Sheet Sinclair"},
  "11006_getCondition_gacksung": {"a":0,"id":"11006_getCondition_gacksung","content":"Uptie Lobotomy E.G.O::Red Sheet Sinclair to Tier 3"},
  "10806_getCondition_normal": {"a":0,"id":"10806_getCondition_normal","content":"Acquire Liu South Section 4 Ishmael"},
  "10806_getCondition_gacksung": {"a":0,"id":"10806_getCondition_gacksung","content":"Uptie Liu South Section 4 Ishmael to Tier 3"},
  "10506_getCondition_normal": {"a":0,"id":"10506_getCondition_normal","content":"Acquire R Corp. 4th Pack Rhino Meursault"},
  "10506_getCondition_gacksung": {"a":0,"id":"10506_getCondition_gacksung","content":"Uptie R Corp. 4th Pack Rhino Meursault to Tier 3"},
  "10906_getCondition_normal": {"a":0,"id":"10906_getCondition_normal","content":"Acquire Zwei South Section 5 Rodion"},
  "10906_getCondition_gacksung": {"a":0,"id":"10906_getCondition_gacksung","content":"Uptie Zwei South Section 5 Rodion to Tier 3"},
  "10305_getCondition_normal": {"a":0,"id":"10305_getCondition_normal","content":"Acquire Cinq South Section 5 Director Don Quixote"},
  "10305_getCondition_gacksung": {"a":0,"id":"10305_getCondition_gacksung","content":"Uptie Cinq South Section 5 Director Don Quixote to Tier 3"},
  "10807_getCondition_normal": {"a":0,"id":"10807_getCondition_normal","content":"Acquire Molar Boatworks Fixer Ishmael"},
  "10807_getCondition_gacksung": {"a":0,"id":"10807_getCondition_gacksung","content":"Uptie Molar Boatworks Fixer Ishmael to Tier 3"},
  "11007_getCondition_normal": {"a":0,"id":"11007_getCondition_normal","content":"Acquire Molar Boatworks Fixer Sinclair"},
  "11007_getCondition_gacksung": {"a":0,"id":"11007_getCondition_gacksung","content":"Uptie Molar Boatworks Fixer Sinclair to Tier 3"},
  "11206_getCondition_normal": {"a":0,"id":"11206_getCondition_normal","content":"Acquire Zwei South Section 4 Gregor"},
  "11206_getCondition_gacksung": {"a":0,"id":"11206_getCondition_gacksung","content":"Uptie Zwei South Section 4 Gregor to Tier 3"},
  "10205_getCondition_normal": {"a":0,"id":"10205_getCondition_normal","content":"Acquire Zwei South Section 4 Faust"},
  "10205_getCondition_gacksung": {"a":0,"id":"10205_getCondition_gacksung","content":"Uptie Zwei South Section 4 Faust to Tier 3"},
  "10405_getCondition_normal": {"a":0,"id":"10405_getCondition_normal","content":"Acquire W Corp. L3 Cleanup Agent Ryōshū"},
  "10405_getCondition_gacksung": {"a":0,"id":"10405_getCondition_gacksung","content":"Uptie W Corp. L3 Cleanup Agent Ryōshū to Tier 3"},
  "10606_getCondition_normal": {"a":0,"id":"10606_getCondition_normal","content":"Acquire W Corp. L2 Cleanup Agent Hong Lu"},
  "10606_getCondition_gacksung": {"a":0,"id":"10606_getCondition_gacksung","content":"Uptie W Corp. L2 Cleanup Agent Hong Lu to Tier 3"},
  "10206_getCondition_normal": {"a":0,"id":"10206_getCondition_normal","content":"Acquire Seven South Section 4 Faust"},
  "10206_getCondition_gacksung": {"a":0,"id":"10206_getCondition_gacksung","content":"Uptie Seven South Section 4 Faust to Tier 3"},
  "10706_getCondition_normal": {"a":0,"id":"10706_getCondition_normal","content":"Acquire Seven South Section 4 Heathcliff"},
  "10706_getCondition_gacksung": {"a":0,"id":"10706_getCondition_gacksung","content":"Uptie Seven South Section 4 Heathcliff to Tier 3"},
  "10105_getCondition_normal": {"a":0,"id":"10105_getCondition_normal","content":"Acquire Molar Office Fixer Yi Sang"},
  "10105_getCondition_gacksung": {"a":0,"id":"10105_getCondition_gacksung","content":"Uptie Molar Office Fixer Yi Sang to Tier 3"},
  "11105_getCondition_normal": {"a":0,"id":"11105_getCondition_normal","content":"Acquire Molar Office Fixer Outis"},
  "11105_getCondition_gacksung": {"a":0,"id":"11105_getCondition_gacksung","content":"Uptie Molar Office Fixer Outis to Tier 3"},
  "10907_getCondition_normal": {"a":0,"id":"10907_getCondition_normal","content":"Acquire Dieci South Section 4 Rodion"},
  "10907_getCondition_gacksung": {"a":0,"id":"10907_getCondition_gacksung","content":"Uptie Dieci South Section 4 Rodion to Tier 3"},
  "10207_getCondition_normal": {"a":0,"id":"10207_getCondition_normal","content":"Acquire Lobotomy E.G.O::Regret Faust"},
  "10207_getCondition_gacksung": {"a":0,"id":"10207_getCondition_gacksung","content":"Uptie Lobotomy E.G.O::Regret Faust to Tier 3"},
  "10607_getCondition_normal": {"a":0,"id":"10607_getCondition_normal","content":"Acquire Hook Office Fixer Hong Lu"},
  "10607_getCondition_gacksung": {"a":0,"id":"10607_getCondition_gacksung","content":"Uptie Hook Office Fixer Hong Lu to Tier 3"},
  "10106_getCondition_normal": {"a":0,"id":"10106_getCondition_normal","content":"Acquire W Corp. L3 Cleanup Agent Yi Sang"},
  "10106_getCondition_gacksung": {"a":0,"id":"10106_getCondition_gacksung","content":"Uptie W Corp. L3 Cleanup Agent Yi Sang to Tier 3"},
  "11207_getCondition_normal": {"a":0,"id":"11207_getCondition_normal","content":"Acquire Twinhook Pirates First Mate Gregor"},
  "11207_getCondition_gacksung": {"a":0,"id":"11207_getCondition_gacksung","content":"Uptie Twinhook Pirates First Mate Gregor to Tier 3"},
  "10406_getCondition_normal": {"a":0,"id":"10406_getCondition_normal","content":"Acquire LCCB Assistant Manager Ryōshū"},
  "10406_getCondition_gacksung": {"a":0,"id":"10406_getCondition_gacksung","content":"Uptie LCCB Assistant Manager Ryōshū to Tier 3"},
  "10306_getCondition_normal": {"a":0,"id":"10306_getCondition_normal","content":"Acquire The Middle Little Sister Don Quixote"},
  "10306_getCondition_gacksung": {"a":0,"id":"10306_getCondition_gacksung","content":"Uptie The Middle Little Sister Don Quixote to Tier 3"},
  "10507_getCondition_normal": {"a":0,"id":"10507_getCondition_normal","content":"Acquire The Middle Little Brother Meursault"},
  "10507_getCondition_gacksung": {"a":0,"id":"10507_getCondition_gacksung","content":"Uptie The Middle Little Brother Meursault to Tier 3"},
  "10707_getCondition_normal": {"a":0,"id":"10707_getCondition_normal","content":"Acquire The Pequod Harpooneer Heathcliff"},
  "10707_getCondition_gacksung": {"a":0,"id":"10707_getCondition_gacksung","content":"Uptie The Pequod Harpooneer Heathcliff to Tier 3"},
  "10107_getCondition_normal": {"a":0,"id":"10107_getCondition_normal","content":"Acquire The Pequod First Mate Yi Sang"},
  "10107_getCondition_gacksung": {"a":0,"id":"10107_getCondition_gacksung","content":"Uptie The Pequod First Mate Yi Sang to Tier 3"},
  "11008_getCondition_normal": {"a":0,"id":"11008_getCondition_normal","content":"Acquire Cinq South Section 4 Director Sinclair"},
  "11008_getCondition_gacksung": {"a":0,"id":"11008_getCondition_gacksung","content":"Uptie Cinq South Section 4 Director Sinclair to Tier 3"},
  "11106_getCondition_normal": {"a":0,"id":"11106_getCondition_normal","content":"Acquire Cinq South Section 4 Outis"},
  "11106_getCondition_gacksung": {"a":0,"id":"11106_getCondition_gacksung","content":"Uptie Cinq South Section 4 Outis to Tier 3"},
  "11107_getCondition_normal": {"a":0,"id":"11107_getCondition_normal","content":"Acquire Lobotomy E.G.O::Magic Bullet Outis"},
  "11107_getCondition_gacksung": {"a":0,"id":"11107_getCondition_gacksung","content":"Uptie Lobotomy E.G.O::Magic Bullet Outis to Tier 3"},
  "10307_getCondition_normal": {"a":0,"id":"10307_getCondition_normal","content":"Acquire Lobotomy E.G.O::Lantern Don Quixote"},
  "10307_getCondition_gacksung": {"a":0,"id":"10307_getCondition_gacksung","content":"Uptie Lobotomy E.G.O::Lantern Don Quixote to Tier 3"},
  "10608_getCondition_normal": {"a":0,"id":"10608_getCondition_normal","content":"Acquire Dieci South Section 4 Hong Lu"},
  "10608_getCondition_gacksung": {"a":0,"id":"10608_getCondition_gacksung","content":"Uptie Dieci South Section 4 Hong Lu to Tier 3"},
  "10108_getCondition_normal": {"a":0,"id":"10108_getCondition_normal","content":"Acquire Dieci South Section 4 Yi Sang"},
  "10108_getCondition_gacksung": {"a":0,"id":"10108_getCondition_gacksung","content":"Uptie Dieci South Section 4 Yi Sang to Tier 3"},
  "10808_getCondition_normal": {"a":0,"id":"10808_getCondition_normal","content":"Acquire The Pequod Captain Ishmael"},
  "10808_getCondition_gacksung": {"a":0,"id":"10808_getCondition_gacksung","content":"Uptie The Pequod Captain Ishmael to Tier 3"},
  "10508_getCondition_normal": {"a":0,"id":"10508_getCondition_normal","content":"Acquire Blade Lineage Mentor Meursault"},
  "10508_getCondition_gacksung": {"a":0,"id":"10508_getCondition_gacksung","content":"Uptie Blade Lineage Mentor Meursault to Tier 3"},
  "10208_getCondition_normal": {"a":0,"id":"10208_getCondition_normal","content":"Acquire Blade Lineage Salsu Faust"},
  "10208_getCondition_gacksung": {"a":0,"id":"10208_getCondition_gacksung","content":"Uptie Blade Lineage Salsu Faust to Tier 3"},
  "11208_getCondition_normal": {"a":0,"id":"11208_getCondition_normal","content":"Acquire Kurokumo Clan Captain Gregor"},
  "11208_getCondition_gacksung": {"a":0,"id":"11208_getCondition_gacksung","content":"Uptie Kurokumo Clan Captain Gregor to Tier 3"},
  "10308_getCondition_normal": {"a":0,"id":"10308_getCondition_normal","content":"Acquire Blade Lineage Salsu Don Quixote"},
  "10308_getCondition_gacksung": {"a":0,"id":"10308_getCondition_gacksung","content":"Uptie Blade Lineage Salsu Don Quixote to Tier 3"},
  "10908_getCondition_normal": {"a":0,"id":"10908_getCondition_normal","content":"Acquire Liu South Section 4 Director Rodion"},
  "10908_getCondition_gacksung": {"a":0,"id":"10908_getCondition_gacksung","content":"Uptie Liu South Section 4 Director Rodion to Tier 3"},
  "10407_getCondition_normal": {"a":0,"id":"10407_getCondition_normal","content":"Acquire Liu South Section 4 Ryōshū"},
  "10407_getCondition_gacksung": {"a":0,"id":"10407_getCondition_gacksung","content":"Uptie Liu South Section 4 Ryōshū to Tier 3"},
  "10708_getCondition_normal": {"a":0,"id":"10708_getCondition_normal","content":"Acquire Öufi South Section 3 Heathcliff"},
  "10708_getCondition_gacksung": {"a":0,"id":"10708_getCondition_gacksung","content":"Uptie Öufi South Section 3 Heathcliff to Tier 3"},
  "11108_getCondition_normal": {"a":0,"id":"11108_getCondition_normal","content":"Acquire Wuthering Heights Chief Butler Outis"},
  "11108_getCondition_gacksung": {"a":0,"id":"11108_getCondition_gacksung","content":"Uptie Wuthering Heights Chief Butler Outis to Tier 3"},
  "10509_getCondition_normal": {"a":0,"id":"10509_getCondition_normal","content":"Acquire Dead Rabbits Boss Meursault"},
  "10509_getCondition_gacksung": {"a":0,"id":"10509_getCondition_gacksung","content":"Uptie Dead Rabbits Boss Meursault to Tier 3"},
  "11209_getCondition_normal": {"a":0,"id":"11209_getCondition_normal","content":"Acquire Edgar Family Heir Gregor"},
  "11209_getCondition_gacksung": {"a":0,"id":"11209_getCondition_gacksung","content":"Uptie Edgar Family Heir Gregor to Tier 3"},
  "10209_getCondition_normal": {"a":0,"id":"10209_getCondition_normal","content":"Acquire Wuthering Heights Butler Faust"},
  "10209_getCondition_gacksung": {"a":0,"id":"10209_getCondition_gacksung","content":"Uptie Wuthering Heights Butler Faust to Tier 3"},
  "10408_getCondition_normal": {"a":0,"id":"10408_getCondition_normal","content":"Acquire Edgar Family Chief Butler Ryōshū"},
  "10408_getCondition_gacksung": {"a":0,"id":"10408_getCondition_gacksung","content":"Uptie Edgar Family Chief Butler Ryōshū to Tier 3"},
  "10809_getCondition_normal": {"a":0,"id":"10809_getCondition_normal","content":"Acquire Edgar Family Butler Ishmael"},
  "10809_getCondition_gacksung": {"a":0,"id":"10809_getCondition_gacksung","content":"Uptie Edgar Family Butler Ishmael to Tier 3"},
  "11009_getCondition_normal": {"a":0,"id":"11009_getCondition_normal","content":"Acquire Dawn Office Fixer Sinclair"},
  "11009_getCondition_gacksung": {"a":0,"id":"11009_getCondition_gacksung","content":"Uptie Dawn Office Fixer Sinclair to Tier 3"},
  "10109_getCondition_normal": {"a":0,"id":"10109_getCondition_normal","content":"Acquire The Ring Pointillist Student Yi Sang"},
  "10109_getCondition_gacksung": {"a":0,"id":"10109_getCondition_gacksung","content":"Uptie The Ring Pointillist Student Yi Sang to Tier 3"},
  "11109_getCondition_normal": {"a":0,"id":"11109_getCondition_normal","content":"Acquire The Ring Pointillist Student Outis"},
  "11109_getCondition_gacksung": {"a":0,"id":"11109_getCondition_gacksung","content":"Uptie The Ring Pointillist Student Outis to Tier 3"},
  "10609_getCondition_normal": {"a":0,"id":"10609_getCondition_normal","content":"Acquire District 20 Yurodivy Hong Lu"},
  "10609_getCondition_gacksung": {"a":0,"id":"10609_getCondition_gacksung","content":"Uptie District 20 Yurodivy Hong Lu to Tier 3"},
  "10409_getCondition_normal": {"a":0,"id":"10409_getCondition_normal","content":"Acquire District 20 Yurodivy Ryōshū"},
  "10409_getCondition_gacksung": {"a":0,"id":"10409_getCondition_gacksung","content":"Uptie District 20 Yurodivy Ryōshū to Tier 3"},
  "10309_getCondition_normal": {"a":0,"id":"10309_getCondition_normal","content":"Acquire T Corp. Class 3 Collection Staff Don Quixote"},
  "10309_getCondition_gacksung": {"a":0,"id":"10309_getCondition_gacksung","content":"Uptie T Corp. Class 3 Collection Staff Don Quixote to Tier 3"},
  "10909_getCondition_normal": {"a":0,"id":"10909_getCondition_normal","content":"Acquire T Corp. Class 2 Collection Staff Rodion"},
  "10909_getCondition_gacksung": {"a":0,"id":"10909_getCondition_gacksung","content":"Uptie T Corp. Class 2 Collection Staff Rodion to Tier 3"},
  "10510_getCondition_normal": {"a":0,"id":"10510_getCondition_normal","content":"Acquire Dieci South Section 4 Director Meursault"},
  "10510_getCondition_gacksung": {"a":0,"id":"10510_getCondition_gacksung","content":"Uptie Dieci South Section 4 Director Meursault to Tier 3"},
  "11110_getCondition_normal": {"a":0,"id":"11110_getCondition_normal","content":"Acquire W Corp. Cleanup Captain Outis"},
  "11110_getCondition_gacksung": {"a":0,"id":"11110_getCondition_gacksung","content":"Uptie W Corp. L3 Cleanup Captain Outis to Tier 3"},
  "10210_getCondition_normal": {"a":0,"id":"10210_getCondition_normal","content":"Acquire MultiCrack Office Rep Faust"},
  "10210_getCondition_gacksung": {"a":0,"id":"10210_getCondition_gacksung","content":"Uptie MultiCrack Office Rep Faust to Tier 3"},
  "10709_getCondition_normal": {"a":0,"id":"10709_getCondition_normal","content":"Acquire MultiCrack Office Fixer Heathcliff"},
  "10709_getCondition_gacksung": {"a":0,"id":"10709_getCondition_gacksung","content":"Uptie MultiCrack Office Fixer Heathcliff to Tier 3"},
  "10710_getCondition_normal": {"a":0,"id":"10710_getCondition_normal","content":"Acquire Wild Hunt Heathcliff"},
  "10710_getCondition_gacksung": {"a":0,"id":"10710_getCondition_gacksung","content":"Uptie Wild Hunt Heathcliff to Tier 3"},
  "10110_getCondition_normal": {"a":0,"id":"10110_getCondition_normal","content":"Acquire Lobotomy E.G.O::Solemn Lament Yi Sang"},
  "10110_getCondition_gacksung": {"a":0,"id":"10110_getCondition_gacksung","content":"Uptie Lobotomy E.G.O::Solemn Lament Yi Sang to Tier 3"},
  "10410_getCondition_normal": {"a":0,"id":"10410_getCondition_normal","content":"Acquire Lobotomy E.G.O::Red Eyes & Penitence Ryōshū"},
  "10410_getCondition_gacksung": {"a":0,"id":"10410_getCondition_gacksung","content":"Uptie Lobotomy E.G.O::Red Eyes & Penitence Ryōshū to Tier 3"},
  "10910_getCondition_normal": {"a":0,"id":"10910_getCondition_normal","content":"Acquire Devyat' North Section 3 Rodion"},
  "10910_getCondition_gacksung": {"a":0,"id":"10910_getCondition_gacksung","content":"Uptie Devyat' North Section 3 Rodion to Tier 3"}
}