{
  "10101": {"a":0,"id":"10101","name":"Yi Sang","desc":"Yi Sang’s 1st Identity","title":"LCB\nSinner","acquisitionMethod":"Unknown","oneLineTitle":""},
  "10201": {"a":0,"id":"10201","name":"Faust","desc":"Faust’s 1st Identity","title":"LCB\nSinner","acquisitionMethod":"Unknown","oneLineTitle":""},
  "10301": {"a":0,"id":"10301","name":"Don Quixote","desc":"Don Quixote’s 1st Identity","title":"LCB\nSinner","acquisitionMethod":"Unknown","oneLineTitle":""},
  "10401": {"a":0,"id":"10401","name":"Ryōshū","desc":"Ryōshū’s 1st Identity","title":"LCB\nSinner","acquisitionMethod":"Unknown","oneLineTitle":""},
  "10501": {"a":0,"id":"10501","name":"Meursault","desc":"Meursault’s 1st Identity","title":"LCB\nSinner","acquisitionMethod":"Unknown","oneLineTitle":""},
  "10601": {"a":0,"id":"10601","name":"Hong Lu","desc":"Hong Lu’s 1st Identity","title":"LCB\nSinner","acquisitionMethod":"Unknown","oneLineTitle":""},
  "10701": {"a":0,"id":"10701","name":"Heathcliff","desc":"Heathcliff’s 1st Identity","title":"LCB\nSinner","acquisitionMethod":"Unknown","oneLineTitle":""},
  "10801": {"a":0,"id":"10801","name":"Ishmael","desc":"Ishmael’s 1st Identity","title":"LCB\nSinner","acquisitionMethod":"Unknown","oneLineTitle":""},
  "10901": {"a":0,"id":"10901","name":"Rodion","desc":"Rodion’s 1st Identity","title":"LCB\nSinner","acquisitionMethod":"Unknown","oneLineTitle":""},
  "11001": {"a":0,"id":"11001","name":"Sinclair","desc":"Sinclair’s 1st Identity","title":"LCB\nSinner","acquisitionMethod":"Unknown","oneLineTitle":""},
  "11101": {"a":0,"id":"11101","name":"Outis","desc":"Outis’s 1st Identity","title":"LCB\nSinner","acquisitionMethod":"Unknown","oneLineTitle":""},
  "11201": {"a":0,"id":"11201","name":"Gregor","desc":"Gregor’s 1st Identity","title":"LCB\nSinner","acquisitionMethod":"Unknown","oneLineTitle":""},
  "10102": {"a":0,"id":"10102","name":"Yi Sang","desc":"Yi Sang’s 2nd Identity","title":"Seven Assoc.\nSouth Section 6","acquisitionMethod":"Unknown","oneLineTitle":""},
  "10202": {"a":0,"id":"10202","name":"Faust","desc":"Faust’s 2nd Identity","title":"W Corp. L2\nCleanup Agent","acquisitionMethod":"Unknown","oneLineTitle":""},
  "10302": {"a":0,"id":"10302","name":"Don Quixote","desc":"Don Quixote’s 2nd Identity","title":"W Corp. L3\nCleanup Agent","acquisitionMethod":"Unknown","oneLineTitle":""},
  "10402": {"a":0,"id":"10402","name":"Ryōshū","desc":"Ryōshū’s 2nd Identity","title":"Seven Assoc.\nSouth Section 6","acquisitionMethod":"Unknown","oneLineTitle":""},
  "10502": {"a":0,"id":"10502","name":"Meursault","desc":"Meursault’s 2nd Identity","title":"Liu Assoc.\nSouth Section 6","acquisitionMethod":"Unknown","oneLineTitle":""},
  "10602": {"a":0,"id":"10602","name":"Hong Lu","desc":"Hong Lu’s 2nd Identity","title":"Kurokumo Clan\nWakashu","acquisitionMethod":"Unknown","oneLineTitle":""},
  "10702": {"a":0,"id":"10702","name":"Heathcliff","desc":"Heathcliff’s 2nd Identity","title":"Shi Assoc.\nSouth Section 5","acquisitionMethod":"Unknown","oneLineTitle":""},
  "10802": {"a":0,"id":"10802","name":"Ishmael","desc":"Ishmael’s 2nd Identity","title":"R Corp. 4th Pack\nReindeer","acquisitionMethod":"Unknown","oneLineTitle":""},
  "10902": {"a":0,"id":"10902","name":"Rodion","desc":"Rodion’s 2nd Identity","title":"Kurokumo Clan\nWakashu","acquisitionMethod":"Unknown","oneLineTitle":""},
  "11002": {"a":0,"id":"11002","name":"Sinclair","desc":"Sinclair’s 2nd Identity","title":"Blade Lineage\nSalsu","acquisitionMethod":"Unknown","oneLineTitle":""},
  "11102": {"a":0,"id":"11102","name":"Outis","desc":"Outis’s 2nd Identity","title":"Blade Lineage\nSalsu","acquisitionMethod":"Unknown","oneLineTitle":""},
  "11202": {"a":0,"id":"11202","name":"Gregor","desc":"Gregor’s 2nd Identity","title":"Liu Assoc.\nSouth Section 6","acquisitionMethod":"Unknown","oneLineTitle":""},
  "10103": {"a":0,"id":"10103","name":"Yi Sang","desc":"Yi Sang’s 3rd Identity","title":"Blade Lineage\nSalsu","acquisitionMethod":"Unknown","oneLineTitle":""},
  "10203": {"a":0,"id":"10203","name":"Faust","desc":"Faust’s 3rd Identity","title":"Lobotomy Corp. Remnant","acquisitionMethod":"Unknown","oneLineTitle":""},
  "10403": {"a":0,"id":"10403","name":"Ryōshū","desc":"Ryōshū’s 3rd Identity","title":"Kurokumo Clan\nWakashu","acquisitionMethod":"Unknown","oneLineTitle":""},
  "10503": {"a":0,"id":"10503","name":"Meursault","desc":"Meursault’s 3rd Identity","title":"W Corp. L2\nCleanup Agent","acquisitionMethod":"Unknown","oneLineTitle":""},
  "10603": {"a":0,"id":"10603","name":"Hong Lu","desc":"Hong Lu’s 3rd Identity","title":"Tingtang Gang\nGangleader","acquisitionMethod":"Unknown","oneLineTitle":""},
  "10703": {"a":0,"id":"10703","name":"Heathcliff","desc":"Heathcliff’s 3rd Identity","title":"R Corp. 4th Pack\nRabbit","acquisitionMethod":"Unknown","oneLineTitle":""},
  "10803": {"a":0,"id":"10803","name":"Ishmael","desc":"Ishmael’s 3rd Identity","title":"Shi Assoc.\nSouth Section 5","acquisitionMethod":"Unknown","oneLineTitle":""},
  "10903": {"a":0,"id":"10903","name":"Rodion","desc":"Rodion’s 3rd Identity","title":"LCCB\nAssistant Manager","acquisitionMethod":"Unknown","oneLineTitle":""},
  "11003": {"a":0,"id":"11003","name":"Sinclair","desc":"Sinclair’s 3rd Identity","title":"Zwei Assoc.\nSouth Section 6","acquisitionMethod":"Unknown","oneLineTitle":""},
  "11103": {"a":0,"id":"11103","name":"Outis","desc":"Outis’s 3rd Identity","title":"G Corp.\nHead Manager","acquisitionMethod":"Unknown","oneLineTitle":""},
  "11203": {"a":0,"id":"11203","name":"Gregor","desc":"Gregor’s 3rd Identity","title":"G Corp.\nManager Corporal","acquisitionMethod":"Unknown","oneLineTitle":""},
  "10804": {"a":0,"id":"10804","name":"Ishmael","desc":"Ishmael’s 4th Identity","title":"LCCB\nAssistant Manager","acquisitionMethod":"Unknown","oneLineTitle":""},
  "11004": {"a":0,"id":"11004","name":"Sinclair","desc":"Sinclair’s 4th Identity","title":"Los Mariachis\nJefe","acquisitionMethod":"Unknown","oneLineTitle":""},
  "10303": {"a":0,"id":"10303","name":"Don Quixote","desc":"Don Quixote’s 3rd Identity","title":"Shi Assoc.\nSouth Section 5 Director","acquisitionMethod":"Unknown","oneLineTitle":""},
  "10504": {"a":0,"id":"10504","name":"Meursault","desc":"Meursault’s 4th Identity","title":"N Corp.\nGroßhammer","acquisitionMethod":"Unknown","oneLineTitle":""},
  "10904": {"a":0,"id":"10904","name":"Rodion","desc":"Rodion’s 4th Identity","title":"N Corp.\nMittelhammer","acquisitionMethod":"Unknown","oneLineTitle":""},
  "10204": {"a":0,"id":"10204","name":"Faust","desc":"Faust’s 4th Identity","title":"The One Who Grips","acquisitionMethod":"Unknown","oneLineTitle":""},
  "10704": {"a":0,"id":"10704","name":"Heathcliff","desc":"Heathcliff’s 4th Identity","title":"N Corp.\nKleinhammer","acquisitionMethod":"Unknown","oneLineTitle":""},
  "11104": {"a":0,"id":"11104","name":"Outis","desc":"Outis’s 4th Identity","title":"Seven Assoc.\nSouth Section 6 Director","acquisitionMethod":"Unknown","oneLineTitle":""},
  "10604": {"a":0,"id":"10604","name":"Hong Lu","desc":"Hong Lu’s 4th Identity","title":"Liu Assoc.\nSouth Section 5","acquisitionMethod":"Unknown","oneLineTitle":""},
  "10404": {"a":0,"id":"10404","name":"Ryōshū","desc":"Ryōshū’s 4th Identity","title":"R.B.\nChef de Cuisine","acquisitionMethod":"Unknown","oneLineTitle":""},
  "11204": {"a":0,"id":"11204","name":"Gregor","desc":"Gregor’s 4th Identity","title":"R.B.\nSous-chef","acquisitionMethod":"Unknown","oneLineTitle":""},
  "10304": {"a":0,"id":"10304","name":"Don Quixote","desc":"Don Quixote’s 4th Identity","title":"N Corp.\nMittelhammer","acquisitionMethod":"Unknown","oneLineTitle":""},
  "11005": {"a":0,"id":"11005","name":"Sinclair","desc":"Sinclair’s 5th Identity","title":"The One Who Shall Grip","acquisitionMethod":"Unknown","oneLineTitle":""},
  "10905": {"a":0,"id":"10905","name":"Rodion","desc":"Rodion’s 5th Identity","title":"Rosespanner Workshop\nRep","acquisitionMethod":"Unknown","oneLineTitle":""},
  "10505": {"a":0,"id":"10505","name":"Meursault","desc":"Meursault’s 5th Identity","title":"Rosespanner Workshop Fixer","acquisitionMethod":"Unknown","oneLineTitle":""},
  "10705": {"a":0,"id":"10705","name":"Heathcliff","desc":"Heathcliff’s 5th Identity","title":"Lobotomy E.G.O::Sunshower","acquisitionMethod":"Unknown","oneLineTitle":""},
  "11205": {"a":0,"id":"11205","name":"Gregor","desc":"Gregor’s 5th Identity","title":"Rosespanner Workshop\nFixer","acquisitionMethod":"Unknown","oneLineTitle":""},
  "10104": {"a":0,"id":"10104","name":"Yi Sang","desc":"Yi Sang’s 4th Identity","title":"Effloresced E.G.O::Spicebush","acquisitionMethod":"Unknown","oneLineTitle":""},
  "10805": {"a":0,"id":"10805","name":"Ishmael","desc":"Ishmael’s 5th Identity","title":"Lobotomy E.G.O::Sloshing","acquisitionMethod":"Unknown","oneLineTitle":""},
  "10605": {"a":0,"id":"10605","name":"Hong Lu","desc":"Hong Lu’s 5th Identity","title":"K Corp. Class 3\nExcision Staff","acquisitionMethod":"Unknown","oneLineTitle":""},
  "11006": {"a":0,"id":"11006","name":"Sinclair","desc":"Sinclair’s 6th Identity","title":"Lobotomy E.G.O::Red Sheet","acquisitionMethod":"Unknown","oneLineTitle":""},
  "10806": {"a":0,"id":"10806","name":"Ishmael","desc":"Ishmael’s 6th Identity","title":"Liu Assoc.\nSouth Section 4","acquisitionMethod":"Unknown","oneLineTitle":""},
  "10506": {"a":0,"id":"10506","name":"Meursault","desc":"Meursault’s 6th Identity","title":"R Corp. 4th Pack\nRhino","acquisitionMethod":"Unknown","oneLineTitle":""},
  "10906": {"a":0,"id":"10906","name":"Rodion","desc":"Rodion’s 6th Identity","title":"Zwei Assoc.\nSouth Section 5","acquisitionMethod":"Unknown","oneLineTitle":""},
  "10305": {"a":0,"id":"10305","name":"Don Quixote","desc":"Don Quixote’s 5th Identity","title":"Cinq Assoc.\nSouth Section 5 Director","acquisitionMethod":"Unknown","oneLineTitle":""},
  "10807": {"a":0,"id":"10807","name":"Ishmael","desc":"Ishmael’s 7th Identity","title":"Molar Boatworks\nFixer","acquisitionMethod":"Unknown","oneLineTitle":""},
  "11007": {"a":0,"id":"11007","name":"Sinclair","desc":"Sinclair’s 7th Identity","title":"Molar Boatworks\nFixer","acquisitionMethod":"Unknown","oneLineTitle":""},
  "11206": {"a":0,"id":"11206","name":"Gregor","desc":"Gregor’s 6th Identity","title":"Zwei Assoc.\nSouth Section 4","acquisitionMethod":"Unknown","oneLineTitle":""},
  "10205": {"a":0,"id":"10205","name":"Faust","desc":"Faust’s 5th Identity","title":"Zwei Assoc.\nSouth Section 4","acquisitionMethod":"Unknown","oneLineTitle":""},
  "10405": {"a":0,"id":"10405","name":"Ryōshū","desc":"Ryōshū’s 5th Identity","title":"W Corp. L3\nCleanup Agent","acquisitionMethod":"Unknown","oneLineTitle":""},
  "10606": {"a":0,"id":"10606","name":"Hong Lu","desc":"Hong Lu’s 6th Identity","title":"W Corp. L2\nCleanup Agent","acquisitionMethod":"Unknown","oneLineTitle":""},
  "10206": {"a":0,"id":"10206","name":"Faust","desc":"Faust’s 6th Identity","title":"Seven Assoc.\nSouth Section 4","acquisitionMethod":"Unknown","oneLineTitle":""},
  "10706": {"a":0,"id":"10706","name":"Heathcliff","desc":"Heathcliff’s 6th Identity","title":"Seven Assoc.\nSouth Section 4","acquisitionMethod":"Unknown","oneLineTitle":""},
  "10105": {"a":0,"id":"10105","name":"Yi Sang","desc":"Yi Sang's 5th Identity","title":"Molar Office\nFixer","acquisitionMethod":"Unknown","oneLineTitle":""},
  "11105": {"a":0,"id":"11105","name":"Outis","desc":"Outis's 5th Identity","title":"Molar Office\nFixer","acquisitionMethod":"Unknown","oneLineTitle":""},
  "10907": {"a":0,"id":"10907","name":"Rodion","desc":"Rodion's 7th Identity","title":"Dieci Assoc.\nSouth Section 4","acquisitionMethod":"Unknown","oneLineTitle":""},
  "10207": {"a":0,"id":"10207","name":"Faust","desc":"Faust’s 7th Identity","title":"Lobotomy E.G.O::Regret","acquisitionMethod":"Unknown","oneLineTitle":""},
  "10607": {"a":0,"id":"10607","name":"Hong Lu","desc":"Hong Lu's 7th Identity","title":"Hook Office\nFixer","acquisitionMethod":"Unknown","oneLineTitle":""},
  "10106": {"a":0,"id":"10106","name":"Yi Sang","desc":"Yi Sang's 6th Identity","title":"W Corp. L3\nCleanup Agent","acquisitionMethod":"Unknown","oneLineTitle":""},
  "11207": {"a":0,"id":"11207","name":"Gregor","desc":"Gregor's 7th Identity","title":"Twinhook Pirates\nFirst Mate","acquisitionMethod":"Unknown","oneLineTitle":""},
  "10406": {"a":0,"id":"10406","name":"Ryōshū","desc":"Ryōshū’s 6th Identity","title":"LCCB\nAssistant Manager","acquisitionMethod":"Unknown","oneLineTitle":""},
  "10306": {"a":0,"id":"10306","name":"Don Quixote","desc":"Don Quixote’s 6th Identity","title":"The Middle\nLittle Sister","acquisitionMethod":"Unknown","oneLineTitle":""},
  "10507": {"a":0,"id":"10507","name":"Meursault","desc":"Meursault’s 7th Identity","title":"The Middle\nLittle Brother","acquisitionMethod":"Unknown","oneLineTitle":""},
  "10707": {"a":0,"id":"10707","name":"Heathcliff","desc":"Heathcliff's 7th Identity","title":"The Pequod\nHarpooneer","acquisitionMethod":"Unknown","oneLineTitle":""},
  "10107": {"a":0,"id":"10107","name":"Yi Sang","desc":"Yi Sang's 7th Identity","title":"The Pequod\nFirst Mate","acquisitionMethod":"Unknown","oneLineTitle":""},
  "11008": {"a":0,"id":"11008","name":"Sinclair","desc":"Sinclair’s 8th Identity","title":"Cinq Assoc.\nSouth Section 4 Director","acquisitionMethod":"Unknown","oneLineTitle":""},
  "11106": {"a":0,"id":"11106","name":"Outis","desc":"Outis's 6th Identity","title":"Cinq Assoc.\nSouth Section 4","acquisitionMethod":"Unknown","oneLineTitle":""},
  "11107": {"a":0,"id":"11107","name":"Outis","desc":"Outis's 7th Identity","title":"Lobotomy E.G.O::Magic Bullet","acquisitionMethod":"Unknown","oneLineTitle":""},
  "10307": {"a":0,"id":"10307","name":"Don Quixote","desc":"Don Quixote’s 7th Identity","title":"Lobotomy E.G.O::Lantern","acquisitionMethod":"Unknown","oneLineTitle":""},
  "10608": {"a":0,"id":"10608","name":"Hong Lu","desc":"Hong Lu's 8th Identity","title":"Dieci Assoc.\nSouth Section 4","acquisitionMethod":"Unknown","oneLineTitle":""},
  "10108": {"a":0,"id":"10108","name":"Yi Sang","desc":"Yi Sang's 8th Identity","title":"Dieci Assoc.\nSouth Section 4","acquisitionMethod":"Unknown","oneLineTitle":""},
  "10808": {"a":0,"id":"10808","name":"Ishmael","desc":"Ishmael’s 8th Identity","title":"The Pequod\nCaptain","acquisitionMethod":"Unknown","oneLineTitle":""},
  "10508": {"a":0,"id":"10508","name":"Meursault","desc":"Meursault’s 8th Identity","title":"Blade Lineage\nMentor","acquisitionMethod":"Unknown","oneLineTitle":""},
  "10208": {"a":0,"id":"10208","name":"Faust","desc":"Faust’s 8th Identity","title":"Blade Lineage\nSalsu","acquisitionMethod":"Unknown","oneLineTitle":""},
  "10308": {"a":0,"id":"10308","name":"Don Quixote","desc":"Don Quixote’s 8th Identity","title":"Blade Lineage\nSalsu","acquisitionMethod":"Unknown","oneLineTitle":""},
  "11208": {"a":0,"id":"11208","name":"Gregor","desc":"Gregor's 8th Identity","title":"Kurokumo Clan\nCaptain","acquisitionMethod":"Unknown","oneLineTitle":""},
  "10908": {"a":0,"id":"10908","name":"Rodion","desc":"Rodion's 8th Identity","title":"Liu Assoc.\nSouth Section 4 Director","acquisitionMethod":"Unknown","oneLineTitle":""},
  "10407": {"a":0,"id":"10407","name":"Ryōshū","desc":"Ryōshū's 7th Identity","title":"Liu Assoc.\nSouth Section 4","acquisitionMethod":"Unknown","oneLineTitle":""},
  "10708": {"a":0,"id":"10708","name":"Heathcliff","desc":"Heathcliff's 8th Identity","title":"Öufi Assoc.\nSouth Section 3","acquisitionMethod":"Unknown","oneLineTitle":""},
  "11108": {"a":0,"id":"11108","name":"Outis","desc":"Outis's 8th Identity","title":"Wuthering Heights\nChief Butler","acquisitionMethod":"Unknown","oneLineTitle":""},
  "10509": {"a":0,"id":"10509","name":"Meursault","desc":"Meursault’s 9th Identity","title":"Dead Rabbits\nBoss","acquisitionMethod":"Unknown","oneLineTitle":""},
  "11209": {"a":0,"id":"11209","name":"Gregor","desc":"Gregor's 9th Identity","title":"Edgar Family\nHeir","acquisitionMethod":"Unknown","oneLineTitle":""},
  "10209": {"a":0,"id":"10209","name":"Faust","desc":"Faust's 9th Identity","title":"Wuthering Heights\nButler","acquisitionMethod":"Unknown","oneLineTitle":""},
  "9999": {"a":0,"id":"9999","name":"Vergilius","desc":"","title":"The Red Gaze","acquisitionMethod":"Unknown","oneLineTitle":""},
  "10408": {"a":0,"id":"10408","name":"Ryōshū","desc":"Ryōshū's 8th Identity","title":"Edgar Family\nChief Butler","acquisitionMethod":"Unknown","oneLineTitle":""},
  "10809": {"a":0,"id":"10809","name":"Ishmael","desc":"Ishmael’s 9th Identity","title":"Edgar Family\nButler","acquisitionMethod":"Unknown","oneLineTitle":""},
  "11009": {"a":0,"id":"11009","name":"Sinclair","desc":"Sinclair's 9th Identity","title":"Dawn Office\nFixer","acquisitionMethod":"Unknown","oneLineTitle":""},
  "10109": {"a":0,"id":"10109","name":"Yi Sang","desc":"Yi Sang's 9th Identity","title":"The Ring Pointillist\nStudent","acquisitionMethod":"Unknown","oneLineTitle":""},
  "11109": {"a":0,"id":"11109","name":"Outis","desc":"Outis's 9th Identity","title":"The Ring Pointillist\nStudent","acquisitionMethod":"Unknown","oneLineTitle":""},
  "10609": {"a":0,"id":"10609","name":"Hong Lu","desc":"Hong Lu's 9th Identity","title":"District 20\nYurodivy","acquisitionMethod":"Unknown","oneLineTitle":""},
  "10409": {"a":0,"id":"10409","name":"Ryōshū","desc":"Ryōshū's 9th Identity","title":"District 20\nYurodivy","acquisitionMethod":"Unknown","oneLineTitle":""},
  "10309": {"a":0,"id":"10309","name":"Don Quixote","desc":"Don Quixote’s 9th Identity","title":"T Corp. Class 3\nCollection Staff","acquisitionMethod":"Unknown","oneLineTitle":""},
  "10909": {"a":0,"id":"10909","name":"Rodion","desc":"Rodion's 9th Identity","title":"T Corp. Class 2\nCollection Staff","acquisitionMethod":"Unknown","oneLineTitle":""},
  "10510": {"a":0,"id":"10510","name":"Meursault","desc":"Meursault’s 10th Identity","title":"Dieci Assoc.\nSouth Section 4 Director","acquisitionMethod":"Unknown","oneLineTitle":""},
  "11110": {"a":0,"id":"11110","name":"Outis","desc":"Outis’s 10th Identity","title":"W Corp. L3\nCleanup Captain","acquisitionMethod":"Unknown","oneLineTitle":""},
  "10210": {"a":0,"id":"10210","name":"Faust","desc":"Faust's 10th Identity","title":"MultiCrack Office\nRep","acquisitionMethod":"Unknown","oneLineTitle":""},
  "10709": {"a":0,"id":"10709","name":"Heathcliff","desc":"Heathcliff's 9th Identity","title":"MultiCrack Office\nFixer","acquisitionMethod":"Unknown","oneLineTitle":""},
  "10710": {"a":0,"id":"10710","name":"Heathcliff","desc":"Heathcliff’s 10th Identity","title":"Wild Hunt","acquisitionMethod":"Unknown","oneLineTitle":""},
  "10110": {"a":0,"id":"10110","name":"Yi Sang","desc":"Yi Sang's 10th Identity","title":"Lobotomy E.G.O::\nSolemn Lament","acquisitionMethod":"Unknown","oneLineTitle":""},
  "10410": {"a":0,"id":"10410","name":"Ryōshū","desc":"Ryōshū's 10th Identity","title":"Lobotomy E.G.O::\nRed Eyes &\nPenitence","acquisitionMethod":"Unknown","oneLineTitle":""},
  "10910": {"a":0,"id":"10910","name":"Rodion","desc":"Rodion's 10th Identity","title":"Devyat' Assoc.\nNorth Section 3","acquisitionMethod":"Unknown","oneLineTitle":""},
  "1000110": {"a":0,"id":"1010008","name":"Yi Sang","desc":"Yi Sang's 11th Identity","title":"Dieci Assoc.\nSouth Section 3","acquisitionMethod":"Unknown","oneLineTitle":""},
  "1000510": {"a":0,"id":"1000510","name":"Meursault","desc":"Meursault’s 11th Identity","title":"Dieci Assoc.\nSouth Section 3 Director","acquisitionMethod":"Unknown","oneLineTitle":""},
  "100702": {"a":0,"id":"100702","name":"Heathcliff","desc":"Heathcliff’s 12th Identity","title":"Shi Assoc.\nSouth Section 3","acquisitionMethod":"Unknown","oneLineTitle":""},
  "1000803": {"a":0,"id":"1000803","name":"Ishmael","desc":"Ishmael’s 10th Identity","title":"Shi Assoc.\nSouth Section 3","acquisitionMethod":"Unknown","oneLineTitle":""},
  "100303": {"a":0,"id":"100303","name":"Don Quixote","desc":"Don Quixote’s 10th Identity","title":"Shi Assoc.\nSouth Section 3 Director","acquisitionMethod":"Unknown","oneLineTitle":""},
  "100422": {"a":0,"id":"100422","name":"Ryōshū","desc":"Ryōshū's 11th Identity","title":"The Purple Tear - Slash Stance","acquisitionMethod":"Unknown","oneLineTitle":""},
  "110009": {"a":0,"id":"110009","name":"Sinclair","desc":"Sinclair’s 10th Identity","title":"Zwei Assoc.\nSouth Section 1","acquisitionMethod":"Unknown","oneLineTitle":""},
  "10215": {"a":0,"id":"10215","name":"Faust","desc":"Faust's 11th Identity","title":"Liu Assoc.\nSouth Section 3","acquisitionMethod":"Unknown","oneLineTitle":""},
  "1000607": {"a":0,"id":"1000607","name":"Hong Lu","desc":"Hong Lu's 10th Identity","title":"MultiCrack Office\nFixer","acquisitionMethod":"Unknown","oneLineTitle":""},
  "107003": {"a":0,"id":"107003","name":"Heathcliff","desc":"Heathcliff’s 13th Identity","title":"QUICKEST SUPPRESSION","acquisitionMethod":"Unknown","oneLineTitle":""},
  "112010": {"a":0,"id":"112010","name":"Gregor","desc":"Gregor’s 10th Identity","title":"R.B.\nSous-chef","acquisitionMethod":"Unknown","oneLineTitle":""},
  "10520": {"a":0,"id":"10520","name":"Meursault","desc":"Meursault’s 11th Identity","title":"Dead Rabbits\nBoss","acquisitionMethod":"Unknown","oneLineTitle":""},
  "10000710": {"a":0,"id":"10000710","name":"Heathcliff","desc":"Heathcliff's 11th Identity","title":"The Middle\nBig Brother","acquisitionMethod":"Unknown","oneLineTitle":""}
}