{
  "OnSucceedAttack": {"a":0,"id":"OnSucceedAttack","name":"[On Hit]"},
  "WhenUse": {"a":0,"id":"WhenUse","name":"[On Use]"},
  "WinDuel": {"a":0,"id":"WinDuel","name":"[Clash Win]"},
  "BeforeAttack": {"a":0,"id":"BeforeAttack","name":"[Before Attack]"},
  "Wide": {"a":0,"id":"Wide","name":"[AoE]"},
  "nxPostLine": {"a":0,"id":"nxPostLine","name":"[{n} in Front]"},
  "nxCenterLine": {"a":0,"id":"nxCenterLine","name":"[{n} in Middle]"},
  "nxBackLine": {"a":0,"id":"nxBackLine","name":"[{n} in Back]"},
  "CantIdentify": {"a":0,"id":"CantIdentify","name":"[Indiscriminate]"},
  "CRIMSON": {"a":0,"id":"CRIMSON","name":"Crimson"},
  "SCARLET": {"a":0,"id":"SCARLET","name":"Scarlet"},
  "AMBER": {"a":0,"id":"AMBER","name":"Amber"},
  "SHAMROCK": {"a":0,"id":"SHAMROCK","name":"Shamrock"},
  "AZURE": {"a":0,"id":"AZURE","name":"Azure"},
  "INDIGO": {"a":0,"id":"INDIGO","name":"Indigo"},
  "VIOLET": {"a":0,"id":"VIOLET","name":"Violet"},
  "WHITE": {"a":0,"id":"WHITE","name":"White"},
  "BLACK": {"a":0,"id":"BLACK","name":"Black"},
  "EndSkill": {"a":0,"id":"EndSkill","name":"[After Attack]"},
  "StartBattle": {"a":0,"id":"StartBattle","name":"[Combat Start]"},
  "DefeatDuel": {"a":0,"id":"DefeatDuel","name":"[Clash Lose]"},
  "OnSucceedAttackHead": {"a":0,"id":"OnSucceedAttackHead","name":"[Heads Hit]"},
  "OnSucceedAttackTail": {"a":0,"id":"OnSucceedAttackTail","name":"[Tails Hit]"},
  "OnSucceedEvade": {"a":0,"id":"OnSucceedEvade","name":"[On Evade]"},
  "AlwaysUse": {"a":0,"id":"AlwaysUse","name":"[Constant]"},
  "CantDuel": {"a":0,"id":"CantDuel","name":"[Unclashable]"},
  "EnemyKill": {"a":0,"id":"EnemyKill","name":"[On Kill]"},
  "EnemyKillFail": {"a":0,"id":"EnemyKillFail","name":"[Failed Kill]"},
  "ReUse": {"a":0,"id":"ReUse","name":"[On Reuse]"},
  "ReUseOnSucceedAttackHead": {"a":0,"id":"ReUseOnSucceedAttackHead","name":"[Reuse - Heads Hit]"},
  "CriticalOnSucceedAttack": {"a":0,"id":"CriticalOnSucceedAttack","name":"[On Crit]"},
  "StartDuel": {"a":0,"id":"StartDuel","name":"[Clash Start]"},
  "EndBattle": {"a":0,"id":"EndBattle","name":"[Turn End]"},
  "OnDefeatEvade": {"a":0,"id":"OnDefeatEvade","name":"[Failed Evade]"},
  "EndSkillHead": {"a":0,"id":"EndSkillHead","name":"[Heads Attack End]"},
  "EndSkillTail": {"a":0,"id":"EndSkillTail","name":"[Tails Attack End]"},
  "WinDuelAttackHead": {"a":0,"id":"WinDuelAttackHead","name":"[Heads Hit after Clash Win]"},
  "WinDuelAttack": {"a":0,"id":"WinDuelAttack","name":"[Hit after Clash Win]"},
  "CriticalActivated": {"a":0,"id":"CriticalActivated","name":"[On Crit]"},
  "CriticalEndSkill": {"a":0,"id":"CriticalEndSkill","name":"[Crit Attack End]"},
  "CantChangeTarget": {"a":0,"id":"CantChangeTarget","name":"[Target Fixed]"},
  "TurnStartBattle": {"a":0,"id":"TurnStartBattle","name":"[Turn Start]"},
  "EndSkillAll": {"a":0,"id":"EndSkillAll","name":"[Skill End]"},
  "WhenUse_Force": {"a":0,"id":"WhenUse_Force","name":"<color=#26cfff>[On Use]</color>"},
  "StartBattle_Force": {"a":0,"id":"StartBattle_Force","name":"<color=#93f13e>[Combat Start]</color>"},
  "TargetKill": {"a":0,"id":"TargetKill","name":"[On Target Kill]"},
  "CriticalTargetKill": {"a":0,"id":"CriticalTargetKill","name":"[On Crit Kill]"},
  "BeforeUse": {"a":0,"id":"BeforeUse","name":"[Before Use]"},
  "DuelCounter": {"a":0,"id":"DuelCounter","name":"[Clashable Counter]"}
}