{
  "chapter_d_100": {"a":0,"id":"chapter_d_100","company":"D Corp.","area":"District 4","chaptertitle":"Selva Oscura","chapter":"Prologue","chapterNumber":"00","timeline":"984-01"},
  "chapter_d_101": {"a":0,"id":"chapter_d_101","company":"D Corp.","area":"District 4","chaptertitle":"The Outcast","chapter":"Canto I","chapterNumber":"01","timeline":"984-01"},
  "chapter_j_102": {"a":0,"id":"chapter_j_102","company":"J Corp.","area":"District 10","chaptertitle":"The Unloving","chapter":"Canto II","chapterNumber":"02","timeline":"984-01"},
  "chapter_k_103": {"a":0,"id":"chapter_k_103","company":"K Corp.","area":"District 11","chaptertitle":"The Unconfronting","chapter":"Canto III","chapterNumber":"03","timeline":"984-02"},
  "chapter_k_9103": {"a":0,"id":"chapter_k_9103","company":"K Corp.","area":"District 11","chaptertitle":"Hell’s Chicken","chapter":"Intervallo I","chapterNumber":"3.5","timeline":"984-03"},
  "chapter_k_104": {"a":0,"id":"chapter_k_104","company":"K Corp.","area":"District 11","chaptertitle":"The Unchanging","chapter":"Canto IV","chapterNumber":"04","timeline":"984-05"},
  "chapter_u_9104": {"a":0,"id":"chapter_u_9104","company":"U Corp.","area":"District 21","chaptertitle":"S.E.A.","chapter":"Intervallo II","chapterNumber":"4.5","timeline":"984-05"},
  "chapter_u_105": {"a":0,"id":"chapter_u_105","company":"U Corp.","area":"District 21","chaptertitle":"The Evil Defining","chapter":"Canto V","chapterNumber":"05","timeline":"984-07"},
  "chapter_u_9105": {"a":0,"id":"chapter_u_9105","company":"U Corp.","area":"District 21","chaptertitle":"Miracle in District 20","chapter":"Intervallo III","chapterNumber":"5.5","timeline":"984-08"},
  "chapter_u_9106": {"a":0,"id":"chapter_u_9106","company":"U Corp.","area":"District 21","chaptertitle":"The 2nd Walpurgis Night","chapter":"","chapterNumber":"","timeline":"984-09"},
  "chapter_t_9107": {"a":0,"id":"chapter_t_9107","company":"T Corp.","area":"District 20","chaptertitle":"Yield My Flesh\nto Claim Their Bones","chapter":"Intervallo III","chapterNumber":"5.5","timeline":"984-10"},
  "chapter_t_106": {"a":0,"id":"chapter_t_106","company":"T Corp.","area":"District 20","chaptertitle":"The Heartbreaking","chapter":"Canto VI","chapterNumber":"06","timeline":"984-11"},
  "chapter_t_9108": {"a":0,"id":"chapter_t_9108","company":"T Corp.","area":"District 20","chaptertitle":"The 3rd Walpurgis Night","chapter":"","chapterNumber":"","timeline":"984-11"},
  "chapter_t_9109": {"a":0,"id":"chapter_t_9109","company":"T Corp.","area":"District 20","chaptertitle":"Timekilling Time","chapter":"Intervallo IV","chapterNumber":"6.5","timeline":"984-11"},
  "chapter_t_9110": {"a":0,"id":"chapter_t_9110","company":"T Corp.","area":"District 20","chaptertitle":"Murder on the\nWARP Express","chapter":"Intervallo IV","chapterNumber":"6.5","timeline":"984-11"},
  "chapter_p_9111": {"a":0,"id":"chapter_p_9111","company":"P Corp.","area":"District 16","chaptertitle":"The 4th Walpurgis Night","chapter":"","chapterNumber":"","timeline":"984-11"}
}