{
  "CHAPTER_100": {"a":0,"id":"CHAPTER_100","title":"Selva Oscura","desc":"I stood in the middle of a black forest,\nmy reasons and past all lost to me.\nAll I had was a clock that replaced my head,\nand a bus that emerged from the woods."},
  "CHAPTER_101": {"a":0,"id":"CHAPTER_101","title":"The Outcast","desc":"I was given the role of Manager.\nMy Guide instructed me to find a branch of gold, to which my head nodded.\nUnknowingly,\nI walked face-first into one of nightmares."},
  "CHAPTER_102": {"a":0,"id":"CHAPTER_102","title":"The Unloving","desc":"Trespassers took the Golden Bough.\nSighing, the Guide offered another chance.\nDetermined to succeed this time,\nwe marched into a world\nof pleasure and ice."},
  "CHAPTER_103": {"a":0,"id":"CHAPTER_103","title":"The Unconfronting","desc":"Curtains close on a blithe yet chilling comedy.\nAfterward, I could vaguely sense\nthat a tragedy lies in wait.\nThe bus rumbled along.\nIn the window, I saw fall a silent night."},
  "CHAPTER_104": {"a":0,"id":"CHAPTER_104","title":"The Unchanging","desc":"We received our first request.\nThe excitement was short-lived as we watched chaos unfold in the middle of K Corp's Nest.\nTime is winded as usual, and a pair of downcast eyes catch my attention."},
  "STORY_10111": {"a":0,"id":"STORY_10111","title":"District 4 Branch Facility","desc":""},
  "STORY_10219": {"a":0,"id":"STORY_10219","title":"District 10 Branch Facility","desc":""},
  "STORY_10322": {"a":0,"id":"STORY_10322","title":"District 11 Branch Facility","desc":""},
  "STORY_10454": {"a":0,"id":"STORY_10454","title":"Reminisced Fathoms of Ego","desc":""},
  "CHAPTER_105": {"a":0,"id":"CHAPTER_105","title":"The Evil Defining","desc":"Amidst the conflict that knew no end,\nWe set sail on the Great Lake.\nInto its ineffable Waves,\nInto the flames of a certain wrath."},
  "STORY_10539": {"a":0,"id":"STORY_10539","title":"Into the Dark","desc":""},
  "CHAPTER_106": {"a":0,"id":"CHAPTER_106","title":"The Heartbreaking","desc":"The colors are fading,\nand a storm is approaching.\nBeyond the glass windows,\nwe see the wuthering heights."},
  "STORY_910309": {"a":0,"id":"STORY_910309","title":"A Restaurateur’s Mild Fathoms","desc":""},
  "EventTitleText_9010": {"a":0,"id":"EventTitleText_9010","title":"Dante’s Notes","desc":""},
  "STORY_901001": {"a":0,"id":"STORY_901001","title":"Dante’s Records","desc":""},
  "STORY_901002": {"a":0,"id":"STORY_901002","title":"Bus’s Backdoor","desc":""},
  "STORY_901003": {"a":0,"id":"STORY_901003","title":"Beyond the Bus’s Corridor","desc":""},
  "EventTitleText_9011": {"a":0,"id":"EventTitleText_9011","title":"Rooms Past the Backdoor","desc":""},
  "STORY_901004": {"a":0,"id":"STORY_901004","title":"Rooms Past the Backdoor","desc":""},
  "STORY_901005": {"a":0,"id":"STORY_901005","title":"The 1st Walpurgis Night","desc":""},
  "EventTitleText_9012": {"a":0,"id":"EventTitleText_9012","title":"A Notable Change","desc":""},
  "STORY_901201": {"a":0,"id":"STORY_901201","title":"A Notable Change","desc":""},
  "EventTitleText_9013": {"a":0,"id":"EventTitleText_9013","title":"The 2nd Walpurgis Night","desc":""},
  "STORY_901301": {"a":0,"id":"STORY_901301","title":"The Dawn of Green","desc":""},
  "STORY_901302": {"a":0,"id":"STORY_901302","title":"Ordeal","desc":""},
  "EventTitleText_9014": {"a":0,"id":"EventTitleText_9014","title":"Back to the Bus.","desc":""},
  "STORY_901401": {"a":0,"id":"STORY_901401","title":"Back to the Bus.","desc":""},
  "STORY_910712": {"a":0,"id":"STORY_910712","title":"A Blade Fiend's Fathoms","desc":""},
  "EventTitleText_9015": {"a":0,"id":"EventTitleText_9015","title":"Risk Levels & Classifications","desc":""},
  "STORY_901501": {"a":0,"id":"STORY_901501","title":"Risk Levels & Classifications","desc":""},
  "EventTitleText_9016": {"a":0,"id":"EventTitleText_9016","title":"The 3rd Walpurgis Night","desc":""},
  "STORY_901601": {"a":0,"id":"STORY_901601","title":"The Night Returns","desc":""},
  "STORY_901602": {"a":0,"id":"STORY_901602","title":"Fairy Festival","desc":""},
  "STORY_910915": {"a":0,"id":"STORY_910915","title":"The Final Problem","desc":""},
  "EventTitleText_9017": {"a":0,"id":"EventTitleText_9017","title":"A Familiar Siren","desc":""},
  "STORY_901701": {"a":0,"id":"STORY_901701","title":"A Familiar Siren","desc":""},
  "EventTitleText_9018": {"a":0,"id":"EventTitleText_9018","title":"The 4th Walpurgis Night","desc":""},
  "STORY_901801": {"a":0,"id":"STORY_901801","title":"Ordeal of Violet","desc":""},
  "STORY_901802": {"a":0,"id":"STORY_901802","title":"Grant Us Love","desc":""}
}