{
  "1": {"a":0,"id":"1","name":"Season 1 Celebratory Banner","desc":"Obtained at Season 1 Free Pass Level 1","flavor":"Unknown"},
  "2": {"a":0,"id":"2","name":"Season 1 Completion Banner","desc":"Obtained at Season 1 Limbus Pass Level 60","flavor":"Unknown"},
  "3": {"a":0,"id":"3","name":"Proof of Diligent Attendance","desc":"Obtained from the New-hire’s Attendance Rewards event.","flavor":"Unknown"},
  "4": {"a":0,"id":"4","name":"Kind Manager","desc":"Obtained from the New-hire’s Attendance Rewards event.","flavor":"Unknown"},
  "5": {"a":0,"id":"5","name":"Refraction Railway Line 1 Basic Banner","desc":"Obtained by clearing Station 13 of Refraction Railway Line 1.","flavor":"Unknown"},
  "6": {"a":0,"id":"6","name":"Refraction Railway Line 1 Decorated Banner","desc":"Obtained by clearing Station 13 of Refraction Railway Line 1 under 120 Total Turns.","flavor":"Unknown"},
  "7": {"a":0,"id":"7","name":"Refraction Railway Line 1 Embellished Banner","desc":"Obtained by clearing Station 13 of Refraction Railway Line 1 under 120 Total Turns during the first two weeks of the event.","flavor":"Unknown"},
  "8": {"a":0,"id":"8","name":"Hell’s Chicken","desc":"Obtained from the Hell’s Chicken event.","flavor":"Unknown"},
  "9": {"a":0,"id":"9","name":"To My Mother…","desc":"Obtained from the Hell’s Chicken event.","flavor":"Unknown"},
  "10": {"a":0,"id":"10","name":"Season 2 Celebratory Banner","desc":"Obtained at Season 2 Free Pass Level 1","flavor":"Unknown"},
  "11": {"a":0,"id":"11","name":"Season 2 Completion Banner","desc":"Obtained at Season 2 Limbus Pass Level 60","flavor":"Unknown"},
  "12": {"a":0,"id":"12","name":"S.E.A Event Ornamental Banner","desc":"Obtained from the S.E.A event.","flavor":"Unknown"},
  "13": {"a":0,"id":"13","name":"Refraction Railway Line 2 Basic Banner","desc":"Obtained by clearing Line 2 with 3 or more Cycle Counts","flavor":"Unknown"},
  "14": {"a":0,"id":"14","name":"Refraction Railway Line 2 Decorated Banner","desc":"Obtained by clearing Line 2 with 5 or more Cycle Counts","flavor":"Unknown"},
  "15": {"a":0,"id":"15","name":"Refraction Railway Line 2 Embellished Banner","desc":"Obtained by clearing Line 2 with 5 or more Cycle Counts and under 200 Total Turns","flavor":"Unknown"},
  "16": {"a":0,"id":"16","name":"Special Refraction Railway Line 2 Basic Banner","desc":"Obtained by clearing Line 2 with 3 or more Cycle Counts before Season 2: Reminiscence ends","flavor":"Unknown"},
  "17": {"a":0,"id":"17","name":"Special Refraction Railway Line 2 Decorated Banner","desc":"Obtained by clearing Line 2 with 5 or more Cycle Counts before Season 2: Reminiscence ends","flavor":"Unknown"},
  "18": {"a":0,"id":"18","name":"Special Refraction Railway Line 2 Embellished Banner","desc":"Obtained by clearing Line 2 with 5 or more Cycle Counts and 200 or less Total Turns before Season 2: Reminiscence ends","flavor":"Unknown"},
  "19": {"a":0,"id":"19","name":"Special Refraction Railway Line 2 Distinguished Banner","desc":"Obtained by clearing Line 2 with 5 or more Cycles and under 150 Total Turns before the end of Season 2: Reminiscence (Must be a record made after 2023.09.15 20:15(KST))","flavor":"Unknown"},
  "20": {"a":0,"id":"20","name":"Season 3 Celebratory Banner","desc":"Obtained at Season 3 Free Pass Level 1","flavor":"Unknown"},
  "21": {"a":0,"id":"21","name":"Season 3 Completion Banner","desc":"Obtained at Season 3 Limbus Pass Level 120","flavor":"Unknown"},
  "22": {"a":0,"id":"22","name":"Season 3 Limbus Pass Package Special Banner","desc":"Obtained from Season 3 Limbus Pass Package","flavor":"Unknown"},
  "23": {"a":0,"id":"23","name":"Miracle in District 20","desc":"Obtained from the Miracle in District 20 Event","flavor":"Unknown"},
  "24": {"a":0,"id":"24","name":"Miracle in District 20 - Special Banner","desc":"Obtained from the Miracle in District 20 Event","flavor":"Unknown"},
  "25": {"a":0,"id":"25","name":"2024 - Dawn of Green","desc":"Obtained from the 2nd Walpurgis Night Event","flavor":"Unknown"},
  "26": {"a":0,"id":"26","name":"Refraction Railway Line 3 Basic Banner","desc":"Obtained by clearing the Terminus of Refraction Railway Line 3","flavor":"Unknown"},
  "27": {"a":0,"id":"27","name":"Special Refraction Railway Line 3 Basic Banner","desc":"Obtained by clearing the Terminus of Line 3 with 100 Turns or less Total Turns before Season 3: Bon Voyage ends","flavor":"Unknown"},
  "28": {"a":0,"id":"28","name":"Yield My Flesh to Claim Their Bones","desc":"Obtained from the 'Yield My Flesh to Claim Their Bones' event","flavor":"Unknown"},
  "29": {"a":0,"id":"29","name":"Yield My Flesh to Claim Their Bones - Special Banner","desc":"Obtained from the 'Yield My Flesh to Claim Their Bones' event","flavor":"Unknown"},
  "30": {"a":0,"id":"30","name":"Limbus Company\n1st Anniversary Banner","desc":"Obtained from the 1st Anniversary event","flavor":"Unknown"},
  "31": {"a":0,"id":"31","name":"Season 4 Celebratory Banner","desc":"Obtained at Season 4 Free Pass Level 1","flavor":"Unknown"},
  "32": {"a":0,"id":"32","name":"Season 4 Completion Banner","desc":"Obtained at Season 4 Limbus Pass Level 120","flavor":"Unknown"},
  "33": {"a":0,"id":"33","name":"Season 4 Limbus Package Special Banner","desc":"Obtained from Season 4 Limbus Pass Package","flavor":"Unknown"},
  "34": {"a":0,"id":"34","name":"Season 4 Limbus Package Special Banner II","desc":"Obtained from Season 4 Limbus Pass Package","flavor":"Unknown"},
  "35": {"a":0,"id":"35","name":"Library of Ruina","desc":"Obtained from entering Library of Ruina special bonus coupon code","flavor":"Unknown"},
  "36": {"a":0,"id":"36","name":"Dawn Office","desc":"Obtained from the 3rd Walpurgis Night Event","flavor":"Unknown"},
  "37": {"a":0,"id":"37","name":"Timekilling Time","desc":"Obtained from the Timekilling Time event","flavor":"Unknown"},
  "38": {"a":0,"id":"38","name":"Timekilling Time - Special Banner","desc":"Obtained from the Timekilling Time event","flavor":"Unknown"},
  "39": {"a":0,"id":"39","name":"Refraction Railway Line 4 Banner","desc":"Obtained by clearing Section #4 of Refraction Railway Line 4","flavor":"Unknown"},
  "40": {"a":0,"id":"40","name":"Special Refraction Railway Line 4 Banner","desc":"Obtained by clearing Section #4 of Line 4 with 100 Turns or fewer Total Turns before Season 4: Clear All Cathy ends","flavor":"Unknown"},
  "41": {"a":0,"id":"41","name":"Murder on the WARP Express","desc":"Obtained from the Murder on the WARP Express event","flavor":"Unknown"},
  "42": {"a":0,"id":"42","name":"Murder on the WARP Express - Special Banner","desc":"Obtained from the Murder on the WARP Express event","flavor":"Unknown"},
  "43": {"a":0,"id":"43","name":"Noon of Violet","desc":"Obtained from the 4th Walpurgis Night event","flavor":"Unknown"}
}