{
  "list": [
    {
      "id": 2,
      "isCurrentForUI": false,
      "isExRewardAcquirable": true,
      "limbusExRewardAcquireType": "COLLECT_AFTER_LIMBUS_PURCHASED",
      "exRewardStartDate": "2023-06-15T03:00:00.000Z",
      "passSeasonInfo": {
        "startDate": "2023-06-01T03:00:00.000Z",
        "endDate": "2023-11-15T21:00:00.000Z",
        "banner": "banner_battlepass2",
        "acquirableEgoIds": [
          20504,
          20703,
          21204,
          20804,
          21104,
          20104
        ],
        "acquirableAnnouncerIds": [
          4,
          5,
          6
        ]
      },
      "passRewardsInfo": {
        "maxLevel": 60,
        "requiredExp": 10,
        "levelPurchasePayment": {
          "requiredItemId": 1,
          "requiredNum": 300
        },
        "partitions": [
          {
            "index": 0,
            "partialStartDate": "2023-06-01T03:00:00.000Z",
            "partialMaxLevel": 20
          },
          {
            "index": 1,
            "partialStartDate": "2023-06-08T03:00:00.000Z",
            "partialMaxLevel": 40
          },
          {
            "index": 2,
            "partialStartDate": "2023-06-15T03:00:00.000Z",
            "partialMaxLevel": 60
          }
        ],
        "rewardInfoList": [
          {
            "level": 1,
            "defaultRewardList": [
              {
                "type": "USERBANNER",
                "id": 10,
                "num": 1
              }
            ],
            "limbusRewardList": [
              {
                "type": "ITEM",
                "id": 212,
                "num": 4
              },
              {
                "type": "ITEM",
                "id": 1102,
                "num": 10
              }
            ]
          },
          {
            "level": 2,
            "defaultRewardList": [
              {
                "type": "ITEM",
                "id": 1202,
                "num": 20
              }
            ],
            "limbusRewardList": [
              {
                "type": "ITEM",
                "id": 201,
                "num": 10
              },
              {
                "type": "ITEM",
                "id": 11,
                "num": 3
              }
            ]
          },
          {
            "level": 3,
            "defaultRewardList": [
              {
                "type": "ITEM",
                "id": 212,
                "num": 5
              }
            ],
            "limbusRewardList": [
              {
                "type": "ITEM",
                "id": 11,
                "num": 3
              }
            ]
          },
          {
            "level": 4,
            "defaultRewardList": [
              {
                "type": "ITEM",
                "id": 201,
                "num": 10
              }
            ],
            "limbusRewardList": [
              {
                "type": "ITEM",
                "id": 212,
                "num": 4
              },
              {
                "type": "ITEM",
                "id": 201,
                "num": 10
              }
            ]
          },
          {
            "level": 5,
            "defaultRewardList": [
              {
                "type": "ITEM",
                "id": 1102,
                "num": 20
              }
            ],
            "limbusRewardList": [
              {
                "type": "ITEM",
                "id": 2,
                "num": 300
              }
            ]
          },
          {
            "level": 6,
            "defaultRewardList": [
              {
                "type": "ITEM",
                "id": 11,
                "num": 3
              }
            ],
            "limbusRewardList": [
              {
                "type": "ITEM",
                "id": 201,
                "num": 10
              },
              {
                "type": "ITEM",
                "id": 212,
                "num": 4
              }
            ]
          },
          {
            "level": 7,
            "defaultRewardList": [
              {
                "type": "ITEM",
                "id": 212,
                "num": 5
              }
            ],
            "limbusRewardList": [
              {
                "type": "ITEM",
                "id": 301,
                "num": 1
              }
            ]
          },
          {
            "level": 8,
            "defaultRewardList": [
              {
                "type": "ITEM",
                "id": 1202,
                "num": 20
              }
            ],
            "limbusRewardList": [
              {
                "type": "ITEM",
                "id": 221,
                "num": 1
              },
              {
                "type": "ITEM",
                "id": 201,
                "num": 10
              }
            ]
          },
          {
            "level": 9,
            "defaultRewardList": [
              {
                "type": "ITEM",
                "id": 201,
                "num": 15
              }
            ],
            "limbusRewardList": [
              {
                "type": "ITEM",
                "id": 1102,
                "num": 15
              },
              {
                "type": "ITEM",
                "id": 212,
                "num": 4
              }
            ]
          },
          {
            "level": 10,
            "defaultRewardList": [
              {
                "type": "EGO",
                "id": 20504,
                "num": 1
              }
            ],
            "limbusRewardList": [
              {
                "type": "ITEM",
                "id": 2,
                "num": 300
              }
            ]
          },
          {
            "level": 11,
            "defaultRewardList": [
              {
                "type": "ITEM",
                "id": 301,
                "num": 1
              }
            ],
            "limbusRewardList": [
              {
                "type": "ITEM",
                "id": 212,
                "num": 6
              },
              {
                "type": "ITEM",
                "id": 1202,
                "num": 5
              }
            ]
          },
          {
            "level": 12,
            "defaultRewardList": [
              {
                "type": "ITEM",
                "id": 1202,
                "num": 20
              }
            ],
            "limbusRewardList": [
              {
                "type": "ITEM",
                "id": 201,
                "num": 10
              },
              {
                "type": "ITEM",
                "id": 11,
                "num": 3
              }
            ]
          },
          {
            "level": 13,
            "defaultRewardList": [
              {
                "type": "ITEM",
                "id": 212,
                "num": 10
              }
            ],
            "limbusRewardList": [
              {
                "type": "ITEM",
                "id": 11,
                "num": 3
              }
            ]
          },
          {
            "level": 14,
            "defaultRewardList": [
              {
                "type": "ITEM",
                "id": 201,
                "num": 25
              }
            ],
            "limbusRewardList": [
              {
                "type": "ITEM",
                "id": 212,
                "num": 6
              },
              {
                "type": "ITEM",
                "id": 201,
                "num": 10
              }
            ]
          },
          {
            "level": 15,
            "defaultRewardList": [
              {
                "type": "ITEM",
                "id": 221,
                "num": 1
              }
            ],
            "limbusRewardList": [
              {
                "type": "ITEM",
                "id": 2,
                "num": 350
              }
            ]
          },
          {
            "level": 16,
            "defaultRewardList": [
              {
                "type": "ITEM",
                "id": 11,
                "num": 3
              }
            ],
            "limbusRewardList": [
              {
                "type": "ITEM",
                "id": 201,
                "num": 10
              },
              {
                "type": "ITEM",
                "id": 212,
                "num": 6
              }
            ]
          },
          {
            "level": 17,
            "defaultRewardList": [
              {
                "type": "ITEM",
                "id": 212,
                "num": 10
              }
            ],
            "limbusRewardList": [
              {
                "type": "ITEM",
                "id": 301,
                "num": 1
              }
            ]
          },
          {
            "level": 18,
            "defaultRewardList": [
              {
                "type": "ITEM",
                "id": 1202,
                "num": 20
              }
            ],
            "limbusRewardList": [
              {
                "type": "ITEM",
                "id": 221,
                "num": 1
              },
              {
                "type": "ITEM",
                "id": 201,
                "num": 10
              }
            ]
          },
          {
            "level": 19,
            "defaultRewardList": [
              {
                "type": "ITEM",
                "id": 2,
                "num": 150
              }
            ],
            "limbusRewardList": [
              {
                "type": "ITEM",
                "id": 1202,
                "num": 10
              },
              {
                "type": "ITEM",
                "id": 212,
                "num": 6
              }
            ]
          },
          {
            "level": 20,
            "defaultRewardList": [
              {
                "type": "ITEM",
                "id": 101,
                "num": 2
              }
            ],
            "limbusRewardList": [
              {
                "type": "ANNOUNCER",
                "id": 4,
                "num": 1
              },
              {
                "type": "EGO",
                "id": 20804,
                "num": 1
              }
            ]
          },
          {
            "level": 21,
            "defaultRewardList": [
              {
                "type": "ITEM",
                "id": 301,
                "num": 1
              }
            ],
            "limbusRewardList": [
              {
                "type": "ITEM",
                "id": 212,
                "num": 7
              },
              {
                "type": "ITEM",
                "id": 1102,
                "num": 15
              }
            ]
          },
          {
            "level": 22,
            "defaultRewardList": [
              {
                "type": "ITEM",
                "id": 1202,
                "num": 25
              }
            ],
            "limbusRewardList": [
              {
                "type": "ITEM",
                "id": 201,
                "num": 10
              },
              {
                "type": "ITEM",
                "id": 11,
                "num": 3
              }
            ]
          },
          {
            "level": 23,
            "defaultRewardList": [
              {
                "type": "ITEM",
                "id": 212,
                "num": 15
              }
            ],
            "limbusRewardList": [
              {
                "type": "ITEM",
                "id": 11,
                "num": 3
              }
            ]
          },
          {
            "level": 24,
            "defaultRewardList": [
              {
                "type": "ITEM",
                "id": 2,
                "num": 200
              }
            ],
            "limbusRewardList": [
              {
                "type": "ITEM",
                "id": 212,
                "num": 7
              },
              {
                "type": "ITEM",
                "id": 201,
                "num": 10
              }
            ]
          },
          {
            "level": 25,
            "defaultRewardList": [
              {
                "type": "ITEM",
                "id": 1102,
                "num": 25
              }
            ],
            "limbusRewardList": [
              {
                "type": "ITEM",
                "id": 2,
                "num": 350
              }
            ]
          },
          {
            "level": 26,
            "defaultRewardList": [
              {
                "type": "ITEM",
                "id": 11,
                "num": 6
              }
            ],
            "limbusRewardList": [
              {
                "type": "ITEM",
                "id": 201,
                "num": 10
              },
              {
                "type": "ITEM",
                "id": 212,
                "num": 8
              }
            ]
          },
          {
            "level": 27,
            "defaultRewardList": [
              {
                "type": "ITEM",
                "id": 212,
                "num": 15
              }
            ],
            "limbusRewardList": [
              {
                "type": "ITEM",
                "id": 301,
                "num": 2
              }
            ]
          },
          {
            "level": 28,
            "defaultRewardList": [
              {
                "type": "ITEM",
                "id": 1202,
                "num": 25
              }
            ],
            "limbusRewardList": [
              {
                "type": "ITEM",
                "id": 222,
                "num": 1
              },
              {
                "type": "ITEM",
                "id": 201,
                "num": 10
              }
            ]
          },
          {
            "level": 29,
            "defaultRewardList": [
              {
                "type": "ITEM",
                "id": 212,
                "num": 20
              }
            ],
            "limbusRewardList": [
              {
                "type": "ITEM",
                "id": 1102,
                "num": 15
              },
              {
                "type": "ITEM",
                "id": 212,
                "num": 8
              }
            ]
          },
          {
            "level": 30,
            "defaultRewardList": [
              {
                "type": "EGO",
                "id": 20703,
                "num": 1
              }
            ],
            "limbusRewardList": [
              {
                "type": "ITEM",
                "id": 101,
                "num": 2
              }
            ]
          },
          {
            "level": 31,
            "defaultRewardList": [
              {
                "type": "ITEM",
                "id": 301,
                "num": 2
              }
            ],
            "limbusRewardList": [
              {
                "type": "ITEM",
                "id": 213,
                "num": 1
              },
              {
                "type": "ITEM",
                "id": 1202,
                "num": 10
              }
            ]
          },
          {
            "level": 32,
            "defaultRewardList": [
              {
                "type": "ITEM",
                "id": 1202,
                "num": 30
              }
            ],
            "limbusRewardList": [
              {
                "type": "ITEM",
                "id": 201,
                "num": 10
              },
              {
                "type": "ITEM",
                "id": 11,
                "num": 6
              }
            ]
          },
          {
            "level": 33,
            "defaultRewardList": [
              {
                "type": "ITEM",
                "id": 213,
                "num": 2
              }
            ],
            "limbusRewardList": [
              {
                "type": "ITEM",
                "id": 11,
                "num": 6
              }
            ]
          },
          {
            "level": 34,
            "defaultRewardList": [
              {
                "type": "ITEM",
                "id": 2,
                "num": 300
              }
            ],
            "limbusRewardList": [
              {
                "type": "ITEM",
                "id": 213,
                "num": 1
              },
              {
                "type": "ITEM",
                "id": 201,
                "num": 10
              }
            ]
          },
          {
            "level": 35,
            "defaultRewardList": [
              {
                "type": "ITEM",
                "id": 101,
                "num": 2
              }
            ],
            "limbusRewardList": [
              {
                "type": "ANNOUNCER",
                "id": 5,
                "num": 1
              }
            ]
          },
          {
            "level": 36,
            "defaultRewardList": [
              {
                "type": "ITEM",
                "id": 11,
                "num": 6
              }
            ],
            "limbusRewardList": [
              {
                "type": "ITEM",
                "id": 201,
                "num": 10
              },
              {
                "type": "ITEM",
                "id": 213,
                "num": 1
              }
            ]
          },
          {
            "level": 37,
            "defaultRewardList": [
              {
                "type": "ITEM",
                "id": 213,
                "num": 2
              }
            ],
            "limbusRewardList": [
              {
                "type": "ITEM",
                "id": 301,
                "num": 2
              }
            ]
          },
          {
            "level": 38,
            "defaultRewardList": [
              {
                "type": "ITEM",
                "id": 1202,
                "num": 30
              }
            ],
            "limbusRewardList": [
              {
                "type": "ITEM",
                "id": 222,
                "num": 1
              },
              {
                "type": "ITEM",
                "id": 201,
                "num": 10
              }
            ]
          },
          {
            "level": 39,
            "defaultRewardList": [
              {
                "type": "ITEM",
                "id": 213,
                "num": 2
              }
            ],
            "limbusRewardList": [
              {
                "type": "ITEM",
                "id": 1202,
                "num": 10
              },
              {
                "type": "ITEM",
                "id": 213,
                "num": 1
              }
            ]
          },
          {
            "level": 40,
            "defaultRewardList": [
              {
                "type": "USER_TICKET_DECO_LEFT",
                "id": 8,
                "num": 1
              },
              {
                "type": "USER_TICKET_DECO_RIGHT",
                "id": 8,
                "num": 1
              },
              {
                "type": "USER_TICKET_DECO_EGOBG",
                "id": 8,
                "num": 1
              }
            ],
            "limbusRewardList": [
              {
                "type": "EGO",
                "id": 21104,
                "num": 1
              }
            ]
          },
          {
            "level": 41,
            "defaultRewardList": [
              {
                "type": "ITEM",
                "id": 301,
                "num": 2
              }
            ],
            "limbusRewardList": [
              {
                "type": "ITEM",
                "id": 213,
                "num": 2
              },
              {
                "type": "ITEM",
                "id": 1202,
                "num": 10
              }
            ]
          },
          {
            "level": 42,
            "defaultRewardList": [
              {
                "type": "ITEM",
                "id": 1202,
                "num": 30
              }
            ],
            "limbusRewardList": [
              {
                "type": "ITEM",
                "id": 201,
                "num": 10
              },
              {
                "type": "ITEM",
                "id": 1102,
                "num": 15
              }
            ]
          },
          {
            "level": 43,
            "defaultRewardList": [
              {
                "type": "ITEM",
                "id": 213,
                "num": 3
              }
            ],
            "limbusRewardList": [
              {
                "type": "ITEM",
                "id": 1102,
                "num": 15
              }
            ]
          },
          {
            "level": 44,
            "defaultRewardList": [
              {
                "type": "ITEM",
                "id": 101,
                "num": 3
              }
            ],
            "limbusRewardList": [
              {
                "type": "ITEM",
                "id": 213,
                "num": 2
              },
              {
                "type": "ITEM",
                "id": 201,
                "num": 10
              }
            ]
          },
          {
            "level": 45,
            "defaultRewardList": [
              {
                "type": "ITEM",
                "id": 1102,
                "num": 30
              }
            ],
            "limbusRewardList": [
              {
                "type": "USER_TICKET_DECO_LEFT",
                "id": 9,
                "num": 1
              },
              {
                "type": "USER_TICKET_DECO_RIGHT",
                "id": 9,
                "num": 1
              },
              {
                "type": "USER_TICKET_DECO_EGOBG",
                "id": 9,
                "num": 1
              }
            ]
          },
          {
            "level": 46,
            "defaultRewardList": [
              {
                "type": "ITEM",
                "id": 11,
                "num": 6
              }
            ],
            "limbusRewardList": [
              {
                "type": "ITEM",
                "id": 201,
                "num": 10
              },
              {
                "type": "ITEM",
                "id": 213,
                "num": 2
              }
            ]
          },
          {
            "level": 47,
            "defaultRewardList": [
              {
                "type": "ITEM",
                "id": 213,
                "num": 3
              }
            ],
            "limbusRewardList": [
              {
                "type": "ITEM",
                "id": 301,
                "num": 2
              }
            ]
          },
          {
            "level": 48,
            "defaultRewardList": [
              {
                "type": "ITEM",
                "id": 1202,
                "num": 30
              }
            ],
            "limbusRewardList": [
              {
                "type": "ITEM",
                "id": 222,
                "num": 1
              },
              {
                "type": "ITEM",
                "id": 201,
                "num": 10
              }
            ]
          },
          {
            "level": 49,
            "defaultRewardList": [
              {
                "type": "ITEM",
                "id": 213,
                "num": 4
              }
            ],
            "limbusRewardList": [
              {
                "type": "ITEM",
                "id": 1202,
                "num": 15
              },
              {
                "type": "ITEM",
                "id": 213,
                "num": 2
              }
            ]
          },
          {
            "level": 50,
            "defaultRewardList": [
              {
                "type": "EGO",
                "id": 21204,
                "num": 1
              }
            ],
            "limbusRewardList": [
              {
                "type": "ITEM",
                "id": 101,
                "num": 6
              }
            ]
          },
          {
            "level": 51,
            "defaultRewardList": [
              {
                "type": "ITEM",
                "id": 301,
                "num": 3
              }
            ],
            "limbusRewardList": [
              {
                "type": "ITEM",
                "id": 213,
                "num": 4
              },
              {
                "type": "ITEM",
                "id": 1202,
                "num": 15
              }
            ]
          },
          {
            "level": 52,
            "defaultRewardList": [
              {
                "type": "ITEM",
                "id": 1202,
                "num": 30
              }
            ],
            "limbusRewardList": [
              {
                "type": "ITEM",
                "id": 201,
                "num": 10
              },
              {
                "type": "ITEM",
                "id": 1102,
                "num": 20
              }
            ]
          },
          {
            "level": 53,
            "defaultRewardList": [
              {
                "type": "ITEM",
                "id": 213,
                "num": 4
              }
            ],
            "limbusRewardList": [
              {
                "type": "ITEM",
                "id": 1102,
                "num": 20
              }
            ]
          },
          {
            "level": 54,
            "defaultRewardList": [
              {
                "type": "ITEM",
                "id": 101,
                "num": 5
              }
            ],
            "limbusRewardList": [
              {
                "type": "ITEM",
                "id": 213,
                "num": 4
              },
              {
                "type": "ITEM",
                "id": 201,
                "num": 10
              }
            ]
          },
          {
            "level": 55,
            "defaultRewardList": [
              {
                "type": "USER_TICKET_DECO_LEFT",
                "id": 10,
                "num": 1
              },
              {
                "type": "USER_TICKET_DECO_RIGHT",
                "id": 10,
                "num": 1
              },
              {
                "type": "USER_TICKET_DECO_EGOBG",
                "id": 10,
                "num": 1
              }
            ],
            "limbusRewardList": [
              {
                "type": "ITEM",
                "id": 105,
                "num": 1
              }
            ]
          },
          {
            "level": 56,
            "defaultRewardList": [
              {
                "type": "ITEM",
                "id": 11,
                "num": 6
              }
            ],
            "limbusRewardList": [
              {
                "type": "ITEM",
                "id": 201,
                "num": 15
              },
              {
                "type": "ITEM",
                "id": 213,
                "num": 5
              }
            ]
          },
          {
            "level": 57,
            "defaultRewardList": [
              {
                "type": "ITEM",
                "id": 213,
                "num": 5
              }
            ],
            "limbusRewardList": [
              {
                "type": "ITEM",
                "id": 301,
                "num": 3
              }
            ]
          },
          {
            "level": 58,
            "defaultRewardList": [
              {
                "type": "ITEM",
                "id": 1202,
                "num": 40
              }
            ],
            "limbusRewardList": [
              {
                "type": "ITEM",
                "id": 223,
                "num": 1
              },
              {
                "type": "ITEM",
                "id": 201,
                "num": 15
              }
            ]
          },
          {
            "level": 59,
            "defaultRewardList": [
              {
                "type": "ITEM",
                "id": 213,
                "num": 5
              }
            ],
            "limbusRewardList": [
              {
                "type": "ITEM",
                "id": 1202,
                "num": 15
              },
              {
                "type": "ITEM",
                "id": 213,
                "num": 5
              }
            ]
          },
          {
            "level": 60,
            "defaultRewardList": [
              {
                "type": "ANNOUNCER",
                "id": 6,
                "num": 1
              }
            ],
            "limbusRewardList": [
              {
                "type": "EGO",
                "id": 20105,
                "num": 1
              },
              {
                "type": "USERBANNER",
                "id": 11,
                "num": 1
              }
            ]
          }
        ],
        "exDefaultRewardList": [
          {
            "type": "ITEM",
            "id": 1202,
            "num": 1
          }
        ],
        "exLimbusRewardList": [
          {
            "type": "ITEM",
            "id": 1202,
            "num": 2
          }
        ]
      },
      "passMissionsInfo": {
        "missionList": [
          {
            "missionType": "DAILY",
            "missionId": 101,
            "missionCode": "LOGIN",
            "countMax": 1,
            "exp": 2
          },
          {
            "missionType": "DAILY",
            "missionId": 102,
            "missionCode": "EXPDUNGEON_CLEAR",
            "countMax": 1,
            "exp": 2
          },
          {
            "missionType": "DAILY",
            "missionId": 103,
            "missionCode": "THREADDENGEON_CLEAR",
            "countMax": 1,
            "exp": 2
          },
          {
            "missionType": "DAILY",
            "missionId": 104,
            "missionCode": "CLEAR_STAGE",
            "countMax": 2,
            "exp": 2
          },
          {
            "missionType": "DAILY",
            "missionId": 105,
            "missionCode": "KILL_ENEMY_ANY",
            "countMax": 10,
            "exp": 2
          },
          {
            "missionType": "WEEKLY",
            "missionId": 201,
            "missionCode": "EXPDUNGEON_CLEAR",
            "countMax": 5,
            "exp": 4
          },
          {
            "missionType": "WEEKLY",
            "missionId": 202,
            "missionCode": "THREADDENGEON_CLEAR",
            "countMax": 5,
            "exp": 4
          },
          {
            "missionType": "WEEKLY",
            "missionId": 203,
            "missionCode": "CLEAR_STAGE",
            "countMax": 10,
            "exp": 4
          },
          {
            "missionType": "WEEKLY",
            "missionId": 204,
            "missionCode": "KILL_ENEMY_ANY",
            "countMax": 100,
            "exp": 4
          },
          {
            "missionType": "WEEKLY",
            "missionId": 205,
            "missionCode": "MIRROR_DUNGEON_TRY",
            "countMax": 1,
            "exp": 4
          },
          {
            "missionType": "SEASON",
            "missionId": 301,
            "missionCode": "CLEAR_STAGE",
            "countMax": 100,
            "exp": 5
          },
          {
            "missionType": "SEASON",
            "missionId": 302,
            "missionCode": "KILL_ENEMY_ANY",
            "countMax": 1000,
            "exp": 5
          },
          {
            "missionType": "SEASON",
            "missionId": 303,
            "missionCode": "KILL_ENEMY_ABNORMALITY",
            "countMax": 20,
            "exp": 5
          },
          {
            "missionType": "SEASON",
            "missionId": 304,
            "missionCode": "EXPDUNGEON_CLEAR",
            "countMax": 30,
            "exp": 5
          },
          {
            "missionType": "SEASON",
            "missionId": 305,
            "missionCode": "THREADDENGEON_CLEAR",
            "countMax": 30,
            "exp": 5
          },
          {
            "missionType": "SEASON",
            "missionId": 306,
            "missionCode": "MIRROR_DUNGEON_TRY",
            "countMax": 15,
            "exp": 8
          },
          {
            "missionType": "SEASON",
            "missionId": 307,
            "missionCode": "LOGIN",
            "countMax": 30,
            "exp": 8
          },
          {
            "missionType": "SEASON",
            "missionId": 308,
            "missionCode": "BATTLEPASS_LEVELUP",
            "countMax": 10,
            "exp": 8
          },
          {
            "missionType": "SEASON",
            "missionId": 309,
            "missionCode": "BATTLEPASS_LEVELUP",
            "countMax": 30,
            "exp": 8
          },
          {
            "missionType": "SEASON",
            "missionId": 310,
            "missionCode": "BATTLEPASS_LEVELUP",
            "countMax": 50,
            "exp": 8
          }
        ]
      }
    }
  ]
}