{
  "list": [
    {
      "id": 4,
      "isCurrentForUI": true,
      "currentPartitionForUI": 2,
      "isExRewardAcquirable": true,
      "limbusExRewardAcquireType": "COLLECT_FROM_MAX_LEVEL",
      "exRewardStartDate": "2024-04-11T03:00:00.000Z",
      "passSeasonInfo": {
        "startDate": "2024-03-27T21:00:00.000Z",
        "startDateForUI": "2024-03-27T21:00:00.000Z",
        "endDate": "2024-12-31T14:59:59.999Z",
        "banner": "banner_battlepass4",
        "acquirableEgoIds": [
        ],
        "acquirableAnnouncerIds": [
        ]
      },
      "passRewardsInfo": {
        "maxLevel": 120,
        "requiredExp": 10,
        "levelPurchasePayment": {
          "requiredItemId": 1,
          "requiredNum": 200
        },
        "partitions": [
          {
            "index": 0,
            "partialStartDate": "2024-03-27T21:00:00.000Z",
            "partialMaxLevel": 20
          },
          {
            "index": 1,
            "partialStartDate": "2024-04-04T03:00:00.000Z",
            "partialMaxLevel": 40
          },
          {
            "index": 2,
            "partialStartDate": "2024-04-11T03:00:00.000Z",
            "partialMaxLevel": 120
          }
        ],
        "rewardInfoList": [
          {
            "level": 1,
            "defaultRewardList": [
              {
                "type": "USERBANNER",
                "id": 31,
                "num": 1
              }
            ],
            "limbusRewardList": [
              {
                "type": "ITEM",
                "id": 212,
                "num": 5
              }
            ]
          },
          {
            "level": 2,
            "defaultRewardList": [
              {
                "type": "ITEM",
                "id": 201,
                "num": 3
              }
            ],
            "limbusRewardList": [
              {
                "type": "ITEM",
                "id": 11,
                "num": 2
              },
              {
                "type": "ITEM",
                "id": 201,
                "num": 3
              }
            ]
          },
          {
            "level": 3,
            "defaultRewardList": [
              {
                "type": "ITEM",
                "id": 1104,
                "num": 2
              }
            ],
            "limbusRewardList": [
              {
                "type": "ITEM",
                "id": 2,
                "num": 100
              }
            ]
          },
          {
            "level": 4,
            "defaultRewardList": [
              {
                "type": "ITEM",
                "id": 212,
                "num": 5
              }
            ],
            "limbusRewardList": [
              {
                "type": "ITEM",
                "id": 201,
                "num": 3
              },
              {
                "type": "ITEM",
                "id": 212,
                "num": 5
              }
            ]
          },
          {
            "level": 5,
            "defaultRewardList": [
              {
                "type": "ITEM",
                "id": 11,
                "num": 2
              }
            ],
            "limbusRewardList": [
              {
                "type": "ITEM",
                "id": 1104,
                "num": 2
              }
            ]
          },
          {
            "level": 6,
            "defaultRewardList": [
              {
                "type": "ITEM",
                "id": 212,
                "num": 5
              }
            ],
            "limbusRewardList": [
              {
                "type": "ITEM",
                "id": 212,
                "num": 5
              },
              {
                "type": "ITEM",
                "id": 1104,
                "num": 2
              }
            ]
          },
          {
            "level": 7,
            "defaultRewardList": [
              {
                "type": "ITEM",
                "id": 201,
                "num": 3
              }
            ],
            "limbusRewardList": [
              {
                "type": "ITEM",
                "id": 11,
                "num": 2
              }
            ]
          },
          {
            "level": 8,
            "defaultRewardList": [
              {
                "type": "ITEM",
                "id": 1204,
                "num": 10
              }
            ],
            "limbusRewardList": [
              {
                "type": "ITEM",
                "id": 212,
                "num": 5
              },
              {
                "type": "ITEM",
                "id": 201,
                "num": 3
              }
            ]
          },
          {
            "level": 9,
            "defaultRewardList": [
              {
                "type": "ITEM",
                "id": 212,
                "num": 5
              }
            ],
            "limbusRewardList": [
              {
                "type": "ITEM",
                "id": 201,
                "num": 3
              }
            ]
          },
          {
            "level": 10,
            "defaultRewardList": [
              {
                "type": "ITEM",
                "id": 301,
                "num": 1
              }
            ],
            "limbusRewardList": [
              {
                "type": "ITEM",
                "id": 1104,
                "num": 2
              },
              {
                "type": "ITEM",
                "id": 212,
                "num": 5
              }
            ]
          },
          {
            "level": 11,
            "defaultRewardList": [
              {
                "type": "ITEM",
                "id": 212,
                "num": 5
              }
            ],
            "limbusRewardList": [
              {
                "type": "ITEM",
                "id": 212,
                "num": 5
              }
            ]
          },
          {
            "level": 12,
            "defaultRewardList": [
              {
                "type": "ITEM",
                "id": 201,
                "num": 3
              }
            ],
            "limbusRewardList": [
              {
                "type": "ITEM",
                "id": 11,
                "num": 2
              },
              {
                "type": "ITEM",
                "id": 201,
                "num": 3
              }
            ]
          },
          {
            "level": 13,
            "defaultRewardList": [
              {
                "type": "ITEM",
                "id": 1104,
                "num": 2
              }
            ],
            "limbusRewardList": [
              {
                "type": "ITEM",
                "id": 2,
                "num": 100
              }
            ]
          },
          {
            "level": 14,
            "defaultRewardList": [
              {
                "type": "ITEM",
                "id": 212,
                "num": 5
              }
            ],
            "limbusRewardList": [
              {
                "type": "ITEM",
                "id": 201,
                "num": 3
              },
              {
                "type": "ITEM",
                "id": 212,
                "num": 5
              }
            ]
          },
          {
            "level": 15,
            "defaultRewardList": [
              {
                "type": "ITEM",
                "id": 2,
                "num": 150
              }
            ],
            "limbusRewardList": [
              {
                "type": "ITEM",
                "id": 1104,
                "num": 2
              }
            ]
          },
          {
            "level": 16,
            "defaultRewardList": [
              {
                "type": "ITEM",
                "id": 212,
                "num": 5
              }
            ],
            "limbusRewardList": [
              {
                "type": "ITEM",
                "id": 212,
                "num": 5
              },
              {
                "type": "ITEM",
                "id": 1104,
                "num": 3
              }
            ]
          },
          {
            "level": 17,
            "defaultRewardList": [
              {
                "type": "ITEM",
                "id": 201,
                "num": 4
              }
            ],
            "limbusRewardList": [
              {
                "type": "ITEM",
                "id": 11,
                "num": 2
              }
            ]
          },
          {
            "level": 18,
            "defaultRewardList": [
              {
                "type": "ITEM",
                "id": 1204,
                "num": 10
              }
            ],
            "limbusRewardList": [
              {
                "type": "ITEM",
                "id": 212,
                "num": 5
              },
              {
                "type": "ITEM",
                "id": 201,
                "num": 3
              }
            ]
          },
          {
            "level": 19,
            "defaultRewardList": [
              {
                "type": "ITEM",
                "id": 212,
                "num": 5
              }
            ],
            "limbusRewardList": [
              {
                "type": "ITEM",
                "id": 201,
                "num": 3
              }
            ]
          },
          {
            "level": 20,
            "defaultRewardList": [
              {
                "type": "ITEM",
                "id": 301,
                "num": 1
              }
            ],
            "limbusRewardList": [
              {
                "type": "ITEM",
                "id": 224,
                "num": 1
              },
              {
                "type": "ITEM",
                "id": 212,
                "num": 5
              }
            ]
          },
          {
            "level": 21,
            "defaultRewardList": [
              {
                "type": "ITEM",
                "id": 212,
                "num": 5
              }
            ],
            "limbusRewardList": [
              {
                "type": "ITEM",
                "id": 212,
                "num": 5
              }
            ]
          },
          {
            "level": 22,
            "defaultRewardList": [
              {
                "type": "ITEM",
                "id": 201,
                "num": 4
              }
            ],
            "limbusRewardList": [
              {
                "type": "ITEM",
                "id": 11,
                "num": 2
              },
              {
                "type": "ITEM",
                "id": 201,
                "num": 3
              }
            ]
          },
          {
            "level": 23,
            "defaultRewardList": [
              {
                "type": "ITEM",
                "id": 1104,
                "num": 2
              }
            ],
            "limbusRewardList": [
              {
                "type": "ITEM",
                "id": 2,
                "num": 100
              }
            ]
          },
          {
            "level": 24,
            "defaultRewardList": [
              {
                "type": "ITEM",
                "id": 212,
                "num": 5
              }
            ],
            "limbusRewardList": [
              {
                "type": "ITEM",
                "id": 201,
                "num": 3
              },
              {
                "type": "ITEM",
                "id": 212,
                "num": 5
              }
            ]
          },
          {
            "level": 25,
            "defaultRewardList": [
              {
                "type": "ITEM",
                "id": 11,
                "num": 2
              }
            ],
            "limbusRewardList": [
              {
                "type": "ITEM",
                "id": 1104,
                "num": 3
              }
            ]
          },
          {
            "level": 26,
            "defaultRewardList": [
              {
                "type": "ITEM",
                "id": 212,
                "num": 5
              }
            ],
            "limbusRewardList": [
              {
                "type": "ITEM",
                "id": 212,
                "num": 5
              },
              {
                "type": "ITEM",
                "id": 1104,
                "num": 3
              }
            ]
          },
          {
            "level": 27,
            "defaultRewardList": [
              {
                "type": "ITEM",
                "id": 201,
                "num": 4
              }
            ],
            "limbusRewardList": [
              {
                "type": "ITEM",
                "id": 11,
                "num": 2
              }
            ]
          },
          {
            "level": 28,
            "defaultRewardList": [
              {
                "type": "ITEM",
                "id": 1204,
                "num": 10
              }
            ],
            "limbusRewardList": [
              {
                "type": "ITEM",
                "id": 212,
                "num": 5
              },
              {
                "type": "ITEM",
                "id": 201,
                "num": 5
              }
            ]
          },
          {
            "level": 29,
            "defaultRewardList": [
              {
                "type": "ITEM",
                "id": 212,
                "num": 5
              }
            ],
            "limbusRewardList": [
              {
                "type": "ITEM",
                "id": 201,
                "num": 5
              }
            ]
          },
          {
            "level": 30,
            "defaultRewardList": [
              {
                "type": "EGO",
                "id": 21206,
                "num": 1
              }
            ],
            "limbusRewardList": [
              {
                "type": "ITEM",
                "id": 1104,
                "num": 3
              },
              {
                "type": "ITEM",
                "id": 213,
                "num": 1
              }
            ]
          },
          {
            "level": 31,
            "defaultRewardList": [
              {
                "type": "ITEM",
                "id": 212,
                "num": 5
              }
            ],
            "limbusRewardList": [
              {
                "type": "ITEM",
                "id": 213,
                "num": 2
              }
            ]
          },
          {
            "level": 32,
            "defaultRewardList": [
              {
                "type": "ITEM",
                "id": 201,
                "num": 4
              }
            ],
            "limbusRewardList": [
              {
                "type": "ITEM",
                "id": 11,
                "num": 2
              },
              {
                "type": "ITEM",
                "id": 201,
                "num": 5
              }
            ]
          },
          {
            "level": 33,
            "defaultRewardList": [
              {
                "type": "ITEM",
                "id": 1104,
                "num": 3
              }
            ],
            "limbusRewardList": [
              {
                "type": "ITEM",
                "id": 2,
                "num": 100
              }
            ]
          },
          {
            "level": 34,
            "defaultRewardList": [
              {
                "type": "ITEM",
                "id": 212,
                "num": 5
              }
            ],
            "limbusRewardList": [
              {
                "type": "ITEM",
                "id": 201,
                "num": 5
              },
              {
                "type": "ITEM",
                "id": 213,
                "num": 3
              }
            ]
          },
          {
            "level": 35,
            "defaultRewardList": [
              {
                "type": "ITEM",
                "id": 2,
                "num": 200
              }
            ],
            "limbusRewardList": [
              {
                "type": "ITEM",
                "id": 1104,
                "num": 3
              }
            ]
          },
          {
            "level": 36,
            "defaultRewardList": [
              {
                "type": "ITEM",
                "id": 212,
                "num": 5
              }
            ],
            "limbusRewardList": [
              {
                "type": "ITEM",
                "id": 213,
                "num": 3
              },
              {
                "type": "ITEM",
                "id": 1104,
                "num": 3
              }
            ]
          },
          {
            "level": 37,
            "defaultRewardList": [
              {
                "type": "ITEM",
                "id": 201,
                "num": 5
              }
            ],
            "limbusRewardList": [
              {
                "type": "ITEM",
                "id": 11,
                "num": 2
              }
            ]
          },
          {
            "level": 38,
            "defaultRewardList": [
              {
                "type": "ITEM",
                "id": 1204,
                "num": 10
              }
            ],
            "limbusRewardList": [
              {
                "type": "ITEM",
                "id": 2,
                "num": 100
              },
              {
                "type": "ITEM",
                "id": 201,
                "num": 5
              }
            ]
          },
          {
            "level": 39,
            "defaultRewardList": [
              {
                "type": "ITEM",
                "id": 212,
                "num": 10
              }
            ],
            "limbusRewardList": [
              {
                "type": "ITEM",
                "id": 201,
                "num": 5
              }
            ]
          },
          {
            "level": 40,
            "defaultRewardList": [
              {
                "type": "ITEM",
                "id": 301,
                "num": 1
              }
            ],
            "limbusRewardList": [
              {
                "type": "EGO",
                "id": 20106,
                "num": 1
              },
              {
                "type": "ITEM",
                "id": 213,
                "num": 3
              }
            ]
          },
          {
            "level": 41,
            "defaultRewardList": [
              {
                "type": "ITEM",
                "id": 213,
                "num": 3
              }
            ],
            "limbusRewardList": [
              {
                "type": "ITEM",
                "id": 213,
                "num": 4
              }
            ]
          },
          {
            "level": 42,
            "defaultRewardList": [
              {
                "type": "ITEM",
                "id": 201,
                "num": 5
              }
            ],
            "limbusRewardList": [
              {
                "type": "ITEM",
                "id": 11,
                "num": 2
              },
              {
                "type": "ITEM",
                "id": 201,
                "num": 5
              }
            ]
          },
          {
            "level": 43,
            "defaultRewardList": [
              {
                "type": "ITEM",
                "id": 1104,
                "num": 3
              }
            ],
            "limbusRewardList": [
              {
                "type": "ITEM",
                "id": 2,
                "num": 100
              }
            ]
          },
          {
            "level": 44,
            "defaultRewardList": [
              {
                "type": "ITEM",
                "id": 213,
                "num": 3
              }
            ],
            "limbusRewardList": [
              {
                "type": "ITEM",
                "id": 201,
                "num": 5
              },
              {
                "type": "ITEM",
                "id": 213,
                "num": 4
              }
            ]
          },
          {
            "level": 45,
            "defaultRewardList": [
              {
                "type": "ITEM",
                "id": 2,
                "num": 300
              }
            ],
            "limbusRewardList": [
              {
                "type": "ITEM",
                "id": 1104,
                "num": 3
              }
            ]
          },
          {
            "level": 46,
            "defaultRewardList": [
              {
                "type": "ITEM",
                "id": 213,
                "num": 4
              }
            ],
            "limbusRewardList": [
              {
                "type": "ITEM",
                "id": 213,
                "num": 4
              },
              {
                "type": "ITEM",
                "id": 1104,
                "num": 3
              }
            ]
          },
          {
            "level": 47,
            "defaultRewardList": [
              {
                "type": "ITEM",
                "id": 201,
                "num": 5
              }
            ],
            "limbusRewardList": [
              {
                "type": "ITEM",
                "id": 11,
                "num": 2
              }
            ]
          },
          {
            "level": 48,
            "defaultRewardList": [
              {
                "type": "ITEM",
                "id": 1204,
                "num": 10
              }
            ],
            "limbusRewardList": [
              {
                "type": "ITEM",
                "id": 2,
                "num": 100
              },
              {
                "type": "ITEM",
                "id": 201,
                "num": 5
              }
            ]
          },
          {
            "level": 49,
            "defaultRewardList": [
              {
                "type": "ITEM",
                "id": 213,
                "num": 4
              }
            ],
            "limbusRewardList": [
              {
                "type": "ITEM",
                "id": 201,
                "num": 5
              }
            ]
          },
          {
            "level": 50,
            "defaultRewardList": [
              {
                "type": "ITEM",
                "id": 11,
                "num": 2
              }
            ],
            "limbusRewardList": [
              {
                "type": "ITEM",
                "id": 2,
                "num": 100
              },
              {
                "type": "ITEM",
                "id": 213,
                "num": 4
              }
            ]
          },
          {
            "level": 51,
            "defaultRewardList": [
              {
                "type": "ITEM",
                "id": 213,
                "num": 4
              }
            ],
            "limbusRewardList": [
              {
                "type": "ITEM",
                "id": 213,
                "num": 5
              }
            ]
          },
          {
            "level": 52,
            "defaultRewardList": [
              {
                "type": "ITEM",
                "id": 201,
                "num": 5
              }
            ],
            "limbusRewardList": [
              {
                "type": "ITEM",
                "id": 11,
                "num": 2
              },
              {
                "type": "ITEM",
                "id": 201,
                "num": 5
              }
            ]
          },
          {
            "level": 53,
            "defaultRewardList": [
              {
                "type": "ITEM",
                "id": 1104,
                "num": 3
              }
            ],
            "limbusRewardList": [
              {
                "type": "ITEM",
                "id": 2,
                "num": 100
              }
            ]
          },
          {
            "level": 54,
            "defaultRewardList": [
              {
                "type": "ITEM",
                "id": 213,
                "num": 4
              }
            ],
            "limbusRewardList": [
              {
                "type": "ITEM",
                "id": 201,
                "num": 5
              },
              {
                "type": "ITEM",
                "id": 213,
                "num": 5
              }
            ]
          },
          {
            "level": 55,
            "defaultRewardList": [
              {
                "type": "EGO",
                "id": 20306,
                "num": 1
              }
            ],
            "limbusRewardList": [
              {
                "type": "ITEM",
                "id": 2,
                "num": 100
              }
            ]
          },
          {
            "level": 56,
            "defaultRewardList": [
              {
                "type": "ITEM",
                "id": 213,
                "num": 5
              }
            ],
            "limbusRewardList": [
              {
                "type": "ITEM",
                "id": 213,
                "num": 5
              },
              {
                "type": "ITEM",
                "id": 1104,
                "num": 3
              }
            ]
          },
          {
            "level": 57,
            "defaultRewardList": [
              {
                "type": "ITEM",
                "id": 201,
                "num": 5
              }
            ],
            "limbusRewardList": [
              {
                "type": "ITEM",
                "id": 11,
                "num": 2
              }
            ]
          },
          {
            "level": 58,
            "defaultRewardList": [
              {
                "type": "ITEM",
                "id": 1204,
                "num": 10
              }
            ],
            "limbusRewardList": [
              {
                "type": "ITEM",
                "id": 2,
                "num": 100
              },
              {
                "type": "ITEM",
                "id": 201,
                "num": 5
              }
            ]
          },
          {
            "level": 59,
            "defaultRewardList": [
              {
                "type": "ITEM",
                "id": 213,
                "num": 5
              }
            ],
            "limbusRewardList": [
              {
                "type": "ITEM",
                "id": 201,
                "num": 5
              }
            ]
          },
          {
            "level": 60,
            "defaultRewardList": [
              {
                "type": "ITEM",
                "id": 301,
                "num": 2
              }
            ],
            "limbusRewardList": [
              {
                "type": "ITEM",
                "id": 2,
                "num": 200
              },
              {
                "type": "ITEM",
                "id": 213,
                "num": 5
              }
            ]
          },
          {
            "level": 61,
            "defaultRewardList": [
              {
                "type": "ITEM",
                "id": 1204,
                "num": 10
              }
            ],
            "limbusRewardList": [
              {
                "type": "ITEM",
                "id": 201,
                "num": 5
              }
            ]
          },
          {
            "level": 62,
            "defaultRewardList": [
              {
                "type": "ITEM",
                "id": 11,
                "num": 2
              }
            ],
            "limbusRewardList": [
              {
                "type": "ITEM",
                "id": 1104,
                "num": 5
              },
              {
                "type": "ITEM",
                "id": 201,
                "num": 5
              }
            ]
          },
          {
            "level": 63,
            "defaultRewardList": [
              {
                "type": "ITEM",
                "id": 1204,
                "num": 10
              }
            ],
            "limbusRewardList": [
              {
                "type": "ITEM",
                "id": 1204,
                "num": 5
              }
            ]
          },
          {
            "level": 64,
            "defaultRewardList": [
              {
                "type": "ITEM",
                "id": 1104,
                "num": 5
              }
            ],
            "limbusRewardList": [
              {
                "type": "ITEM",
                "id": 11,
                "num": 3
              },
              {
                "type": "ITEM",
                "id": 1204,
                "num": 5
              }
            ]
          },
          {
            "level": 65,
            "defaultRewardList": [
              {
                "type": "ITEM",
                "id": 101,
                "num": 2
              }
            ],
            "limbusRewardList": [
              {
                "type": "ITEM",
                "id": 1104,
                "num": 5
              }
            ]
          },
          {
            "level": 66,
            "defaultRewardList": [
              {
                "type": "ITEM",
                "id": 11,
                "num": 2
              }
            ],
            "limbusRewardList": [
              {
                "type": "ITEM",
                "id": 1204,
                "num": 5
              },
              {
                "type": "ITEM",
                "id": 201,
                "num": 5
              }
            ]
          },
          {
            "level": 67,
            "defaultRewardList": [
              {
                "type": "ITEM",
                "id": 1204,
                "num": 10
              }
            ],
            "limbusRewardList": [
              {
                "type": "ITEM",
                "id": 201,
                "num": 5
              }
            ]
          },
          {
            "level": 68,
            "defaultRewardList": [
              {
                "type": "ITEM",
                "id": 1104,
                "num": 5
              }
            ],
            "limbusRewardList": [
              {
                "type": "ITEM",
                "id": 1104,
                "num": 5
              },
              {
                "type": "ITEM",
                "id": 1204,
                "num": 5
              }
            ]
          },
          {
            "level": 69,
            "defaultRewardList": [
              {
                "type": "ITEM",
                "id": 1204,
                "num": 10
              }
            ],
            "limbusRewardList": [
              {
                "type": "ITEM",
                "id": 1204,
                "num": 5
              }
            ]
          },
          {
            "level": 70,
            "defaultRewardList": [
              {
                "type": "USER_TICKET_DECO_LEFT",
                "id": 26,
                "num": 1
              },
              {
                "type": "USER_TICKET_DECO_RIGHT",
                "id": 26,
                "num": 1
              },
              {
                "type": "USER_TICKET_DECO_EGOBG",
                "id": 26,
                "num": 1
              }
            ],
            "limbusRewardList": [
              {
                "type": "EGO",
                "id": 20506,
                "num": 1
              },
              {
                "type": "ITEM",
                "id": 101,
                "num": 1
              }
            ]
          },
          {
            "level": 71,
            "defaultRewardList": [
              {
                "type": "ITEM",
                "id": 1204,
                "num": 10
              }
            ],
            "limbusRewardList": [
              {
                "type": "ITEM",
                "id": 1104,
                "num": 5
              }
            ]
          },
          {
            "level": 72,
            "defaultRewardList": [
              {
                "type": "ITEM",
                "id": 11,
                "num": 2
              }
            ],
            "limbusRewardList": [
              {
                "type": "ITEM",
                "id": 1204,
                "num": 5
              },
              {
                "type": "ITEM",
                "id": 201,
                "num": 5
              }
            ]
          },
          {
            "level": 73,
            "defaultRewardList": [
              {
                "type": "ITEM",
                "id": 1204,
                "num": 10
              }
            ],
            "limbusRewardList": [
              {
                "type": "ITEM",
                "id": 201,
                "num": 5
              }
            ]
          },
          {
            "level": 74,
            "defaultRewardList": [
              {
                "type": "ITEM",
                "id": 1104,
                "num": 5
              }
            ],
            "limbusRewardList": [
              {
                "type": "ITEM",
                "id": 1104,
                "num": 5
              },
              {
                "type": "ITEM",
                "id": 1204,
                "num": 5
              }
            ]
          },
          {
            "level": 75,
            "defaultRewardList": [
              {
                "type": "ITEM",
                "id": 101,
                "num": 2
              }
            ],
            "limbusRewardList": [
              {
                "type": "ITEM",
                "id": 1204,
                "num": 5
              }
            ]
          },
          {
            "level": 76,
            "defaultRewardList": [
              {
                "type": "ITEM",
                "id": 11,
                "num": 2
              }
            ],
            "limbusRewardList": [
              {
                "type": "ITEM",
                "id": 11,
                "num": 3
              },
              {
                "type": "ITEM",
                "id": 201,
                "num": 5
              }
            ]
          },
          {
            "level": 77,
            "defaultRewardList": [
              {
                "type": "ITEM",
                "id": 1204,
                "num": 10
              }
            ],
            "limbusRewardList": [
              {
                "type": "ITEM",
                "id": 1104,
                "num": 5
              }
            ]
          },
          {
            "level": 78,
            "defaultRewardList": [
              {
                "type": "ITEM",
                "id": 1104,
                "num": 5
              }
            ],
            "limbusRewardList": [
              {
                "type": "ITEM",
                "id": 1204,
                "num": 5
              },
              {
                "type": "ITEM",
                "id": 201,
                "num": 5
              }
            ]
          },
          {
            "level": 79,
            "defaultRewardList": [
              {
                "type": "ITEM",
                "id": 1204,
                "num": 10
              }
            ],
            "limbusRewardList": [
              {
                "type": "ITEM",
                "id": 201,
                "num": 5
              }
            ]
          },
          {
            "level": 80,
            "defaultRewardList": [
              {
                "type": "ITEM",
                "id": 301,
                "num": 2
              }
            ],
            "limbusRewardList": [
              {
                "type": "ANNOUNCER",
                "id": 13,
                "num": 1
              },
              {
                "type": "ITEM",
                "id": 101,
                "num": 1
              }
            ]
          },
          {
            "level": 81,
            "defaultRewardList": [
              {
                "type": "ITEM",
                "id": 1204,
                "num": 15
              }
            ],
            "limbusRewardList": [
              {
                "type": "ITEM",
                "id": 1204,
                "num": 5
              }
            ]
          },
          {
            "level": 82,
            "defaultRewardList": [
              {
                "type": "ITEM",
                "id": 11,
                "num": 2
              }
            ],
            "limbusRewardList": [
              {
                "type": "ITEM",
                "id": 201,
                "num": 5
              },
              {
                "type": "ITEM",
                "id": 1204,
                "num": 5
              }
            ]
          },
          {
            "level": 83,
            "defaultRewardList": [
              {
                "type": "ITEM",
                "id": 1204,
                "num": 15
              }
            ],
            "limbusRewardList": [
              {
                "type": "ITEM",
                "id": 1104,
                "num": 5
              }
            ]
          },
          {
            "level": 84,
            "defaultRewardList": [
              {
                "type": "ITEM",
                "id": 1104,
                "num": 5
              }
            ],
            "limbusRewardList": [
              {
                "type": "ITEM",
                "id": 1204,
                "num": 5
              },
              {
                "type": "ITEM",
                "id": 201,
                "num": 5
              }
            ]
          },
          {
            "level": 85,
            "defaultRewardList": [
              {
                "type": "ITEM",
                "id": 101,
                "num": 2
              }
            ],
            "limbusRewardList": [
              {
                "type": "ITEM",
                "id": 301,
                "num": 1
              }
            ]
          },
          {
            "level": 86,
            "defaultRewardList": [
              {
                "type": "ITEM",
                "id": 11,
                "num": 2
              }
            ],
            "limbusRewardList": [
              {
                "type": "ITEM",
                "id": 1104,
                "num": 5
              },
              {
                "type": "ITEM",
                "id": 1204,
                "num": 5
              }
            ]
          },
          {
            "level": 87,
            "defaultRewardList": [
              {
                "type": "ITEM",
                "id": 1204,
                "num": 15
              }
            ],
            "limbusRewardList": [
              {
                "type": "ITEM",
                "id": 1204,
                "num": 5
              }
            ]
          },
          {
            "level": 88,
            "defaultRewardList": [
              {
                "type": "ITEM",
                "id": 1104,
                "num": 5
              }
            ],
            "limbusRewardList": [
              {
                "type": "ITEM",
                "id": 201,
                "num": 5
              },
              {
                "type": "ITEM",
                "id": 1204,
                "num": 5
              }
            ]
          },
          {
            "level": 89,
            "defaultRewardList": [
              {
                "type": "ITEM",
                "id": 1204,
                "num": 15
              }
            ],
            "limbusRewardList": [
              {
                "type": "ITEM",
                "id": 1104,
                "num": 5
              }
            ]
          },
          {
            "level": 90,
            "defaultRewardList": [
              {
                "type": "EGO",
                "id": 21106,
                "num": 1
              }
            ],
            "limbusRewardList": [
              {
                "type": "USER_TICKET_DECO_LEFT",
                "id": 27,
                "num": 1
              },
              {
                "type": "USER_TICKET_DECO_RIGHT",
                "id": 27,
                "num": 1
              },
              {
                "type": "USER_TICKET_DECO_EGOBG",
                "id": 27,
                "num": 1
              },
              {
                "type": "ITEM",
                "id": 101,
                "num": 2
              }
            ]
          },
          {
            "level": 91,
            "defaultRewardList": [
              {
                "type": "ITEM",
                "id": 1204,
                "num": 15
              }
            ],
            "limbusRewardList": [
              {
                "type": "ITEM",
                "id": 201,
                "num": 10
              }
            ]
          },
          {
            "level": 92,
            "defaultRewardList": [
              {
                "type": "ITEM",
                "id": 11,
                "num": 2
              }
            ],
            "limbusRewardList": [
              {
                "type": "ITEM",
                "id": 1104,
                "num": 5
              },
              {
                "type": "ITEM",
                "id": 201,
                "num": 5
              }
            ]
          },
          {
            "level": 93,
            "defaultRewardList": [
              {
                "type": "ITEM",
                "id": 1204,
                "num": 15
              }
            ],
            "limbusRewardList": [
              {
                "type": "ITEM",
                "id": 1204,
                "num": 5
              }
            ]
          },
          {
            "level": 94,
            "defaultRewardList": [
              {
                "type": "ITEM",
                "id": 1104,
                "num": 5
              }
            ],
            "limbusRewardList": [
              {
                "type": "ITEM",
                "id": 301,
                "num": 2
              },
              {
                "type": "ITEM",
                "id": 1204,
                "num": 5
              }
            ]
          },
          {
            "level": 95,
            "defaultRewardList": [
              {
                "type": "ITEM",
                "id": 101,
                "num": 2
              }
            ],
            "limbusRewardList": [
              {
                "type": "ITEM",
                "id": 1104,
                "num": 5
              }
            ]
          },
          {
            "level": 96,
            "defaultRewardList": [
              {
                "type": "ITEM",
                "id": 11,
                "num": 2
              }
            ],
            "limbusRewardList": [
              {
                "type": "ITEM",
                "id": 1204,
                "num": 5
              },
              {
                "type": "ITEM",
                "id": 201,
                "num": 5
              }
            ]
          },
          {
            "level": 97,
            "defaultRewardList": [
              {
                "type": "ITEM",
                "id": 1204,
                "num": 15
              }
            ],
            "limbusRewardList": [
              {
                "type": "ITEM",
                "id": 201,
                "num": 10
              }
            ]
          },
          {
            "level": 98,
            "defaultRewardList": [
              {
                "type": "ITEM",
                "id": 1104,
                "num": 5
              }
            ],
            "limbusRewardList": [
              {
                "type": "ITEM",
                "id": 1104,
                "num": 5
              },
              {
                "type": "ITEM",
                "id": 1204,
                "num": 5
              }
            ]
          },
          {
            "level": 99,
            "defaultRewardList": [
              {
                "type": "ITEM",
                "id": 1204,
                "num": 15
              }
            ],
            "limbusRewardList": [
              {
                "type": "ITEM",
                "id": 1204,
                "num": 5
              }
            ]
          },
          {
            "level": 100,
            "defaultRewardList": [
              {
                "type": "ITEM",
                "id": 301,
                "num": 2
              }
            ],
            "limbusRewardList": [
              {
                "type": "ITEM",
                "id": 107,
                "num": 1
              },
              {
                "type": "ITEM",
                "id": 101,
                "num": 2
              }
            ]
          },
          {
            "level": 101,
            "defaultRewardList": [
              {
                "type": "ITEM",
                "id": 1204,
                "num": 15
              }
            ],
            "limbusRewardList": [
              {
                "type": "ITEM",
                "id": 1104,
                "num": 5
              }
            ]
          },
          {
            "level": 102,
            "defaultRewardList": [
              {
                "type": "ITEM",
                "id": 11,
                "num": 2
              }
            ],
            "limbusRewardList": [
              {
                "type": "ITEM",
                "id": 1204,
                "num": 10
              },
              {
                "type": "ITEM",
                "id": 201,
                "num": 5
              }
            ]
          },
          {
            "level": 103,
            "defaultRewardList": [
              {
                "type": "ITEM",
                "id": 1204,
                "num": 15
              }
            ],
            "limbusRewardList": [
              {
                "type": "ITEM",
                "id": 201,
                "num": 10
              }
            ]
          },
          {
            "level": 104,
            "defaultRewardList": [
              {
                "type": "ITEM",
                "id": 1104,
                "num": 5
              }
            ],
            "limbusRewardList": [
              {
                "type": "ITEM",
                "id": 1104,
                "num": 5
              },
              {
                "type": "ITEM",
                "id": 1204,
                "num": 10
              }
            ]
          },
          {
            "level": 105,
            "defaultRewardList": [
              {
                "type": "ITEM",
                "id": 101,
                "num": 2
              }
            ],
            "limbusRewardList": [
              {
                "type": "ITEM",
                "id": 1204,
                "num": 10
              }
            ]
          },
          {
            "level": 106,
            "defaultRewardList": [
              {
                "type": "ITEM",
                "id": 11,
                "num": 2
              }
            ],
            "limbusRewardList": [
              {
                "type": "ITEM",
                "id": 301,
                "num": 3
              },
              {
                "type": "ITEM",
                "id": 1204,
                "num": 10
              }
            ]
          },
          {
            "level": 107,
            "defaultRewardList": [
              {
                "type": "ITEM",
                "id": 1204,
                "num": 15
              }
            ],
            "limbusRewardList": [
              {
                "type": "ITEM",
                "id": 1104,
                "num": 5
              }
            ]
          },
          {
            "level": 108,
            "defaultRewardList": [
              {
                "type": "ITEM",
                "id": 1104,
                "num": 5
              }
            ],
            "limbusRewardList": [
              {
                "type": "ITEM",
                "id": 1204,
                "num": 10
              },
              {
                "type": "ITEM",
                "id": 201,
                "num": 5
              }
            ]
          },
          {
            "level": 109,
            "defaultRewardList": [
              {
                "type": "ITEM",
                "id": 1204,
                "num": 15
              }
            ],
            "limbusRewardList": [
              {
                "type": "ITEM",
                "id": 201,
                "num": 10
              }
            ]
          },
          {
            "level": 110,
            "defaultRewardList": [
              {
                "type": "USER_TICKET_DECO_LEFT",
                "id": 28,
                "num": 1
              },
              {
                "type": "USER_TICKET_DECO_RIGHT",
                "id": 28,
                "num": 1
              },
              {
                "type": "USER_TICKET_DECO_EGOBG",
                "id": 28,
                "num": 1
              }
            ],
            "limbusRewardList": [
              {
                "type": "ITEM",
                "id": 101,
                "num": 2
              },
              {
                "type": "ITEM",
                "id": 1204,
                "num": 10
              }
            ]
          },
          {
            "level": 111,
            "defaultRewardList": [
              {
                "type": "ITEM",
                "id": 1204,
                "num": 15
              }
            ],
            "limbusRewardList": [
              {
                "type": "ITEM",
                "id": 1204,
                "num": 10
              }
            ]
          },
          {
            "level": 112,
            "defaultRewardList": [
              {
                "type": "ITEM",
                "id": 11,
                "num": 2
              }
            ],
            "limbusRewardList": [
              {
                "type": "ITEM",
                "id": 201,
                "num": 10
              },
              {
                "type": "ITEM",
                "id": 1204,
                "num": 10
              }
            ]
          },
          {
            "level": 113,
            "defaultRewardList": [
              {
                "type": "ITEM",
                "id": 1204,
                "num": 15
              }
            ],
            "limbusRewardList": [
              {
                "type": "ITEM",
                "id": 1104,
                "num": 5
              }
            ]
          },
          {
            "level": 114,
            "defaultRewardList": [
              {
                "type": "ITEM",
                "id": 1104,
                "num": 5
              }
            ],
            "limbusRewardList": [
              {
                "type": "ITEM",
                "id": 1204,
                "num": 10
              },
              {
                "type": "ITEM",
                "id": 201,
                "num": 5
              }
            ]
          },
          {
            "level": 115,
            "defaultRewardList": [
              {
                "type": "ITEM",
                "id": 101,
                "num": 2
              }
            ],
            "limbusRewardList": [
              {
                "type": "ITEM",
                "id": 301,
                "num": 5
              }
            ]
          },
          {
            "level": 116,
            "defaultRewardList": [
              {
                "type": "ITEM",
                "id": 11,
                "num": 2
              }
            ],
            "limbusRewardList": [
              {
                "type": "ITEM",
                "id": 1104,
                "num": 5
              },
              {
                "type": "ITEM",
                "id": 201,
                "num": 5
              }
            ]
          },
          {
            "level": 117,
            "defaultRewardList": [
              {
                "type": "ITEM",
                "id": 1204,
                "num": 15
              }
            ],
            "limbusRewardList": [
              {
                "type": "ITEM",
                "id": 1204,
                "num": 10
              }
            ]
          },
          {
            "level": 118,
            "defaultRewardList": [
              {
                "type": "ITEM",
                "id": 1104,
                "num": 5
              }
            ],
            "limbusRewardList": [
              {
                "type": "ITEM",
                "id": 201,
                "num": 10
              },
              {
                "type": "ITEM",
                "id": 1204,
                "num": 10
              }
            ]
          },
          {
            "level": 119,
            "defaultRewardList": [
              {
                "type": "ITEM",
                "id": 1204,
                "num": 15
              }
            ],
            "limbusRewardList": [
              {
                "type": "ITEM",
                "id": 1104,
                "num": 5
              }
            ]
          },
          {
            "level": 120,
            "defaultRewardList": [
              {
                "type": "ANNOUNCER",
                "id": 14,
                "num": 1
              }
            ],
            "limbusRewardList": [
              {
                "type": "EGO",
                "id": 20706,
                "num": 1
              },
              {
                "type": "USERBANNER",
                "id": 32,
                "num": 1
              }
            ]
          }
        ],
        "exDefaultRewardList": [
          {
            "type": "ITEM",
            "id": 1204,
            "num": 1
          }
        ],
        "exLimbusRewardList": [
          {
            "type": "ITEM",
            "id": 1204,
            "num": 2
          }
        ]
      },
      "passMissionsInfo": {
        "missionList": [
          {
            "missionType": "DAILY",
            "missionId": 101,
            "missionCode": "PURCHASE_ENKEPHALIN_MODULE",
            "countMax": 1,
            "exp": 2
          },
          {
            "missionType": "DAILY",
            "missionId": 102,
            "missionCode": "EXPDUNGEON_CLEAR",
            "countMax": 1,
            "exp": 2
          },
          {
            "missionType": "DAILY",
            "missionId": 103,
            "missionCode": "THREADDENGEON_CLEAR",
            "countMax": 1,
            "exp": 2
          },
          {
            "missionType": "DAILY",
            "missionId": 104,
            "missionCode": "CLEAR_STAGE",
            "countMax": 2,
            "exp": 2
          },
          {
            "missionType": "DAILY",
            "missionId": 105,
            "missionCode": "KILL_ENEMY_ANY",
            "countMax": 10,
            "exp": 2
          },
          {
            "missionType": "WEEKLY",
            "missionId": 201,
            "missionCode": "EXPDUNGEON_CLEAR",
            "countMax": 5,
            "exp": 4
          },
          {
            "missionType": "WEEKLY",
            "missionId": 202,
            "missionCode": "THREADDENGEON_CLEAR",
            "countMax": 5,
            "exp": 4
          },
          {
            "missionType": "WEEKLY",
            "missionId": 203,
            "missionCode": "CLEAR_STAGE",
            "countMax": 10,
            "exp": 4
          },
          {
            "missionType": "WEEKLY",
            "missionId": 204,
            "missionCode": "KILL_ENEMY_ANY",
            "countMax": 100,
            "exp": 4
          },
          {
            "missionType": "WEEKLY",
            "missionId": 205,
            "missionCode": "MIRROR_DUNGEON_TRY",
            "countMax": 1,
            "exp": 4
          },
          {
            "missionType": "SEASON",
            "missionId": 301,
            "missionCode": "CLEAR_STAGE",
            "countMax": 100,
            "exp": 5
          },
          {
            "missionType": "SEASON",
            "missionId": 302,
            "missionCode": "KILL_ENEMY_ANY",
            "countMax": 1000,
            "exp": 5
          },
          {
            "missionType": "SEASON",
            "missionId": 303,
            "missionCode": "KILL_ENEMY_ABNORMALITY",
            "countMax": 20,
            "exp": 5
          },
          {
            "missionType": "SEASON",
            "missionId": 304,
            "missionCode": "EXPDUNGEON_CLEAR",
            "countMax": 30,
            "exp": 5
          },
          {
            "missionType": "SEASON",
            "missionId": 305,
            "missionCode": "THREADDENGEON_CLEAR",
            "countMax": 30,
            "exp": 5
          },
          {
            "missionType": "SEASON",
            "missionId": 306,
            "missionCode": "MIRROR_DUNGEON_TRY",
            "countMax": 15,
            "exp": 8
          },
          {
            "missionType": "SEASON",
            "missionId": 307,
            "missionCode": "LOGIN",
            "countMax": 30,
            "exp": 8
          },
          {
            "missionType": "SEASON",
            "missionId": 308,
            "missionCode": "BATTLEPASS_LEVELUP",
            "countMax": 10,
            "exp": 8
          },
          {
            "missionType": "SEASON",
            "missionId": 309,
            "missionCode": "BATTLEPASS_LEVELUP",
            "countMax": 30,
            "exp": 8
          },
          {
            "missionType": "SEASON",
            "missionId": 310,
            "missionCode": "BATTLEPASS_LEVELUP",
            "countMax": 50,
            "exp": 8
          }
        ]
      },
      "specialPassProduct_IncludeLimbusPass": {
        "isIncludeLimbusPass": true,
        "requiredChanceForLimbusPass": 1999,
        "requiredChanceId": 1998,
        "requiredItemId": 1,
        "requiredItemNum": 2700,
        "acquirements": [
          {
            "type": "BATTLEPASS_POINT",
            "id": 1,
            "num": 100
          },
          {
            "type": "USERBANNER",
            "id": 33,
            "num": 1
          },
          {
            "type": "USERBANNER",
            "id": 34,
            "num": 1
          },
          {
            "type": "ITEM",
            "id": 224,
            "num": 1
          }
        ]
      },
      "specialPassProduct_NotIncludeLimbusPass": {
        "isIncludeLimbusPass": false,
        "requiredChanceId": 1998,
        "requiredItemId": 1,
        "requiredItemNum": 1700,
        "acquirements": [
          {
            "type": "BATTLEPASS_POINT",
            "id": 1,
            "num": 100
          },
          {
            "type": "USERBANNER",
            "id": 33,
            "num": 1
          },
          {
            "type": "USERBANNER",
            "id": 34,
            "num": 1
          },
          {
            "type": "ITEM",
            "id": 224,
            "num": 1
          }
        ]
      },
      "uiConfigs": {
        "bannerId": "banner_battlepass_season4"
      },
      "limbusPassPriceinfo": {
        "requiredItemId": 1,
        "requiredItemNum": 1300,
        "requiredChanceId": 1999
      }
    }
  ]
}