{
  "list": [
    {
      "id": 6,
      "bannerInfo": {
        "bannerType": "PERMANENT",
        "priority": 13,
        "condition": {
          "type": "ITEM",
          "id": 106,
          "num": 1
        },
        "pickupIdList": [],
        "illustList": ["gacha_6_illust"],
        "videoList": []
      },
      "payments": [
        {
          "paymentId": 0,
          "gachaUIState": "Ten",
          "requiredItemId": 106,
          "requiredNum": 1,
          "count": 10
        }
      ],
      "contents": [
        {
          "groupType": "1",
          "occupancyCaseList": [
            {
              "occupancyCase": "DEFAULT",
              "occupancy": 8400
            }
          ],
          "elementType": "PERSONALITY",
          "elementIdList": [
            10101,
            10201,
            10301,
            10401,
            10501,
            10601,
            10701,
            10801,
            10901,
            11001,
            11101,
            11201
          ]
        },
        {
          "groupType": "2",
          "occupancyCaseList": [
            {
              "occupancyCase": "DEFAULT",
              "occupancy": 1300
            }
          ],
          "elementType": "PERSONALITY",
          "elementIdList": [
            10107,
            10406,
            10507,
            11208
          ]
        },
        {
          "groupType": "3",
          "occupancyCaseList": [
            {
              "occupancyCase": "DEFAULT",
              "occupancy": 300
            },
            {
              "occupancyCase": "TENTH",
              "occupancy": 10000
            }
          ],
          "elementType": "PERSONALITY",
          "elementIdList": [
            10208,
            10306,
            10508,
            10707,
            10808,
            11207
          ]
        }
      ]
    }
  ]
}