{
  "list": [
    {
      "id": 7,
      "bannerInfo": {
        "bannerType": "PERMANENT",
        "priority": 14,
        "condition": {
          "type": "ITEM",
          "id": 107,
          "num": 1
        },
        "pickupIdList": [],
        "illustList": ["gacha_7_illust"],
        "videoList": []
      },
      "payments": [
        {
          "paymentId": 0,
          "gachaUIState": "Ten",
          "requiredItemId": 107,
          "requiredNum": 1,
          "count": 10
        }
      ],
      "contents": [
        {
          "groupType": "1",
          "occupancyCaseList": [
            {
              "occupancyCase": "DEFAULT",
              "occupancy": 8400
            }
          ],
          "elementType": "PERSONALITY",
          "elementIdList": [
            10101,
            10201,
            10301,
            10401,
            10501,
            10601,
            10701,
            10801,
            10901,
            11001,
            11101,
            11201
          ]
        },
        {
          "groupType": "2",
          "occupancyCaseList": [
            {
              "occupancyCase": "DEFAULT",
              "occupancy": 1300
            }
          ],
          "elementType": "PERSONALITY",
          "elementIdList": [
            10209,
            10509,
            10809
          ]
        },
        {
          "groupType": "3",
          "occupancyCaseList": [
            {
              "occupancyCase": "DEFAULT",
              "occupancy": 300
            },
            {
              "occupancyCase": "TENTH",
              "occupancy": 10000
            }
          ],
          "elementType": "PERSONALITY",
          "elementIdList": [
            10210,
            10408,
            10609,
            10710,
            11108,
            11209
          ]
        }
      ]
    }
  ]
}