{
  "list": [
    {
      "id": 189,
      "startDate": "2023-11-16T03:00:00.000Z",
      "endDate": "2024-09-19T01:00:00.000Z",
      "bannerInfo": {
        "endDate": "2024-09-19T01:00:00.000Z",
        "bannerType": "TEMPORARY_MAIN",
        "priority": 100,
        "pickupIdList": [
          10110,
          10410,
          21207
        ],
        "illustList": [
          "gacha_189_illust"
        ],
        "videoList": [
          "10110",
          "10410",
          "21207"
        ],
        "festival": true
      },
      "payments": [
        {
          "paymentId": 0,
          "gachaUIState": "Limit",
          "requiredItemId": 1,
          "requiredNum": 13,
          "requiredChanceId": 189,
          "count": 1
        },
        {
          "paymentId": 1,
          "gachaUIState": "One",
          "requiredItemId": 3,
          "requiredNum": 130,
          "count": 1
        },
        {
          "paymentId": 2,
          "gachaUIState": "Ten",
          "requiredItemId": 3,
          "requiredNum": 1300,
          "count": 10
        },
        {
          "paymentId": 3,
          "gachaUIState": "One",
          "requiredItemId": 101,
          "requiredNum": 1,
          "count": 1
        },
        {
          "paymentId": 4,
          "gachaUIState": "Ten",
          "requiredItemId": 102,
          "requiredNum": 1,
          "count": 10
        },
        {
          "paymentId": 5,
          "gachaUIState": "Ten",
          "requiredItemId": 101,
          "requiredNum": 10,
          "count": 10
        }
      ],
      "contents": [
        {
          "groupType": "1",
          "occupancyCaseList": [
            {
              "occupancyCase": "DEFAULT",
              "occupancy": 8170
            },
            {
              "occupancyCase": "COMPLETE_EGO_DEFAULT",
              "occupancy": 8270
            }
          ],
          "elementType": "PERSONALITY",
          "elementIdList": [
            10101,
            10201,
            10301,
            10401,
            10501,
            10601,
            10701,
            10801,
            10901,
            11001,
            11101,
            11201
          ]
        },
        {
          "groupType": "2",
          "occupancyCaseList": [
            {
              "occupancyCase": "DEFAULT",
              "occupancy": 1280
            },
            {
              "occupancyCase": "TENTH",
              "occupancy": 9450
            },
            {
              "occupancyCase": "COMPLETE_EGO_DEFAULT",
              "occupancy": 1300
            },
            {
              "occupancyCase": "COMPLETE_EGO_TENTH",
              "occupancy": 9570
            }
          ],
          "elementType": "PERSONALITY",
          "elementIdList": [
            10102,
            10107,
            10108,
            10202,
            10203,
            10205,
            10209,
            10303,
            10304,
            10307,
            10402,
            10406,
            10407,
            10502,
            10505,
            10507,
            10509,
            10602,
            10604,
            10606,
            10607,
            10702,
            10704,
            10706,
            10803,
            10804,
            10805,
            10809,
            10903,
            10904,
            10906,
            10909,
            11003,
            11004,
            11006,
            11102,
            11103,
            11106,
            11109,
            11202,
            11205
          ]
        },
        {
          "groupType": "3",
          "occupancyCaseList": [
            {
              "occupancyCase": "DEFAULT",
              "occupancy": 145
            },
            {
              "occupancyCase": "TENTH",
              "occupancy": 145
            },
            {
              "occupancyCase": "COMPLETE_EGO_DEFAULT",
              "occupancy": 150
            },
            {
              "occupancyCase": "COMPLETE_EGO_TENTH",
              "occupancy": 150
            }
          ],
          "elementType": "PERSONALITY",
          "elementIdList": [
            10103,
            10104,
            10106,
            10109,
            10204,
            10206,
            10207,
            10210,
            10302,
            10305,
            10306,
            10309,
            10403,
            10405,
            10408,
            10503,
            10504,
            10506,
            10510,
            10603,
            10605,
            10608,
            10609,
            10703,
            10705,
            10707,
            10708,
            10710,
            10802,
            10806,
            10808,
            10902,
            10905,
            10907,
            10908,
            10910,
            11002,
            11005,
            11008,
            11009,
            11104,
            11107,
            11108,
            11110,
            11203,
            11206,
            11207,
            11209
          ]
        },
        {
          "groupType": "3_pickup",
          "occupancyCaseList": [
            {
              "occupancyCase": "DEFAULT",
              "occupancy": 145
            },
            {
              "occupancyCase": "TENTH",
              "occupancy": 145
            },
            {
              "occupancyCase": "COMPLETE_EGO_DEFAULT",
              "occupancy": 150
            },
            {
              "occupancyCase": "COMPLETE_EGO_TENTH",
              "occupancy": 150
            }
          ],
          "elementType": "PERSONALITY",
          "elementIdList": [
            10110,
            10410
          ]
        },
        {
          "groupType": "ANNOUNCER",
          "occupancyCaseList": [
            {
              "occupancyCase": "DEFAULT",
              "occupancy": 65
            },
            {
              "occupancyCase": "TENTH",
              "occupancy": 65
            },
            {
              "occupancyCase": "COMPLETE_EGO_DEFAULT",
              "occupancy": 65
            },
            {
              "occupancyCase": "COMPLETE_EGO_TENTH",
              "occupancy": 65
            }
          ],
          "elementType": "ANNOUNCER",
          "elementIdList": [
            10,
            11,
            12,
            16,
            17
          ]
        },
        {
          "groupType": "ANNOUNCER_pickup",
          "occupancyCaseList": [
            {
              "occupancyCase": "DEFAULT",
              "occupancy": 65
            },
            {
              "occupancyCase": "TENTH",
              "occupancy": 65
            },
            {
              "occupancyCase": "COMPLETE_EGO_DEFAULT",
              "occupancy": 65
            },
            {
              "occupancyCase": "COMPLETE_EGO_TENTH",
              "occupancy": 65
            }
          ],
          "elementType": "ANNOUNCER",
          "elementIdList": [
            18,
            19
          ]
        },
        {
          "groupType": "EGO",
          "samplingWithoutReplacement": true,
          "occupancyCaseList": [
            {
              "occupancyCase": "DEFAULT",
              "occupancy": 65
            },
            {
              "occupancyCase": "TENTH",
              "occupancy": 65
            }
          ],
          "elementType": "EGO",
          "elementIdList": [
            20103,
            20104,
            20203,
            20204,
            20206,
            20303,
            20305,
            20403,
            20404,
            20407,
            20503,
            20505,
            20603,
            20606,
            20704,
            20707,
            20803,
            20806,
            20807,
            20905,
            20906,
            21004,
            21006,
            21103,
            21107,
            21203,
            21205
          ]
        },
        {
          "groupType": "EGO_pickup",
          "samplingWithoutReplacement": true,
          "occupancyCaseList": [
            {
              "occupancyCase": "DEFAULT",
              "occupancy": 65
            },
            {
              "occupancyCase": "TENTH",
              "occupancy": 65
            }
          ],
          "elementType": "EGO",
          "elementIdList": [
            21207
          ]
        }
      ],
      "pitySystem": {
        "endDate": "2024-09-19T01:00:00.000Z",
        "catalog": [
          {
            "element": {
              "type": "PERSONALITY",
              "id": 10110,
              "num": 1
            },
            "requiredPityPoint": 200
          },
          {
            "element": {
              "type": "PERSONALITY",
              "id": 10410,
              "num": 1
            },
            "requiredPityPoint": 200
          },
          {
            "element": {
              "type": "EGO",
              "id": 21207,
              "num": 1
            },
            "requiredPityPoint": 200
          },
          {
            "element": {
              "type": "ANNOUNCER",
              "id": 19,
              "num": 1
            },
            "requiredPityPoint": 200
          },
          {
            "element": {
              "type": "ANNOUNCER",
              "id": 18,
              "num": 1
            },
            "requiredPityPoint": 200
          },
          {
            "element": {
              "type": "ANNOUNCER",
              "id": 17,
              "num": 1
            },
            "requiredPityPoint": 200
          },
          {
            "element": {
              "type": "ANNOUNCER",
              "id": 16,
              "num": 1
            },
            "requiredPityPoint": 200
          },
          {
            "element": {
              "type": "ANNOUNCER",
              "id": 12,
              "num": 1
            },
            "requiredPityPoint": 200
          },
          {
            "element": {
              "type": "ANNOUNCER",
              "id": 11,
              "num": 1
            },
            "requiredPityPoint": 200
          },
          {
            "element": {
              "type": "ANNOUNCER",
              "id": 10,
              "num": 1
            },
            "requiredPityPoint": 200
          }
        ]
      }
    }
  ]
}