{
  "list": [
    {
      "id": 190,
      "startDate": "2023-11-16T03:00:00.000Z",
      "endDate": "2024-10-03T01:00:00.000Z",
      "bannerInfo": {
        "endDate": "2024-10-03T01:00:00.000Z",
        "bannerType": "TEMPORARY_SUB",
        "priority": 98,
        "pickupIdList": [
          20407,
          20404,
          10408,
          10405
        ],
        "illustList": [
          "gacha_190_illust"
        ],
        "videoList": [
          "20407",
          "20404",
          "10408",
          "10405"
        ]
      },
      "payments": [
        {
          "paymentId": 0,
          "gachaUIState": "Limit",
          "requiredItemId": 1,
          "requiredNum": 13,
          "requiredChanceId": 190,
          "count": 1
        },
        {
          "paymentId": 1,
          "gachaUIState": "One",
          "requiredItemId": 3,
          "requiredNum": 130,
          "count": 1
        },
        {
          "paymentId": 2,
          "gachaUIState": "Ten",
          "requiredItemId": 3,
          "requiredNum": 1300,
          "count": 10
        },
        {
          "paymentId": 3,
          "gachaUIState": "One",
          "requiredItemId": 101,
          "requiredNum": 1,
          "count": 1
        },
        {
          "paymentId": 4,
          "gachaUIState": "Ten",
          "requiredItemId": 102,
          "requiredNum": 1,
          "count": 10
        },
        {
          "paymentId": 5,
          "gachaUIState": "Ten",
          "requiredItemId": 101,
          "requiredNum": 10,
          "count": 10
        }
      ],
      "contents": [
        {
          "groupType": "1",
          "occupancyCaseList": [
            {
              "occupancyCase": "DEFAULT",
              "occupancy": 4150
            },
            {
              "occupancyCase": "COMPLETE_EGO_DEFAULT",
              "occupancy": 4200
            }
          ],
          "elementType": "PERSONALITY",
          "elementIdList": [
            10101,
            10201,
            10301,
            10501,
            10601,
            10701,
            10801,
            10901,
            11001,
            11101,
            11201
          ]
        },
        {
          "groupType": "1_pickup",
          "occupancyCaseList": [
            {
              "occupancyCase": "DEFAULT",
              "occupancy": 4150
            },
            {
              "occupancyCase": "COMPLETE_EGO_DEFAULT",
              "occupancy": 4200
            }
          ],
          "elementType": "PERSONALITY",
          "elementIdList": [
            10401
          ]
        },
        {
          "groupType": "2",
          "occupancyCaseList": [
            {
              "occupancyCase": "DEFAULT",
              "occupancy": 640
            },
            {
              "occupancyCase": "TENTH",
              "occupancy": 4790
            },
            {
              "occupancyCase": "COMPLETE_EGO_DEFAULT",
              "occupancy": 650
            },
            {
              "occupancyCase": "COMPLETE_EGO_TENTH",
              "occupancy": 4850
            }
          ],
          "elementType": "PERSONALITY",
          "elementIdList": [
            10102,
            10107,
            10108,
            10202,
            10203,
            10205,
            10209,
            10303,
            10304,
            10502,
            10505,
            10507,
            10509,
            10602,
            10604,
            10606,
            10702,
            10704,
            10706,
            10803,
            10804,
            10805,
            10809,
            10903,
            10904,
            10906,
            10909,
            11003,
            11004,
            11006,
            11102,
            11103,
            11106,
            11109,
            11202,
            11205
          ]
        },
        {
          "groupType": "2_pickup",
          "occupancyCaseList": [
            {
              "occupancyCase": "DEFAULT",
              "occupancy": 640
            },
            {
              "occupancyCase": "TENTH",
              "occupancy": 4790
            },
            {
              "occupancyCase": "COMPLETE_EGO_DEFAULT",
              "occupancy": 650
            },
            {
              "occupancyCase": "COMPLETE_EGO_TENTH",
              "occupancy": 4850
            }
          ],
          "elementType": "PERSONALITY",
          "elementIdList": [
            10402,
            10406,
            10407
          ]
        },
        {
          "groupType": "3",
          "occupancyCaseList": [
            {
              "occupancyCase": "DEFAULT",
              "occupancy": 145
            },
            {
              "occupancyCase": "TENTH",
              "occupancy": 145
            },
            {
              "occupancyCase": "COMPLETE_EGO_DEFAULT",
              "occupancy": 150
            },
            {
              "occupancyCase": "COMPLETE_EGO_TENTH",
              "occupancy": 150
            }
          ],
          "elementType": "PERSONALITY",
          "elementIdList": [
            10103,
            10104,
            10106,
            10109,
            10204,
            10206,
            10210,
            10302,
            10305,
            10306,
            10309,
            10503,
            10504,
            10506,
            10510,
            10603,
            10605,
            10608,
            10609,
            10703,
            10705,
            10707,
            10708,
            10710,
            10802,
            10806,
            10808,
            10902,
            10905,
            10907,
            10908,
            10910,
            11002,
            11005,
            11008,
            11104,
            11108,
            11110,
            11203,
            11206,
            11207,
            11209
          ]
        },
        {
          "groupType": "3_pickup",
          "occupancyCaseList": [
            {
              "occupancyCase": "DEFAULT",
              "occupancy": 145
            },
            {
              "occupancyCase": "TENTH",
              "occupancy": 145
            },
            {
              "occupancyCase": "COMPLETE_EGO_DEFAULT",
              "occupancy": 150
            },
            {
              "occupancyCase": "COMPLETE_EGO_TENTH",
              "occupancy": 150
            }
          ],
          "elementType": "PERSONALITY",
          "elementIdList": [
            10403,
            10404,
            10405,
            10408
          ]
        },
        {
          "groupType": "EGO",
          "samplingWithoutReplacement": true,
          "occupancyCaseList": [
            {
              "occupancyCase": "DEFAULT",
              "occupancy": 65
            },
            {
              "occupancyCase": "TENTH",
              "occupancy": 65
            }
          ],
          "elementType": "EGO",
          "elementIdList": [
            20103,
            20104,
            20203,
            20204,
            20206,
            20303,
            20305,
            20503,
            20603,
            20606,
            20704,
            20707,
            20803,
            20807,
            20905,
            21004,
            21006,
            21103,
            21107,
            21203,
            21205
          ]
        },
        {
          "groupType": "EGO_pickup",
          "samplingWithoutReplacement": true,
          "occupancyCaseList": [
            {
              "occupancyCase": "DEFAULT",
              "occupancy": 65
            },
            {
              "occupancyCase": "TENTH",
              "occupancy": 65
            }
          ],
          "elementType": "EGO",
          "elementIdList": [
            20403,
            20404,
            20405,
            20407
          ]
        }
      ],
      "pitySystem": {
        "endDate": "2024-10-03T01:00:00.000Z",
        "catalog": [
          {
            "element": {
              "type": "PERSONALITY",
              "id": 10408,
              "num": 1
            },
            "requiredPityPoint": 200
          },
          {
            "element": {
              "type": "PERSONALITY",
              "id": 10405,
              "num": 1
            },
            "requiredPityPoint": 200
          },
          {
            "element": {
              "type": "PERSONALITY",
              "id": 10404,
              "num": 1
            },
            "requiredPityPoint": 200
          },
          {
            "element": {
              "type": "PERSONALITY",
              "id": 10403,
              "num": 1
            },
            "requiredPityPoint": 200
          },
          {
            "element": {
              "type": "EGO",
              "id": 20407,
              "num": 1
            },
            "requiredPityPoint": 200
          },
          {
            "element": {
              "type": "EGO",
              "id": 20404,
              "num": 1
            },
            "requiredPityPoint": 200
          },
          {
            "element": {
              "type": "EGO",
              "id": 20403,
              "num": 1
            },
            "requiredPityPoint": 200
          },
          {
            "element": {
              "type": "EGO",
              "id": 20405,
              "num": 1
            },
            "requiredPityPoint": 200
          }
        ]
      }
    }
  ]
}