{
  "list": [
    {
      "id": 1001,
      "unlockCondition": {
        "unlockCode": 101
      },
      "desc": "잊혀진 자들",
      "exceptionConditions": [
        {
          "dungeonIdx": 0,
          "selectableFloors": [
            0
          ]
        },
        {
          "dungeonIdx": 1,
          "selectableFloors": [
            0
          ]
        }
      ],
      "mapGenOption": {
        "bossPool": [
          2060151
        ],
        "battlePool": [
          2060101,
          2060102,
          2060103,
          2060104,
          2060105,
          2060106,
          2060107,
          2060108,
          2060109,
          2060110,
          2060111,
          2060112,
          2060113,
          2060114,
          2060115,
          2060116,
          2060117,
          2060118,
          2060119,
          2060120,
          2060121,
          2060122,
          2060123,
          2060124,
          2060125,
          2060126,
          2060127,
          2060128,
          2060129,
          2060130
        ],
        "abBattlePool": [
          2060131,
          2060132,
          2060133,
          2060134,
          2060135,
          2060136,
          2060137,
          2060138,
          2060139,
          2060140
        ],
        "hardBattlePool": [
          2060141,
          2060142,
          2060143,
          2060144,
          2060145,
          2060146,
          2060147,
          2060148,
          2060149,
          2060150
        ],
        "eventPool": [
          901001,
          901002,
          901003,
          901004,
          901005,
          901006,
          901007,
          901008,
          901009,
          901010,
          901011,
          901012,
          901013,
          901014,
          901015,
          901016,
          901017,
          901018,
          901019,
          901020,
          901021,
          901022,
          901023,
          901024,
          901025,
          901026,
          901027,
          901028,
          901030,
          901031,
          901032,
          901033,
          901034,
          901035,
          901036,
          901037,
          901038,
          901039,
          901040
        ]
      },
      "egoGiftPool": [
        9001,
        9002,
        9003,
        9004,
        9005,
        9006,
        9007,
        9008,
        9009,
        9010,
        9011,
        9012,
        9013,
        9014,
        9015,
        9016,
        9017,
        9018,
        9019,
        9020,
        9021,
        9022,
        9023,
        9024,
        9025,
        9026,
        9027,
        9028,
        9029,
        9030,
        9031,
        9032,
        9033,
        9034,
        9035,
        9036,
        9037,
        9038,
        9039,
        9040,
        9041,
        9042,
        9043,
        9044,
        9046,
        9047,
        9048,
        9049,
        9051,
        9052,
        9053,
        9054,
        9056,
        9057,
        9059,
        9061,
        9062,
        9063,
        9064,
        9066,
        9069,
        9071,
        9072,
        9073,
        9074,
        9086,
        9087,
        9089,
        9091,
        9093,
        9095,
        9097,
        9099
      ],
      "specificEgoGiftPool": [],
      "mapGenSequence": [
        {
          "type": "CREATE_EMPTY_MD4_FLOOR",
          "numberList": [
            4,
            3,
            1
          ]
        },
        {
          "type": "FILL_MAP_BY_THEMEFLOOR_MAPGENOPTION",
          "numberValue": 1001
        }
      ],
      "uiConfigs": {
        "showBossIds": [
          71001
        ],
        "packSpriteId": "Canto_I",
        "textColor": "af241c",
        "mapOptions": [
          {
            "key": "SetColor_Basic",
            "value": "af241c"
          },
          {
            "key": "SetColor_Cleared",
            "value": "423231"
          },
          {
            "key": "MirrorDungeon4_Base"
          }
        ]
      }
    },
    {
      "id": 1002,
      "unlockCondition": {
        "unlockCode": 101
      },
      "desc": "속하지 못하는",
      "exceptionConditions": [
        {
          "dungeonIdx": 0,
          "selectableFloors": [
            0,
            1
          ]
        },
        {
          "dungeonIdx": 1,
          "selectableFloors": [
            0,
            1
          ]
        }
      ],
      "mapGenOption": {
        "bossPool": [
          2060251,
          2060252,
          2060253
        ],
        "battlePool": [
          2060201,
          2060202,
          2060203,
          2060204,
          2060205,
          2060206,
          2060207,
          2060208,
          2060209,
          2060210,
          2060211,
          2060212,
          2060213,
          2060214,
          2060215,
          2060216,
          2060217,
          2060218,
          2060219,
          2060220,
          2060221,
          2060222,
          2060223,
          2060224,
          2060225,
          2060226,
          2060227,
          2060228,
          2060229,
          2060230
        ],
        "abBattlePool": [
          2060231,
          2060232,
          2060233,
          2060234,
          2060235,
          2060236,
          2060237,
          2060238,
          2060239,
          2060240
        ],
        "hardBattlePool": [
          2060241,
          2060242,
          2060243,
          2060244,
          2060245,
          2060246,
          2060247,
          2060248,
          2060249,
          2060250
        ],
        "eventPool": [
          901001,
          901002,
          901003,
          901004,
          901005,
          901006,
          901007,
          901008,
          901009,
          901010,
          901011,
          901012,
          901013,
          901014,
          901015,
          901016,
          901017,
          901018,
          901019,
          901020,
          901021,
          901022,
          901023,
          901024,
          901025,
          901026,
          901027,
          901028,
          901030,
          901031,
          901032,
          901033,
          901034,
          901035,
          901036,
          901037,
          901038,
          901039,
          901040
        ]
      },
      "egoGiftPool": [
        9001,
        9002,
        9003,
        9004,
        9005,
        9006,
        9007,
        9008,
        9009,
        9010,
        9011,
        9012,
        9013,
        9014,
        9015,
        9016,
        9017,
        9018,
        9019,
        9020,
        9021,
        9022,
        9023,
        9024,
        9025,
        9026,
        9027,
        9028,
        9029,
        9030,
        9031,
        9032,
        9033,
        9034,
        9035,
        9036,
        9037,
        9038,
        9039,
        9040,
        9041,
        9042,
        9043,
        9044,
        9046,
        9047,
        9048,
        9049,
        9051,
        9052,
        9053,
        9054,
        9056,
        9057,
        9059,
        9061,
        9062,
        9063,
        9064,
        9066,
        9069,
        9071,
        9072,
        9073,
        9074,
        9086,
        9087,
        9089,
        9091,
        9093,
        9095,
        9097,
        9099,
        9403,
        9404
      ],
      "specificEgoGiftPool": [
        9403,
        9404
      ],
      "mapGenSequence": [
        {
          "type": "CREATE_EMPTY_MD4_FLOOR",
          "numberList": [
            5,
            3,
            1
          ]
        },
        {
          "type": "FILL_MAP_BY_THEMEFLOOR_MAPGENOPTION",
          "numberValue": 1002
        }
      ],
      "uiConfigs": {
        "showBossIds": [
          8001,
          8002,
          8094
        ],
        "packSpriteId": "Canto_I_hard",
        "isShowWarning": true,
        "textColor": "af241c",
        "mapOptions": [
          {
            "key": "SetColor_Basic",
            "value": "af241c"
          },
          {
            "key": "SetColor_Cleared",
            "value": "423231"
          },
          {
            "key": "MirrorDungeon4_Base"
          }
        ]
      },
      "difficulty": "DIFFICULT"
    },
    {
      "id": 1003,
      "unlockCondition": {
        "unlockCode": 102
      },
      "desc": "카지노 푸어",
      "exceptionConditions": [
        {
          "dungeonIdx": 0,
          "selectableFloors": [
            0,
            1
          ]
        },
        {
          "dungeonIdx": 1,
          "selectableFloors": [
            0
          ]
        }
      ],
      "mapGenOption": {
        "bossPool": [
          2060351
        ],
        "battlePool": [
          2060301,
          2060302,
          2060303,
          2060304,
          2060305,
          2060306,
          2060307,
          2060308,
          2060309,
          2060310,
          2060311,
          2060312,
          2060313,
          2060314,
          2060315,
          2060316,
          2060317,
          2060318,
          2060319,
          2060320,
          2060321,
          2060322,
          2060323,
          2060324,
          2060325,
          2060326,
          2060327,
          2060328,
          2060329,
          2060330
        ],
        "abBattlePool": [
          2060331,
          2060332,
          2060333,
          2060334,
          2060335,
          2060336,
          2060337,
          2060338,
          2060339,
          2060340
        ],
        "hardBattlePool": [
          2060341,
          2060342,
          2060343,
          2060344,
          2060345,
          2060346,
          2060347,
          2060348,
          2060349,
          2060350
        ],
        "eventPool": [
          901001,
          901002,
          901003,
          901004,
          901005,
          901006,
          901007,
          901008,
          901009,
          901010,
          901011,
          901012,
          901013,
          901014,
          901015,
          901016,
          901017,
          901018,
          901019,
          901020,
          901021,
          901022,
          901023,
          901024,
          901025,
          901026,
          901027,
          901028,
          901030,
          901031,
          901032,
          901033,
          901034,
          901035,
          901036,
          901037,
          901038,
          901039,
          901040
        ]
      },
      "egoGiftPool": [
        9001,
        9002,
        9003,
        9004,
        9005,
        9006,
        9007,
        9008,
        9009,
        9010,
        9011,
        9012,
        9013,
        9014,
        9015,
        9016,
        9017,
        9018,
        9019,
        9020,
        9021,
        9022,
        9023,
        9024,
        9025,
        9026,
        9027,
        9028,
        9029,
        9030,
        9031,
        9032,
        9033,
        9034,
        9035,
        9036,
        9037,
        9038,
        9039,
        9040,
        9041,
        9042,
        9043,
        9044,
        9046,
        9047,
        9048,
        9049,
        9051,
        9052,
        9053,
        9054,
        9056,
        9057,
        9059,
        9061,
        9062,
        9063,
        9064,
        9066,
        9069,
        9071,
        9072,
        9073,
        9074,
        9086,
        9087,
        9089,
        9091,
        9093,
        9095,
        9097,
        9099
      ],
      "specificEgoGiftPool": [],
      "mapGenSequence": [
        {
          "type": "CREATE_EMPTY_MD4_FLOOR",
          "numberList": [
            4,
            3,
            1
          ]
        },
        {
          "type": "FILL_MAP_BY_THEMEFLOOR_MAPGENOPTION",
          "numberValue": 1003
        }
      ],
      "uiConfigs": {
        "showBossIds": [
          71004
        ],
        "packSpriteId": "Canto_II",
        "textColor": "5ce6ff",
        "mapOptions": [
          {
            "key": "SetColor_Basic",
            "value": "5ce6ff"
          },
          {
            "key": "SetColor_Cleared",
            "value": "153a48"
          },
          {
            "key": "MirrorDungeon4_Base"
          }
        ]
      }
    },
    {
      "id": 1004,
      "unlockCondition": {
        "unlockCode": 102
      },
      "desc": "공장 자동화",
      "exceptionConditions": [
        {
          "dungeonIdx": 0,
          "selectableFloors": [
            0,
            1
          ]
        },
        {
          "dungeonIdx": 1,
          "selectableFloors": [
            0,
            1
          ]
        }
      ],
      "mapGenOption": {
        "bossPool": [
          2060436,
          2060437
        ],
        "battlePool": [
          2060401,
          2060402,
          2060403,
          2060404,
          2060405,
          2060406,
          2060407,
          2060408,
          2060409,
          2060410,
          2060411,
          2060412,
          2060413,
          2060414,
          2060415
        ],
        "abBattlePool": [
          2060416,
          2060417,
          2060418,
          2060419,
          2060420,
          2060421,
          2060422,
          2060423,
          2060424,
          2060425
        ],
        "hardBattlePool": [
          2060426,
          2060427,
          2060428,
          2060429,
          2060430,
          2060431,
          2060432,
          2060433,
          2060434,
          2060435
        ],
        "eventPool": [
          901001,
          901002,
          901003,
          901004,
          901005,
          901006,
          901007,
          901008,
          901009,
          901010,
          901011,
          901012,
          901013,
          901014,
          901015,
          901016,
          901017,
          901018,
          901019,
          901020,
          901021,
          901022,
          901023,
          901024,
          901025,
          901026,
          901027,
          901028,
          901030,
          901031,
          901032,
          901033,
          901034,
          901035,
          901036,
          901037,
          901038,
          901039,
          901040
        ]
      },
      "egoGiftPool": [
        9001,
        9002,
        9003,
        9004,
        9005,
        9006,
        9007,
        9008,
        9009,
        9010,
        9011,
        9012,
        9013,
        9014,
        9015,
        9016,
        9017,
        9018,
        9019,
        9020,
        9021,
        9022,
        9023,
        9024,
        9025,
        9026,
        9027,
        9028,
        9029,
        9030,
        9031,
        9032,
        9033,
        9034,
        9035,
        9036,
        9037,
        9038,
        9039,
        9040,
        9041,
        9042,
        9043,
        9044,
        9046,
        9047,
        9048,
        9049,
        9051,
        9052,
        9053,
        9054,
        9056,
        9057,
        9059,
        9061,
        9062,
        9063,
        9064,
        9066,
        9069,
        9071,
        9072,
        9073,
        9074,
        9086,
        9087,
        9089,
        9091,
        9093,
        9095,
        9097,
        9099,
        9407,
        9408
      ],
      "specificEgoGiftPool": [
        9407,
        9408
      ],
      "mapGenSequence": [
        {
          "type": "CREATE_EMPTY_MD4_FLOOR",
          "numberList": [
            5,
            3,
            1
          ]
        },
        {
          "type": "FILL_MAP_BY_THEMEFLOOR_MAPGENOPTION",
          "numberValue": 1004
        }
      ],
      "uiConfigs": {
        "showBossIds": [
          8269,
          8272
        ],
        "packSpriteId": "Canto_II_mid",
        "textColor": "5ce6ff",
        "mapOptions": [
          {
            "key": "SetColor_Basic",
            "value": "5ce6ff"
          },
          {
            "key": "SetColor_Cleared",
            "value": "153a48"
          },
          {
            "key": "MirrorDungeon4_Base"
          }
        ]
      }
    },
    {
      "id": 1005,
      "unlockCondition": {
        "unlockCode": 102
      },
      "desc": "사랑할 수 없는",
      "exceptionConditions": [
        {
          "dungeonIdx": 0,
          "selectableFloors": [
            0,
            1
          ]
        },
        {
          "dungeonIdx": 1,
          "selectableFloors": [
            0,
            1
          ]
        }
      ],
      "mapGenOption": {
        "bossPool": [
          2060518
        ],
        "battlePool": [
          2060501,
          2060502,
          2060503,
          2060504,
          2060505
        ],
        "abBattlePool": [
          2060506,
          2060507,
          2060508,
          2060509,
          2060510
        ],
        "hardBattlePool": [
          2060511,
          2060512,
          2060513,
          2060514,
          2060515,
          2060516,
          2060517
        ],
        "eventPool": [
          901001,
          901002,
          901003,
          901004,
          901005,
          901006,
          901007,
          901008,
          901009,
          901010,
          901011,
          901012,
          901013,
          901014,
          901015,
          901016,
          901017,
          901018,
          901019,
          901020,
          901021,
          901022,
          901023,
          901024,
          901025,
          901026,
          901027,
          901028,
          901030,
          901031,
          901032,
          901033,
          901034,
          901035,
          901036,
          901037,
          901038,
          901039,
          901040
        ]
      },
      "egoGiftPool": [
        9001,
        9002,
        9003,
        9004,
        9005,
        9006,
        9007,
        9008,
        9009,
        9010,
        9011,
        9012,
        9013,
        9014,
        9015,
        9016,
        9017,
        9018,
        9019,
        9020,
        9021,
        9022,
        9023,
        9024,
        9025,
        9026,
        9027,
        9028,
        9029,
        9030,
        9031,
        9032,
        9033,
        9034,
        9035,
        9036,
        9037,
        9038,
        9039,
        9040,
        9041,
        9042,
        9043,
        9044,
        9046,
        9047,
        9048,
        9049,
        9051,
        9052,
        9053,
        9054,
        9056,
        9057,
        9059,
        9061,
        9062,
        9063,
        9064,
        9066,
        9069,
        9071,
        9072,
        9073,
        9074,
        9086,
        9087,
        9089,
        9091,
        9093,
        9095,
        9097,
        9099,
        9409
      ],
      "specificEgoGiftPool": [
        9409
      ],
      "mapGenSequence": [
        {
          "type": "CREATE_EMPTY_MD4_FLOOR",
          "numberList": [
            3,
            3,
            1
          ]
        },
        {
          "type": "FILL_MAP_BY_THEMEFLOOR_MAPGENOPTION",
          "numberValue": 1005
        }
      ],
      "uiConfigs": {
        "showBossIds": [
          8275,
          8276
        ],
        "packSpriteId": "Canto_II_hard",
        "textColor": "5ce6ff",
        "isShowWarning": true,
        "mapOptions": [
          {
            "key": "SetColor_Basic",
            "value": "5ce6ff"
          },
          {
            "key": "SetColor_Cleared",
            "value": "153a48"
          },
          {
            "key": "MirrorDungeon4_Base"
          }
        ]
      },
      "battlevictorycostvaluList": [
        {
          "encounterType": "BATTLE",
          "cost": 40
        },
        {
          "encounterType": "AB_BATTLE",
          "cost": 60
        },
        {
          "encounterType": "HARD_BATTLE",
          "cost": 80
        },
        {
          "encounterType": "BOSS",
          "cost": 150
        }
      ],
      "difficulty": "DIFFICULT"
    },
    {
      "id": 1006,
      "unlockCondition": {
        "unlockCode": 103
      },
      "desc": "못과 망치",
      "exceptionConditions": [
        {
          "dungeonIdx": 0,
          "selectableFloors": [
            0,
            1
          ]
        },
        {
          "dungeonIdx": 1,
          "selectableFloors": [
            0
          ]
        }
      ],
      "mapGenOption": {
        "bossPool": [
          2060651
        ],
        "battlePool": [
          2060601,
          2060602,
          2060603,
          2060604,
          2060605,
          2060606,
          2060607,
          2060608,
          2060609,
          2060610,
          2060611,
          2060612,
          2060613,
          2060614,
          2060615,
          2060616,
          2060617,
          2060618,
          2060619,
          2060620,
          2060621,
          2060622,
          2060623,
          2060624,
          2060625,
          2060626,
          2060627,
          2060628,
          2060629,
          2060630
        ],
        "abBattlePool": [
          2060631,
          2060632,
          2060633,
          2060634,
          2060635,
          2060636,
          2060637,
          2060638,
          2060639,
          2060640
        ],
        "hardBattlePool": [
          2060641,
          2060642,
          2060643,
          2060644,
          2060645,
          2060646,
          2060647,
          2060648,
          2060649,
          2060650
        ],
        "eventPool": [
          901001,
          901002,
          901003,
          901004,
          901005,
          901006,
          901007,
          901008,
          901009,
          901010,
          901011,
          901012,
          901013,
          901014,
          901015,
          901016,
          901017,
          901018,
          901019,
          901020,
          901021,
          901022,
          901023,
          901024,
          901025,
          901026,
          901027,
          901028,
          901030,
          901031,
          901032,
          901033,
          901034,
          901035,
          901036,
          901037,
          901038,
          901039,
          901040
        ]
      },
      "egoGiftPool": [
        9001,
        9002,
        9003,
        9004,
        9005,
        9006,
        9007,
        9008,
        9009,
        9010,
        9011,
        9012,
        9013,
        9014,
        9015,
        9016,
        9017,
        9018,
        9019,
        9020,
        9021,
        9022,
        9023,
        9024,
        9025,
        9026,
        9027,
        9028,
        9029,
        9030,
        9031,
        9032,
        9033,
        9034,
        9035,
        9036,
        9037,
        9038,
        9039,
        9040,
        9041,
        9042,
        9043,
        9044,
        9046,
        9047,
        9048,
        9049,
        9051,
        9052,
        9053,
        9054,
        9056,
        9057,
        9059,
        9061,
        9062,
        9063,
        9064,
        9066,
        9069,
        9071,
        9072,
        9073,
        9074,
        9086,
        9087,
        9089,
        9091,
        9093,
        9095,
        9097,
        9099
      ],
      "specificEgoGiftPool": [],
      "mapGenSequence": [
        {
          "type": "CREATE_EMPTY_MD4_FLOOR",
          "numberList": [
            4,
            3,
            1
          ]
        },
        {
          "type": "FILL_MAP_BY_THEMEFLOOR_MAPGENOPTION",
          "numberValue": 1006
        }
      ],
      "uiConfigs": {
        "showBossIds": [
          71006
        ],
        "packSpriteId": "Canto_III",
        "textColor": "f37a22",
        "mapOptions": [
          {
            "key": "SetColor_Basic",
            "value": "f37a22"
          },
          {
            "key": "SetColor_Cleared",
            "value": "6d2e00"
          },
          {
            "key": "MirrorDungeon4_Base"
          }
        ]
      }
    },
    {
      "id": 1007,
      "unlockCondition": {
        "unlockCode": 103
      },
      "desc": "신앙과 침식",
      "exceptionConditions": [
        {
          "dungeonIdx": 0,
          "selectableFloors": [
            0,
            1
          ]
        },
        {
          "dungeonIdx": 1,
          "selectableFloors": [
            0
          ]
        }
      ],
      "mapGenOption": {
        "bossPool": [
          2060751,
          2060752
        ],
        "battlePool": [
          2060701,
          2060702,
          2060703,
          2060704,
          2060705,
          2060706,
          2060707,
          2060708,
          2060709,
          2060710,
          2060711,
          2060712,
          2060713,
          2060714,
          2060715,
          2060716,
          2060717,
          2060718,
          2060719,
          2060720,
          2060721,
          2060722,
          2060723,
          2060724,
          2060725,
          2060726,
          2060727,
          2060728,
          2060729,
          2060730
        ],
        "abBattlePool": [
          2060731,
          2060732,
          2060733,
          2060734,
          2060735,
          2060736,
          2060737,
          2060738,
          2060739,
          2060740
        ],
        "hardBattlePool": [
          2060741,
          2060742,
          2060743,
          2060744,
          2060745,
          2060746,
          2060747,
          2060748,
          2060749,
          2060750
        ],
        "eventPool": [
          901001,
          901002,
          901003,
          901004,
          901005,
          901006,
          901007,
          901008,
          901009,
          901010,
          901011,
          901012,
          901013,
          901014,
          901015,
          901016,
          901017,
          901018,
          901019,
          901020,
          901021,
          901022,
          901023,
          901024,
          901025,
          901026,
          901027,
          901028,
          901030,
          901031,
          901032,
          901033,
          901034,
          901035,
          901036,
          901037,
          901038,
          901039,
          901040
        ]
      },
      "egoGiftPool": [
        9001,
        9002,
        9003,
        9004,
        9005,
        9006,
        9007,
        9008,
        9009,
        9010,
        9011,
        9012,
        9013,
        9014,
        9015,
        9016,
        9017,
        9018,
        9019,
        9020,
        9021,
        9022,
        9023,
        9024,
        9025,
        9026,
        9027,
        9028,
        9029,
        9030,
        9031,
        9032,
        9033,
        9034,
        9035,
        9036,
        9037,
        9038,
        9039,
        9040,
        9041,
        9042,
        9043,
        9044,
        9046,
        9047,
        9048,
        9049,
        9051,
        9052,
        9053,
        9054,
        9056,
        9057,
        9059,
        9061,
        9062,
        9063,
        9064,
        9066,
        9069,
        9071,
        9072,
        9073,
        9074,
        9086,
        9087,
        9089,
        9091,
        9093,
        9095,
        9097,
        9099,
        9413,
        9414
      ],
      "specificEgoGiftPool": [
        9413,
        9414
      ],
      "mapGenSequence": [
        {
          "type": "CREATE_EMPTY_MD4_FLOOR",
          "numberList": [
            4,
            3,
            1
          ]
        },
        {
          "type": "FILL_MAP_BY_THEMEFLOOR_MAPGENOPTION",
          "numberValue": 1007
        }
      ],
      "uiConfigs": {
        "showBossIds": [
          8025,
          8028
        ],
        "packSpriteId": "Canto_III_mid",
        "textColor": "f37a22",
        "mapOptions": [
          {
            "key": "SetColor_Basic",
            "value": "f37a22"
          },
          {
            "key": "SetColor_Cleared",
            "value": "6d2e00"
          },
          {
            "key": "MirrorDungeon4_Base"
          }
        ]
      }
    },
    {
      "id": 1008,
      "unlockCondition": {
        "unlockCode": 103
      },
      "desc": "마주하지 않는",
      "exceptionConditions": [
        {
          "dungeonIdx": 0,
          "selectableFloors": [
            2
          ]
        },
        {
          "dungeonIdx": 1,
          "selectableFloors": [
            1
          ]
        }
      ],
      "mapGenOption": {
        "bossPool": [
          2060851
        ],
        "battlePool": [
          2060801,
          2060802,
          2060803,
          2060804,
          2060805,
          2060806,
          2060807,
          2060808,
          2060809,
          2060810,
          2060811,
          2060812,
          2060813,
          2060814,
          2060815,
          2060816,
          2060817,
          2060818,
          2060819,
          2060820,
          2060821,
          2060822,
          2060823,
          2060824,
          2060825,
          2060826,
          2060827,
          2060828,
          2060829,
          2060830
        ],
        "abBattlePool": [
          2060831,
          2060832,
          2060833,
          2060834,
          2060835,
          2060836,
          2060837,
          2060838,
          2060839,
          2060840
        ],
        "hardBattlePool": [
          2060841,
          2060842,
          2060843,
          2060844,
          2060845,
          2060846,
          2060847,
          2060848,
          2060849,
          2060850
        ],
        "eventPool": [
          901001,
          901002,
          901003,
          901004,
          901005,
          901006,
          901007,
          901008,
          901009,
          901010,
          901011,
          901012,
          901013,
          901014,
          901015,
          901016,
          901017,
          901018,
          901019,
          901020,
          901021,
          901022,
          901023,
          901024,
          901025,
          901026,
          901027,
          901028,
          901030,
          901031,
          901032,
          901033,
          901034,
          901035,
          901036,
          901037,
          901038,
          901039,
          901040
        ]
      },
      "egoGiftPool": [
        9001,
        9002,
        9003,
        9004,
        9005,
        9006,
        9007,
        9008,
        9009,
        9010,
        9011,
        9012,
        9013,
        9014,
        9015,
        9016,
        9017,
        9018,
        9019,
        9020,
        9021,
        9022,
        9023,
        9024,
        9025,
        9026,
        9027,
        9028,
        9029,
        9030,
        9031,
        9032,
        9033,
        9034,
        9035,
        9036,
        9037,
        9038,
        9039,
        9040,
        9041,
        9042,
        9043,
        9044,
        9046,
        9047,
        9048,
        9049,
        9051,
        9052,
        9053,
        9054,
        9056,
        9057,
        9059,
        9061,
        9062,
        9063,
        9064,
        9066,
        9069,
        9071,
        9072,
        9073,
        9074,
        9086,
        9087,
        9089,
        9091,
        9093,
        9095,
        9097,
        9099,
        9415
      ],
      "specificEgoGiftPool": [
        9415
      ],
      "mapGenSequence": [
        {
          "type": "CREATE_EMPTY_MD4_FLOOR",
          "numberList": [
            6,
            3,
            1
          ]
        },
        {
          "type": "FILL_MAP_BY_THEMEFLOOR_MAPGENOPTION",
          "numberValue": 1008
        }
      ],
      "uiConfigs": {
        "showBossIds": [
          8082
        ],
        "packSpriteId": "Canto_III_hard",
        "textColor": "f37a22",
        "isShowWarning": true,
        "mapOptions": [
          {
            "key": "SetColor_Basic",
            "value": "f37a22"
          },
          {
            "key": "SetColor_Cleared",
            "value": "6d2e00"
          },
          {
            "key": "MirrorDungeon4_Base"
          }
        ]
      },
      "difficulty": "DIFFICULT"
    },
    {
      "id": 1009,
      "unlockCondition": {
        "unlockCode": 104
      },
      "desc": "둥지, 공방, 기술",
      "exceptionConditions": [
        {
          "dungeonIdx": 0,
          "selectableFloors": [
            0,
            1
          ]
        },
        {
          "dungeonIdx": 1,
          "selectableFloors": [
            0
          ]
        }
      ],
      "mapGenOption": {
        "bossPool": [
          2060951,
          2060952
        ],
        "battlePool": [
          2060901,
          2060902,
          2060903,
          2060904,
          2060905,
          2060906,
          2060907,
          2060908,
          2060909,
          2060910,
          2060911,
          2060912,
          2060913,
          2060914,
          2060915,
          2060916,
          2060917,
          2060918,
          2060919,
          2060920,
          2060921,
          2060922,
          2060923,
          2060924,
          2060925,
          2060926,
          2060927,
          2060928,
          2060929,
          2060930
        ],
        "abBattlePool": [
          2060931,
          2060932,
          2060933,
          2060934,
          2060935,
          2060936,
          2060937,
          2060938,
          2060939,
          2060940
        ],
        "hardBattlePool": [
          2060941,
          2060942,
          2060943,
          2060944,
          2060945,
          2060946,
          2060947,
          2060948,
          2060949,
          2060950
        ],
        "eventPool": [
          901041,
          901042,
          901043,
          901047,
          901049,
          901051,
          901054,
          901056,
          901057,
          901058,
          901059,
          901061,
          901062,
          901063,
          901066,
          901067,
          901068,
          901069,
          901073,
          901074,
          901076,
          901077,
          901078,
          901079,
          901080
        ]
      },
      "egoGiftPool": [
        9001,
        9003,
        9005,
        9008,
        9009,
        9012,
        9013,
        9016,
        9018,
        9019,
        9020,
        9023,
        9024,
        9027,
        9029,
        9030,
        9031,
        9032,
        9033,
        9034,
        9041,
        9042,
        9043,
        9044,
        9045,
        9046,
        9047,
        9048,
        9049,
        9050,
        9051,
        9052,
        9053,
        9054,
        9055,
        9056,
        9057,
        9058,
        9059,
        9060,
        9061,
        9062,
        9063,
        9064,
        9065,
        9066,
        9067,
        9068,
        9069,
        9070,
        9071,
        9072,
        9073,
        9074,
        9075,
        9076,
        9077,
        9078,
        9079,
        9080,
        9081,
        9082,
        9083,
        9086,
        9087,
        9089,
        9091,
        9093,
        9095,
        9097,
        9099
      ],
      "specificEgoGiftPool": [],
      "mapGenSequence": [
        {
          "type": "CREATE_EMPTY_MD4_FLOOR",
          "numberList": [
            4,
            3,
            1
          ]
        },
        {
          "type": "FILL_MAP_BY_THEMEFLOOR_MAPGENOPTION",
          "numberValue": 1009
        }
      ],
      "uiConfigs": {
        "showBossIds": [
          71008,
          71009
        ],
        "packSpriteId": "Canto_IV",
        "textColor": "d8e9f4",
        "mapOptions": [
          {
            "key": "SetColor_Basic",
            "value": "d6e7f2"
          },
          {
            "key": "SetColor_Cleared",
            "value": "32434f"
          },
          {
            "key": "MirrorDungeon4_Base"
          }
        ]
      }
    },
    {
      "id": 1010,
      "unlockCondition": {
        "unlockCode": 104
      },
      "desc": "낙화",
      "exceptionConditions": [
        {
          "dungeonIdx": 0,
          "selectableFloors": [
            2
          ]
        },
        {
          "dungeonIdx": 1,
          "selectableFloors": [
            1
          ]
        }
      ],
      "mapGenOption": {
        "bossPool": [
          2061051,
          2061052,
          2061053
        ],
        "battlePool": [
          2061001,
          2061002,
          2061003,
          2061004,
          2061005,
          2061006,
          2061007,
          2061008,
          2061009,
          2061010,
          2061011,
          2061012,
          2061013,
          2061014,
          2061015,
          2061016,
          2061017,
          2061018,
          2061019,
          2061020,
          2061021,
          2061022,
          2061023,
          2061024,
          2061025,
          2061026,
          2061027,
          2061028,
          2061029,
          2061030
        ],
        "abBattlePool": [
          2061031,
          2061032,
          2061033,
          2061034,
          2061035,
          2061036,
          2061037,
          2061038,
          2061039,
          2061040
        ],
        "hardBattlePool": [
          2061041,
          2061042,
          2061043,
          2061044,
          2061045,
          2061046,
          2061047,
          2061048,
          2061049,
          2061050
        ],
        "eventPool": [
          901041,
          901042,
          901043,
          901047,
          901049,
          901051,
          901054,
          901056,
          901057,
          901058,
          901059,
          901061,
          901062,
          901063,
          901066,
          901067,
          901068,
          901069,
          901073,
          901074,
          901076,
          901077,
          901078,
          901079,
          901080
        ]
      },
      "egoGiftPool": [
        9001,
        9003,
        9005,
        9008,
        9009,
        9012,
        9013,
        9016,
        9018,
        9019,
        9020,
        9023,
        9024,
        9027,
        9029,
        9030,
        9031,
        9032,
        9033,
        9034,
        9041,
        9042,
        9043,
        9044,
        9045,
        9046,
        9047,
        9048,
        9049,
        9050,
        9051,
        9052,
        9053,
        9054,
        9055,
        9056,
        9057,
        9058,
        9059,
        9060,
        9061,
        9062,
        9063,
        9064,
        9065,
        9066,
        9067,
        9068,
        9069,
        9070,
        9071,
        9072,
        9073,
        9074,
        9075,
        9076,
        9077,
        9078,
        9079,
        9080,
        9081,
        9082,
        9083,
        9086,
        9087,
        9089,
        9091,
        9093,
        9095,
        9097,
        9099,
        9419,
        9420
      ],
      "specificEgoGiftPool": [
        9419,
        9420
      ],
      "mapGenSequence": [
        {
          "type": "CREATE_EMPTY_MD4_FLOOR",
          "numberList": [
            6,
            3,
            1
          ]
        },
        {
          "type": "FILL_MAP_BY_THEMEFLOOR_MAPGENOPTION",
          "numberValue": 1010
        }
      ],
      "uiConfigs": {
        "showBossIds": [
          8089,
          8087,
          8142
        ],
        "packSpriteId": "Canto_IV_mid1",
        "textColor": "d8e9f4",
        "mapOptions": [
          {
            "key": "SetColor_Basic",
            "value": "d6e7f2"
          },
          {
            "key": "SetColor_Cleared",
            "value": "32434f"
          },
          {
            "key": "MirrorDungeon4_Base"
          }
        ]
      }
    },
    {
      "id": 1011,
      "unlockCondition": {
        "unlockCode": 104
      },
      "desc": "흘리는 것들",
      "exceptionConditions": [
        {
          "dungeonIdx": 0,
          "selectableFloors": [
            2,
            3
          ]
        },
        {
          "dungeonIdx": 1,
          "selectableFloors": [
            2,
            3
          ]
        }
      ],
      "mapGenOption": {
        "bossPool": [
          2061151,
          2061152,
          2061153
        ],
        "battlePool": [
          2061101,
          2061102,
          2061103,
          2061104,
          2061105,
          2061106,
          2061107,
          2061108,
          2061109,
          2061110,
          2061111,
          2061112,
          2061113,
          2061114,
          2061115,
          2061116,
          2061117,
          2061118,
          2061119,
          2061120,
          2061121,
          2061122,
          2061123,
          2061124,
          2061125,
          2061126,
          2061127,
          2061128,
          2061129,
          2061130
        ],
        "abBattlePool": [
          2061131,
          2061132,
          2061133,
          2061134,
          2061135,
          2061136,
          2061137,
          2061138,
          2061139,
          2061140
        ],
        "hardBattlePool": [
          2061141,
          2061142,
          2061143,
          2061144,
          2061145,
          2061146,
          2061147,
          2061148,
          2061149,
          2061150
        ],
        "eventPool": [
          901041,
          901042,
          901043,
          901047,
          901049,
          901051,
          901054,
          901056,
          901057,
          901058,
          901059,
          901061,
          901062,
          901063,
          901066,
          901067,
          901068,
          901069,
          901073,
          901074,
          901076,
          901077,
          901078,
          901079,
          901080
        ]
      },
      "egoGiftPool": [
        9001,
        9003,
        9005,
        9008,
        9009,
        9012,
        9013,
        9016,
        9018,
        9019,
        9020,
        9023,
        9024,
        9027,
        9029,
        9030,
        9031,
        9032,
        9033,
        9034,
        9041,
        9042,
        9043,
        9044,
        9045,
        9046,
        9047,
        9048,
        9049,
        9050,
        9051,
        9052,
        9053,
        9054,
        9055,
        9056,
        9057,
        9058,
        9059,
        9060,
        9061,
        9062,
        9063,
        9064,
        9065,
        9066,
        9067,
        9068,
        9069,
        9070,
        9071,
        9072,
        9073,
        9074,
        9075,
        9076,
        9077,
        9078,
        9079,
        9080,
        9081,
        9082,
        9083,
        9086,
        9087,
        9089,
        9091,
        9093,
        9095,
        9097,
        9099
      ],
      "specificEgoGiftPool": [],
      "mapGenSequence": [
        {
          "type": "CREATE_EMPTY_MD4_FLOOR",
          "numberList": [
            6,
            3,
            1
          ]
        },
        {
          "type": "FILL_MAP_BY_THEMEFLOOR_MAPGENOPTION",
          "numberValue": 1011
        }
      ],
      "uiConfigs": {
        "showBossIds": [
          8090,
          8086,
          8096
        ],
        "packSpriteId": "Canto_IV_mid2",
        "textColor": "d8e9f4",
        "mapOptions": [
          {
            "key": "SetColor_Basic",
            "value": "d6e7f2"
          },
          {
            "key": "SetColor_Cleared",
            "value": "32434f"
          },
          {
            "key": "MirrorDungeon4_Base"
          }
        ]
      }
    },
    {
      "id": 1012,
      "unlockCondition": {
        "unlockCode": 104
      },
      "desc": "변하지 않는",
      "exceptionConditions": [
        {
          "dungeonIdx": 1,
          "selectableFloors": [
            3,
            4
          ]
        }
      ],
      "mapGenOption": {
        "bossPool": [
          2061251,
          2061252
        ],
        "battlePool": [
          2061201,
          2061202,
          2061203,
          2061204,
          2061205,
          2061206,
          2061207,
          2061208,
          2061209,
          2061210,
          2061211,
          2061212,
          2061213,
          2061214,
          2061215,
          2061216,
          2061217,
          2061218,
          2061219,
          2061220,
          2061221,
          2061222,
          2061223,
          2061224,
          2061225,
          2061226,
          2061227,
          2061228,
          2061229,
          2061230
        ],
        "abBattlePool": [
          2061231,
          2061232,
          2061233,
          2061234,
          2061235,
          2061236,
          2061237,
          2061238,
          2061239,
          2061240
        ],
        "hardBattlePool": [
          2061241,
          2061242,
          2061243,
          2061244,
          2061245,
          2061246,
          2061247,
          2061248,
          2061249,
          2061250
        ],
        "eventPool": [
          901041,
          901042,
          901043,
          901047,
          901049,
          901051,
          901054,
          901056,
          901057,
          901058,
          901059,
          901061,
          901062,
          901063,
          901066,
          901067,
          901068,
          901069,
          901073,
          901074,
          901076,
          901077,
          901078,
          901079,
          901080
        ]
      },
      "egoGiftPool": [
        9001,
        9003,
        9005,
        9008,
        9009,
        9012,
        9013,
        9016,
        9018,
        9019,
        9020,
        9023,
        9024,
        9027,
        9029,
        9030,
        9031,
        9032,
        9033,
        9034,
        9041,
        9042,
        9043,
        9044,
        9045,
        9046,
        9047,
        9048,
        9049,
        9050,
        9051,
        9052,
        9053,
        9054,
        9055,
        9056,
        9057,
        9058,
        9059,
        9060,
        9061,
        9062,
        9063,
        9064,
        9065,
        9066,
        9067,
        9068,
        9069,
        9070,
        9071,
        9072,
        9073,
        9074,
        9075,
        9076,
        9077,
        9078,
        9079,
        9080,
        9081,
        9082,
        9083,
        9086,
        9087,
        9089,
        9091,
        9093,
        9095,
        9097,
        9099,
        9423
      ],
      "specificEgoGiftPool": [
        9423
      ],
      "mapGenSequence": [
        {
          "type": "CREATE_EMPTY_MD4_FLOOR",
          "numberList": [
            7,
            3,
            1
          ]
        },
        {
          "type": "FILL_MAP_BY_THEMEFLOOR_MAPGENOPTION",
          "numberValue": 1012
        }
      ],
      "uiConfigs": {
        "showBossIds": [
          8144,
          8182
        ],
        "packSpriteId": "Canto_IV_hard",
        "textColor": "d8e9f4",
        "isShowWarning": true,
        "mapOptions": [
          {
            "key": "SetColor_Basic",
            "value": "d6e7f2"
          },
          {
            "key": "SetColor_Cleared",
            "value": "32434f"
          },
          {
            "key": "MirrorDungeon4_Base"
          }
        ]
      },
      "difficulty": "DIFFICULT"
    },
    {
      "id": 1013,
      "unlockCondition": {
        "unlockCode": 105
      },
      "desc": "레이크 월드",
      "exceptionConditions": [
        {
          "dungeonIdx": 0,
          "selectableFloors": [
            1
          ]
        },
        {
          "dungeonIdx": 1,
          "selectableFloors": [
            0,
            1
          ]
        }
      ],
      "mapGenOption": {
        "bossPool": [
          2061351
        ],
        "battlePool": [
          2061301,
          2061302,
          2061303,
          2061304,
          2061305,
          2061306,
          2061307,
          2061308,
          2061309,
          2061310,
          2061311,
          2061312,
          2061313,
          2061314,
          2061315,
          2061316,
          2061317,
          2061318,
          2061319,
          2061320,
          2061321,
          2061322,
          2061323,
          2061324,
          2061325,
          2061326,
          2061327,
          2061328,
          2061329,
          2061330
        ],
        "abBattlePool": [
          2061331,
          2061332,
          2061333,
          2061334,
          2061335,
          2061336,
          2061337,
          2061338,
          2061339,
          2061340
        ],
        "hardBattlePool": [
          2061341,
          2061342,
          2061343,
          2061344,
          2061345,
          2061346,
          2061347,
          2061348,
          2061349,
          2061350
        ],
        "eventPool": [
          901041,
          901042,
          901043,
          901047,
          901049,
          901051,
          901054,
          901056,
          901057,
          901058,
          901059,
          901061,
          901062,
          901063,
          901066,
          901067,
          901068,
          901069,
          901073,
          901074,
          901076,
          901077,
          901078,
          901079,
          901080,
          901084,
          901085,
          901091,
          901095,
          901099
        ]
      },
      "egoGiftPool": [
        9001,
        9003,
        9005,
        9008,
        9009,
        9012,
        9013,
        9016,
        9018,
        9019,
        9020,
        9023,
        9024,
        9027,
        9029,
        9030,
        9031,
        9032,
        9033,
        9034,
        9041,
        9042,
        9043,
        9044,
        9045,
        9046,
        9047,
        9048,
        9049,
        9050,
        9051,
        9052,
        9053,
        9054,
        9055,
        9056,
        9057,
        9058,
        9059,
        9060,
        9061,
        9062,
        9063,
        9064,
        9065,
        9066,
        9067,
        9068,
        9069,
        9070,
        9071,
        9072,
        9073,
        9074,
        9075,
        9076,
        9077,
        9078,
        9079,
        9080,
        9081,
        9082,
        9083,
        9084,
        9085,
        9086,
        9087,
        9089,
        9091,
        9093,
        9095,
        9097,
        9099
      ],
      "specificEgoGiftPool": [],
      "mapGenSequence": [
        {
          "type": "CREATE_EMPTY_MD4_FLOOR",
          "numberList": [
            5,
            3,
            1
          ]
        },
        {
          "type": "FILL_MAP_BY_THEMEFLOOR_MAPGENOPTION",
          "numberValue": 1013
        }
      ],
      "uiConfigs": {
        "showBossIds": [
          71012
        ],
        "packSpriteId": "Canto_V",
        "textColor": "27c0c4",
        "mapOptions": [
          {
            "key": "SetColor_Basic",
            "value": "25bcc2"
          },
          {
            "key": "SetColor_Cleared",
            "value": "003c3e"
          },
          {
            "key": "MirrorDungeon4_Base"
          }
        ]
      }
    },
    {
      "id": 1014,
      "unlockCondition": {
        "unlockCode": 105
      },
      "desc": "기어오는 심연",
      "exceptionConditions": [
        {
          "dungeonIdx": 0,
          "selectableFloors": [
            2,
            3
          ]
        },
        {
          "dungeonIdx": 1,
          "selectableFloors": [
            2,
            3
          ]
        }
      ],
      "mapGenOption": {
        "bossPool": [
          2061451,
          2061452,
          2061453
        ],
        "battlePool": [
          2061401,
          2061402,
          2061403,
          2061404,
          2061405,
          2061406,
          2061407,
          2061408,
          2061409,
          2061410,
          2061411,
          2061412,
          2061413,
          2061414,
          2061415,
          2061416,
          2061417,
          2061418,
          2061419,
          2061420,
          2061421,
          2061422,
          2061423,
          2061424,
          2061425,
          2061426,
          2061427,
          2061428,
          2061429,
          2061430
        ],
        "abBattlePool": [
          2061431,
          2061432,
          2061433,
          2061434,
          2061435,
          2061436,
          2061437,
          2061438,
          2061439,
          2061440
        ],
        "hardBattlePool": [
          2061441,
          2061442,
          2061443,
          2061444,
          2061445,
          2061446,
          2061447,
          2061448,
          2061449,
          2061450
        ],
        "eventPool": [
          901041,
          901042,
          901043,
          901047,
          901049,
          901051,
          901054,
          901056,
          901057,
          901058,
          901059,
          901061,
          901062,
          901063,
          901066,
          901067,
          901068,
          901069,
          901073,
          901074,
          901076,
          901077,
          901078,
          901079,
          901080,
          901084,
          901085,
          901091,
          901095,
          901099
        ]
      },
      "egoGiftPool": [
        9001,
        9003,
        9005,
        9008,
        9009,
        9012,
        9013,
        9016,
        9018,
        9019,
        9020,
        9023,
        9024,
        9027,
        9029,
        9030,
        9031,
        9032,
        9033,
        9034,
        9041,
        9042,
        9043,
        9044,
        9045,
        9046,
        9047,
        9048,
        9049,
        9050,
        9051,
        9052,
        9053,
        9054,
        9055,
        9056,
        9057,
        9058,
        9059,
        9060,
        9061,
        9062,
        9063,
        9064,
        9065,
        9066,
        9067,
        9068,
        9069,
        9070,
        9071,
        9072,
        9073,
        9074,
        9075,
        9076,
        9077,
        9078,
        9079,
        9080,
        9081,
        9082,
        9083,
        9084,
        9085,
        9086,
        9087,
        9089,
        9091,
        9093,
        9095,
        9097,
        9099
      ],
      "specificEgoGiftPool": [],
      "mapGenSequence": [
        {
          "type": "CREATE_EMPTY_MD4_FLOOR",
          "numberList": [
            6,
            3,
            1
          ]
        },
        {
          "type": "FILL_MAP_BY_THEMEFLOOR_MAPGENOPTION",
          "numberValue": 1014
        }
      ],
      "uiConfigs": {
        "showBossIds": [
          8137,
          8141,
          8139
        ],
        "packSpriteId": "Canto_V_mid",
        "textColor": "27c0c4",
        "mapOptions": [
          {
            "key": "SetColor_Basic",
            "value": "25bcc2"
          },
          {
            "key": "SetColor_Cleared",
            "value": "003c3e"
          },
          {
            "key": "MirrorDungeon4_Base"
          }
        ]
      }
    },
    {
      "id": 1015,
      "unlockCondition": {
        "unlockCode": 105
      },
      "desc": "악으로 규정되는",
      "exceptionConditions": [
        {
          "dungeonIdx": 1,
          "selectableFloors": [
            3,
            4
          ]
        }
      ],
      "mapGenOption": {
        "bossPool": [
          2061551,
          2061552
        ],
        "battlePool": [
          2061501,
          2061502,
          2061503,
          2061504,
          2061505,
          2061506,
          2061507,
          2061508,
          2061509,
          2061510,
          2061511,
          2061512,
          2061513,
          2061514,
          2061515,
          2061516,
          2061517,
          2061518,
          2061519,
          2061520,
          2061521,
          2061522,
          2061523,
          2061524,
          2061525,
          2061526,
          2061527,
          2061528,
          2061529,
          2061530
        ],
        "abBattlePool": [
          2061531,
          2061532,
          2061533,
          2061534,
          2061535,
          2061536,
          2061537,
          2061538,
          2061539,
          2061540
        ],
        "hardBattlePool": [
          2061541,
          2061542,
          2061543,
          2061544,
          2061545,
          2061546,
          2061547,
          2061548,
          2061549,
          2061550
        ],
        "eventPool": [
          901041,
          901042,
          901043,
          901047,
          901049,
          901051,
          901054,
          901056,
          901057,
          901058,
          901059,
          901061,
          901062,
          901063,
          901066,
          901067,
          901068,
          901069,
          901073,
          901074,
          901076,
          901077,
          901078,
          901079,
          901080,
          901084,
          901085,
          901091,
          901095,
          901099
        ]
      },
      "egoGiftPool": [
        9001,
        9003,
        9005,
        9008,
        9009,
        9012,
        9013,
        9016,
        9018,
        9019,
        9020,
        9023,
        9024,
        9027,
        9029,
        9030,
        9031,
        9032,
        9033,
        9034,
        9041,
        9042,
        9043,
        9044,
        9045,
        9046,
        9047,
        9048,
        9049,
        9050,
        9051,
        9052,
        9053,
        9054,
        9055,
        9056,
        9057,
        9058,
        9059,
        9060,
        9061,
        9062,
        9063,
        9064,
        9065,
        9066,
        9067,
        9068,
        9069,
        9070,
        9071,
        9072,
        9073,
        9074,
        9075,
        9076,
        9077,
        9078,
        9079,
        9080,
        9081,
        9082,
        9083,
        9084,
        9085,
        9086,
        9087,
        9089,
        9091,
        9093,
        9095,
        9097,
        9099,
        9429
      ],
      "specificEgoGiftPool": [
        9429
      ],
      "mapGenSequence": [
        {
          "type": "CREATE_EMPTY_MD4_FLOOR",
          "numberList": [
            7,
            3,
            1
          ]
        },
        {
          "type": "FILL_MAP_BY_THEMEFLOOR_MAPGENOPTION",
          "numberValue": 1015
        }
      ],
      "uiConfigs": {
        "showBossIds": [
          8188,
          8189,
          8190,
          8191
        ],
        "packSpriteId": "Canto_V_hard",
        "textColor": "27c0c4",
        "isShowWarning": true,
        "mapOptions": [
          {
            "key": "SetColor_Basic",
            "value": "25bcc2"
          },
          {
            "key": "SetColor_Cleared",
            "value": "003c3e"
          },
          {
            "key": "MirrorDungeon4_Base"
          }
        ]
      },
      "difficulty": "DIFFICULT"
    },
    {
      "id": 1016,
      "unlockCondition": {
        "unlockCode": 106
      },
      "desc": "저택의 부산물",
      "exceptionConditions": [
        {
          "dungeonIdx": 0,
          "selectableFloors": [
            2
          ]
        },
        {
          "dungeonIdx": 1,
          "selectableFloors": [
            2
          ]
        }
      ],
      "mapGenOption": {
        "bossPool": [
          2061642,
          2061643,
          2061644
        ],
        "battlePool": [
          2061601,
          2061602,
          2061603,
          2061604,
          2061605,
          2061606,
          2061607,
          2061608,
          2061609,
          2061610,
          2061611,
          2061612,
          2061613,
          2061614,
          2061615,
          2061616,
          2061617,
          2061618,
          2061619,
          2061620,
          2061621,
          2061622,
          2061623,
          2061624,
          2061625,
          2061626,
          2061627,
          2061628,
          2061629,
          2061630
        ],
        "abBattlePool": [
          2061631,
          2061632,
          2061633,
          2061634,
          2061635
        ],
        "hardBattlePool": [
          2061636,
          2061637,
          2061638,
          2061639,
          2061640,
          2061641
        ],
        "eventPool": [
          901009,
          901014,
          901001,
          901002,
          901018,
          901024,
          901016,
          901019,
          901031,
          901030,
          901011,
          901059,
          901010,
          901013,
          901034,
          901033,
          901021,
          901063,
          901085
        ]
      },
      "egoGiftPool": [
        9001,
        9003,
        9005,
        9008,
        9009,
        9012,
        9013,
        9016,
        9018,
        9019,
        9020,
        9023,
        9024,
        9027,
        9029,
        9030,
        9031,
        9032,
        9033,
        9034,
        9041,
        9042,
        9043,
        9044,
        9046,
        9047,
        9048,
        9049,
        9051,
        9052,
        9053,
        9054,
        9056,
        9057,
        9059,
        9061,
        9062,
        9063,
        9064,
        9066,
        9069,
        9071,
        9072,
        9073,
        9074,
        9086,
        9087,
        9089,
        9091,
        9093,
        9095,
        9097,
        9099,
        9101,
        9102,
        9103,
        9104,
        9105,
        9106,
        9107,
        9108,
        9109,
        9110,
        9111,
        9112,
        9113,
        9114,
        9115,
        9116,
        9117,
        9118,
        9119,
        9120,
        9121,
        9122,
        9123,
        9124,
        9125,
        9126,
        9127,
        9128,
        9129,
        9130,
        9131,
        9132,
        9133,
        9134,
        9135,
        9136,
        9137,
        9138,
        9139,
        9140,
        9141,
        9142,
        9143,
        9144,
        9145,
        9146,
        9147,
        9148,
        9149,
        9150,
        9151,
        9152,
        9153,
        9154
      ],
      "specificEgoGiftPool": [],
      "mapGenSequence": [
        {
          "type": "CREATE_EMPTY_MD4_FLOOR",
          "numberList": [
            6,
            3,
            1
          ]
        },
        {
          "type": "FILL_MAP_BY_THEMEFLOOR_MAPGENOPTION",
          "numberValue": 1016
        }
      ],
      "uiConfigs": {
        "showBossIds": [
          71014,
          71015,
          8204
        ],
        "packSpriteId": "Canto_VI",
        "textColor": "7e57a8",
        "mapOptions": [
          {
            "key": "SetColor_Basic",
            "value": "7e57a8"
          },
          {
            "key": "SetColor_Cleared",
            "value": "4e3076"
          },
          {
            "key": "MirrorDungeon4_Base"
          }
        ]
      }
    },
    {
      "id": 1017,
      "unlockCondition": {
        "unlockCode": 106
      },
      "desc": "어느 세계",
      "exceptionConditions": [
        {
          "dungeonIdx": 1,
          "selectableFloors": [
            3,
            4
          ]
        }
      ],
      "mapGenOption": {
        "bossPool": [
          2061737
        ],
        "battlePool": [
          2061701,
          2061702,
          2061703,
          2061704,
          2061705,
          2061706,
          2061707,
          2061708,
          2061709,
          2061710,
          2061711,
          2061712,
          2061713,
          2061714,
          2061715
        ],
        "abBattlePool": [
          2061716,
          2061717,
          2061718,
          2061719,
          2061720,
          2061721,
          2061722,
          2061723,
          2061724,
          2061725
        ],
        "hardBattlePool": [
          2061726,
          2061727,
          2061728,
          2061729,
          2061730,
          2061731,
          2061732,
          2061733,
          2061734,
          2061735
        ],
        "eventPool": [
          901009,
          901014,
          901001,
          901002,
          901018,
          901024,
          901016,
          901019,
          901031,
          901030,
          901011,
          901059,
          901010,
          901013,
          901034,
          901033,
          901021,
          901063,
          901085
        ]
      },
      "egoGiftPool": [
        9433,
        9001,
        9003,
        9005,
        9008,
        9009,
        9012,
        9013,
        9016,
        9018,
        9019,
        9020,
        9023,
        9024,
        9027,
        9029,
        9030,
        9031,
        9032,
        9033,
        9034,
        9041,
        9042,
        9043,
        9044,
        9046,
        9047,
        9048,
        9049,
        9051,
        9052,
        9053,
        9054,
        9056,
        9057,
        9059,
        9061,
        9062,
        9063,
        9064,
        9066,
        9069,
        9071,
        9072,
        9073,
        9074,
        9086,
        9087,
        9089,
        9091,
        9093,
        9095,
        9097,
        9099,
        9101,
        9102,
        9103,
        9104,
        9105,
        9106,
        9107,
        9108,
        9109,
        9110,
        9111,
        9112,
        9113,
        9114,
        9115,
        9116,
        9117,
        9118,
        9119,
        9120,
        9121,
        9122,
        9123,
        9124,
        9125,
        9126,
        9127,
        9128,
        9129,
        9130,
        9131,
        9132,
        9133,
        9134,
        9135,
        9136,
        9137,
        9138,
        9139,
        9140,
        9141,
        9142,
        9143,
        9144,
        9145,
        9146,
        9147,
        9148,
        9149,
        9150,
        9151,
        9152,
        9153,
        9154
      ],
      "specificEgoGiftPool": [
        9433
      ],
      "mapGenSequence": [
        {
          "type": "CREATE_EMPTY_MD4_FLOOR",
          "numberList": [
            7,
            3,
            1
          ]
        },
        {
          "type": "FILL_MAP_BY_THEMEFLOOR_MAPGENOPTION",
          "numberValue": 1017
        }
      ],
      "uiConfigs": {
        "showBossIds": [
          8171
        ],
        "packSpriteId": "Canto_VI_hard",
        "textColor": "7e57a8",
        "mapOptions": [
          {
            "key": "SetColor_Basic",
            "value": "7e57a8"
          },
          {
            "key": "SetColor_Cleared",
            "value": "4e3076"
          },
          {
            "key": "MirrorDungeon4_Base"
          }
        ]
      }
    }
  ]
}