{
  "list": [
    {
      "id": 1301,
      "unlockCondition": {
        "unlockCode": 102
      },
      "desc": "분노-1",
      "exceptionConditions": [
        {
          "dungeonIdx": 0,
          "selectableFloors": [
            3
          ]
        },
        {
          "dungeonIdx": 1,
          "selectableFloors": [
            3
          ]
        }
      ],
      "mapGenOption": {
        "bossPool": [
          2062841,
          2062842,
          2062843
        ],
        "battlePool": [
          2062801,
          2062802,
          2062803,
          2062804,
          2062805,
          2062806,
          2062807,
          2062808,
          2062809,
          2062810,
          2062811,
          2062812,
          2062813,
          2062814,
          2062815,
          2062816,
          2062817,
          2062818,
          2062819,
          2062820
        ],
        "abBattlePool": [
          2062821,
          2062822,
          2062823,
          2062824,
          2062825,
          2062826,
          2062827,
          2062828,
          2062829,
          2062830
        ],
        "hardBattlePool": [
          2062831,
          2062832,
          2062833,
          2062834,
          2062835,
          2062836,
          2062837,
          2062838,
          2062839,
          2062840
        ],
        "eventPool": [
          901001,
          901037,
          901038,
          901039,
          901040,
          901067,
          901077,
          901078,
          901079,
          901080,
          901084,
          901085,
          901002,
          901003,
          901004,
          901005,
          901041,
          901042,
          901043,
          901013,
          901034,
          901036,
          901076
        ]
      },
      "egoGiftPool": [
        9001,
        9002,
        9003,
        9004,
        9005,
        9008,
        9009,
        9012,
        9013,
        9016,
        9018,
        9019,
        9020,
        9023,
        9024,
        9027,
        9029,
        9030,
        9031,
        9032,
        9033,
        9034,
        9036,
        9037,
        9038,
        9039,
        9040,
        9041,
        9042,
        9043,
        9044,
        9045,
        9046,
        9047,
        9048,
        9049,
        9051,
        9052,
        9053,
        9054,
        9056,
        9057,
        9059,
        9061,
        9062,
        9063,
        9064,
        9066,
        9067,
        9069,
        9071,
        9072,
        9073,
        9074,
        9076,
        9077,
        9078,
        9079,
        9080,
        9081,
        9082,
        9083,
        9084,
        9085,
        9086,
        9087,
        9089,
        9091,
        9093,
        9095,
        9097,
        9099,
        9129,
        9132,
        9135,
        9137,
        9147,
        9151,
        9153,
        9154
      ],
      "specificEgoGiftPool": [],
      "mapGenSequence": [
        {
          "type": "CREATE_EMPTY_MD4_FLOOR",
          "numberList": [
            6,
            3,
            1
          ]
        },
        {
          "type": "FILL_MAP_BY_THEMEFLOOR_MAPGENOPTION",
          "numberValue": 1301
        }
      ],
      "uiConfigs": {
        "showBossIds": [
          8128,
          8141,
          8096
        ],
        "packSpriteId": "Crimson_normal",
        "bossSpriteId": "Crimson_normal_boss",
        "mapOptions": [
          {
            "key": "SetColor_Basic",
            "value": "ce0d0d"
          },
          {
            "key": "SetColor_Cleared",
            "value": "8c0000"
          },
          {
            "key": "SetColor_BackgroundSet",
            "value": "410000"
          },
          {
            "key": "MirrorDungeon4_Base"
          }
        ]
      }
    },
    {
      "id": 1302,
      "unlockCondition": {
        "unlockCode": 105
      },
      "desc": "분노-2",
      "exceptionConditions": [
        {
          "dungeonIdx": 1,
          "selectableFloors": [
            4
          ]
        }
      ],
      "mapGenOption": {
        "bossPool": [
          2062941,
          2062942,
          2062943
        ],
        "battlePool": [
          2062901,
          2062902,
          2062903,
          2062904,
          2062905,
          2062906,
          2062907,
          2062908,
          2062909,
          2062910,
          2062911,
          2062912,
          2062913,
          2062914,
          2062915,
          2062916,
          2062917,
          2062918,
          2062919,
          2062920
        ],
        "abBattlePool": [
          2062921,
          2062922,
          2062923,
          2062924,
          2062925,
          2062926,
          2062927,
          2062928,
          2062929,
          2062930
        ],
        "hardBattlePool": [
          2062931,
          2062932,
          2062933,
          2062934,
          2062935,
          2062936,
          2062937,
          2062938,
          2062939,
          2062940
        ],
        "eventPool": [
          901001,
          901037,
          901038,
          901039,
          901040,
          901067,
          901077,
          901078,
          901079,
          901080,
          901084,
          901085,
          901002,
          901003,
          901004,
          901005,
          901041,
          901042,
          901043,
          901013,
          901034,
          901036,
          901076
        ]
      },
      "egoGiftPool": [
        9001,
        9002,
        9003,
        9004,
        9005,
        9008,
        9009,
        9012,
        9013,
        9016,
        9018,
        9019,
        9020,
        9023,
        9024,
        9027,
        9029,
        9030,
        9031,
        9032,
        9033,
        9034,
        9036,
        9037,
        9038,
        9039,
        9040,
        9041,
        9042,
        9043,
        9044,
        9045,
        9046,
        9047,
        9048,
        9049,
        9051,
        9052,
        9053,
        9054,
        9056,
        9057,
        9059,
        9061,
        9062,
        9063,
        9064,
        9066,
        9067,
        9069,
        9071,
        9072,
        9073,
        9074,
        9076,
        9077,
        9078,
        9079,
        9080,
        9081,
        9082,
        9083,
        9084,
        9085,
        9086,
        9087,
        9089,
        9091,
        9093,
        9095,
        9097,
        9099,
        9129,
        9132,
        9135,
        9137,
        9147,
        9151,
        9153,
        9154
      ],
      "specificEgoGiftPool": [],
      "mapGenSequence": [
        {
          "type": "CREATE_EMPTY_MD4_FLOOR",
          "numberList": [
            7,
            3,
            1
          ]
        },
        {
          "type": "FILL_MAP_BY_THEMEFLOOR_MAPGENOPTION",
          "numberValue": 1302
        }
      ],
      "uiConfigs": {
        "showBossIds": [
          8128,
          8141,
          8096
        ],
        "packSpriteId": "Crimson_hard",
        "bossSpriteId": "Crimson_normal_boss",
        "isShowWarning": true,
        "mapOptions": [
          {
            "key": "SetColor_Basic",
            "value": "ce0d0d"
          },
          {
            "key": "SetColor_Cleared",
            "value": "8c0000"
          },
          {
            "key": "SetColor_BackgroundSet",
            "value": "410000"
          },
          {
            "key": "MirrorDungeon4_Base"
          }
        ]
      },
      "difficulty": "DIFFICULT"
    },
    {
      "id": 1303,
      "unlockCondition": {
        "unlockCode": 102
      },
      "desc": "분노약점-1",
      "exceptionConditions": [
        {
          "dungeonIdx": 0,
          "selectableFloors": [
            2
          ]
        },
        {
          "dungeonIdx": 1,
          "selectableFloors": [
            2
          ]
        }
      ],
      "mapGenOption": {
        "bossPool": [
          2063041,
          2063042,
          2063043
        ],
        "battlePool": [
          2063001,
          2063002,
          2063003,
          2063004,
          2063005,
          2063006,
          2063007,
          2063008,
          2063009,
          2063010,
          2063011,
          2063012,
          2063013,
          2063014,
          2063015,
          2063016,
          2063017,
          2063018,
          2063019,
          2063020
        ],
        "abBattlePool": [
          2063021,
          2063022,
          2063023,
          2063024,
          2063025,
          2063026,
          2063027,
          2063028,
          2063029,
          2063030
        ],
        "hardBattlePool": [
          2063031,
          2063032,
          2063033,
          2063034,
          2063035,
          2063036,
          2063037,
          2063038,
          2063039,
          2063040
        ],
        "eventPool": [
          901001,
          901032,
          901019,
          901030,
          901063,
          901012,
          901027,
          901085,
          901002,
          901003,
          901004,
          901005,
          901041,
          901042,
          901043,
          901013,
          901034,
          901036,
          901076
        ]
      },
      "egoGiftPool": [
        9001,
        9002,
        9003,
        9004,
        9005,
        9008,
        9009,
        9012,
        9013,
        9016,
        9018,
        9019,
        9020,
        9023,
        9024,
        9027,
        9029,
        9030,
        9031,
        9032,
        9033,
        9034,
        9041,
        9042,
        9043,
        9044,
        9045,
        9046,
        9047,
        9048,
        9049,
        9051,
        9052,
        9053,
        9054,
        9056,
        9057,
        9059,
        9061,
        9062,
        9063,
        9064,
        9066,
        9069,
        9071,
        9072,
        9073,
        9074,
        9086,
        9087,
        9089,
        9091,
        9093,
        9095,
        9097,
        9099,
        9129,
        9132,
        9135,
        9137,
        9138,
        9139,
        9140,
        9141,
        9142,
        9143,
        9144,
        9145,
        9146,
        9147,
        9148,
        9149,
        9150,
        9151,
        9152
      ],
      "specificEgoGiftPool": [],
      "mapGenSequence": [
        {
          "type": "CREATE_EMPTY_MD4_FLOOR",
          "numberList": [
            5,
            3,
            1
          ]
        },
        {
          "type": "FILL_MAP_BY_THEMEFLOOR_MAPGENOPTION",
          "numberValue": 1303
        }
      ],
      "uiConfigs": {
        "showBossIds": [
          8089,
          8137,
          8113
        ],
        "packSpriteId": "Crimson_effective",
        "bossSpriteId": "Crimson_effective_boss",
        "attributeType": "CRIMSON",
        "mapOptions": [
          {
            "key": "SetColor_Basic",
            "value": "ce0d0d"
          },
          {
            "key": "SetColor_Cleared",
            "value": "8c0000"
          },
          {
            "key": "SetColor_BackgroundSet",
            "value": "410000"
          },
          {
            "key": "MirrorDungeon4_Base"
          }
        ]
      }
    },
    {
      "id": 1304,
      "unlockCondition": {
        "unlockCode": 102
      },
      "desc": "색욕-1",
      "exceptionConditions": [
        {
          "dungeonIdx": 0,
          "selectableFloors": [
            3
          ]
        },
        {
          "dungeonIdx": 1,
          "selectableFloors": [
            3
          ]
        }
      ],
      "mapGenOption": {
        "bossPool": [
          2063141,
          2063142,
          2063143
        ],
        "battlePool": [
          2063101,
          2063102,
          2063103,
          2063104,
          2063105,
          2063106,
          2063107,
          2063108,
          2063109,
          2063110,
          2063111,
          2063112,
          2063113,
          2063114,
          2063115,
          2063116,
          2063117,
          2063118,
          2063119,
          2063120
        ],
        "abBattlePool": [
          2063121,
          2063122,
          2063123,
          2063124,
          2063125,
          2063126,
          2063127,
          2063128,
          2063129,
          2063130
        ],
        "hardBattlePool": [
          2063131,
          2063132,
          2063133,
          2063134,
          2063135,
          2063136,
          2063137,
          2063138,
          2063139,
          2063140
        ],
        "eventPool": [
          901036,
          901038,
          901039,
          901040,
          901067,
          901076,
          901077,
          901079,
          901080,
          901084,
          901085,
          901006,
          901007,
          901008,
          901009,
          901010,
          901047,
          901049,
          901037,
          901078
        ]
      },
      "egoGiftPool": [
        9001,
        9003,
        9005,
        9006,
        9007,
        9008,
        9009,
        9010,
        9012,
        9013,
        9016,
        9018,
        9019,
        9020,
        9023,
        9024,
        9027,
        9029,
        9030,
        9031,
        9032,
        9033,
        9034,
        9036,
        9037,
        9038,
        9039,
        9040,
        9041,
        9042,
        9043,
        9044,
        9046,
        9047,
        9048,
        9049,
        9050,
        9051,
        9052,
        9053,
        9054,
        9056,
        9057,
        9059,
        9061,
        9062,
        9063,
        9064,
        9066,
        9067,
        9069,
        9071,
        9072,
        9073,
        9074,
        9076,
        9077,
        9078,
        9079,
        9080,
        9081,
        9082,
        9083,
        9084,
        9085,
        9086,
        9087,
        9089,
        9091,
        9093,
        9095,
        9097,
        9099,
        9101,
        9105,
        9124,
        9127,
        9131,
        9141,
        9146,
        9148,
        9153,
        9154
      ],
      "specificEgoGiftPool": [],
      "mapGenSequence": [
        {
          "type": "CREATE_EMPTY_MD4_FLOOR",
          "numberList": [
            6,
            3,
            1
          ]
        },
        {
          "type": "FILL_MAP_BY_THEMEFLOOR_MAPGENOPTION",
          "numberValue": 1304
        }
      ],
      "uiConfigs": {
        "showBossIds": [
          8272,
          8089,
          8092
        ],
        "packSpriteId": "Scarlet_normal",
        "bossSpriteId": "Scarlet_normal_boss",
        "mapOptions": [
          {
            "key": "SetColor_Basic",
            "value": "e46324"
          },
          {
            "key": "SetColor_Cleared",
            "value": "702500"
          },
          {
            "key": "MirrorDungeon4_Base"
          }
        ]
      }
    },
    {
      "id": 1305,
      "unlockCondition": {
        "unlockCode": 105
      },
      "desc": "색욕-2",
      "exceptionConditions": [
        {
          "dungeonIdx": 1,
          "selectableFloors": [
            4
          ]
        }
      ],
      "mapGenOption": {
        "bossPool": [
          2063241,
          2063242,
          2063243
        ],
        "battlePool": [
          2063201,
          2063202,
          2063203,
          2063204,
          2063205,
          2063206,
          2063207,
          2063208,
          2063209,
          2063210,
          2063211,
          2063212,
          2063213,
          2063214,
          2063215,
          2063216,
          2063217,
          2063218,
          2063219,
          2063220
        ],
        "abBattlePool": [
          2063221,
          2063222,
          2063223,
          2063224,
          2063225,
          2063226,
          2063227,
          2063228,
          2063229,
          2063230
        ],
        "hardBattlePool": [
          2063231,
          2063232,
          2063233,
          2063234,
          2063235,
          2063236,
          2063237,
          2063238,
          2063239,
          2063240
        ],
        "eventPool": [
          901036,
          901038,
          901039,
          901040,
          901067,
          901076,
          901077,
          901079,
          901080,
          901084,
          901085,
          901006,
          901007,
          901008,
          901009,
          901010,
          901047,
          901049,
          901037,
          901078
        ]
      },
      "egoGiftPool": [
        9001,
        9003,
        9005,
        9006,
        9007,
        9008,
        9009,
        9010,
        9012,
        9013,
        9016,
        9018,
        9019,
        9020,
        9023,
        9024,
        9027,
        9029,
        9030,
        9031,
        9032,
        9033,
        9034,
        9036,
        9037,
        9038,
        9039,
        9040,
        9041,
        9042,
        9043,
        9044,
        9046,
        9047,
        9048,
        9049,
        9050,
        9051,
        9052,
        9053,
        9054,
        9056,
        9057,
        9059,
        9061,
        9062,
        9063,
        9064,
        9066,
        9067,
        9069,
        9071,
        9072,
        9073,
        9074,
        9076,
        9077,
        9078,
        9079,
        9080,
        9081,
        9082,
        9083,
        9084,
        9085,
        9086,
        9087,
        9089,
        9091,
        9093,
        9095,
        9097,
        9099,
        9101,
        9105,
        9124,
        9127,
        9131,
        9141,
        9146,
        9148,
        9153,
        9154
      ],
      "specificEgoGiftPool": [],
      "mapGenSequence": [
        {
          "type": "CREATE_EMPTY_MD4_FLOOR",
          "numberList": [
            7,
            3,
            1
          ]
        },
        {
          "type": "FILL_MAP_BY_THEMEFLOOR_MAPGENOPTION",
          "numberValue": 1305
        }
      ],
      "uiConfigs": {
        "showBossIds": [
          8272,
          8089,
          8092
        ],
        "packSpriteId": "Scarlet_hard",
        "bossSpriteId": "Scarlet_normal_boss",
        "isShowWarning": true,
        "mapOptions": [
          {
            "key": "SetColor_Basic",
            "value": "e46324"
          },
          {
            "key": "SetColor_Cleared",
            "value": "702500"
          },
          {
            "key": "MirrorDungeon4_Base"
          }
        ]
      },
      "difficulty": "DIFFICULT"
    },
    {
      "id": 1306,
      "unlockCondition": {
        "unlockCode": 102
      },
      "desc": "색욕약점-1",
      "exceptionConditions": [
        {
          "dungeonIdx": 0,
          "selectableFloors": [
            2
          ]
        },
        {
          "dungeonIdx": 1,
          "selectableFloors": [
            2
          ]
        }
      ],
      "mapGenOption": {
        "bossPool": [
          2063341
        ],
        "battlePool": [
          2063301,
          2063302,
          2063303,
          2063304,
          2063305,
          2063306,
          2063307,
          2063308,
          2063309,
          2063310,
          2063311,
          2063312,
          2063313,
          2063314,
          2063315,
          2063316,
          2063317,
          2063318,
          2063319,
          2063320
        ],
        "abBattlePool": [
          2063321,
          2063322,
          2063323,
          2063324,
          2063325,
          2063326,
          2063327,
          2063328,
          2063329,
          2063330
        ],
        "hardBattlePool": [
          2063331,
          2063332,
          2063333,
          2063334,
          2063335,
          2063336,
          2063337,
          2063338,
          2063339,
          2063340
        ],
        "eventPool": [
          901032,
          901019,
          901030,
          901063,
          901012,
          901027,
          901085,
          901006,
          901007,
          901008,
          901009,
          901010,
          901047,
          901049,
          901037,
          901078
        ]
      },
      "egoGiftPool": [
        9001,
        9003,
        9005,
        9006,
        9007,
        9008,
        9009,
        9010,
        9012,
        9013,
        9016,
        9018,
        9019,
        9020,
        9023,
        9024,
        9027,
        9029,
        9030,
        9031,
        9032,
        9033,
        9034,
        9041,
        9042,
        9043,
        9044,
        9046,
        9047,
        9048,
        9049,
        9050,
        9051,
        9052,
        9053,
        9054,
        9056,
        9057,
        9059,
        9061,
        9062,
        9063,
        9064,
        9066,
        9069,
        9071,
        9072,
        9073,
        9074,
        9086,
        9087,
        9089,
        9091,
        9093,
        9095,
        9097,
        9099,
        9101,
        9105,
        9124,
        9127,
        9131,
        9137,
        9138,
        9139,
        9140,
        9141,
        9142,
        9143,
        9144,
        9145,
        9146,
        9147,
        9148,
        9149,
        9150,
        9151,
        9152
      ],
      "specificEgoGiftPool": [],
      "mapGenSequence": [
        {
          "type": "CREATE_EMPTY_MD4_FLOOR",
          "numberList": [
            5,
            3,
            1
          ]
        },
        {
          "type": "FILL_MAP_BY_THEMEFLOOR_MAPGENOPTION",
          "numberValue": 1306
        }
      ],
      "uiConfigs": {
        "showBossIds": [
          8128
        ],
        "packSpriteId": "Scarlet_effective",
        "bossSpriteId": "Scarlet_effective_boss",
        "attributeType": "SCARLET",
        "mapOptions": [
          {
            "key": "SetColor_Basic",
            "value": "e46324"
          },
          {
            "key": "SetColor_Cleared",
            "value": "702500"
          },
          {
            "key": "MirrorDungeon4_Base"
          }
        ]
      }
    },
    {
      "id": 1307,
      "unlockCondition": {
        "unlockCode": 102
      },
      "desc": "나태-1",
      "exceptionConditions": [
        {
          "dungeonIdx": 0,
          "selectableFloors": [
            3
          ]
        },
        {
          "dungeonIdx": 1,
          "selectableFloors": [
            3
          ]
        }
      ],
      "mapGenOption": {
        "bossPool": [
          2063442,
          2063443
        ],
        "battlePool": [
          2063401,
          2063402,
          2063403,
          2063404,
          2063405,
          2063406,
          2063407,
          2063408,
          2063409,
          2063410,
          2063411,
          2063412,
          2063413,
          2063414,
          2063415,
          2063416,
          2063417,
          2063418,
          2063419,
          2063420
        ],
        "abBattlePool": [
          2063421,
          2063422,
          2063423,
          2063424,
          2063425,
          2063426,
          2063427,
          2063428,
          2063429,
          2063430
        ],
        "hardBattlePool": [
          2063431,
          2063432,
          2063433,
          2063434,
          2063435,
          2063436,
          2063437,
          2063438,
          2063439,
          2063440
        ],
        "eventPool": [
          901036,
          901037,
          901038,
          901039,
          901040,
          901067,
          901076,
          901077,
          901078,
          901080,
          901085,
          901011,
          901012,
          901013,
          901014,
          901015,
          901051,
          901054,
          901099,
          901016,
          901079,
          901084,
          901019
        ]
      },
      "egoGiftPool": [
        9001,
        9003,
        9005,
        9008,
        9009,
        9011,
        9012,
        9013,
        9014,
        9015,
        9016,
        9018,
        9019,
        9020,
        9023,
        9024,
        9027,
        9029,
        9030,
        9031,
        9032,
        9033,
        9034,
        9036,
        9037,
        9038,
        9039,
        9040,
        9041,
        9042,
        9043,
        9044,
        9046,
        9047,
        9048,
        9049,
        9051,
        9052,
        9053,
        9054,
        9055,
        9056,
        9057,
        9059,
        9061,
        9062,
        9063,
        9064,
        9066,
        9067,
        9069,
        9071,
        9072,
        9073,
        9074,
        9076,
        9077,
        9078,
        9079,
        9080,
        9081,
        9082,
        9083,
        9084,
        9085,
        9086,
        9087,
        9089,
        9091,
        9093,
        9095,
        9097,
        9099,
        9106,
        9111,
        9113,
        9119,
        9121,
        9126,
        9138,
        9143,
        9153,
        9154
      ],
      "specificEgoGiftPool": [],
      "mapGenSequence": [
        {
          "type": "CREATE_EMPTY_MD4_FLOOR",
          "numberList": [
            6,
            3,
            1
          ]
        },
        {
          "type": "FILL_MAP_BY_THEMEFLOOR_MAPGENOPTION",
          "numberValue": 1307
        }
      ],
      "uiConfigs": {
        "showBossIds": [
          8139,
          8087
        ],
        "packSpriteId": "Amber_normal",
        "bossSpriteId": "Amber_normal_boss",
        "mapOptions": [
          {
            "key": "SetColor_Basic",
            "value": "f0b23a"
          },
          {
            "key": "SetColor_Cleared",
            "value": "5b3c00"
          },
          {
            "key": "MirrorDungeon4_Base"
          }
        ]
      }
    },
    {
      "id": 1308,
      "unlockCondition": {
        "unlockCode": 105
      },
      "desc": "나태-2",
      "exceptionConditions": [
        {
          "dungeonIdx": 1,
          "selectableFloors": [
            4
          ]
        }
      ],
      "mapGenOption": {
        "bossPool": [
          2063541,
          2063542,
          2063543
        ],
        "battlePool": [
          2063501,
          2063502,
          2063503,
          2063504,
          2063505,
          2063506,
          2063507,
          2063508,
          2063509,
          2063510,
          2063511,
          2063512,
          2063513,
          2063514,
          2063515,
          2063516,
          2063517,
          2063518,
          2063519,
          2063520
        ],
        "abBattlePool": [
          2063521,
          2063522,
          2063523,
          2063524,
          2063525,
          2063526,
          2063527,
          2063528,
          2063529,
          2063530
        ],
        "hardBattlePool": [
          2063531,
          2063532,
          2063533,
          2063534,
          2063535,
          2063536,
          2063537,
          2063538,
          2063539,
          2063540
        ],
        "eventPool": [
          901036,
          901037,
          901038,
          901039,
          901040,
          901067,
          901076,
          901077,
          901078,
          901080,
          901085,
          901011,
          901012,
          901013,
          901014,
          901015,
          901051,
          901054,
          901099,
          901016,
          901079,
          901084,
          901019
        ]
      },
      "egoGiftPool": [
        9001,
        9003,
        9005,
        9008,
        9009,
        9011,
        9012,
        9013,
        9014,
        9015,
        9016,
        9018,
        9019,
        9020,
        9023,
        9024,
        9027,
        9029,
        9030,
        9031,
        9032,
        9033,
        9034,
        9036,
        9037,
        9038,
        9039,
        9040,
        9041,
        9042,
        9043,
        9044,
        9046,
        9047,
        9048,
        9049,
        9051,
        9052,
        9053,
        9054,
        9055,
        9056,
        9057,
        9059,
        9061,
        9062,
        9063,
        9064,
        9066,
        9067,
        9069,
        9071,
        9072,
        9073,
        9074,
        9076,
        9077,
        9078,
        9079,
        9080,
        9081,
        9082,
        9083,
        9084,
        9085,
        9086,
        9087,
        9089,
        9091,
        9093,
        9095,
        9097,
        9099,
        9106,
        9111,
        9113,
        9119,
        9121,
        9126,
        9138,
        9143,
        9153,
        9154
      ],
      "specificEgoGiftPool": [],
      "mapGenSequence": [
        {
          "type": "CREATE_EMPTY_MD4_FLOOR",
          "numberList": [
            7,
            3,
            1
          ]
        },
        {
          "type": "FILL_MAP_BY_THEMEFLOOR_MAPGENOPTION",
          "numberValue": 1308
        }
      ],
      "uiConfigs": {
        "showBossIds": [
          8142,
          8139,
          8087
        ],
        "packSpriteId": "Amber_hard",
        "bossSpriteId": "Amber_normal_boss",
        "isShowWarning": true,
        "mapOptions": [
          {
            "key": "SetColor_Basic",
            "value": "f0b23a"
          },
          {
            "key": "SetColor_Cleared",
            "value": "5b3c00"
          },
          {
            "key": "MirrorDungeon4_Base"
          }
        ]
      },
      "difficulty": "DIFFICULT"
    },
    {
      "id": 1309,
      "unlockCondition": {
        "unlockCode": 102
      },
      "desc": "나태약점-1",
      "exceptionConditions": [
        {
          "dungeonIdx": 0,
          "selectableFloors": [
            2
          ]
        },
        {
          "dungeonIdx": 1,
          "selectableFloors": [
            2
          ]
        }
      ],
      "mapGenOption": {
        "bossPool": [
          2063641,
          2063642,
          2063643
        ],
        "battlePool": [
          2063601,
          2063602,
          2063603,
          2063604,
          2063605,
          2063606,
          2063607,
          2063608,
          2063609,
          2063610,
          2063611,
          2063612,
          2063613,
          2063614,
          2063615,
          2063616,
          2063617,
          2063618,
          2063619,
          2063620
        ],
        "abBattlePool": [
          2063621,
          2063622,
          2063623,
          2063624,
          2063625,
          2063626,
          2063627,
          2063628,
          2063629,
          2063630
        ],
        "hardBattlePool": [
          2063631,
          2063632,
          2063633,
          2063634,
          2063635,
          2063636,
          2063637,
          2063638,
          2063639,
          2063640
        ],
        "eventPool": [
          901032,
          901030,
          901063,
          901027,
          901085,
          901011,
          901012,
          901013,
          901014,
          901015,
          901051,
          901054,
          901099,
          901016,
          901019,
          901079,
          901084
        ]
      },
      "egoGiftPool": [
        9001,
        9003,
        9005,
        9008,
        9009,
        9011,
        9012,
        9013,
        9014,
        9015,
        9016,
        9018,
        9019,
        9020,
        9023,
        9024,
        9027,
        9029,
        9030,
        9031,
        9032,
        9033,
        9034,
        9041,
        9042,
        9043,
        9044,
        9046,
        9047,
        9048,
        9049,
        9051,
        9052,
        9053,
        9054,
        9055,
        9056,
        9057,
        9059,
        9061,
        9062,
        9063,
        9064,
        9066,
        9069,
        9071,
        9072,
        9073,
        9074,
        9086,
        9087,
        9089,
        9091,
        9093,
        9095,
        9097,
        9099,
        9106,
        9111,
        9113,
        9119,
        9121,
        9126,
        9137,
        9138,
        9139,
        9140,
        9141,
        9142,
        9143,
        9144,
        9145,
        9146,
        9147,
        9148,
        9149,
        9150,
        9151,
        9152
      ],
      "specificEgoGiftPool": [],
      "mapGenSequence": [
        {
          "type": "CREATE_EMPTY_MD4_FLOOR",
          "numberList": [
            5,
            3,
            1
          ]
        },
        {
          "type": "FILL_MAP_BY_THEMEFLOOR_MAPGENOPTION",
          "numberValue": 1309
        }
      ],
      "uiConfigs": {
        "showBossIds": [
          8084,
          8118,
          8094
        ],
        "packSpriteId": "Amber_effective",
        "bossSpriteId": "Amber_effective_boss",
        "attributeType": "AMBER",
        "mapOptions": [
          {
            "key": "SetColor_Basic",
            "value": "f0b23a"
          },
          {
            "key": "SetColor_Cleared",
            "value": "5b3c00"
          },
          {
            "key": "MirrorDungeon4_Base"
          }
        ]
      }
    },
    {
      "id": 1310,
      "unlockCondition": {
        "unlockCode": 102
      },
      "desc": "탐식-1",
      "exceptionConditions": [
        {
          "dungeonIdx": 0,
          "selectableFloors": [
            3
          ]
        },
        {
          "dungeonIdx": 1,
          "selectableFloors": [
            3
          ]
        }
      ],
      "mapGenOption": {
        "bossPool": [
          2063741,
          2063742,
          2063743
        ],
        "battlePool": [
          2063701,
          2063702,
          2063703,
          2063704,
          2063705,
          2063706,
          2063707,
          2063708,
          2063709,
          2063710,
          2063711,
          2063712,
          2063713,
          2063714,
          2063715,
          2063716,
          2063717,
          2063718,
          2063719,
          2063720
        ],
        "abBattlePool": [
          2063721,
          2063722,
          2063723,
          2063724,
          2063725,
          2063726,
          2063727,
          2063728,
          2063729,
          2063730
        ],
        "hardBattlePool": [
          2063731,
          2063732,
          2063733,
          2063734,
          2063735,
          2063736,
          2063737,
          2063738,
          2063739,
          2063740
        ],
        "eventPool": [
          901036,
          901037,
          901038,
          901040,
          901067,
          901076,
          901077,
          901078,
          901079,
          901016,
          901017,
          901018,
          901019,
          901020,
          901056,
          901057,
          901058,
          901059,
          901014,
          901033,
          901085,
          901039,
          901080,
          901084
        ]
      },
      "egoGiftPool": [
        9001,
        9003,
        9005,
        9008,
        9009,
        9012,
        9013,
        9016,
        9017,
        9018,
        9019,
        9020,
        9023,
        9024,
        9027,
        9029,
        9030,
        9031,
        9032,
        9033,
        9034,
        9036,
        9037,
        9038,
        9039,
        9040,
        9041,
        9042,
        9043,
        9044,
        9046,
        9047,
        9048,
        9049,
        9051,
        9052,
        9053,
        9054,
        9056,
        9057,
        9058,
        9059,
        9060,
        9061,
        9062,
        9063,
        9064,
        9066,
        9067,
        9069,
        9071,
        9072,
        9073,
        9074,
        9076,
        9077,
        9078,
        9079,
        9080,
        9081,
        9082,
        9083,
        9084,
        9085,
        9086,
        9087,
        9089,
        9091,
        9093,
        9095,
        9097,
        9099,
        9103,
        9116,
        9120,
        9122,
        9133,
        9139,
        9150,
        9153,
        9154
      ],
      "specificEgoGiftPool": [],
      "mapGenSequence": [
        {
          "type": "CREATE_EMPTY_MD4_FLOOR",
          "numberList": [
            6,
            3,
            1
          ]
        },
        {
          "type": "FILL_MAP_BY_THEMEFLOOR_MAPGENOPTION",
          "numberValue": 1310
        }
      ],
      "uiConfigs": {
        "showBossIds": [
          8137,
          8117,
          8090
        ],
        "packSpriteId": "Shamrock_normal",
        "bossSpriteId": "Shamrock_normal_boss",
        "mapOptions": [
          {
            "key": "SetColor_Basic",
            "value": "8ac825"
          },
          {
            "key": "SetColor_Cleared",
            "value": "325000"
          },
          {
            "key": "MirrorDungeon4_Base"
          }
        ]
      }
    },
    {
      "id": 1311,
      "unlockCondition": {
        "unlockCode": 105
      },
      "desc": "탐식-2",
      "exceptionConditions": [
        {
          "dungeonIdx": 1,
          "selectableFloors": [
            4
          ]
        }
      ],
      "mapGenOption": {
        "bossPool": [
          2063841,
          2063842,
          2063843
        ],
        "battlePool": [
          2063801,
          2063802,
          2063803,
          2063804,
          2063805,
          2063806,
          2063807,
          2063808,
          2063809,
          2063810,
          2063811,
          2063812,
          2063813,
          2063814,
          2063815,
          2063816,
          2063817,
          2063818,
          2063819,
          2063820
        ],
        "abBattlePool": [
          2063821,
          2063822,
          2063823,
          2063824,
          2063825,
          2063826,
          2063827,
          2063828,
          2063829,
          2063830
        ],
        "hardBattlePool": [
          2063831,
          2063832,
          2063833,
          2063834,
          2063835,
          2063836,
          2063837,
          2063838,
          2063839,
          2063840
        ],
        "eventPool": [
          901036,
          901037,
          901038,
          901040,
          901067,
          901076,
          901077,
          901078,
          901079,
          901016,
          901017,
          901018,
          901019,
          901020,
          901056,
          901057,
          901058,
          901059,
          901014,
          901033,
          901085,
          901039,
          901080,
          901084
        ]
      },
      "egoGiftPool": [
        9001,
        9003,
        9005,
        9008,
        9009,
        9012,
        9013,
        9016,
        9017,
        9018,
        9019,
        9020,
        9023,
        9024,
        9027,
        9029,
        9030,
        9031,
        9032,
        9033,
        9034,
        9036,
        9037,
        9038,
        9039,
        9040,
        9041,
        9042,
        9043,
        9044,
        9046,
        9047,
        9048,
        9049,
        9051,
        9052,
        9053,
        9054,
        9056,
        9057,
        9058,
        9059,
        9060,
        9061,
        9062,
        9063,
        9064,
        9066,
        9067,
        9069,
        9071,
        9072,
        9073,
        9074,
        9076,
        9077,
        9078,
        9079,
        9080,
        9081,
        9082,
        9083,
        9084,
        9085,
        9086,
        9087,
        9089,
        9091,
        9093,
        9095,
        9097,
        9099,
        9103,
        9116,
        9120,
        9122,
        9133,
        9139,
        9150,
        9153,
        9154
      ],
      "specificEgoGiftPool": [],
      "mapGenSequence": [
        {
          "type": "CREATE_EMPTY_MD4_FLOOR",
          "numberList": [
            7,
            3,
            1
          ]
        },
        {
          "type": "FILL_MAP_BY_THEMEFLOOR_MAPGENOPTION",
          "numberValue": 1311
        }
      ],
      "uiConfigs": {
        "showBossIds": [
          8137,
          8117,
          8198
        ],
        "packSpriteId": "Shamrock_hard",
        "bossSpriteId": "Shamrock_hard_boss",
        "isShowWarning": true,
        "mapOptions": [
          {
            "key": "SetColor_Basic",
            "value": "8ac825"
          },
          {
            "key": "SetColor_Cleared",
            "value": "325000"
          },
          {
            "key": "MirrorDungeon4_Base"
          }
        ]
      },
      "difficulty": "DIFFICULT"
    },
    {
      "id": 1312,
      "unlockCondition": {
        "unlockCode": 102
      },
      "desc": "탐식약점-1",
      "exceptionConditions": [
        {
          "dungeonIdx": 0,
          "selectableFloors": [
            2
          ]
        },
        {
          "dungeonIdx": 1,
          "selectableFloors": [
            2
          ]
        }
      ],
      "mapGenOption": {
        "bossPool": [
          2063941,
          2063942
        ],
        "battlePool": [
          2063901,
          2063902,
          2063903,
          2063904,
          2063905,
          2063906,
          2063907,
          2063908,
          2063909,
          2063910,
          2063911,
          2063912,
          2063913,
          2063914,
          2063915,
          2063916,
          2063917,
          2063918,
          2063919,
          2063920
        ],
        "abBattlePool": [
          2063921,
          2063922,
          2063923,
          2063924,
          2063925,
          2063926,
          2063927,
          2063928,
          2063929,
          2063930
        ],
        "hardBattlePool": [
          2063931,
          2063932,
          2063933,
          2063934,
          2063935,
          2063936,
          2063937,
          2063938,
          2063939,
          2063940
        ],
        "eventPool": [
          901032,
          901030,
          901063,
          901012,
          901027,
          901016,
          901017,
          901018,
          901019,
          901020,
          901056,
          901057,
          901058,
          901059,
          901014,
          901033,
          901085,
          901039,
          901080,
          901084
        ]
      },
      "egoGiftPool": [
        9001,
        9003,
        9005,
        9008,
        9009,
        9012,
        9013,
        9016,
        9017,
        9018,
        9019,
        9020,
        9023,
        9024,
        9027,
        9029,
        9030,
        9031,
        9032,
        9033,
        9034,
        9041,
        9042,
        9043,
        9044,
        9046,
        9047,
        9048,
        9049,
        9051,
        9052,
        9053,
        9054,
        9056,
        9057,
        9058,
        9059,
        9060,
        9061,
        9062,
        9063,
        9064,
        9066,
        9069,
        9071,
        9072,
        9073,
        9074,
        9086,
        9087,
        9089,
        9091,
        9093,
        9095,
        9097,
        9099,
        9103,
        9116,
        9120,
        9122,
        9133,
        9137,
        9138,
        9139,
        9140,
        9141,
        9142,
        9143,
        9144,
        9145,
        9146,
        9147,
        9148,
        9149,
        9150,
        9151,
        9152
      ],
      "specificEgoGiftPool": [],
      "mapGenSequence": [
        {
          "type": "CREATE_EMPTY_MD4_FLOOR",
          "numberList": [
            5,
            3,
            1
          ]
        },
        {
          "type": "FILL_MAP_BY_THEMEFLOOR_MAPGENOPTION",
          "numberValue": 1312
        }
      ],
      "uiConfigs": {
        "showBossIds": [
          8092,
          8119
        ],
        "packSpriteId": "Shamrock_effective",
        "bossSpriteId": "Shamrock_effective_boss",
        "attributeType": "SHAMROCK",
        "mapOptions": [
          {
            "key": "SetColor_Basic",
            "value": "8ac825"
          },
          {
            "key": "SetColor_Cleared",
            "value": "325000"
          },
          {
            "key": "MirrorDungeon4_Base"
          }
        ]
      }
    },
    {
      "id": 1313,
      "unlockCondition": {
        "unlockCode": 102
      },
      "desc": "우울-1",
      "exceptionConditions": [
        {
          "dungeonIdx": 0,
          "selectableFloors": [
            3
          ]
        },
        {
          "dungeonIdx": 1,
          "selectableFloors": [
            3
          ]
        }
      ],
      "mapGenOption": {
        "bossPool": [
          2064041,
          2064042
        ],
        "battlePool": [
          2064001,
          2064002,
          2064003,
          2064004,
          2064005,
          2064006,
          2064007,
          2064008,
          2064009,
          2064010,
          2064011,
          2064012,
          2064013,
          2064014,
          2064015,
          2064016,
          2064017,
          2064018,
          2064019,
          2064020
        ],
        "abBattlePool": [
          2064021,
          2064022,
          2064023,
          2064024,
          2064025,
          2064026,
          2064027,
          2064028,
          2064029,
          2064030
        ],
        "hardBattlePool": [
          2064031,
          2064032,
          2064033,
          2064034,
          2064035,
          2064036,
          2064037,
          2064038,
          2064039,
          2064040
        ],
        "eventPool": [
          901036,
          901037,
          901039,
          901040,
          901067,
          901076,
          901078,
          901079,
          901080,
          901084,
          901021,
          901022,
          901023,
          901024,
          901025,
          901061,
          901062,
          901063,
          901038,
          901077,
          901085,
          901020
        ]
      },
      "egoGiftPool": [
        9001,
        9003,
        9005,
        9008,
        9009,
        9012,
        9013,
        9016,
        9018,
        9019,
        9020,
        9021,
        9022,
        9023,
        9024,
        9025,
        9027,
        9029,
        9030,
        9031,
        9032,
        9033,
        9034,
        9036,
        9037,
        9038,
        9039,
        9040,
        9041,
        9042,
        9043,
        9044,
        9046,
        9047,
        9048,
        9049,
        9051,
        9052,
        9053,
        9054,
        9056,
        9057,
        9059,
        9061,
        9062,
        9063,
        9064,
        9065,
        9066,
        9067,
        9069,
        9071,
        9072,
        9073,
        9074,
        9076,
        9077,
        9078,
        9079,
        9080,
        9081,
        9082,
        9083,
        9084,
        9085,
        9086,
        9087,
        9089,
        9091,
        9093,
        9095,
        9097,
        9099,
        9102,
        9107,
        9123,
        9136,
        9140,
        9145,
        9149,
        9153,
        9154
      ],
      "specificEgoGiftPool": [],
      "mapGenSequence": [
        {
          "type": "CREATE_EMPTY_MD4_FLOOR",
          "numberList": [
            6,
            3,
            1
          ]
        },
        {
          "type": "FILL_MAP_BY_THEMEFLOOR_MAPGENOPTION",
          "numberValue": 1313
        }
      ],
      "uiConfigs": {
        "showBossIds": [
          8075,
          8084
        ],
        "packSpriteId": "Azure_normal",
        "bossSpriteId": "Azure_normal_boss",
        "mapOptions": [
          {
            "key": "SetColor_Basic",
            "value": "16849f"
          },
          {
            "key": "SetColor_Cleared",
            "value": "004050"
          },
          {
            "key": "MirrorDungeon4_Base"
          }
        ]
      }
    },
    {
      "id": 1314,
      "unlockCondition": {
        "unlockCode": 105
      },
      "desc": "우울-2",
      "exceptionConditions": [
        {
          "dungeonIdx": 1,
          "selectableFloors": [
            4
          ]
        }
      ],
      "mapGenOption": {
        "bossPool": [
          2064141,
          2064142
        ],
        "battlePool": [
          2064101,
          2064102,
          2064103,
          2064104,
          2064105,
          2064106,
          2064107,
          2064108,
          2064109,
          2064110,
          2064111,
          2064112,
          2064113,
          2064114,
          2064115,
          2064116,
          2064117,
          2064118,
          2064119,
          2064120
        ],
        "abBattlePool": [
          2064121,
          2064122,
          2064123,
          2064124,
          2064125,
          2064126,
          2064127,
          2064128,
          2064129,
          2064130
        ],
        "hardBattlePool": [
          2064131,
          2064132,
          2064133,
          2064134,
          2064135,
          2064136,
          2064137,
          2064138,
          2064139,
          2064140
        ],
        "eventPool": [
          901032,
          901019,
          901030,
          901012,
          901027,
          901021,
          901022,
          901023,
          901024,
          901025,
          901061,
          901062,
          901063,
          901085,
          901020,
          901038,
          901077
        ]
      },
      "egoGiftPool": [
        9001,
        9003,
        9005,
        9008,
        9009,
        9012,
        9013,
        9016,
        9018,
        9019,
        9020,
        9021,
        9022,
        9023,
        9024,
        9025,
        9027,
        9029,
        9030,
        9031,
        9032,
        9033,
        9034,
        9036,
        9037,
        9038,
        9039,
        9040,
        9041,
        9042,
        9043,
        9044,
        9046,
        9047,
        9048,
        9049,
        9051,
        9052,
        9053,
        9054,
        9056,
        9057,
        9059,
        9061,
        9062,
        9063,
        9064,
        9065,
        9066,
        9067,
        9069,
        9071,
        9072,
        9073,
        9074,
        9076,
        9077,
        9078,
        9079,
        9080,
        9081,
        9082,
        9083,
        9084,
        9085,
        9086,
        9087,
        9089,
        9091,
        9093,
        9095,
        9097,
        9099,
        9102,
        9107,
        9123,
        9136,
        9140,
        9145,
        9149,
        9153,
        9154
      ],
      "specificEgoGiftPool": [],
      "mapGenSequence": [
        {
          "type": "CREATE_EMPTY_MD4_FLOOR",
          "numberList": [
            7,
            3,
            1
          ]
        },
        {
          "type": "FILL_MAP_BY_THEMEFLOOR_MAPGENOPTION",
          "numberValue": 1314
        }
      ],
      "uiConfigs": {
        "showBossIds": [
          8075,
          8084
        ],
        "packSpriteId": "Azure_hard",
        "bossSpriteId": "Azure_normal_boss",
        "isShowWarning": true,
        "mapOptions": [
          {
            "key": "SetColor_Basic",
            "value": "16849f"
          },
          {
            "key": "SetColor_Cleared",
            "value": "004050"
          },
          {
            "key": "MirrorDungeon4_Base"
          }
        ]
      },
      "difficulty": "DIFFICULT"
    },
    {
      "id": 1315,
      "unlockCondition": {
        "unlockCode": 102
      },
      "desc": "우울약점-1",
      "exceptionConditions": [
        {
          "dungeonIdx": 0,
          "selectableFloors": [
            2
          ]
        },
        {
          "dungeonIdx": 1,
          "selectableFloors": [
            2
          ]
        }
      ],
      "mapGenOption": {
        "bossPool": [
          2064241,
          2064242,
          2064243
        ],
        "battlePool": [
          2064201,
          2064202,
          2064203,
          2064204,
          2064205,
          2064206,
          2064207,
          2064208,
          2064209,
          2064210,
          2064211,
          2064212,
          2064213,
          2064214,
          2064215,
          2064216,
          2064217,
          2064218,
          2064219,
          2064220
        ],
        "abBattlePool": [
          2064221,
          2064222,
          2064223,
          2064224,
          2064225,
          2064226,
          2064227,
          2064228,
          2064229,
          2064230
        ],
        "hardBattlePool": [
          2064231,
          2064232,
          2064233,
          2064234,
          2064235,
          2064236,
          2064237,
          2064238,
          2064239,
          2064240
        ],
        "eventPool": [
          901032,
          901019,
          901030,
          901012,
          901027,
          901021,
          901022,
          901023,
          901024,
          901025,
          901061,
          901062,
          901063,
          901085,
          901020,
          901038,
          901077
        ]
      },
      "egoGiftPool": [
        9001,
        9003,
        9005,
        9008,
        9009,
        9012,
        9013,
        9016,
        9018,
        9019,
        9020,
        9021,
        9022,
        9023,
        9024,
        9025,
        9027,
        9029,
        9030,
        9031,
        9032,
        9033,
        9034,
        9041,
        9042,
        9043,
        9044,
        9046,
        9047,
        9048,
        9049,
        9051,
        9052,
        9053,
        9054,
        9056,
        9057,
        9059,
        9061,
        9062,
        9063,
        9064,
        9065,
        9066,
        9069,
        9071,
        9072,
        9073,
        9074,
        9086,
        9087,
        9089,
        9091,
        9093,
        9095,
        9097,
        9099,
        9102,
        9107,
        9123,
        9136,
        9137,
        9138,
        9139,
        9140,
        9141,
        9142,
        9143,
        9144,
        9145,
        9146,
        9147,
        9148,
        9149,
        9150,
        9151,
        9152
      ],
      "specificEgoGiftPool": [],
      "mapGenSequence": [
        {
          "type": "CREATE_EMPTY_MD4_FLOOR",
          "numberList": [
            5,
            3,
            1
          ]
        },
        {
          "type": "FILL_MAP_BY_THEMEFLOOR_MAPGENOPTION",
          "numberValue": 1315
        }
      ],
      "uiConfigs": {
        "showBossIds": [
          8197,
          8076,
          8139
        ],
        "packSpriteId": "Azure_effective",
        "bossSpriteId": "Azure_effective_boss",
        "attributeType": "AZURE",
        "mapOptions": [
          {
            "key": "SetColor_Basic",
            "value": "16849f"
          },
          {
            "key": "SetColor_Cleared",
            "value": "004050"
          },
          {
            "key": "MirrorDungeon4_Base"
          }
        ]
      }
    },
    {
      "id": 1316,
      "unlockCondition": {
        "unlockCode": 102
      },
      "desc": "오만-1",
      "exceptionConditions": [
        {
          "dungeonIdx": 0,
          "selectableFloors": [
            3
          ]
        },
        {
          "dungeonIdx": 1,
          "selectableFloors": [
            3
          ]
        }
      ],
      "mapGenOption": {
        "bossPool": [
          2064341
        ],
        "battlePool": [
          2064301,
          2064302,
          2064303,
          2064304,
          2064305,
          2064306,
          2064307,
          2064308,
          2064309,
          2064310,
          2064311,
          2064312,
          2064313,
          2064314,
          2064315,
          2064316,
          2064317,
          2064318,
          2064319,
          2064320
        ],
        "abBattlePool": [
          2064321,
          2064322,
          2064323,
          2064324,
          2064325,
          2064326,
          2064327,
          2064328,
          2064329,
          2064330
        ],
        "hardBattlePool": [
          2064331,
          2064332,
          2064333,
          2064334,
          2064335,
          2064336,
          2064337,
          2064338,
          2064339,
          2064340
        ],
        "eventPool": [
          901001,
          901019,
          901036,
          901037,
          901038,
          901039,
          901076,
          901077,
          901078,
          901079,
          901080,
          901084,
          901085,
          901026,
          901027,
          901028,
          901030,
          901066,
          901068,
          901069,
          901073,
          901095,
          901024,
          901031,
          901040,
          901067,
          901022
        ]
      },
      "egoGiftPool": [
        9001,
        9003,
        9005,
        9008,
        9009,
        9012,
        9013,
        9016,
        9018,
        9019,
        9020,
        9023,
        9024,
        9026,
        9027,
        9028,
        9029,
        9030,
        9031,
        9032,
        9033,
        9034,
        9036,
        9037,
        9038,
        9039,
        9040,
        9041,
        9042,
        9043,
        9044,
        9046,
        9047,
        9048,
        9049,
        9051,
        9052,
        9053,
        9054,
        9056,
        9057,
        9059,
        9061,
        9062,
        9063,
        9064,
        9066,
        9067,
        9068,
        9069,
        9070,
        9071,
        9072,
        9073,
        9074,
        9076,
        9077,
        9078,
        9079,
        9080,
        9081,
        9082,
        9083,
        9084,
        9085,
        9086,
        9087,
        9089,
        9091,
        9093,
        9095,
        9097,
        9099,
        9104,
        9110,
        9112,
        9114,
        9115,
        9117,
        9130,
        9142,
        9153,
        9154
      ],
      "specificEgoGiftPool": [],
      "mapGenSequence": [
        {
          "type": "CREATE_EMPTY_MD4_FLOOR",
          "numberList": [
            6,
            3,
            1
          ]
        },
        {
          "type": "FILL_MAP_BY_THEMEFLOOR_MAPGENOPTION",
          "numberValue": 1316
        }
      ],
      "uiConfigs": {
        "showBossIds": [
          8269
        ],
        "packSpriteId": "Indigo_normal",
        "bossSpriteId": "Indigo_normal_boss",
        "mapOptions": [
          {
            "key": "SetColor_Basic",
            "value": "0054c6"
          },
          {
            "key": "SetColor_Cleared",
            "value": "185188"
          },
          {
            "key": "SetColor_BackgroundSet",
            "value": "185188"
          },
          {
            "key": "MirrorDungeon4_Base"
          }
        ]
      }
    },
    {
      "id": 1317,
      "unlockCondition": {
        "unlockCode": 105
      },
      "desc": "오만-2",
      "exceptionConditions": [
        {
          "dungeonIdx": 1,
          "selectableFloors": [
            4
          ]
        }
      ],
      "mapGenOption": {
        "bossPool": [
          2064441,
          2064442
        ],
        "battlePool": [
          2064401,
          2064402,
          2064403,
          2064404,
          2064405,
          2064406,
          2064407,
          2064408,
          2064409,
          2064410,
          2064411,
          2064412,
          2064413,
          2064414,
          2064415,
          2064416,
          2064417,
          2064418,
          2064419,
          2064420
        ],
        "abBattlePool": [
          2064421,
          2064422,
          2064423,
          2064424,
          2064425,
          2064426,
          2064427,
          2064428,
          2064429,
          2064430
        ],
        "hardBattlePool": [
          2064431,
          2064432,
          2064433,
          2064434,
          2064435,
          2064436,
          2064437,
          2064438,
          2064439,
          2064440
        ],
        "eventPool": [
          901001,
          901019,
          901036,
          901037,
          901038,
          901039,
          901076,
          901077,
          901078,
          901079,
          901080,
          901084,
          901085,
          901026,
          901027,
          901028,
          901030,
          901066,
          901068,
          901069,
          901073,
          901095,
          901024,
          901031,
          901040,
          901067,
          901022
        ]
      },
      "egoGiftPool": [
        9001,
        9003,
        9005,
        9008,
        9009,
        9012,
        9013,
        9016,
        9018,
        9019,
        9020,
        9023,
        9024,
        9026,
        9027,
        9028,
        9029,
        9030,
        9031,
        9032,
        9033,
        9034,
        9036,
        9037,
        9038,
        9039,
        9040,
        9041,
        9042,
        9043,
        9044,
        9046,
        9047,
        9048,
        9049,
        9051,
        9052,
        9053,
        9054,
        9056,
        9057,
        9059,
        9061,
        9062,
        9063,
        9064,
        9066,
        9067,
        9068,
        9069,
        9070,
        9071,
        9072,
        9073,
        9074,
        9076,
        9077,
        9078,
        9079,
        9080,
        9081,
        9082,
        9083,
        9084,
        9085,
        9086,
        9087,
        9089,
        9091,
        9093,
        9095,
        9097,
        9099,
        9104,
        9110,
        9112,
        9114,
        9115,
        9117,
        9130,
        9142,
        9153,
        9154
      ],
      "specificEgoGiftPool": [],
      "mapGenSequence": [
        {
          "type": "CREATE_EMPTY_MD4_FLOOR",
          "numberList": [
            7,
            3,
            1
          ]
        },
        {
          "type": "FILL_MAP_BY_THEMEFLOOR_MAPGENOPTION",
          "numberValue": 1317
        }
      ],
      "uiConfigs": {
        "showBossIds": [
          8269,
          8191
        ],
        "packSpriteId": "Indigo_hard",
        "bossSpriteId": "Indigo_hard_boss",
        "isShowWarning": true,
        "mapOptions": [
          {
            "key": "SetColor_Basic",
            "value": "0054c6"
          },
          {
            "key": "SetColor_Cleared",
            "value": "185188"
          },
          {
            "key": "SetColor_BackgroundSet",
            "value": "185188"
          },
          {
            "key": "MirrorDungeon4_Base"
          }
        ]
      },
      "difficulty": "DIFFICULT"
    },
    {
      "id": 1318,
      "unlockCondition": {
        "unlockCode": 102
      },
      "desc": "오만약점-1",
      "exceptionConditions": [
        {
          "dungeonIdx": 0,
          "selectableFloors": [
            2
          ]
        },
        {
          "dungeonIdx": 1,
          "selectableFloors": [
            2
          ]
        }
      ],
      "mapGenOption": {
        "bossPool": [
          2064541,
          2064542,
          2064543
        ],
        "battlePool": [
          2064501,
          2064502,
          2064503,
          2064504,
          2064505,
          2064506,
          2064507,
          2064508,
          2064509,
          2064510,
          2064511,
          2064512,
          2064513,
          2064514,
          2064515,
          2064516,
          2064517,
          2064518,
          2064519,
          2064520
        ],
        "abBattlePool": [
          2064521,
          2064522,
          2064523,
          2064524,
          2064525,
          2064526,
          2064527,
          2064528,
          2064529,
          2064530
        ],
        "hardBattlePool": [
          2064531,
          2064532,
          2064533,
          2064534,
          2064535,
          2064536,
          2064537,
          2064538,
          2064539,
          2064540
        ],
        "eventPool": [
          901001,
          901019,
          901032,
          901063,
          901012,
          901085,
          901026,
          901027,
          901028,
          901030,
          901066,
          901068,
          901069,
          901073,
          901095,
          901024,
          901031,
          901022,
          901040,
          901067
        ]
      },
      "egoGiftPool": [
        9001,
        9003,
        9005,
        9008,
        9009,
        9012,
        9013,
        9016,
        9018,
        9019,
        9020,
        9023,
        9024,
        9026,
        9027,
        9028,
        9029,
        9030,
        9031,
        9032,
        9033,
        9034,
        9041,
        9042,
        9043,
        9044,
        9046,
        9047,
        9048,
        9049,
        9051,
        9052,
        9053,
        9054,
        9056,
        9057,
        9059,
        9061,
        9062,
        9063,
        9064,
        9066,
        9068,
        9069,
        9070,
        9071,
        9072,
        9073,
        9074,
        9086,
        9087,
        9089,
        9091,
        9093,
        9095,
        9097,
        9099,
        9104,
        9110,
        9112,
        9114,
        9115,
        9117,
        9130,
        9137,
        9138,
        9139,
        9140,
        9141,
        9142,
        9143,
        9144,
        9145,
        9146,
        9147,
        9148,
        9149,
        9150,
        9151,
        9152
      ],
      "specificEgoGiftPool": [],
      "mapGenSequence": [
        {
          "type": "CREATE_EMPTY_MD4_FLOOR",
          "numberList": [
            5,
            3,
            1
          ]
        },
        {
          "type": "FILL_MAP_BY_THEMEFLOOR_MAPGENOPTION",
          "numberValue": 1318
        }
      ],
      "uiConfigs": {
        "showBossIds": [
          8090,
          8198,
          8117
        ],
        "packSpriteId": "Indigo_effective",
        "bossSpriteId": "Indigo_effective_boss",
        "attributeType": "INDIGO",
        "mapOptions": [
          {
            "key": "SetColor_Basic",
            "value": "0054c6"
          },
          {
            "key": "SetColor_Cleared",
            "value": "185188"
          },
          {
            "key": "SetColor_BackgroundSet",
            "value": "185188"
          },
          {
            "key": "MirrorDungeon4_Base"
          }
        ]
      }
    },
    {
      "id": 1319,
      "unlockCondition": {
        "unlockCode": 102
      },
      "desc": "질투-1",
      "exceptionConditions": [
        {
          "dungeonIdx": 0,
          "selectableFloors": [
            3
          ]
        },
        {
          "dungeonIdx": 1,
          "selectableFloors": [
            3
          ]
        }
      ],
      "mapGenOption": {
        "bossPool": [
          2064641,
          2064642,
          2064643
        ],
        "battlePool": [
          2064601,
          2064602,
          2064603,
          2064604,
          2064605,
          2064606,
          2064607,
          2064608,
          2064609,
          2064610,
          2064611,
          2064612,
          2064613,
          2064614,
          2064615,
          2064616,
          2064617,
          2064618,
          2064619,
          2064620
        ],
        "abBattlePool": [
          2064621,
          2064622,
          2064623,
          2064624,
          2064625,
          2064626,
          2064627,
          2064628,
          2064629,
          2064630
        ],
        "hardBattlePool": [
          2064631,
          2064632,
          2064633,
          2064634,
          2064635,
          2064636,
          2064637,
          2064638,
          2064639,
          2064640
        ],
        "eventPool": [
          901036,
          901037,
          901038,
          901039,
          901040,
          901067,
          901076,
          901077,
          901078,
          901079,
          901080,
          901084,
          901085,
          901031,
          901032,
          901033,
          901034,
          901035,
          901073,
          901074,
          901091,
          901002,
          901018,
          901030,
          901021,
          901056
        ]
      },
      "egoGiftPool": [
        9001,
        9003,
        9005,
        9008,
        9009,
        9012,
        9013,
        9016,
        9018,
        9019,
        9020,
        9023,
        9024,
        9027,
        9029,
        9030,
        9031,
        9032,
        9033,
        9034,
        9035,
        9036,
        9037,
        9038,
        9039,
        9040,
        9041,
        9042,
        9043,
        9044,
        9046,
        9047,
        9048,
        9049,
        9051,
        9052,
        9053,
        9054,
        9056,
        9057,
        9059,
        9061,
        9062,
        9063,
        9064,
        9066,
        9067,
        9069,
        9071,
        9072,
        9073,
        9074,
        9075,
        9076,
        9077,
        9078,
        9079,
        9080,
        9081,
        9082,
        9083,
        9084,
        9085,
        9086,
        9087,
        9089,
        9091,
        9093,
        9095,
        9097,
        9099,
        9108,
        9109,
        9118,
        9125,
        9128,
        9134,
        9144,
        9152,
        9153,
        9154
      ],
      "specificEgoGiftPool": [],
      "mapGenSequence": [
        {
          "type": "CREATE_EMPTY_MD4_FLOOR",
          "numberList": [
            6,
            3,
            1
          ]
        },
        {
          "type": "FILL_MAP_BY_THEMEFLOOR_MAPGENOPTION",
          "numberValue": 1319
        }
      ],
      "uiConfigs": {
        "showBossIds": [
          8119,
          8076,
          8086
        ],
        "packSpriteId": "Violet_normal",
        "bossSpriteId": "Violet_normal_boss",
        "mapOptions": [
          {
            "key": "SetColor_Basic",
            "value": "8b0de9"
          },
          {
            "key": "SetColor_Cleared",
            "value": "370052"
          },
          {
            "key": "SetColor_BackgroundSet",
            "value": "440065"
          },
          {
            "key": "MirrorDungeon4_Base"
          }
        ]
      }
    },
    {
      "id": 1320,
      "unlockCondition": {
        "unlockCode": 105
      },
      "desc": "질투-2",
      "exceptionConditions": [
        {
          "dungeonIdx": 1,
          "selectableFloors": [
            4
          ]
        }
      ],
      "mapGenOption": {
        "bossPool": [
          2064741,
          2064742,
          2064743
        ],
        "battlePool": [
          2064701,
          2064702,
          2064703,
          2064704,
          2064705,
          2064706,
          2064707,
          2064708,
          2064709,
          2064710,
          2064711,
          2064712,
          2064713,
          2064714,
          2064715,
          2064716,
          2064717,
          2064718,
          2064719,
          2064720
        ],
        "abBattlePool": [
          2064721,
          2064722,
          2064723,
          2064724,
          2064725,
          2064726,
          2064727,
          2064728,
          2064729,
          2064730
        ],
        "hardBattlePool": [
          2064731,
          2064732,
          2064733,
          2064734,
          2064735,
          2064736,
          2064737,
          2064738,
          2064739,
          2064740
        ],
        "eventPool": [
          901036,
          901037,
          901038,
          901039,
          901040,
          901067,
          901076,
          901077,
          901078,
          901079,
          901080,
          901084,
          901085,
          901031,
          901032,
          901033,
          901034,
          901035,
          901073,
          901074,
          901091,
          901002,
          901018,
          901030,
          901021,
          901056
        ]
      },
      "egoGiftPool": [
        9001,
        9003,
        9005,
        9008,
        9009,
        9012,
        9013,
        9016,
        9018,
        9019,
        9020,
        9023,
        9024,
        9027,
        9029,
        9030,
        9031,
        9032,
        9033,
        9034,
        9035,
        9036,
        9037,
        9038,
        9039,
        9040,
        9041,
        9042,
        9043,
        9044,
        9046,
        9047,
        9048,
        9049,
        9051,
        9052,
        9053,
        9054,
        9056,
        9057,
        9059,
        9061,
        9062,
        9063,
        9064,
        9066,
        9067,
        9069,
        9071,
        9072,
        9073,
        9074,
        9075,
        9076,
        9077,
        9078,
        9079,
        9080,
        9081,
        9082,
        9083,
        9084,
        9085,
        9086,
        9087,
        9089,
        9091,
        9093,
        9095,
        9097,
        9099,
        9108,
        9109,
        9118,
        9125,
        9128,
        9134,
        9144,
        9152,
        9153,
        9154
      ],
      "specificEgoGiftPool": [],
      "mapGenSequence": [
        {
          "type": "CREATE_EMPTY_MD4_FLOOR",
          "numberList": [
            7,
            3,
            1
          ]
        },
        {
          "type": "FILL_MAP_BY_THEMEFLOOR_MAPGENOPTION",
          "numberValue": 1320
        }
      ],
      "uiConfigs": {
        "showBossIds": [
          8119,
          8076,
          8086
        ],
        "packSpriteId": "Violet_hard",
        "bossSpriteId": "Violet_normal_boss",
        "isShowWarning": true,
        "mapOptions": [
          {
            "key": "SetColor_Basic",
            "value": "8b0de9"
          },
          {
            "key": "SetColor_Cleared",
            "value": "370052"
          },
          {
            "key": "SetColor_BackgroundSet",
            "value": "440065"
          },
          {
            "key": "MirrorDungeon4_Base"
          }
        ]
      },
      "difficulty": "DIFFICULT"
    },
    {
      "id": 1321,
      "unlockCondition": {
        "unlockCode": 102
      },
      "desc": "질투약점-1",
      "exceptionConditions": [
        {
          "dungeonIdx": 0,
          "selectableFloors": [
            2
          ]
        },
        {
          "dungeonIdx": 1,
          "selectableFloors": [
            2
          ]
        }
      ],
      "mapGenOption": {
        "bossPool": [
          2064841,
          2064842
        ],
        "battlePool": [
          2064801,
          2064802,
          2064803,
          2064804,
          2064805,
          2064806,
          2064807,
          2064808,
          2064809,
          2064810,
          2064811,
          2064812,
          2064813,
          2064814,
          2064815,
          2064816,
          2064817,
          2064818,
          2064819,
          2064820
        ],
        "abBattlePool": [
          2064821,
          2064822,
          2064823,
          2064824,
          2064825,
          2064826,
          2064827,
          2064828,
          2064829,
          2064830
        ],
        "hardBattlePool": [
          2064831,
          2064832,
          2064833,
          2064834,
          2064835,
          2064836,
          2064837,
          2064838,
          2064839,
          2064840
        ],
        "eventPool": [
          901019,
          901063,
          901012,
          901027,
          901085,
          901031,
          901032,
          901033,
          901034,
          901035,
          901073,
          901074,
          901091,
          901002,
          901018,
          901030,
          901021,
          901056
        ]
      },
      "egoGiftPool": [
        9001,
        9003,
        9005,
        9008,
        9009,
        9012,
        9013,
        9016,
        9018,
        9019,
        9020,
        9023,
        9024,
        9027,
        9029,
        9030,
        9031,
        9032,
        9033,
        9034,
        9035,
        9041,
        9042,
        9043,
        9044,
        9046,
        9047,
        9048,
        9049,
        9051,
        9052,
        9053,
        9054,
        9056,
        9057,
        9059,
        9061,
        9062,
        9063,
        9064,
        9066,
        9069,
        9071,
        9072,
        9073,
        9074,
        9075,
        9086,
        9087,
        9089,
        9091,
        9093,
        9095,
        9097,
        9099,
        9108,
        9109,
        9118,
        9125,
        9128,
        9134,
        9137,
        9138,
        9139,
        9140,
        9141,
        9142,
        9143,
        9144,
        9145,
        9146,
        9147,
        9148,
        9149,
        9150,
        9151,
        9152
      ],
      "specificEgoGiftPool": [],
      "mapGenSequence": [
        {
          "type": "CREATE_EMPTY_MD4_FLOOR",
          "numberList": [
            5,
            3,
            1
          ]
        },
        {
          "type": "FILL_MAP_BY_THEMEFLOOR_MAPGENOPTION",
          "numberValue": 1321
        }
      ],
      "uiConfigs": {
        "showBossIds": [
          8075,
          8026
        ],
        "packSpriteId": "Violet_effective",
        "bossSpriteId": "Violet_effective_boss",
        "attributeType": "VIOLET",
        "mapOptions": [
          {
            "key": "SetColor_Basic",
            "value": "8b0de9"
          },
          {
            "key": "SetColor_Cleared",
            "value": "370052"
          },
          {
            "key": "SetColor_BackgroundSet",
            "value": "440065"
          },
          {
            "key": "MirrorDungeon4_Base"
          }
        ]
      }
    }
  ]
}