{
  "list": [
    {
      "stageType": "EVENT_DAWN_OF_GREEN",
      "restrictList": [
        {
          "id": 10550,
          "fixedAnnouncerIds": [10],
          "adjustedLevel": 40
        },
        {
          "id": 10552,
          "fixedAnnouncerIds": [10],
          "adjustedLevel": 40
        },
        {
          "id": 10551,
          "fixedAnnouncerIds": [10]
        },
        {
          "id": 10553,
          "fixedAnnouncerIds": [10]
        },
        {
          "id": 10554,
          "fixedAnnouncerIds": [10],
          "adjustedLevel": 40
        }
      ]
    }
  ]
}