{
  "list": [
    {
      "id": 201,
      "category": "PACKAGE",
      "returnpolicytype": "PACKAGE_A",
      "requiredItemId": 1,
      "requiredItemNum": 2500,
      "chanceId": 1201,
      "defaultElements": [
        {
          "type": "ANNOUNCER",
          "id": 12,
          "num": 1
        },
        {
          "type": "ITEM",
          "id": 103,
          "num": 1
        },
        {
          "type": "ITEM",
          "id": 231,
          "num": 1
        }
      ],
      "endDate": "2024-03-21T01:00:00.000Z",
      "priorityForUI": 1
    },
    {
      "id": 202,
      "category": "PACKAGE",
      "returnpolicytype": "PACKAGE_A",
      "requiredItemId": 1,
      "requiredItemNum": 2500,
      "chanceId": 1202,
      "defaultElements": [
        {
          "type": "ITEM",
          "id": 232,
          "num": 1
        },
        {
          "type": "ITEM",
          "id": 214,
          "num": 80
        }
      ],
      "endDate": "2024-09-26T01:00:00.000Z",
      "priorityForUI": 1
    },
    {
      "id": 203,
      "category": "PACKAGE",
      "returnpolicytype": "PACKAGE_A",
      "requiredItemId": 1,
      "requiredItemNum": 4150,
      "chanceId": 1203,
      "defaultElements": [
        {
          "type": "ITEM",
          "id": 102,
          "num": 3
        },
        {
          "type": "ITEM",
          "id": 233,
          "num": 1
        }
      ],
      "endDate": "2024-09-26T01:00:00.000Z",
      "priorityForUI": 1
    },
    {
      "id": 204,
      "category": "PACKAGE",
      "returnpolicytype": "PACKAGE_A",
      "requiredItemId": 1,
      "requiredItemNum": 6750,
      "chanceId": 1204,
      "defaultElements": [
        {
          "type": "ITEM",
          "id": 102,
          "num": 4
        },
        {
          "type": "ITEM",
          "id": 232,
          "num": 1
        },
        {
          "type": "ITEM",
          "id": 233,
          "num": 1
        },
        {
          "type": "ITEM",
          "id": 214,
          "num": 80
        },
        {
          "type": "ITEM",
          "id": 201,
          "num": 100
        }
      ],
      "endDate": "2024-09-26T01:00:00.000Z",
      "priorityForUI": 1
    }
  ]
}