{
  "shortcutKeyDataList": [
    {
      "shortcutIdList": [
        "confirm_popup",
        "skip_story",
        "skip_extraction"
      ],
      "keyCodeList": [
        "KeypadEnter",
        "Space"
      ]
    },
    {
      "shortcutIdList": [
        "pause_and_play"
      ],
      "keyCodeList": [
        "Space"
      ]
    },
    {
      "shortcutIdList": [
        "start_battle"
      ],
      "keyCodeList": [
        "KeypadEnter"
      ]
    },
    {
      "shortcutIdList": [
        "button_winning",
        "button_damage"
      ],
      "keyCodeList": [
        "P"
      ]
    },
    {
      "shortcutIdList": [
        "close_popup",
        "cancel_back",
        "quit_game"
      ],
      "keyCodeList": [
        "Escape"
      ]
    },
    {
      "shortcutIdList": [
        "move_screen"
      ],
      "keyCodeList": [
        "UpArrow",
        "LeftArrow",
        "DownArrow",
        "RightArrow",
        "W",
        "A",
        "S",
        "D"
      ]
    },
    {
      "shortcutIdList": [
        "show_current_situation"
      ],
      "keyCodeList": [
        "Tab"
      ]
    },
    {
      "shortcutIdList": [
        "open_manual"
      ],
      "keyCodeList": [
        "F1"
      ]
    },
    {
      "shortcutIdList": [
        "zoom_inout_battle"
      ],
      "keyCodeList": [
        "Mouse2",
        "Q",
        "E"
      ]
    }
  ]
}