{
  "list": [
    {
      "id": 10001,
      "max": 1,
      "resetTimeType": "DAILY"
    },
    {
      "id": 10002,
      "max": 3,
      "resetTimeType": "WEEKLY"
    },
    {
      "id": 10005,
      "max": 1,
      "resetTimeType": "WEEKLY"
    },
    {
      "id": 10006,
      "max": 3,
      "resetTimeType": "WEEKLY"
    },
    {
      "id": 10007,
      "max": 3,
      "resetTimeType": "WEEKLY"
    },
    {
      "id": 10008,
      "max": 3,
      "resetTimeType": "WEEKLY"
    }
  ]
}