{
  "list": [
    {
      "id": 201,
      "stageLevel": 37,
      "stageType": "Abnormality",
      "participantInfo": {
        "min": 1,
        "max": 7
      },
      "waveList": [
        {
          "battleMapInfo": {
            "mapName": "Cp4_Nobody"
          },
          "unitList": [
            {
              "unitID": 8544,
              "unitCount": 1,
              "unitLevel": 35
            }
          ],
          "bgmList": [
            "Battle_Cp4_Ally_4",
            "Battle_Cp4_Enemy_4"
          ],
          "enemyPositionID": 13
        }
      ],
      "staminaCost": 0,
      "recommendedLevel": 35,
      "turnLimit": 99,
      "questlist": [
        {
          "args": [
            "10"
          ],
          "localizeId": 1
        }
      ],
      "rewardList": [],
      "dangerLevel": 0,
      "stageScriptList": ["AbnormalityEvent"],
      "eventScriptName": 8544,
      "abnormalityEventList": [
        854401
      ]
    },
    {
      "id": 202,
      "stageLevel": 37,
      "stageType": "Abnormality",
      "participantInfo": {
        "min": 1,
        "max": 7
      },
      "waveList": [
        {
          "battleMapInfo": {
            "mapName": "Ab_SteamRobot",
            "mapSize": 35
          },
          "unitList": [
            {
              "unitID": 8555,
              "unitCount": 1,
              "unitLevel": 35
            }
          ],
          "bgmList": [
            "Battle_Cp4_Ally_5",
            "Battle_Cp4_Enemy_5"
          ],
          "enemyPositionID": 13
        }
      ],
      "staminaCost": 0,
      "recommendedLevel": 35,
      "turnLimit": 99,
      "questlist": [
        {
          "args": [
            "10"
          ],
          "localizeId": 1
        }
      ],
      "rewardList": [],
      "dangerLevel": 0,
      "stageScriptList": ["AbnormalityEvent"],
      "eventScriptName": 8555,
      "abnormalityEventList": [
        855501
      ]
    },
    {
      "id": 203,
      "stageLevel": 37,
      "stageType": "Abnormality",
      "participantInfo": {
        "min": 1,
        "max": 7
      },
      "waveList": [
        {
          "battleMapInfo": {
            "mapName": "Cp4_UmbrellaFox"
          },
          "unitList": [
            {
              "unitID": 8539,
              "unitCount": 1,
              "unitLevel": 35
            }
          ],
          "subUnitList": [
            {
              "unitID": 8540,
              "unitCount": 1,
              "unitLevel": 35
            }
          ],
          "bgmList": [
            "Battle_Cp1_Ally_2",
            "Battle_Cp1_Enemy_2"
          ],
          "enemyPositionID": 43
        }
      ],
      "staminaCost": 0,
      "recommendedLevel": 35,
      "turnLimit": 99,
      "questlist": [
        {
          "args": [
            "10"
          ],
          "localizeId": 1
        }
      ],
      "rewardList": [],
      "dangerLevel": 0,
      "stageScriptList": ["AbnormalityEvent"],
      "eventScriptName": 8539,
      "abnormalityEventList": [
        853901
      ]
    },
    {
      "id": 204,
      "stageLevel": 37,
      "stageType": "Abnormality",
      "participantInfo": {
        "min": 1,
        "max": 7
      },
      "waveList": [
        {
          "battleMapInfo": {
            "mapName": "Cp4_NCorSquareRoom"
          },
          "unitList": [
            {
              "unitID": 8551,
              "unitCount": 1,
              "unitLevel": 35
            },
            {
              "unitID": 8559,
              "unitCount": 1,
              "unitLevel": 35
            }
          ],
          "bgmList": [
            "Battle_Cp4_Ally_6",
            "Battle_Cp4_Enemy_6"
          ]
        }
      ],
      "staminaCost": 0,
      "recommendedLevel": 35,
      "turnLimit": 99,
      "questlist": [
        {
          "args": [
            "10"
          ],
          "localizeId": 1
        }
      ],
      "rewardList": [],
      "dangerLevel": 0,
      "stageScriptList": ["Abnormality"]
    },
    {
      "id": 205,
      "stageLevel": 37,
      "stageType": "Abnormality",
      "participantInfo": {
        "min": 1,
        "max": 7
      },
      "waveList": [
        {
          "battleMapInfo": {
            "mapName": "Ab_FairyLantern"
          },
          "unitList": [
            {
              "unitID": 8549,
              "unitCount": 1,
              "unitLevel": 35
            }
          ],
          "bgmList": [
            "Battle_Cp4_Ally_2",
            "Battle_Cp4_Enemy_2"
          ],
          "enemyPositionID": 13
        }
      ],
      "staminaCost": 0,
      "recommendedLevel": 35,
      "turnLimit": 99,
      "questlist": [
        {
          "args": [
            "10"
          ],
          "localizeId": 1
        }
      ],
      "rewardList": [],
      "dangerLevel": 0,
      "stageScriptList": ["8549"],
      "eventScriptName": 8549,
      "abnormalityEventList": [
        854901
      ]
    },
    {
      "id": 206,
      "stageLevel": 38,
      "stageType": "Abnormality",
      "participantInfo": {
        "min": 1,
        "max": 7
      },
      "waveList": [
        {
          "battleMapInfo": {
            "mapName": "Cp4_ElectricCentipede"
          },
          "unitList": [
            {
              "unitID": 8541,
              "unitCount": 1,
              "unitLevel": 35
            }
          ],
          "bgmList": [
            "Battle_Cp4_Ally_1",
            "Battle_Cp4_Enemy_1"
          ],
          "enemyPositionID": 13
        }
      ],
      "staminaCost": 0,
      "recommendedLevel": 35,
      "turnLimit": 99,
      "questlist": [
        {
          "args": [
            "10"
          ],
          "localizeId": 1
        }
      ],
      "rewardList": [],
      "dangerLevel": 0,
      "stageScriptList": ["8541"],
      "eventScriptName": 8541,
      "abnormalityEventList": [
        854101
      ]
    },
    {
      "id": 207,
      "stageLevel": 38,
      "stageType": "Abnormality",
      "participantInfo": {
        "min": 1,
        "max": 7
      },
      "waveList": [
        {
          "battleMapInfo": {
            "mapName": "Cp4_GentleFairy"
          },
          "unitList": [
            {
              "unitID": 8542,
              "unitCount": 1,
              "unitLevel": 35
            }
          ],
          "subUnitList": [
            {
              "unitID": 8543,
              "unitCount": 1,
              "unitLevel": 35
            }
          ],
          "bgmList": [
            "Battle_Cp2_Ally_3",
            "Battle_Cp4_5_Boss"
          ],
          "enemyPositionID": 40
        }
      ],
      "staminaCost": 0,
      "recommendedLevel": 35,
      "turnLimit": 99,
      "questlist": [
        {
          "args": [
            "10"
          ],
          "localizeId": 1
        }
      ],
      "rewardList": [],
      "dangerLevel": 0,
      "stageScriptNameAfterClear": 8542,
      "eventScriptName": 8542,
      "abnormalityEventList": [
        854201
      ]
    },
    {
      "id": 208,
      "stageLevel": 38,
      "stageType": "Abnormality",
      "participantInfo": {
        "min": 1,
        "max": 7
      },
      "waveList": [
        {
          "battleMapInfo": {
            "mapName": "Ab_LostPassenger"
          },
          "unitList": [
            {
              "unitID": 8550,
              "unitCount": 1,
              "unitLevel": 35
            }
          ],
          "subUnitList": [
            {
              "unitID": 8560,
              "unitCount": 1,
              "unitLevel": 35
            },
            {
              "unitID": 8561,
              "unitCount": 1,
              "unitLevel": 35
            },
            {
              "unitID": 8562,
              "unitCount": 1,
              "unitLevel": 35
            },
            {
              "unitID": 8563,
              "unitCount": 1,
              "unitLevel": 35
            }
          ],
          "bgmList": [
            "Battle_Cp4_Ally_3",
            "Battle_Cp4_Enemy_3"
          ],
          "enemyPositionID": 45
        }
      ],
      "staminaCost": 0,
      "recommendedLevel": 35,
      "turnLimit": 99,
      "questlist": [
        {
          "args": [
            "10"
          ],
          "localizeId": 1
        }
      ],
      "rewardList": [],
      "dangerLevel": 0,
      "stageScriptList": ["8550"],
      "eventScriptName": 8550,
      "abnormalityEventList": [
        855001
      ]
    },
    {
      "id": 209,
      "stageLevel": 38,
      "stageType": "Abnormality",
      "participantInfo": {
        "min": 1,
        "max": 7
      },
      "waveList": [
        {
          "battleMapInfo": {
            "mapName": "Cp4_NCorSquareRoom"
          },
          "unitList": [
            {
              "unitID": 8551,
              "unitCount": 1,
              "unitLevel": 35
            },
            {
              "unitID": 8559,
              "unitCount": 1,
              "unitLevel": 35
            }
          ],
          "bgmList": [
            "Battle_Cp4_Ally_6",
            "Battle_Cp4_Enemy_6"
          ]
        },
        {
          "battleMapInfo": {
            "mapName": "Cp4_NCorSquareRoom"
          },
          "unitList": [
            {
              "unitID": 8551,
              "unitCount": 1,
              "unitLevel": 35
            },
            {
              "unitID": 8559,
              "unitCount": 1,
              "unitLevel": 35
            }
          ],
          "bgmList": [
            "Battle_Cp1_Ally_1",
            "Battle_Cp1_Enemy_1"
          ]
        }
      ],
      "staminaCost": 0,
      "recommendedLevel": 35,
      "turnLimit": 99,
      "questlist": [
        {
          "args": [
            "10"
          ],
          "localizeId": 1
        }
      ],
      "rewardList": [],
      "dangerLevel": 0,
      "stageScriptList": ["Abnormality"]
    },
    {
      "id": 210,
      "stageLevel": 38,
      "stageType": "Abnormality",
      "participantInfo": {
        "min": 1,
        "max": 7
      },
      "waveList": [
        {
          "battleMapInfo": {
            "mapName": "Cp4_LongFairy"
          },
          "unitList": [
            {
              "unitID": 8545,
              "unitCount": 1,
              "unitLevel": 35
            },
            {
              "unitID": 8547,
              "unitCount": 1,
              "unitLevel": 35
            }
          ],
          "subUnitList": [
            {
              "unitID": 8546,
              "unitCount": 1,
              "unitLevel": 35
            },
            {
              "unitID": 8548,
              "unitCount": 1,
              "unitLevel": 35
            }
          ],
          "bgmList": [
            "Battle_Cp2_Ally_3",
            "Battle_Cp4_5_Boss"
          ],
          "enemyPositionID": 44
        }
      ],
      "staminaCost": 0,
      "recommendedLevel": 35,
      "turnLimit": 99,
      "questlist": [
        {
          "args": [
            "10"
          ],
          "localizeId": 1
        }
      ],
      "rewardList": [],
      "dangerLevel": 0,
      "stageScriptNameAfterClear": 8545,
      "eventScriptName": 8545,
      "abnormalityEventList": [
        854501
      ]
    },
    {
      "id": 211,
      "stageLevel": 38,
      "stageType": "Abnormality",
      "participantInfo": {
        "min": 1,
        "max": 7
      },
      "waveList": [
        {
          "battleMapInfo": {
            "mapName": "Ab_RoseSign"
          },
          "unitList": [
            {
              "unitID": 8556,
              "unitCount": 1,
              "unitLevel": 35
            }
          ],
          "subUnitList": [
            {
              "unitID": 8564,
              "unitCount": 1,
              "unitLevel": 35
            },
            {
              "unitID": 8565,
              "unitCount": 1,
              "unitLevel": 35
            },
            {
              "unitID": 8566,
              "unitCount": 1,
              "unitLevel": 35
            },
            {
              "unitID": 8567,
              "unitCount": 1,
              "unitLevel": 35
            },
            {
              "unitID": 8568,
              "unitCount": 1,
              "unitLevel": 35
            },
            {
              "unitID": 8569,
              "unitCount": 1,
              "unitLevel": 35
            },
            {
              "unitID": 8570,
              "unitCount": 1,
              "unitLevel": 35
            }
          ],
          "bgmList": [
            "Battle_Flore_sicut_rosa"
          ],
          "enemyPositionID": 46
        }
      ],
      "staminaCost": 0,
      "recommendedLevel": 35,
      "turnLimit": 99,
      "questlist": [
        {
          "args": [
            "10"
          ],
          "localizeId": 1
        }
      ],
      "rewardList": [],
      "dangerLevel": 0,
      "stageScriptNameAfterClear": 8556,
      "eventScriptName": 8556,
      "abnormalityEventList": [
        855601,
        85560101
      ]
    }
  ]
}