{
  "list": [
    {
      "id": 90077,
      "appearance": "90077_Crab_SlashAppearance",
      "unitKeywordList": ["CRAPCRAB","SMALL"],
      "level": 2,
      "slotWeightConditionList": [
        "Default1"
      ],
      "hp": {
        "defaultStat": 49,
        "incrementByLevel": 1.45
      },
      "defCorrection": -2,
      "minSpeedList": [
        1
      ],
      "maxSpeedList": [
        4
      ],
      "breakSection": {
        "sectionList": [
          35,
          0
        ]
      },
      "mp": 0,
      "hasMp": false,
      "lowMorale": 0,
      "panic": 0,
      "panicType": 1003,
      "resistInfo": {
        "atkResistList": [
          {
            "type": "SLASH",
            "value": 0.75
          },
          {
            "type": "PENETRATE",
            "value": 2
          },
          {
            "type": "HIT",
            "value": 1
          }
        ],
        "attributeResistList": [
          {
            "type": "CRIMSON",
            "value": 1
          },
          {
            "type": "SCARLET",
            "value": 0.75
          },
          {
            "type": "AMBER",
            "value": 1.5
          },
          {
            "type": "SHAMROCK",
            "value": 0.75
          },
          {
            "type": "AZURE",
            "value": 2
          },
          {
            "type": "INDIGO",
            "value": 1
          },
          {
            "type": "VIOLET",
            "value": 1
          },
          {
            "type": "WHITE",
            "value": 2
          },
          {
            "type": "BLACK",
            "value": 2
          }
        ]
      },
      "startActionSlotNumList": [
        1,
        2,
        2
      ],
      "maxActionSlotNum": 3,
      "attributeList": [
        {
          "skillId": 9007701,
          "number": 3
        },
        {
          "skillId": 9007702,
          "number": 2
        },
        {
          "skillId": 9007703,
          "number": 1
        },
        {
          "skillId": 9007704,
          "number": 1
        },
        {
          "skillId": 9007705,
          "number": 1
        }
      ],
      "passiveSet": {
        "passiveIdList": [
          9007701
        ]
      }
    },
    {
      "id": 90078,
      "appearance": "90078_Crab_PenetrateAppearance",
      "unitKeywordList": ["CRAPCRAB"],
      "level": 2,
      "slotWeightConditionList": [
        "Default1"
      ],
      "hp": {
        "defaultStat": 49,
        "incrementByLevel": 1.45
      },
      "defCorrection": -2,
      "minSpeedList": [
        1
      ],
      "maxSpeedList": [
        4
      ],
      "breakSection": {
        "sectionList": [
          35,
          0
        ]
      },
      "mp": 0,
      "hasMp": false,
      "lowMorale": 0,
      "panic": 0,
      "panicType": 1003,
      "resistInfo": {
        "atkResistList": [
          {
            "type": "SLASH",
            "value": 0.75
          },
          {
            "type": "PENETRATE",
            "value": 2
          },
          {
            "type": "HIT",
            "value": 1
          }
        ],
        "attributeResistList": [
          {
            "type": "CRIMSON",
            "value": 1
          },
          {
            "type": "SCARLET",
            "value": 0.75
          },
          {
            "type": "AMBER",
            "value": 1.5
          },
          {
            "type": "SHAMROCK",
            "value": 0.75
          },
          {
            "type": "AZURE",
            "value": 2
          },
          {
            "type": "INDIGO",
            "value": 1
          },
          {
            "type": "VIOLET",
            "value": 1
          },
          {
            "type": "WHITE",
            "value": 2
          },
          {
            "type": "BLACK",
            "value": 2
          }
        ]
      },
      "startActionSlotNumList": [
        1,
        2,
        2
      ],
      "maxActionSlotNum": 3,
      "attributeList": [
        {
          "skillId": 9007801,
          "number": 3
        },
        {
          "skillId": 9007802,
          "number": 2
        },
        {
          "skillId": 9007803,
          "number": 1
        },
        {
          "skillId": 9007804,
          "number": 1
        },
        {
          "skillId": 9007805,
          "number": 1
        }
      ],
      "passiveSet": {
        "passiveIdList": [
          9007801
        ]
      }
    },
    {
      "id": 90079,
      "appearance": "90079_Crab_HitAppearance",
      "unitKeywordList": ["CRAPCRAB","SMALL"],
      "level": 2,
      "slotWeightConditionList": [
        "Default1"
      ],
      "hp": {
        "defaultStat": 49,
        "incrementByLevel": 1.45
      },
      "defCorrection": -2,
      "minSpeedList": [
        1
      ],
      "maxSpeedList": [
        4
      ],
      "breakSection": {
        "sectionList": [
          35,
          0
        ]
      },
      "mp": 0,
      "hasMp": false,
      "lowMorale": 0,
      "panic": 0,
      "panicType": 1003,
      "resistInfo": {
        "atkResistList": [
          {
            "type": "SLASH",
            "value": 0.75
          },
          {
            "type": "PENETRATE",
            "value": 2
          },
          {
            "type": "HIT",
            "value": 1
          }
        ],
        "attributeResistList": [
          {
            "type": "CRIMSON",
            "value": 1
          },
          {
            "type": "SCARLET",
            "value": 0.75
          },
          {
            "type": "AMBER",
            "value": 1.5
          },
          {
            "type": "SHAMROCK",
            "value": 0.75
          },
          {
            "type": "AZURE",
            "value": 2
          },
          {
            "type": "INDIGO",
            "value": 1
          },
          {
            "type": "VIOLET",
            "value": 1
          },
          {
            "type": "WHITE",
            "value": 2
          },
          {
            "type": "BLACK",
            "value": 2
          }
        ]
      },
      "startActionSlotNumList": [
        1,
        2,
        2
      ],
      "maxActionSlotNum": 3,
      "attributeList": [
        {
          "skillId": 9007901,
          "number": 3
        },
        {
          "skillId": 9007902,
          "number": 2
        },
        {
          "skillId": 9007903,
          "number": 1
        },
        {
          "skillId": 9007904,
          "number": 1
        },
        {
          "skillId": 9007905,
          "number": 1
        }
      ],
      "passiveSet": {
        "passiveIdList": [
          9007901
        ]
      }
    },
    {
      "id": 90080,
      "appearance": "90080_Crab_Elite_BAppearance",
      "unitKeywordList": ["CRAPCRAB","REGULAR"],
      "level": 2,
      "patternID": "PickByPattern_Enemy",
      "slotWeightConditionList": [
        "Default2"
      ],
      "hp": {
        "defaultStat": 137,
        "incrementByLevel": 3.23
      },
      "defCorrection": 1,
      "minSpeedList": [
        2
      ],
      "maxSpeedList": [
        4
      ],
      "breakSection": {
        "sectionList": [
          35,
          0
        ]
      },
      "mp": 0,
      "hasMp": false,
      "lowMorale": 0,
      "panic": 0,
      "panicType": 1003,
      "resistInfo": {
        "atkResistList": [
          {
            "type": "SLASH",
            "value": 0.5
          },
          {
            "type": "PENETRATE",
            "value": 2
          },
          {
            "type": "HIT",
            "value": 1
          }
        ],
        "attributeResistList": [
          {
            "type": "CRIMSON",
            "value": 1
          },
          {
            "type": "SCARLET",
            "value": 0.75
          },
          {
            "type": "AMBER",
            "value": 1.2
          },
          {
            "type": "SHAMROCK",
            "value": 0.75
          },
          {
            "type": "AZURE",
            "value": 1.5
          },
          {
            "type": "INDIGO",
            "value": 1
          },
          {
            "type": "VIOLET",
            "value": 1
          },
          {
            "type": "WHITE",
            "value": 2
          },
          {
            "type": "BLACK",
            "value": 2
          }
        ]
      },
      "startActionSlotNumList": [
        2,
        2,
        2
      ],
      "maxActionSlotNum": 3,
      "attributeList": [
        {
          "skillId": 9008001,
          "number": 3
        },
        {
          "skillId": 9008002,
          "number": 2
        },
        {
          "skillId": 9008003,
          "number": 1
        },
        {
          "skillId": 9008004,
          "number": 1
        },
        {
          "skillId": 9008005,
          "number": 1
        }
      ],
      "patternList": [
        {
          "slotList": [
            {
              "skillParentList": [
                {
                  "skillChildList": [
                    {
                      "skillID": 9008003,
                      "chance": 1
                    }
                  ],
                  "chance": 1
                }
              ]
            },
            {
              "skillParentList": [
                {
                  "skillChildList": [
                    {
                      "skillID": 9008003,
                      "chance": 1
                    }
                  ],
                  "chance": 1
                }
              ]
            },
            {
              "skillParentList": [
                {
                  "skillChildList": [
                    {
                      "skillID": 9008001,
                      "chance": 1
                    }
                  ],
                  "chance": 1
                }
              ]
            }
          ]
        },
        {
          "slotList": [
            {
              "skillParentList": [
                {
                  "skillChildList": [
                    {
                      "skillID": 9008004,
                      "chance": 1
                    }
                  ],
                  "chance": 1
                }
              ]
            },
            {
              "skillParentList": [
                {
                  "skillChildList": [
                    {
                      "skillID": 9008005,
                      "chance": 1
                    }
                  ],
                  "chance": 1
                }
              ]
            },
            {
              "skillParentList": [
                {
                  "skillChildList": [
                    {
                      "skillID": 9008005,
                      "chance": 1
                    }
                  ],
                  "chance": 1
                }
              ]
            }
          ]
        },
        {
          "slotList": [
            {
              "skillParentList": [
                {
                  "skillChildList": [
                    {
                      "skillID": 9008002,
                      "chance": 1
                    }
                  ],
                  "chance": 1
                }
              ]
            },
            {
              "skillParentList": [
                {
                  "skillChildList": [
                    {
                      "skillID": 9008001,
                      "chance": 1
                    }
                  ],
                  "chance": 1
                }
              ]
            },
            {
              "skillParentList": [
                {
                  "skillChildList": [
                    {
                      "skillID": 9008002,
                      "chance": 1
                    }
                  ],
                  "chance": 1
                }
              ]
            }
          ]
        }
      ],
      "passiveSet": {
        "passiveIdList": [
          9008001
        ]
      }
    },
    {
      "id": 90081,
      "appearance": "90081_Crab_Elite_AAppearance",
      "unitKeywordList": ["CRAPCRAB","REGULAR"],
      "level": 2,
      "patternID": "90081",
      "slotWeightConditionList": [
        "Default2"
      ],
      "hp": {
        "defaultStat": 137,
        "incrementByLevel": 3.23
      },
      "defCorrection": 1,
      "minSpeedList": [
        2
      ],
      "maxSpeedList": [
        4
      ],
      "breakSection": {
        "sectionList": [
          35,
          0
        ]
      },
      "mp": 0,
      "hasMp": false,
      "lowMorale": 0,
      "panic": 0,
      "panicType": 1003,
      "resistInfo": {
        "atkResistList": [
          {
            "type": "SLASH",
            "value": 0.5
          },
          {
            "type": "PENETRATE",
            "value": 2
          },
          {
            "type": "HIT",
            "value": 1
          }
        ],
        "attributeResistList": [
          {
            "type": "CRIMSON",
            "value": 1
          },
          {
            "type": "SCARLET",
            "value": 0.75
          },
          {
            "type": "AMBER",
            "value": 1.2
          },
          {
            "type": "SHAMROCK",
            "value": 0.75
          },
          {
            "type": "AZURE",
            "value": 1.5
          },
          {
            "type": "INDIGO",
            "value": 1
          },
          {
            "type": "VIOLET",
            "value": 1
          },
          {
            "type": "WHITE",
            "value": 2
          },
          {
            "type": "BLACK",
            "value": 2
          }
        ]
      },
      "startActionSlotNumList": [
        2,
        2,
        2
      ],
      "maxActionSlotNum": 3,
      "attributeList": [
        {
          "skillId": 9008101,
          "number": 3
        },
        {
          "skillId": 9008102,
          "number": 2
        },
        {
          "skillId": 9008103,
          "number": 1
        },
        {
          "skillId": 9008104,
          "number": 1
        },
        {
          "skillId": 9008105,
          "number": 1
        },
        {
          "skillId": 9008106,
          "number": 1
        }
      ],
      "patternList": [
        {
          "slotList": [
            {
              "skillParentList": [
                {
                  "skillChildList": [
                    {
                      "skillID": 9008104,
                      "chance": 1
                    }
                  ],
                  "chance": 1
                }
              ]
            },
            {
              "skillParentList": [
                {
                  "skillChildList": [
                    {
                      "skillID": 9008104,
                      "chance": 1
                    }
                  ],
                  "chance": 1
                }
              ]
            },
            {
              "skillParentList": [
                {
                  "skillChildList": [
                    {
                      "skillID": 9008101,
                      "chance": 1
                    }
                  ],
                  "chance": 1
                }
              ]
            }
          ]
        },
        {
          "slotList": [
            {
              "skillParentList": [
                {
                  "skillChildList": [
                    {
                      "skillID": 9008105,
                      "chance": 1
                    }
                  ],
                  "chance": 1
                }
              ]
            },
            {
              "skillParentList": [
                {
                  "skillChildList": [
                    {
                      "skillID": 9008106,
                      "chance": 1
                    }
                  ],
                  "chance": 1
                }
              ]
            },
            {
              "skillParentList": [
                {
                  "skillChildList": [
                    {
                      "skillID": 9008106,
                      "chance": 1
                    }
                  ],
                  "chance": 1
                }
              ]
            }
          ]
        },
        {
          "slotList": [
            {
              "skillParentList": [
                {
                  "skillChildList": [
                    {
                      "skillID": 9008103,
                      "chance": 1
                    }
                  ],
                  "chance": 1
                }
              ]
            },
            {
              "skillParentList": [
                {
                  "skillChildList": [
                    {
                      "skillID": 9008103,
                      "chance": 1
                    }
                  ],
                  "chance": 1
                }
              ]
            },
            {
              "skillParentList": [
                {
                  "skillChildList": [
                    {
                      "skillID": 9008106,
                      "chance": 1
                    }
                  ],
                  "chance": 1
                }
              ]
            }
          ]
        },
        {
          "slotList": [
            {
              "skillParentList": [
                {
                  "skillChildList": [
                    {
                      "skillID": 9008102,
                      "chance": 1
                    }
                  ],
                  "chance": 1
                }
              ]
            },
            {
              "skillParentList": [
                {
                  "skillChildList": [
                    {
                      "skillID": 9008101,
                      "chance": 1
                    }
                  ],
                  "chance": 1
                }
              ]
            },
            {
              "skillParentList": [
                {
                  "skillChildList": [
                    {
                      "skillID": 9008102,
                      "chance": 1
                    }
                  ],
                  "chance": 1
                }
              ]
            }
          ]
        }
      ],
      "passiveSet": {
        "passiveIdList": [
          9008101,
          9008102
        ]
      }
    }
  ]
}