{
  "list": [
    {
      "id": 90128,
      "appearance": "90128_Oufi_1Appearance",
      "associationList": [],
      "unitKeywordList": ["SMALL"],
      "level": 3,
      "slotWeightConditionList": [
        "Default1"
      ],
      "hp": {
        "defaultStat": 65,
        "incrementByLevel": 2.24
      },
      "defCorrection": 0,
      "minSpeedList": [
        2
      ],
      "maxSpeedList": [
        4
      ],
      "breakSection": {
        "sectionList": [
          60,
          0
        ]
      },
      "mp": 45,
      "lowMorale": -20,
      "panic": -45,
      "panicType": 1019,
      "mentalConditionInfo": {
        "add": [
          {
            "level": 1,
            "conditionIDList": [
              {
                "conditionID": "OnWinDuelAsParryingCountMultiply10AndPlus20Percent"
              },
              {
                "conditionID": "OnKillEnemyAsLevelRatioMultiply10"
              },
              {
                "conditionID": "OnKillEnemyByOtherAllyAsLevelRatioMultiply5"
              }
            ]
          }
        ],
        "min": [
          {
            "level": 1,
            "conditionIDList": [
              {
                "conditionID": "OnDieAllyAsLevelRatio10"
              }
            ]
          }
        ]
      },
      "resistInfo": {
        "atkResistList": [
          {
            "type": "SLASH",
            "value": 1.8
          },
          {
            "type": "PENETRATE",
            "value": 0.6
          },
          {
            "type": "HIT",
            "value": 1
          }
        ],
        "attributeResistList": [
          {
            "type": "CRIMSON",
            "value": 1
          },
          {
            "type": "SCARLET",
            "value": 1
          },
          {
            "type": "AMBER",
            "value": 1
          },
          {
            "type": "SHAMROCK",
            "value": 1
          },
          {
            "type": "AZURE",
            "value": 1
          },
          {
            "type": "INDIGO",
            "value": 1
          },
          {
            "type": "VIOLET",
            "value": 1
          },
          {
            "type": "WHITE",
            "value": 2
          },
          {
            "type": "BLACK",
            "value": 2
          }
        ]
      },
      "startActionSlotNumList": [
        1,
        2,
        2
      ],
      "maxActionSlotNum": 2,
      "attributeList": [
        {
          "skillId": 9012801,
          "number": 1
        },
        {
          "skillId": 9012802,
          "number": 1
        },
        {
          "skillId": 9012803,
          "number": 1
        },
        {
          "skillId": 9012804,
          "number": 1
        }
      ],
      "passiveSet": {
        "passiveIdList": [
          9012801,
          9012802
        ]
      }
    },
    {
      "id": 90129,
      "appearance": "90129_Oufi_2Appearance",
      "unitKeywordList": ["SMALL"],
      "associationList": [],
      "level": 3,
      "slotWeightConditionList": [
        "Default1"
      ],
      "hp": {
        "defaultStat": 54,
        "incrementByLevel": 1.86
      },
      "defCorrection": 0,
      "minSpeedList": [
        1
      ],
      "maxSpeedList": [
        3
      ],
      "breakSection": {
        "sectionList": [
          70,
          0
        ]
      },
      "mp": 45,
      "lowMorale": -20,
      "panic": -45,
      "panicType": 1019,
      "mentalConditionInfo": {
        "add": [
          {
            "level": 1,
            "conditionIDList": [
              {
                "conditionID": "OnWinDuelAsParryingCountMultiply10AndPlus20Percent"
              },
              {
                "conditionID": "OnKillEnemyAsLevelRatioMultiply10"
              },
              {
                "conditionID": "OnKillEnemyByOtherAllyAsLevelRatioMultiply5"
              }
            ]
          }
        ],
        "min": [
          {
            "level": 1,
            "conditionIDList": [
              {
                "conditionID": "OnDieAllyAsLevelRatio10"
              }
            ]
          }
        ]
      },
      "resistInfo": {
        "atkResistList": [
          {
            "type": "SLASH",
            "value": 1.8
          },
          {
            "type": "PENETRATE",
            "value": 0.6
          },
          {
            "type": "HIT",
            "value": 1
          }
        ],
        "attributeResistList": [
          {
            "type": "CRIMSON",
            "value": 1
          },
          {
            "type": "SCARLET",
            "value": 1
          },
          {
            "type": "AMBER",
            "value": 1
          },
          {
            "type": "SHAMROCK",
            "value": 1
          },
          {
            "type": "AZURE",
            "value": 1
          },
          {
            "type": "INDIGO",
            "value": 1
          },
          {
            "type": "VIOLET",
            "value": 1
          },
          {
            "type": "WHITE",
            "value": 2
          },
          {
            "type": "BLACK",
            "value": 2
          }
        ]
      },
      "startActionSlotNumList": [
        1,
        2,
        2
      ],
      "maxActionSlotNum": 2,
      "attributeList": [
        {
          "skillId": 9012901,
          "number": 1
        },
        {
          "skillId": 9012902,
          "number": 1
        },
        {
          "skillId": 9012903,
          "number": 1
        },
        {
          "skillId": 9012904,
          "number": 1
        }
      ],
      "passiveSet": {
        "passiveIdList": [
          9012801,
          9012802
        ]
      }
    },
    {
      "id": 90130,
      "appearance": "90130_Oufi_EliteAppearance",
      "unitKeywordList": ["SMALL"],
      "associationList": [],
      "level": 3,
      "slotWeightConditionList": [
        "Default1"
      ],
      "hp": {
        "defaultStat": 151,
        "incrementByLevel": 5.21
      },
      "defCorrection": 0,
      "minSpeedList": [
        2
      ],
      "maxSpeedList": [
        5
      ],
      "breakSection": {
        "sectionList": [
          30,
          0
        ]
      },
      "mp": 45,
      "lowMorale": -20,
      "panic": -45,
      "panicType": 1019,
      "resistInfo": {
        "atkResistList": [
          {
            "type": "SLASH",
            "value": 1.25
          },
          {
            "type": "PENETRATE",
            "value": 0.5
          },
          {
            "type": "HIT",
            "value": 1
          }
        ],
        "attributeResistList": [
          {
            "type": "CRIMSON",
            "value": 1
          },
          {
            "type": "SCARLET",
            "value": 1
          },
          {
            "type": "AMBER",
            "value": 1
          },
          {
            "type": "SHAMROCK",
            "value": 1
          },
          {
            "type": "AZURE",
            "value": 1
          },
          {
            "type": "INDIGO",
            "value": 1
          },
          {
            "type": "VIOLET",
            "value": 1
          },
          {
            "type": "WHITE",
            "value": 2
          },
          {
            "type": "BLACK",
            "value": 2
          }
        ]
      },
      "startActionSlotNumList": [
        2,
        3,
        3
      ],
      "maxActionSlotNum": 3,
      "attributeList": [
        {
          "skillId": 9013001,
          "number": 1
        },
        {
          "skillId": 9013002,
          "number": 1
        },
        {
          "skillId": 9013003,
          "number": 1
        },
        {
          "skillId": 9013004,
          "number": 1
        }
      ],
      "passiveSet": {
        "passiveIdList": [
          9012801,
          9012802,
          9013001
        ]
      }
    },
    {
      "id": 90131,
      "sdPortrait": 90128,
      "appearance": "90131_Oufi_1_v1Appearance",
      "unitKeywordList": ["CLAN","SMALL"],
      "associationList": ["RING_FINGER"],
      "level": 2,
      "slotWeightConditionList": [
        "Default1"
      ],
      "hp": {
        "defaultStat": 60,
        "incrementByLevel": 2.07
      },
      "defCorrection": 0,
      "minSpeedList": [
        1
      ],
      "maxSpeedList": [
        4
      ],
      "breakSection": {
        "sectionList": [
          70,
          30,
          0
        ]
      },
      "mp": 0,
      "hasMp": true,
      "lowMorale": -20,
      "panic": -45,
      "panicType": 1019,
      "mentalConditionInfo": {
        "add": [
          {
            "level": 1,
            "conditionIDList": [
              {
                "conditionID": "OnWinDuelAsParryingCountMultiply10AndPlus20Percent"
              },
              {
                "conditionID": "OnKillEnemyAsLevelRatioMultiply10"
              },
              {
                "conditionID": "OnKillEnemyByOtherAllyAsLevelRatioMultiply5"
              }
            ]
          }
        ],
        "min": [
          {
            "level": 1,
            "conditionIDList": [
              {
                "conditionID": "OnDieAllyAsLevelRatio10"
              }
            ]
          }
        ]
      },
      "resistInfo": {
        "atkResistList": [
          {
            "type": "SLASH",
            "value": 1.8
          },
          {
            "type": "PENETRATE",
            "value": 0.6
          },
          {
            "type": "HIT",
            "value": 1
          }
        ],
        "attributeResistList": [
          {
            "type": "CRIMSON",
            "value": 1
          },
          {
            "type": "SCARLET",
            "value": 1
          },
          {
            "type": "AMBER",
            "value": 1
          },
          {
            "type": "SHAMROCK",
            "value": 1
          },
          {
            "type": "AZURE",
            "value": 1
          },
          {
            "type": "INDIGO",
            "value": 1
          },
          {
            "type": "VIOLET",
            "value": 1
          },
          {
            "type": "WHITE",
            "value": 2
          },
          {
            "type": "BLACK",
            "value": 2
          }
        ]
      },
      "startActionSlotNumList": [
        1,
        2,
        2
      ],
      "maxActionSlotNum": 3,
      "attributeList": [
        {
          "skillId": 9013101,
          "number": 3
        },
        {
          "skillId": 9013102,
          "number": 2
        },
        {
          "skillId": 9013103,
          "number": 1
        },
        {
          "skillId": 9013104,
          "number": 1
        }
      ],
      "passiveSet": {
        "passiveIdList": [
          9013101,
          9013102
        ]
      }
    },
    {
      "id": 90132,
      "sdPortrait": 90129,
      "appearance": "90132_Oufi_2_v1Appearance",
      "unitKeywordList": ["CLAN","SMALL"],
      "associationList": ["RING_FINGER"],
      "level": 2,
      "slotWeightConditionList": [
        "Default1"
      ],
      "hp": {
        "defaultStat": 60,
        "incrementByLevel": 2.07
      },
      "defCorrection": 0,
      "minSpeedList": [
        1
      ],
      "maxSpeedList": [
        4
      ],
      "breakSection": {
        "sectionList": [
          70,
          30,
          0
        ]
      },
      "mp": 0,
      "hasMp": true,
      "lowMorale": -20,
      "panic": -45,
      "panicType": 1019,
      "mentalConditionInfo": {
        "add": [
          {
            "level": 1,
            "conditionIDList": [
              {
                "conditionID": "OnWinDuelAsParryingCountMultiply10AndPlus20Percent"
              },
              {
                "conditionID": "OnKillEnemyAsLevelRatioMultiply10"
              },
              {
                "conditionID": "OnKillEnemyByOtherAllyAsLevelRatioMultiply5"
              }
            ]
          }
        ],
        "min": [
          {
            "level": 1,
            "conditionIDList": [
              {
                "conditionID": "OnDieAllyAsLevelRatio10"
              }
            ]
          }
        ]
      },
      "resistInfo": {
        "atkResistList": [
          {
            "type": "SLASH",
            "value": 1.8
          },
          {
            "type": "PENETRATE",
            "value": 0.6
          },
          {
            "type": "HIT",
            "value": 1
          }
        ],
        "attributeResistList": [
          {
            "type": "CRIMSON",
            "value": 1
          },
          {
            "type": "SCARLET",
            "value": 1
          },
          {
            "type": "AMBER",
            "value": 1
          },
          {
            "type": "SHAMROCK",
            "value": 1
          },
          {
            "type": "AZURE",
            "value": 1
          },
          {
            "type": "INDIGO",
            "value": 1
          },
          {
            "type": "VIOLET",
            "value": 1
          },
          {
            "type": "WHITE",
            "value": 2
          },
          {
            "type": "BLACK",
            "value": 2
          }
        ]
      },
      "startActionSlotNumList": [
        1,
        2,
        2
      ],
      "maxActionSlotNum": 3,
      "attributeList": [
        {
          "skillId": 9013201,
          "number": 3
        },
        {
          "skillId": 9013202,
          "number": 2
        },
        {
          "skillId": 9013203,
          "number": 1
        },
        {
          "skillId": 9013204,
          "number": 1
        }
      ],
      "passiveSet": {
        "passiveIdList": [
          9013101,
          9013102
        ]
      }
    },
    {
      "id": 90133,
      "sdPortrait": 90130,
      "appearance": "90133_Oufi_Elite_v1Appearance",
      "unitKeywordList": ["CLAN","SMALL"],
      "associationList": ["RING_FINGER"],
      "level": 2,
      "slotWeightConditionList": [
        "Default1"
      ],
      "hp": {
        "defaultStat": 60,
        "incrementByLevel": 2.07
      },
      "defCorrection": 0,
      "minSpeedList": [
        1
      ],
      "maxSpeedList": [
        4
      ],
      "breakSection": {
        "sectionList": [
          70,
          30,
          0
        ]
      },
      "patternID": "PickByPattern_Enemy",
      "mp": 0,
      "hasMp": true,
      "lowMorale": -20,
      "panic": -45,
      "panicType": 1019,
      "mentalConditionInfo": {
        "add": [
          {
            "level": 1,
            "conditionIDList": [
              {
                "conditionID": "OnWinDuelAsParryingCountMultiply10AndPlus20Percent"
              },
              {
                "conditionID": "OnKillEnemyAsLevelRatioMultiply10"
              },
              {
                "conditionID": "OnKillEnemyByOtherAllyAsLevelRatioMultiply5"
              }
            ]
          }
        ],
        "min": [
          {
            "level": 1,
            "conditionIDList": [
              {
                "conditionID": "OnDieAllyAsLevelRatio10"
              }
            ]
          }
        ]
      },
      "resistInfo": {
        "atkResistList": [
          {
            "type": "SLASH",
            "value": 1.25
          },
          {
            "type": "PENETRATE",
            "value": 0.5
          },
          {
            "type": "HIT",
            "value": 1
          }
        ],
        "attributeResistList": [
          {
            "type": "CRIMSON",
            "value": 1
          },
          {
            "type": "SCARLET",
            "value": 1
          },
          {
            "type": "AMBER",
            "value": 1
          },
          {
            "type": "SHAMROCK",
            "value": 1
          },
          {
            "type": "AZURE",
            "value": 1
          },
          {
            "type": "INDIGO",
            "value": 1
          },
          {
            "type": "VIOLET",
            "value": 1
          },
          {
            "type": "WHITE",
            "value": 2
          },
          {
            "type": "BLACK",
            "value": 2
          }
        ]
      },
      "startActionSlotNumList": [
        2,
        3,
        3
      ],
      "maxActionSlotNum": 3,
      "attributeList": [
        {
          "skillId": 9013301,
          "number": 3
        },
        {
          "skillId": 9013302,
          "number": 2
        },
        {
          "skillId": 9013303,
          "number": 1
        },
        {
          "skillId": 9013304,
          "number": 1
        },
        {
          "skillId": 9013305,
          "number": 1
        }
      ],
      "passiveSet": {
        "passiveIdList": [
          9013101,
          9013102,
          9013301,
          9013302
        ]
      },
      "patternList": [
        {
          "slotList": [
            {
              "skillParentList": [
                {
                  "skillChildList": [
                    {
                      "skillID": 9013301,
                      "chance": 1
                    }
                  ],
                  "chance": 1
                }
              ]
            },
            {
              "skillParentList": [
                {
                  "skillChildList": [
                    {
                      "skillID": 9013301,
                      "chance": 1
                    }
                  ],
                  "chance": 1
                }
              ]
            },
            {
              "skillParentList": [
                {
                  "skillChildList": [
                    {
                      "skillID": 9013301,
                      "chance": 1
                    }
                  ],
                  "chance": 1
                }
              ]
            },
            {
              "skillParentList": [
                {
                  "skillChildList": [
                    {
                      "skillID": 9013302,
                      "chance": 1
                    }
                  ],
                  "chance": 1
                }
              ]
            },
            {
              "skillParentList": [
                {
                  "skillChildList": [
                    {
                      "skillID": 9013302,
                      "chance": 1
                    }
                  ],
                  "chance": 1
                }
              ]
            },
            {
              "skillParentList": [
                {
                  "skillChildList": [
                    {
                      "skillID": 9013305,
                      "chance": 1
                    }
                  ],
                  "chance": 1
                }
              ]
            }
          ]
        },
        {
          "slotList": [
            {
              "skillParentList": [
                {
                  "skillChildList": [
                    {
                      "skillID": 9013301,
                      "chance": 1
                    }
                  ],
                  "chance": 1
                }
              ]
            },
            {
              "skillParentList": [
                {
                  "skillChildList": [
                    {
                      "skillID": 9013301,
                      "chance": 1
                    }
                  ],
                  "chance": 1
                }
              ]
            },
            {
              "skillParentList": [
                {
                  "skillChildList": [
                    {
                      "skillID": 9013302,
                      "chance": 1
                    }
                  ],
                  "chance": 1
                }
              ]
            },
            {
              "skillParentList": [
                {
                  "skillChildList": [
                    {
                      "skillID": 9013303,
                      "chance": 1
                    }
                  ],
                  "chance": 1
                }
              ]
            },
            {
              "skillParentList": [
                {
                  "skillChildList": [
                    {
                      "skillID": 9013303,
                      "chance": 1
                    }
                  ],
                  "chance": 1
                }
              ]
            },
            {
              "skillParentList": [
                {
                  "skillChildList": [
                    {
                      "skillID": 9013305,
                      "chance": 1
                    }
                  ],
                  "chance": 1
                }
              ]
            }
          ]
        },
        {
          "slotList": [
            {
              "skillParentList": [
                {
                  "skillChildList": [
                    {
                      "skillID": 9013304,
                      "chance": 1
                    }
                  ],
                  "chance": 1
                }
              ]
            },
            {
              "skillParentList": [
                {
                  "skillChildList": [
                    {
                      "skillID": 9013303,
                      "chance": 1
                    }
                  ],
                  "chance": 1
                }
              ]
            },
            {
              "skillParentList": [
                {
                  "skillChildList": [
                    {
                      "skillID": 9013303,
                      "chance": 1
                    }
                  ],
                  "chance": 1
                }
              ]
            },
            {
              "skillParentList": [
                {
                  "skillChildList": [
                    {
                      "skillID": 9013302,
                      "chance": 1
                    }
                  ],
                  "chance": 1
                }
              ]
            },
            {
              "skillParentList": [
                {
                  "skillChildList": [
                    {
                      "skillID": 9013302,
                      "chance": 1
                    }
                  ],
                  "chance": 1
                }
              ]
            },
            {
              "skillParentList": [
                {
                  "skillChildList": [
                    {
                      "skillID": 9013305,
                      "chance": 1
                    }
                  ],
                  "chance": 1
                }
              ]
            }
          ]
        }
      ]
    },
    {
      "id": 90134,
      "appearance": "90116_DeadRabbits_1Appearance",
      "associationList": ["DEAD_RABBITS"],
      "unitKeywordList": ["CLAN","GLASS_ENEMY","SMALL"],
      "nameID": 90116,
      "sdPortrait": 90116,
      "level": 2,
      "slotWeightConditionList": [
        "Default1"
      ],
      "hp": {
        "defaultStat": 63,
        "incrementByLevel": 2.17
      },
      "defCorrection": -8,
      "minSpeedList": [
        1
      ],
      "maxSpeedList": [
        4
      ],
      "breakSection": {
        "sectionList": [
          60,
          20,
          0
        ]
      },
      "mp": 0,
      "hasMp": true,
      "lowMorale": -20,
      "panic": -45,
      "panicType": 1005,
      "mentalConditionInfo": {
        "add": [
          {
            "level": 1,
            "conditionIDList": [
              {
                "conditionID": "OnWinDuelAsParryingCountMultiply10AndPlus20Percent"
              },
              {
                "conditionID": "OnKillEnemyAsLevelRatioMultiply10"
              },
              {
                "conditionID": "OnKillEnemyByOtherAllyAsLevelRatioMultiply5"
              }
            ]
          }
        ],
        "min": [
          {
            "level": 1,
            "conditionIDList": [
              {
                "conditionID": "OnDieAllyAsLevelRatio10"
              }
            ]
          }
        ]
      },
      "resistInfo": {
        "atkResistList": [
          {
            "type": "SLASH",
            "value": 1
          },
          {
            "type": "PENETRATE",
            "value": 0.75
          },
          {
            "type": "HIT",
            "value": 2
          }
        ],
        "attributeResistList": [
          {
            "type": "CRIMSON",
            "value": 1
          },
          {
            "type": "SCARLET",
            "value": 1
          },
          {
            "type": "AMBER",
            "value": 1
          },
          {
            "type": "SHAMROCK",
            "value": 1
          },
          {
            "type": "AZURE",
            "value": 1
          },
          {
            "type": "INDIGO",
            "value": 1
          },
          {
            "type": "VIOLET",
            "value": 1
          },
          {
            "type": "WHITE",
            "value": 2
          },
          {
            "type": "BLACK",
            "value": 2
          }
        ]
      },
      "startActionSlotNumList": [
        1,
        2,
        2
      ],
      "maxActionSlotNum": 2,
      "attributeList": [
        {
          "skillId": 9011601,
          "number": 3
        },
        {
          "skillId": 9011602,
          "number": 2
        },
        {
          "skillId": 9011603,
          "number": 1
        },
        {
          "skillId": 9011604,
          "number": 1
        }
      ],
      "passiveSet": {
        "passiveIdList": [
          9011601
        ]
      }
    },
    {
      "id": 90135,
      "appearance": "90117_DeadRabbits_2Appearance",
      "associationList": ["DEAD_RABBITS"],
      "unitKeywordList": ["CLAN","GLASS_ENEMY","SMALL"],
      "nameID": 90117,
      "sdPortrait": 90117,
      "level": 2,
      "slotWeightConditionList": [
        "Default1"
      ],
      "hp": {
        "defaultStat": 63,
        "incrementByLevel": 2.17
      },
      "defCorrection": -8,
      "minSpeedList": [
        1
      ],
      "maxSpeedList": [
        4
      ],
      "breakSection": {
        "sectionList": [
          60,
          20,
          0
        ]
      },
      "mp": 0,
      "hasMp": true,
      "lowMorale": -20,
      "panic": -45,
      "panicType": 1005,
      "mentalConditionInfo": {
        "add": [
          {
            "level": 1,
            "conditionIDList": [
              {
                "conditionID": "OnWinDuelAsParryingCountMultiply10AndPlus20Percent"
              },
              {
                "conditionID": "OnKillEnemyAsLevelRatioMultiply10"
              },
              {
                "conditionID": "OnKillEnemyByOtherAllyAsLevelRatioMultiply5"
              }
            ]
          }
        ],
        "min": [
          {
            "level": 1,
            "conditionIDList": [
              {
                "conditionID": "OnDieAllyAsLevelRatio10"
              }
            ]
          }
        ]
      },
      "resistInfo": {
        "atkResistList": [
          {
            "type": "SLASH",
            "value": 1
          },
          {
            "type": "PENETRATE",
            "value": 0.75
          },
          {
            "type": "HIT",
            "value": 2
          }
        ],
        "attributeResistList": [
          {
            "type": "CRIMSON",
            "value": 1
          },
          {
            "type": "SCARLET",
            "value": 1
          },
          {
            "type": "AMBER",
            "value": 1
          },
          {
            "type": "SHAMROCK",
            "value": 1
          },
          {
            "type": "AZURE",
            "value": 1
          },
          {
            "type": "INDIGO",
            "value": 1
          },
          {
            "type": "VIOLET",
            "value": 1
          },
          {
            "type": "WHITE",
            "value": 2
          },
          {
            "type": "BLACK",
            "value": 2
          }
        ]
      },
      "startActionSlotNumList": [
        1,
        2,
        2
      ],
      "maxActionSlotNum": 2,
      "attributeList": [
        {
          "skillId": 9011701,
          "number": 3
        },
        {
          "skillId": 9011702,
          "number": 2
        },
        {
          "skillId": 9011703,
          "number": 1
        },
        {
          "skillId": 9011704,
          "number": 1
        }
      ],
      "passiveSet": {
        "passiveIdList": [
          9011601
        ]
      }
    },
    {
      "id": 91015,
      "appearance": "91015_HindleyAppearance",
      "associationList": ["WUTHERING_HEIGHTS"],
      "unitKeywordList": ["SMALL"],
      "level": 2,
      "slotWeightConditionList": [
        "Default1"
      ],
      "hp": {
        "defaultStat": 355,
        "incrementByLevel": 12.24
      },
      "defCorrection": 0,
      "minSpeedList": [
        2
      ],
      "maxSpeedList": [
        5
      ],
      "breakSection": {
        "sectionList": [
          70,
          30,
          0
        ]
      },
      "patternID": "PickByPattern_Enemy",
      "mp": 0,
      "hasMp": true,
      "lowMorale": -20,
      "panic": -45,
      "panicType": 1005,
      "mentalConditionInfo": {
        "add": [
          {
            "level": 1,
            "conditionIDList": [
              {
                "conditionID": "OnWinDuelAsParryingCountMultiply10AndPlus20Percent"
              },
              {
                "conditionID": "OnKillEnemyAsLevelRatioMultiply10"
              },
              {
                "conditionID": "OnKillEnemyByOtherAllyAsLevelRatioMultiply5"
              }
            ]
          }
        ],
        "min": [
          {
            "level": 1,
            "conditionIDList": [
              {
                "conditionID": "OnDieAllyAsLevelRatio10"
              }
            ]
          }
        ]
      },
      "resistInfo": {
        "atkResistList": [
          {
            "type": "SLASH",
            "value": 1.25
          },
          {
            "type": "PENETRATE",
            "value": 0.5
          },
          {
            "type": "HIT",
            "value": 1
          }
        ],
        "attributeResistList": [
          {
            "type": "CRIMSON",
            "value": 1
          },
          {
            "type": "SCARLET",
            "value": 1
          },
          {
            "type": "AMBER",
            "value": 1
          },
          {
            "type": "SHAMROCK",
            "value": 1
          },
          {
            "type": "AZURE",
            "value": 1
          },
          {
            "type": "INDIGO",
            "value": 1
          },
          {
            "type": "VIOLET",
            "value": 1
          },
          {
            "type": "WHITE",
            "value": 2
          },
          {
            "type": "BLACK",
            "value": 2
          }
        ]
      },
      "startActionSlotNumList": [
        2,
        3,
        3
      ],
      "maxActionSlotNum": 3,
      "attributeList": [
        {
          "skillId": 9101501,
          "number": 0
        },
        {
          "skillId": 9101502,
          "number": 0
        },
        {
          "skillId": 9101503,
          "number": 0
        },
        {
          "skillId": 9101504,
          "number": 0
        },
        {
          "skillId": 9101505,
          "number": 0
        }
      ],
      "passiveSet": {
        "passiveIdList": [
          9101503,
          9101501,
          9101502,
          9101504,
          9101505
        ]
      },
      "patternList": [
        {
          "slotList": [
            {
              "skillParentList": [
                {
                  "skillChildList": [
                    {
                      "skillID": 9101501,
                      "chance": 1
                    }
                  ],
                  "chance": 1
                }
              ]
            },
            {
              "skillParentList": [
                {
                  "skillChildList": [
                    {
                      "skillID": 9101502,
                      "chance": 1
                    }
                  ],
                  "chance": 1
                }
              ]
            },
            {
              "skillParentList": [
                {
                  "skillChildList": [
                    {
                      "skillID": 9101505,
                      "chance": 1
                    }
                  ],
                  "chance": 1
                }
              ]
            },
            {
              "skillParentList": [
                {
                  "skillChildList": [
                    {
                      "skillID": 9101501,
                      "chance": 1
                    }
                  ],
                  "chance": 1
                }
              ]
            },
            {
              "skillParentList": [
                {
                  "skillChildList": [
                    {
                      "skillID": 9101501,
                      "chance": 1
                    }
                  ],
                  "chance": 1
                }
              ]
            },
            {
              "skillParentList": [
                {
                  "skillChildList": [
                    {
                      "skillID": 9101502,
                      "chance": 1
                    }
                  ],
                  "chance": 1
                }
              ]
            }
          ]
        },
        {
          "slotList": [
            {
              "skillParentList": [
                {
                  "skillChildList": [
                    {
                      "skillID": 9101502,
                      "chance": 1
                    }
                  ],
                  "chance": 1
                }
              ]
            },
            {
              "skillParentList": [
                {
                  "skillChildList": [
                    {
                      "skillID": 9101503,
                      "chance": 1
                    }
                  ],
                  "chance": 1
                }
              ]
            },
            {
              "skillParentList": [
                {
                  "skillChildList": [
                    {
                      "skillID": 9101505,
                      "chance": 1
                    }
                  ],
                  "chance": 1
                }
              ]
            },
            {
              "skillParentList": [
                {
                  "skillChildList": [
                    {
                      "skillID": 9101501,
                      "chance": 1
                    }
                  ],
                  "chance": 1
                }
              ]
            },
            {
              "skillParentList": [
                {
                  "skillChildList": [
                    {
                      "skillID": 9101501,
                      "chance": 1
                    }
                  ],
                  "chance": 1
                }
              ]
            },
            {
              "skillParentList": [
                {
                  "skillChildList": [
                    {
                      "skillID": 9101503,
                      "chance": 1
                    }
                  ],
                  "chance": 1
                }
              ]
            }
          ]
        },
        {
          "slotList": [
            {
              "skillParentList": [
                {
                  "skillChildList": [
                    {
                      "skillID": 9101503,
                      "chance": 1
                    }
                  ],
                  "chance": 1
                }
              ]
            },
            {
              "skillParentList": [
                {
                  "skillChildList": [
                    {
                      "skillID": 9101504,
                      "chance": 1
                    }
                  ],
                  "chance": 1
                }
              ]
            },
            {
              "skillParentList": [
                {
                  "skillChildList": [
                    {
                      "skillID": 9101505,
                      "chance": 1
                    }
                  ],
                  "chance": 1
                }
              ]
            },
            {
              "skillParentList": [
                {
                  "skillChildList": [
                    {
                      "skillID": 9101503,
                      "chance": 1
                    }
                  ],
                  "chance": 1
                }
              ]
            },
            {
              "skillParentList": [
                {
                  "skillChildList": [
                    {
                      "skillID": 9101501,
                      "chance": 1
                    }
                  ],
                  "chance": 1
                }
              ]
            },
            {
              "skillParentList": [
                {
                  "skillChildList": [
                    {
                      "skillID": 9101503,
                      "chance": 1
                    }
                  ],
                  "chance": 1
                }
              ]
            }
          ]
        }
      ]
    }
  ]
}