{
  "list": [
    {
      "id": 90140,
      "appearance": "90140_Euro_Mob_1Appearance",
      "unitKeywordList": [
        "CLAN",
        "SMALL"
      ],
      "associationList": [
        "YURODIVY"
      ],
      "level": 3,
      "slotWeightConditionList": [
        "Default1"
      ],
      "hp": {
        "defaultStat": 66,
        "incrementByLevel": 2.28
      },
      "defCorrection": 0,
      "minSpeedList": [
        1
      ],
      "maxSpeedList": [
        2
      ],
      "breakSection": {
        "sectionList": [
          70,
          35,
          0
        ]
      },
      "mp": 45,
      "lowMorale": -20,
      "panic": -45,
      "panicType": 1024,
      "mentalConditionInfo": {
        "add": [
          {
            "level": 1,
            "conditionIDList": [
              {
                "conditionID": "OnWinDuelAsParryingCountMultiply10AndPlus20Percent"
              },
              {
                "conditionID": "OnKillEnemyAsLevelRatioMultiply10"
              },
              {
                "conditionID": "OnKillEnemyByOtherAllyAsLevelRatioMultiply5"
              }
            ]
          }
        ],
        "min": [
          {
            "level": 1,
            "conditionIDList": [
              {
                "conditionID": "OnDieAllyAsLevelRatio10"
              }
            ]
          }
        ]
      },
      "resistInfo": {
        "atkResistList": [
          {
            "type": "SLASH",
            "value": 0.8
          },
          {
            "type": "PENETRATE",
            "value": 1
          },
          {
            "type": "HIT",
            "value": 2
          }
        ],
        "attributeResistList": [
          {
            "type": "CRIMSON",
            "value": 1
          },
          {
            "type": "SCARLET",
            "value": 1
          },
          {
            "type": "AMBER",
            "value": 1
          },
          {
            "type": "SHAMROCK",
            "value": 1
          },
          {
            "type": "AZURE",
            "value": 1
          },
          {
            "type": "INDIGO",
            "value": 1
          },
          {
            "type": "VIOLET",
            "value": 1
          },
          {
            "type": "WHITE",
            "value": 2
          },
          {
            "type": "BLACK",
            "value": 2
          }
        ]
      },
      "startActionSlotNumList": [
        1,
        2,
        2,
        3
      ],
      "maxActionSlotNum": 3,
      "attributeList": [
        {
          "skillId": 9014001,
          "number": 1
        },
        {
          "skillId": 9014002,
          "number": 1
        },
        {
          "skillId": 9014003,
          "number": 1
        },
        {
          "skillId": 9014004,
          "number": 1
        }
      ],
      "passiveSet": {
        "passiveIdList": [
          9999999
        ]
      }
    },
    {
      "id": 90141,
      "appearance": "90141_Euro_Mob_2Appearance",
      "unitKeywordList": [
        "CLAN",
        "SMALL"
      ],
      "associationList": [
        "YURODIVY"
      ],
      "level": 3,
      "slotWeightConditionList": [
        "Default1"
      ],
      "hp": {
        "defaultStat": 57,
        "incrementByLevel": 1.97
      },
      "defCorrection": 0,
      "minSpeedList": [
        2
      ],
      "maxSpeedList": [
        3
      ],
      "breakSection": {
        "sectionList": [
          65,
          40,
          0
        ]
      },
      "mp": 45,
      "lowMorale": -20,
      "panic": -45,
      "panicType": 1024,
      "mentalConditionInfo": {
        "add": [
          {
            "level": 1,
            "conditionIDList": [
              {
                "conditionID": "OnWinDuelAsParryingCountMultiply10AndPlus20Percent"
              },
              {
                "conditionID": "OnKillEnemyAsLevelRatioMultiply10"
              },
              {
                "conditionID": "OnKillEnemyByOtherAllyAsLevelRatioMultiply5"
              }
            ]
          }
        ],
        "min": [
          {
            "level": 1,
            "conditionIDList": [
              {
                "conditionID": "OnDieAllyAsLevelRatio10"
              }
            ]
          }
        ]
      },
      "resistInfo": {
        "atkResistList": [
          {
            "type": "SLASH",
            "value": 0.8
          },
          {
            "type": "PENETRATE",
            "value": 1
          },
          {
            "type": "HIT",
            "value": 2
          }
        ],
        "attributeResistList": [
          {
            "type": "CRIMSON",
            "value": 1
          },
          {
            "type": "SCARLET",
            "value": 1
          },
          {
            "type": "AMBER",
            "value": 1
          },
          {
            "type": "SHAMROCK",
            "value": 1
          },
          {
            "type": "AZURE",
            "value": 1
          },
          {
            "type": "INDIGO",
            "value": 1
          },
          {
            "type": "VIOLET",
            "value": 1
          },
          {
            "type": "WHITE",
            "value": 2
          },
          {
            "type": "BLACK",
            "value": 2
          }
        ]
      },
      "startActionSlotNumList": [
        1,
        2,
        2,
        3
      ],
      "maxActionSlotNum": 3,
      "attributeList": [
        {
          "skillId": 9014101,
          "number": 1
        },
        {
          "skillId": 9014102,
          "number": 1
        },
        {
          "skillId": 9014103,
          "number": 1
        },
        {
          "skillId": 9014104,
          "number": 1
        }
      ],
      "passiveSet": {
        "passiveIdList": [
          9999999
        ]
      }
    },
    {
      "id": 91017,
      "appearance": "91017_Yuro_EliteAppearance",
      "unitKeywordList": [
        "CLAN",
        "SMALL"
      ],
      "associationList": [
        "YURODIVY"
      ],
      "level": 3,
      "slotWeightConditionList": [
        "Default1"
      ],
      "hp": {
        "defaultStat": 248,
        "incrementByLevel": 8.55
      },
      "defCorrection": 0,
      "minSpeedList": [
        3
      ],
      "maxSpeedList": [
        4
      ],
      "breakSection": {
        "sectionList": [
          75,
          0
        ]
      },
      "mp": 45,
      "lowMorale": -20,
      "panic": -45,
      "panicType": 1024,
      "patternID": "91017",
      "mentalConditionInfo": {
        "add": [
          {
            "level": 1,
            "conditionIDList": [
              {
                "conditionID": "OnWinDuelAsParryingCountMultiply10AndPlus20Percent"
              },
              {
                "conditionID": "OnKillEnemyAsLevelRatioMultiply10"
              },
              {
                "conditionID": "OnKillEnemyByOtherAllyAsLevelRatioMultiply5"
              }
            ]
          }
        ],
        "min": [
          {
            "level": 1,
            "conditionIDList": [
              {
                "conditionID": "OnDieAllyAsLevelRatio10"
              }
            ]
          }
        ]
      },
      "resistInfo": {
        "atkResistList": [
          {
            "type": "SLASH",
            "value": 0.6
          },
          {
            "type": "PENETRATE",
            "value": 1.6
          },
          {
            "type": "HIT",
            "value": 1
          }
        ],
        "attributeResistList": [
          {
            "type": "CRIMSON",
            "value": 1
          },
          {
            "type": "SCARLET",
            "value": 1
          },
          {
            "type": "AMBER",
            "value": 1
          },
          {
            "type": "SHAMROCK",
            "value": 1
          },
          {
            "type": "AZURE",
            "value": 1
          },
          {
            "type": "INDIGO",
            "value": 1
          },
          {
            "type": "VIOLET",
            "value": 1
          },
          {
            "type": "WHITE",
            "value": 2
          },
          {
            "type": "BLACK",
            "value": 2
          }
        ]
      },
      "startActionSlotNumList": [
        3,
        3,
        3
      ],
      "maxActionSlotNum": 3,
      "attributeList": [
        {
          "skillId": 9101701,
          "number": 0
        },
        {
          "skillId": 9101702,
          "number": 0
        },
        {
          "skillId": 9101703,
          "number": 0
        },
        {
          "skillId": 9101704,
          "number": 0
        },
        {
          "skillId": 9101705,
          "number": 0
        },
        {
          "skillId": 9101706,
          "number": 0
        },
        {
          "skillId": 9101707,
          "number": 0
        }
      ],
      "passiveSet": {
        "passiveIdList": [
          9101701,
          9999999
        ]
      },
      "patternList": [
        {
          "slotList": [
            {
              "skillParentList": [
                {
                  "skillChildList": [
                    {
                      "skillID": 9101701,
                      "chance": 1
                    }
                  ],
                  "chance": 1
                }
              ]
            },
            {
              "skillParentList": [
                {
                  "skillChildList": [
                    {
                      "skillID": 9101701,
                      "chance": 1
                    }
                  ],
                  "chance": 1
                }
              ]
            },
            {
              "skillParentList": [
                {
                  "skillChildList": [
                    {
                      "skillID": 9101706,
                      "chance": 1
                    }
                  ],
                  "chance": 1
                }
              ]
            },
            {
              "skillParentList": [
                {
                  "skillChildList": [
                    {
                      "skillID": 9101702,
                      "chance": 1
                    }
                  ],
                  "chance": 1
                }
              ]
            },
            {
              "skillParentList": [
                {
                  "skillChildList": [
                    {
                      "skillID": 9101703,
                      "chance": 1
                    }
                  ],
                  "chance": 1
                }
              ]
            },
            {
              "skillParentList": [
                {
                  "skillChildList": [
                    {
                      "skillID": 9101702,
                      "chance": 1
                    }
                  ],
                  "chance": 1
                }
              ]
            }
          ]
        },
        {
          "slotList": [
            {
              "skillParentList": [
                {
                  "skillChildList": [
                    {
                      "skillID": 9101701,
                      "chance": 1
                    }
                  ],
                  "chance": 1
                }
              ]
            },
            {
              "skillParentList": [
                {
                  "skillChildList": [
                    {
                      "skillID": 9101701,
                      "chance": 1
                    }
                  ],
                  "chance": 1
                }
              ]
            },
            {
              "skillParentList": [
                {
                  "skillChildList": [
                    {
                      "skillID": 9101704,
                      "chance": 1
                    }
                  ],
                  "chance": 1
                }
              ]
            },
            {
              "skillParentList": [
                {
                  "skillChildList": [
                    {
                      "skillID": 9101702,
                      "chance": 1
                    }
                  ],
                  "chance": 1
                }
              ]
            },
            {
              "skillParentList": [
                {
                  "skillChildList": [
                    {
                      "skillID": 9101703,
                      "chance": 1
                    }
                  ],
                  "chance": 1
                }
              ]
            },
            {
              "skillParentList": [
                {
                  "skillChildList": [
                    {
                      "skillID": 9101702,
                      "chance": 1
                    }
                  ],
                  "chance": 1
                }
              ]
            }
          ]
        },
        {
          "slotList": [
            {
              "skillParentList": [
                {
                  "skillChildList": [
                    {
                      "skillID": 9101701,
                      "chance": 1
                    }
                  ],
                  "chance": 1
                }
              ]
            },
            {
              "skillParentList": [
                {
                  "skillChildList": [
                    {
                      "skillID": 9101701,
                      "chance": 1
                    }
                  ],
                  "chance": 1
                }
              ]
            },
            {
              "skillParentList": [
                {
                  "skillChildList": [
                    {
                      "skillID": 9101706,
                      "chance": 1
                    }
                  ],
                  "chance": 1
                }
              ]
            },
            {
              "skillParentList": [
                {
                  "skillChildList": [
                    {
                      "skillID": 9101703,
                      "chance": 1
                    }
                  ],
                  "chance": 1
                }
              ]
            },
            {
              "skillParentList": [
                {
                  "skillChildList": [
                    {
                      "skillID": 9101705,
                      "chance": 1
                    }
                  ],
                  "chance": 1
                }
              ]
            },
            {
              "skillParentList": [
                {
                  "skillChildList": [
                    {
                      "skillID": 9101702,
                      "chance": 1
                    }
                  ],
                  "chance": 1
                }
              ]
            }
          ]
        }
      ]
    },
    {
      "id": 90142,
      "appearance": "90142_TCorp_StaffAppearance",
      "associationList": [
        "T_CORP"
      ],
      "unitKeywordList": [
        "SMALL"
      ],
      "level": 3,
      "slotWeightConditionList": [
        "Default1"
      ],
      "hp": {
        "defaultStat": 78,
        "incrementByLevel": 2.69
      },
      "defCorrection": 3,
      "minSpeedList": [
        2
      ],
      "maxSpeedList": [
        4
      ],
      "breakSection": {
        "sectionList": [
          40,
          0
        ]
      },
      "mp": 45,
      "lowMorale": -20,
      "panic": -45,
      "panicType": 1005,
      "mentalConditionInfo": {
        "add": [
          {
            "level": 1,
            "conditionIDList": [
              {
                "conditionID": "OnWinDuelAsParryingCountMultiply10AndPlus20Percent"
              },
              {
                "conditionID": "OnKillEnemyAsLevelRatioMultiply10"
              },
              {
                "conditionID": "OnKillEnemyByOtherAllyAsLevelRatioMultiply5"
              }
            ]
          }
        ],
        "min": [
          {
            "level": 1,
            "conditionIDList": [
              {
                "conditionID": "OnDieAllyAsLevelRatio10"
              }
            ]
          }
        ]
      },
      "resistInfo": {
        "atkResistList": [
          {
            "type": "SLASH",
            "value": 0.6
          },
          {
            "type": "PENETRATE",
            "value": 1.8
          },
          {
            "type": "HIT",
            "value": 1
          }
        ],
        "attributeResistList": [
          {
            "type": "CRIMSON",
            "value": 1
          },
          {
            "type": "SCARLET",
            "value": 1
          },
          {
            "type": "AMBER",
            "value": 1
          },
          {
            "type": "SHAMROCK",
            "value": 1
          },
          {
            "type": "AZURE",
            "value": 1
          },
          {
            "type": "INDIGO",
            "value": 1
          },
          {
            "type": "VIOLET",
            "value": 1
          },
          {
            "type": "WHITE",
            "value": 2
          },
          {
            "type": "BLACK",
            "value": 2
          }
        ]
      },
      "startActionSlotNumList": [
        1,
        2,
        2
      ],
      "maxActionSlotNum": 3,
      "attributeList": [
        {
          "skillId": 9014201,
          "number": 1
        },
        {
          "skillId": 9014202,
          "number": 1
        },
        {
          "skillId": 9014203,
          "number": 1
        }
      ],
      "passiveSet": {
        "passiveIdList": [
          9014202,
          9014203,
          9014204,
          9999999
        ]
      },
      "patternID": "TCorpNormal",
      "defenseSkillIDList": [
        9014204
      ]
    },
    {
      "id": 90143,
      "appearance": "90143_TCorp_EliteAppearance",
      "associationList": [
        "T_CORP"
      ],
      "unitKeywordList": [
        "SMALL"
      ],
      "level": 3,
      "slotWeightConditionList": [
        "Default1"
      ],
      "hp": {
        "defaultStat": 81,
        "incrementByLevel": 2.79
      },
      "defCorrection": 0,
      "minSpeedList": [
        1
      ],
      "maxSpeedList": [
        5
      ],
      "breakSection": {
        "sectionList": [
          70,
          0
        ]
      },
      "mp": 45,
      "lowMorale": -20,
      "panic": -45,
      "panicType": 1005,
      "mentalConditionInfo": {
        "add": [
          {
            "level": 1,
            "conditionIDList": [
              {
                "conditionID": "OnWinDuelAsParryingCountMultiply10AndPlus20Percent"
              },
              {
                "conditionID": "OnKillEnemyAsLevelRatioMultiply10"
              },
              {
                "conditionID": "OnKillEnemyByOtherAllyAsLevelRatioMultiply5"
              }
            ]
          }
        ],
        "min": [
          {
            "level": 1,
            "conditionIDList": [
              {
                "conditionID": "OnDieAllyAsLevelRatio10"
              }
            ]
          }
        ]
      },
      "resistInfo": {
        "atkResistList": [
          {
            "type": "SLASH",
            "value": 0.5
          },
          {
            "type": "PENETRATE",
            "value": 2
          },
          {
            "type": "HIT",
            "value": 1
          }
        ],
        "attributeResistList": [
          {
            "type": "CRIMSON",
            "value": 1
          },
          {
            "type": "SCARLET",
            "value": 1
          },
          {
            "type": "AMBER",
            "value": 1
          },
          {
            "type": "SHAMROCK",
            "value": 1
          },
          {
            "type": "AZURE",
            "value": 1
          },
          {
            "type": "INDIGO",
            "value": 1
          },
          {
            "type": "VIOLET",
            "value": 1
          },
          {
            "type": "WHITE",
            "value": 2
          },
          {
            "type": "BLACK",
            "value": 2
          }
        ]
      },
      "startActionSlotNumList": [
        1,
        2,
        2
      ],
      "maxActionSlotNum": 3,
      "attributeList": [
        {
          "skillId": 9014301,
          "number": 1
        },
        {
          "skillId": 9014302,
          "number": 1
        },
        {
          "skillId": 9014303,
          "number": 1
        },
        {
          "skillId": 9014304,
          "number": 1
        }
      ],
      "passiveSet": {
        "passiveIdList": [
          9014301,
          9014302,
          9014303,
          9999999
        ]
      },
      "patternID": "TCorpNormal",
      "defenseSkillIDList": [
        9014305
      ]
    },
    {
      "id": 90144,
      "appearance": "90144_TCorp_EliteAppearance",
      "associationList": [
        "T_CORP"
      ],
      "unitKeywordList": [
        "SMALL"
      ],
      "level": 3,
      "slotWeightConditionList": [
        "Default1"
      ],
      "hp": {
        "defaultStat": 74,
        "incrementByLevel": 2.55
      },
      "defCorrection": 0,
      "minSpeedList": [
        2
      ],
      "maxSpeedList": [
        4
      ],
      "breakSection": {
        "sectionList": [
          70,
          15
        ]
      },
      "mp": 45,
      "lowMorale": -20,
      "panic": -45,
      "panicType": 1005,
      "mentalConditionInfo": {
        "add": [
          {
            "level": 1,
            "conditionIDList": [
              {
                "conditionID": "OnWinDuelAsParryingCountMultiply10AndPlus20Percent"
              },
              {
                "conditionID": "OnKillEnemyAsLevelRatioMultiply10"
              },
              {
                "conditionID": "OnKillEnemyByOtherAllyAsLevelRatioMultiply5"
              }
            ]
          }
        ],
        "min": [
          {
            "level": 1,
            "conditionIDList": [
              {
                "conditionID": "OnDieAllyAsLevelRatio10"
              }
            ]
          }
        ]
      },
      "resistInfo": {
        "atkResistList": [
          {
            "type": "SLASH",
            "value": 0.5
          },
          {
            "type": "PENETRATE",
            "value": 2
          },
          {
            "type": "HIT",
            "value": 1
          }
        ],
        "attributeResistList": [
          {
            "type": "CRIMSON",
            "value": 1
          },
          {
            "type": "SCARLET",
            "value": 1
          },
          {
            "type": "AMBER",
            "value": 1
          },
          {
            "type": "SHAMROCK",
            "value": 1
          },
          {
            "type": "AZURE",
            "value": 1
          },
          {
            "type": "INDIGO",
            "value": 1
          },
          {
            "type": "VIOLET",
            "value": 1
          },
          {
            "type": "WHITE",
            "value": 2
          },
          {
            "type": "BLACK",
            "value": 2
          }
        ]
      },
      "startActionSlotNumList": [
        1,
        2,
        2
      ],
      "maxActionSlotNum": 3,
      "attributeList": [
        {
          "skillId": 9014401,
          "number": 1
        },
        {
          "skillId": 9014402,
          "number": 1
        },
        {
          "skillId": 9014403,
          "number": 1
        },
        {
          "skillId": 9014404,
          "number": 1
        }
      ],
      "passiveSet": {
        "passiveIdList": [
          9014301,
          9014302,
          9014303,
          9999999
        ]
      },
      "patternID": "TCorpNormal",
      "defenseSkillIDList": [
        9014405
      ]
    }
  ]
}