{
  "list": [
    {
      "id": 90083,
      "appearance": "90083_FishCreatureAppearance",
      "unitKeywordList": ["MERMAID","ON_THE_LAKE","SMALL"],
      "level": 2,
      "slotWeightConditionList": [
        "Default1"
      ],
      "hp": {
        "defaultStat": 51,
        "incrementByLevel": 1.76
      },
      "defCorrection": 1,
      "minSpeedList": [
        1
      ],
      "maxSpeedList": [
        3
      ],
      "breakSection": {
        "sectionList": [
          70,
          30,
          0
        ]
      },
      "mp": 0,
      "hasMp": false,
      "lowMorale": 0,
      "panic": 0,
      "panicType": 1013,
      "resistInfo": {
        "atkResistList": [
          {
            "type": "SLASH",
            "value": 1
          },
          {
            "type": "PENETRATE",
            "value": 2
          },
          {
            "type": "HIT",
            "value": 1
          }
        ],
        "attributeResistList": [
          {
            "type": "CRIMSON",
            "value": 1.5
          },
          {
            "type": "SCARLET",
            "value": 1
          },
          {
            "type": "AMBER",
            "value": 1
          },
          {
            "type": "SHAMROCK",
            "value": 1
          },
          {
            "type": "AZURE",
            "value": 0.75
          },
          {
            "type": "INDIGO",
            "value": 2
          },
          {
            "type": "VIOLET",
            "value": 1
          },
          {
            "type": "WHITE",
            "value": 2
          },
          {
            "type": "BLACK",
            "value": 2
          }
        ]
      },
      "startActionSlotNumList": [
        1,
        2,
        2
      ],
      "maxActionSlotNum": 2,
      "attributeList": [
        {
          "skillId": 9008301,
          "number": 3
        },
        {
          "skillId": 9008302,
          "number": 2
        },
        {
          "skillId": 9008303,
          "number": 1
        },
        {
          "skillId": 9008304,
          "number": 1
        }
      ],
      "passiveSet": {
        "passiveIdList": [
          9008301,
          9008302
        ]
      }
    },
    {
      "id": 91011,
      "appearance": "91011_FishCreature_EliteAppearance",
      "unitKeywordList": ["MERMAID","ON_THE_LAKE","REGULAR"],
      "level": 2,
      "slotWeightConditionList": [
        "Default1"
      ],
      "hp": {
        "defaultStat": 135,
        "incrementByLevel": 4.66
      },
      "defCorrection": 1,
      "minSpeedList": [
        4
      ],
      "maxSpeedList": [
        5
      ],
      "breakSection": {
        "sectionList": [
          40,
          0,
          0
        ]
      },
      "mp": 0,
      "hasMp": false,
      "lowMorale": 0,
      "panic": 0,
      "panicType": 1013,
      "resistInfo": {
        "atkResistList": [
          {
            "type": "SLASH",
            "value": 1
          },
          {
            "type": "PENETRATE",
            "value": 2
          },
          {
            "type": "HIT",
            "value": 1
          }
        ],
        "attributeResistList": [
          {
            "type": "CRIMSON",
            "value": 1.2
          },
          {
            "type": "SCARLET",
            "value": 1
          },
          {
            "type": "AMBER",
            "value": 1
          },
          {
            "type": "SHAMROCK",
            "value": 1
          },
          {
            "type": "AZURE",
            "value": 0.5
          },
          {
            "type": "INDIGO",
            "value": 1.5
          },
          {
            "type": "VIOLET",
            "value": 1
          },
          {
            "type": "WHITE",
            "value": 2
          },
          {
            "type": "BLACK",
            "value": 2
          }
        ]
      },
      "startActionSlotNumList": [
        1,
        2,
        2
      ],
      "maxActionSlotNum": 3,
      "attributeList": [
        {
          "skillId": 9101101,
          "number": 3
        },
        {
          "skillId": 9101102,
          "number": 2
        },
        {
          "skillId": 9101103,
          "number": 1
        },
        {
          "skillId": 9101104,
          "number": 1
        },
        {
          "skillId": 9101105,
          "number": 1
        }
      ],
      "passiveSet": {
        "passiveIdList": [
          9101101,
          9008302
        ]
      }
    },
    {
      "id": 90084,
      "appearance": "90084_DoubleHook_Mob_AAppearance",
      "unitKeywordList": ["CLAN","SMALL"],
      "associationList": ["DUAL_HOOK_PIRATE"],
      "level": 2,
      "slotWeightConditionList": [
        "Default1"
      ],
      "hp": {
        "defaultStat": 53,
        "incrementByLevel": 1.83
      },
      "defCorrection": 1,
      "minSpeedList": [
        1
      ],
      "maxSpeedList": [
        4
      ],
      "breakSection": {
        "sectionList": [
          70,
          30
        ]
      },
      "mp": 0,
      "hasMp": true,
      "lowMorale": -20,
      "panic": -45,
      "panicType": 1004,
      "mentalConditionInfo": {
        "add": [
          {
            "level": 1,
            "conditionIDList": [
              {
                "conditionID": "OnWinDuelAsParryingCountMultiply10AndPlus20Percent"
              },
              {
                "conditionID": "OnKillEnemyAsLevelRatioMultiply10"
              },
              {
                "conditionID": "OnKillEnemyByOtherAllyAsLevelRatioMultiply5"
              }
            ]
          }
        ],
        "min": [
          {
            "level": 1,
            "conditionIDList": [
              {
                "conditionID": "OnDieAllyAsLevelRatio10"
              }
            ]
          }
        ]
      },
      "resistInfo": {
        "atkResistList": [
          {
            "type": "SLASH",
            "value": 0.75
          },
          {
            "type": "PENETRATE",
            "value": 1
          },
          {
            "type": "HIT",
            "value": 2
          }
        ],
        "attributeResistList": [
          {
            "type": "CRIMSON",
            "value": 1
          },
          {
            "type": "SCARLET",
            "value": 1
          },
          {
            "type": "AMBER",
            "value": 1
          },
          {
            "type": "SHAMROCK",
            "value": 1
          },
          {
            "type": "AZURE",
            "value": 1
          },
          {
            "type": "INDIGO",
            "value": 1
          },
          {
            "type": "VIOLET",
            "value": 1
          },
          {
            "type": "WHITE",
            "value": 2
          },
          {
            "type": "BLACK",
            "value": 2
          }
        ]
      },
      "startActionSlotNumList": [
        1,
        2,
        2
      ],
      "maxActionSlotNum": 2,
      "attributeList": [
        {
          "skillId": 9008401,
          "number": 3
        },
        {
          "skillId": 9008402,
          "number": 2
        },
        {
          "skillId": 9008403,
          "number": 1
        },
        {
          "skillId": 9008404,
          "number": 1
        }
      ],
      "passiveSet": {
        "passiveIdList": [
          9008401,
          9008402
        ]
      }
    },
    {
      "id": 90085,
      "appearance": "90085_DoubleHook_Mob_BAppearance",
      "unitKeywordList": ["CLAN","SMALL"],
      "associationList": ["DUAL_HOOK_PIRATE"],
      "level": 2,
      "slotWeightConditionList": [
        "Default1"
      ],
      "hp": {
        "defaultStat": 53,
        "incrementByLevel": 1.83
      },
      "defCorrection": 1,
      "minSpeedList": [
        1
      ],
      "maxSpeedList": [
        4
      ],
      "breakSection": {
        "sectionList": [
          70,
          30
        ]
      },
      "mp": 0,
      "hasMp": true,
      "lowMorale": -25,
      "panic": -45,
      "panicType": 1004,
      "mentalConditionInfo": {
        "add": [
          {
            "level": 1,
            "conditionIDList": [
              {
                "conditionID": "OnWinDuelAsParryingCountMultiply10AndPlus20Percent"
              },
              {
                "conditionID": "OnKillEnemyAsLevelRatioMultiply10"
              },
              {
                "conditionID": "OnKillEnemyByOtherAllyAsLevelRatioMultiply5"
              }
            ]
          }
        ],
        "min": [
          {
            "level": 1,
            "conditionIDList": [
              {
                "conditionID": "OnDieAllyAsLevelRatio10"
              }
            ]
          }
        ]
      },
      "resistInfo": {
        "atkResistList": [
          {
            "type": "SLASH",
            "value": 0.75
          },
          {
            "type": "PENETRATE",
            "value": 1
          },
          {
            "type": "HIT",
            "value": 2
          }
        ],
        "attributeResistList": [
          {
            "type": "CRIMSON",
            "value": 1
          },
          {
            "type": "SCARLET",
            "value": 1
          },
          {
            "type": "AMBER",
            "value": 1
          },
          {
            "type": "SHAMROCK",
            "value": 1
          },
          {
            "type": "AZURE",
            "value": 1
          },
          {
            "type": "INDIGO",
            "value": 1
          },
          {
            "type": "VIOLET",
            "value": 1
          },
          {
            "type": "WHITE",
            "value": 2
          },
          {
            "type": "BLACK",
            "value": 2
          }
        ]
      },
      "startActionSlotNumList": [
        1,
        2,
        2
      ],
      "maxActionSlotNum": 2,
      "attributeList": [
        {
          "skillId": 9008501,
          "number": 3
        },
        {
          "skillId": 9008502,
          "number": 2
        },
        {
          "skillId": 9008503,
          "number": 1
        },
        {
          "skillId": 9008504,
          "number": 1
        }
      ],
      "passiveSet": {
        "passiveIdList": [
          9008401,
          9008402
        ]
      }
    },
    {
      "id": 90086,
      "appearance": "90086_DoubleHook_Elite_AAppearance",
      "unitKeywordList": ["CLAN","SMALL"],
      "associationList": ["DUAL_HOOK_PIRATE"],
      "level": 2,
      "slotWeightConditionList": [
        "Default1"
      ],
      "hp": {
        "defaultStat": 62,
        "incrementByLevel": 2.14
      },
      "defCorrection": 1,
      "minSpeedList": [
        2
      ],
      "maxSpeedList": [
        4
      ],
      "breakSection": {
        "sectionList": [
          60,
          20
        ]
      },
      "mp": 0,
      "hasMp": true,
      "lowMorale": -25,
      "panic": -45,
      "panicType": 1004,
      "mentalConditionInfo": {
        "add": [
          {
            "level": 1,
            "conditionIDList": [
              {
                "conditionID": "OnWinDuelAsParryingCountMultiply10AndPlus20Percent"
              },
              {
                "conditionID": "OnKillEnemyAsLevelRatioMultiply10"
              },
              {
                "conditionID": "OnKillEnemyByOtherAllyAsLevelRatioMultiply5"
              }
            ]
          }
        ],
        "min": [
          {
            "level": 1,
            "conditionIDList": [
              {
                "conditionID": "OnDieAllyAsLevelRatio10"
              }
            ]
          }
        ]
      },
      "resistInfo": {
        "atkResistList": [
          {
            "type": "SLASH",
            "value": 0.5
          },
          {
            "type": "PENETRATE",
            "value": 1
          },
          {
            "type": "HIT",
            "value": 2
          }
        ],
        "attributeResistList": [
          {
            "type": "CRIMSON",
            "value": 1
          },
          {
            "type": "SCARLET",
            "value": 1
          },
          {
            "type": "AMBER",
            "value": 1
          },
          {
            "type": "SHAMROCK",
            "value": 1
          },
          {
            "type": "AZURE",
            "value": 1
          },
          {
            "type": "INDIGO",
            "value": 1
          },
          {
            "type": "VIOLET",
            "value": 1
          },
          {
            "type": "WHITE",
            "value": 2
          },
          {
            "type": "BLACK",
            "value": 2
          }
        ]
      },
      "startActionSlotNumList": [
        1,
        2,
        2
      ],
      "maxActionSlotNum": 2,
      "attributeList": [
        {
          "skillId": 9008601,
          "number": 5
        },
        {
          "skillId": 9008602,
          "number": 2
        },
        {
          "skillId": 9008603,
          "number": 1
        },
        {
          "skillId": 9008604,
          "number": 1
        },
        {
          "skillId": 9008605,
          "number": 1
        }
      ],
      "passiveSet": {
        "passiveIdList": [
          9008401,
          9008402,
          9008601
        ]
      }
    },
    {
      "id": 90087,
      "appearance": "90087_DoubleHook_Elite_BAppearance",
      "unitKeywordList": ["CLAN","SMALL"],
      "associationList": ["DUAL_HOOK_PIRATE"],
      "level": 2,
      "slotWeightConditionList": [
        "Default1"
      ],
      "hp": {
        "defaultStat": 97,
        "incrementByLevel": 3.34
      },
      "defCorrection": 1,
      "minSpeedList": [
        1
      ],
      "maxSpeedList": [
        3
      ],
      "breakSection": {
        "sectionList": [
          60,
          10,
          0
        ]
      },
      "mp": 0,
      "hasMp": true,
      "lowMorale": -25,
      "panic": -45,
      "panicType": 1004,
      "mentalConditionInfo": {
        "add": [
          {
            "level": 1,
            "conditionIDList": [
              {
                "conditionID": "OnWinDuelAsParryingCountMultiply10AndPlus20Percent"
              },
              {
                "conditionID": "OnKillEnemyAsLevelRatioMultiply10"
              },
              {
                "conditionID": "OnKillEnemyByOtherAllyAsLevelRatioMultiply5"
              }
            ]
          }
        ],
        "min": [
          {
            "level": 1,
            "conditionIDList": [
              {
                "conditionID": "OnDieAllyAsLevelRatio10"
              }
            ]
          }
        ]
      },
      "resistInfo": {
        "atkResistList": [
          {
            "type": "SLASH",
            "value": 0.5
          },
          {
            "type": "PENETRATE",
            "value": 2
          },
          {
            "type": "HIT",
            "value": 1
          }
        ],
        "attributeResistList": [
          {
            "type": "CRIMSON",
            "value": 1
          },
          {
            "type": "SCARLET",
            "value": 1
          },
          {
            "type": "AMBER",
            "value": 1
          },
          {
            "type": "SHAMROCK",
            "value": 1
          },
          {
            "type": "AZURE",
            "value": 1
          },
          {
            "type": "INDIGO",
            "value": 1
          },
          {
            "type": "VIOLET",
            "value": 1
          },
          {
            "type": "WHITE",
            "value": 2
          },
          {
            "type": "BLACK",
            "value": 2
          }
        ]
      },
      "startActionSlotNumList": [
        1,
        2,
        2
      ],
      "maxActionSlotNum": 2,
      "attributeList": [
        {
          "skillId": 9008701,
          "number": 5
        },
        {
          "skillId": 9008702,
          "number": 2
        },
        {
          "skillId": 9008703,
          "number": 1
        },
        {
          "skillId": 9008704,
          "number": 1
        },
        {
          "skillId": 9008705,
          "number": 1
        }
      ],
      "passiveSet": {
        "passiveIdList": [
          9008401,
          9008402,
          9008701,
          9008702
        ]
      }
    },
    {
      "id": 91012,
      "appearance": "91012_DoubleHook_SmeeAppearance",
      "unitKeywordList": ["CLAN","SMALL"],
      "associationList": ["DUAL_HOOK_PIRATE"],
      "level": 2,
      "slotWeightConditionList": [
        "Default1"
      ],
      "hp": {
        "defaultStat": 128,
        "incrementByLevel": 4.41
      },
      "defCorrection": 1,
      "minSpeedList": [
        3
      ],
      "maxSpeedList": [
        5
      ],
      "breakSection": {
        "sectionList": [
          45,
          0
        ]
      },
      "initBuffList": [
        {
          "level": 1,
          "list": [
            {
              "buff": "Bullet",
              "stack": 3
            }
          ]
        }
      ],
      "mp": 0,
      "hasMp": true,
      "lowMorale": -25,
      "panic": -45,
      "panicType": 1005,
      "mentalConditionInfo": {
        "add": [
          {
            "level": 1,
            "conditionIDList": [
              {
                "conditionID": "OnWinDuelAsParryingCountMultiply10AndPlus20Percent"
              },
              {
                "conditionID": "OnKillEnemyAsLevelRatioMultiply10"
              },
              {
                "conditionID": "OnKillEnemyByOtherAllyAsLevelRatioMultiply5"
              }
            ]
          }
        ],
        "min": [
          {
            "level": 1,
            "conditionIDList": [
              {
                "conditionID": "OnDieAllyAsLevelRatio10"
              }
            ]
          }
        ]
      },
      "patternID": "PickByPattern_Enemy",
      "resistInfo": {
        "atkResistList": [
          {
            "type": "SLASH",
            "value": 0.5
          },
          {
            "type": "PENETRATE",
            "value": 2
          },
          {
            "type": "HIT",
            "value": 1
          }
        ],
        "attributeResistList": [
          {
            "type": "CRIMSON",
            "value": 1
          },
          {
            "type": "SCARLET",
            "value": 1
          },
          {
            "type": "AMBER",
            "value": 1
          },
          {
            "type": "SHAMROCK",
            "value": 1
          },
          {
            "type": "AZURE",
            "value": 1
          },
          {
            "type": "INDIGO",
            "value": 1
          },
          {
            "type": "VIOLET",
            "value": 1
          },
          {
            "type": "WHITE",
            "value": 2
          },
          {
            "type": "BLACK",
            "value": 2
          }
        ]
      },
      "startActionSlotNumList": [
        3,
        3,
        4
      ],
      "maxActionSlotNum": 5,
      "attributeList": [
        {
          "skillId": 9101201,
          "number": 3
        },
        {
          "skillId": 9101202,
          "number": 2
        },
        {
          "skillId": 9101203,
          "number": 1
        },
        {
          "skillId": 9101204,
          "number": 1
        },
        {
          "skillId": 9101205,
          "number": 1
        },
        {
          "skillId": 9101206,
          "number": 1
        }
      ],
      "passiveSet": {
        "passiveIdList": [
          9008401,
          9101201,
          9101202,
          9101203,
          9101204,
          9101205
        ]
      },
      "patternList": [
        {
          "slotList": [
            {
              "skillParentList": [
                {
                  "skillChildList": [
                    {
                      "skillID": 9101201,
                      "chance": 1
                    }
                  ],
                  "chance": 1
                }
              ]
            },
            {
              "skillParentList": [
                {
                  "skillChildList": [
                    {
                      "skillID": 9101201,
                      "chance": 1
                    }
                  ],
                  "chance": 1
                }
              ]
            },
            {
              "skillParentList": [
                {
                  "skillChildList": [
                    {
                      "skillID": 9101202,
                      "chance": 1
                    }
                  ],
                  "chance": 1
                }
              ]
            },
            {
              "skillParentList": [
                {
                  "skillChildList": [
                    {
                      "skillID": 9101202,
                      "chance": 1
                    }
                  ],
                  "chance": 1
                }
              ]
            },
            {
              "skillParentList": [
                {
                  "skillChildList": [
                    {
                      "skillID": 9101203,
                      "chance": 1
                    }
                  ],
                  "chance": 1
                }
              ]
            }
          ]
        },
        {
          "slotList": [
            {
              "skillParentList": [
                {
                  "skillChildList": [
                    {
                      "skillID": 9101201,
                      "chance": 1
                    }
                  ],
                  "chance": 1
                }
              ]
            },
            {
              "skillParentList": [
                {
                  "skillChildList": [
                    {
                      "skillID": 9101201,
                      "chance": 1
                    }
                  ],
                  "chance": 1
                }
              ]
            },
            {
              "skillParentList": [
                {
                  "skillChildList": [
                    {
                      "skillID": 9101202,
                      "chance": 1
                    }
                  ],
                  "chance": 1
                }
              ]
            },
            {
              "skillParentList": [
                {
                  "skillChildList": [
                    {
                      "skillID": 9101203,
                      "chance": 1
                    }
                  ],
                  "chance": 1
                }
              ]
            },
            {
              "skillParentList": [
                {
                  "skillChildList": [
                    {
                      "skillID": 9101205,
                      "chance": 1
                    }
                  ],
                  "chance": 1
                }
              ]
            }
          ]
        },
        {
          "slotList": [
            {
              "skillParentList": [
                {
                  "skillChildList": [
                    {
                      "skillID": 9101204,
                      "chance": 1
                    }
                  ],
                  "chance": 1
                }
              ]
            },
            {
              "skillParentList": [
                {
                  "skillChildList": [
                    {
                      "skillID": 9101202,
                      "chance": 1
                    }
                  ],
                  "chance": 1
                }
              ]
            },
            {
              "skillParentList": [
                {
                  "skillChildList": [
                    {
                      "skillID": 9101202,
                      "chance": 1
                    }
                  ],
                  "chance": 1
                }
              ]
            },
            {
              "skillParentList": [
                {
                  "skillChildList": [
                    {
                      "skillID": 9101203,
                      "chance": 1
                    }
                  ],
                  "chance": 1
                }
              ]
            },
            {
              "skillParentList": [
                {
                  "skillChildList": [
                    {
                      "skillID": 9101206,
                      "chance": 1
                    }
                  ],
                  "chance": 1
                }
              ]
            }
          ]
        }
      ]
    },
    {
      "id": 97401,
      "appearance": "90028_KCorpAppearance",
      "sdPortrait": 90028,
      "associationList": ["K_CORP"],
      "unitKeywordList": ["SMALL"],
      "level": 3,
      "slotWeightConditionList": [
        "Default1"
      ],
      "hp": {
        "defaultStat": 29,
        "incrementByLevel": 1
      },
      "defCorrection": 0,
      "minSpeedList": [
        2
      ],
      "maxSpeedList": [
        5
      ],
      "breakSection": {
        "sectionList": [
          40,
          20
        ]
      },
      "mp": 45,
      "lowMorale": -20,
      "panic": -45,
      "panicType": 1004,
      "mentalConditionInfo": {
        "add": [
          {
            "level": 1,
            "conditionIDList": [
              {
                "conditionID": "OnWinDuelAsParryingCountMultiply10AndPlus20Percent"
              },
              {
                "conditionID": "OnKillEnemyAsLevelRatioMultiply10"
              },
              {
                "conditionID": "OnKillEnemyByOtherAllyAsLevelRatioMultiply5"
              }
            ]
          }
        ],
        "min": [
          {
            "level": 1,
            "conditionIDList": [
              {
                "conditionID": "OnDieAllyAsLevelRatio10"
              }
            ]
          }
        ]
      },
      "resistInfo": {
        "atkResistList": [
          {
            "type": "SLASH",
            "value": 2
          },
          {
            "type": "PENETRATE",
            "value": 0.75
          },
          {
            "type": "HIT",
            "value": 0.5
          }
        ],
        "attributeResistList": [
          {
            "type": "CRIMSON",
            "value": 1
          },
          {
            "type": "SCARLET",
            "value": 1
          },
          {
            "type": "AMBER",
            "value": 1
          },
          {
            "type": "SHAMROCK",
            "value": 1
          },
          {
            "type": "AZURE",
            "value": 1
          },
          {
            "type": "INDIGO",
            "value": 1
          },
          {
            "type": "VIOLET",
            "value": 1
          },
          {
            "type": "WHITE",
            "value": 2
          },
          {
            "type": "BLACK",
            "value": 2
          }
        ]
      },
      "startActionSlotNumList": [
        1,
        2,
        2
      ],
      "maxActionSlotNum": 2,
      "attributeList": [
        {
          "skillId": 9740101,
          "number": 3
        },
        {
          "skillId": 9740102,
          "number": 1
        },
        {
          "skillId": 9740103,
          "number": 1
        },
        {
          "skillId": 9740104,
          "number": 1
        }
      ],
      "passiveSet": {
        "passiveIdList": [
          9002801,
          9005401
        ]
      }
    },
    {
      "id": 97402,
      "appearance": "90029_KCorpAppearance",
      "sdPortrait": 90030,
      "unitKeywordList": ["SMALL"],
      "associationList": ["K_CORP"],
      "level": 3,
      "slotWeightConditionList": [
        "Default1"
      ],
      "hp": {
        "defaultStat": 40,
        "incrementByLevel": 1.38
      },
      "defCorrection": 3,
      "minSpeedList": [
        1
      ],
      "maxSpeedList": [
        2
      ],
      "breakSection": {
        "sectionList": [
          60,
          30
        ]
      },
      "mp": 45,
      "lowMorale": -20,
      "panic": -45,
      "panicType": 1004,
      "mentalConditionInfo": {
        "add": [
          {
            "level": 1,
            "conditionIDList": [
              {
                "conditionID": "OnWinDuelAsParryingCountMultiply10AndPlus20Percent"
              },
              {
                "conditionID": "OnKillEnemyAsLevelRatioMultiply10"
              },
              {
                "conditionID": "OnKillEnemyByOtherAllyAsLevelRatioMultiply5"
              }
            ]
          }
        ],
        "min": [
          {
            "level": 1,
            "conditionIDList": [
              {
                "conditionID": "OnDieAllyAsLevelRatio10"
              }
            ]
          }
        ]
      },
      "resistInfo": {
        "atkResistList": [
          {
            "type": "SLASH",
            "value": 2
          },
          {
            "type": "PENETRATE",
            "value": 0.75
          },
          {
            "type": "HIT",
            "value": 0.5
          }
        ],
        "attributeResistList": [
          {
            "type": "CRIMSON",
            "value": 1
          },
          {
            "type": "SCARLET",
            "value": 1
          },
          {
            "type": "AMBER",
            "value": 1
          },
          {
            "type": "SHAMROCK",
            "value": 1
          },
          {
            "type": "AZURE",
            "value": 1
          },
          {
            "type": "INDIGO",
            "value": 1
          },
          {
            "type": "VIOLET",
            "value": 1
          },
          {
            "type": "WHITE",
            "value": 2
          },
          {
            "type": "BLACK",
            "value": 2
          }
        ]
      },
      "attributeList": [
        {
          "skillId": 9740201,
          "number": 3
        },
        {
          "skillId": 9740202,
          "number": 1
        },
        {
          "skillId": 9740103,
          "number": 1
        }
      ],
      "startActionSlotNumList": [
        1,
        2,
        2
      ],
      "maxActionSlotNum": 2,
      "passiveSet": {
        "passiveIdList": [
          9002801,
          9005401
        ]
      }
    },
    {
      "id": 97403,
      "appearance": "90054_KCorpAppearance",
      "sdPortrait": 90054,
      "associationList": ["K_CORP"],
      "unitKeywordList": ["SMALL"],
      "level": 3,
      "slotWeightConditionList": [
        "Default1"
      ],
      "hp": {
        "defaultStat": 32,
        "incrementByLevel": 1.41
      },
      "defCorrection": -2,
      "minSpeedList": [
        2
      ],
      "maxSpeedList": [
        5
      ],
      "breakSection": {
        "sectionList": [
          70,
          40
        ]
      },
      "mp": 45,
      "lowMorale": -20,
      "panic": -45,
      "panicType": 1004,
      "mentalConditionInfo": {
        "add": [
          {
            "level": 1,
            "conditionIDList": [
              {
                "conditionID": "OnWinDuelAsParryingCountMultiply10AndPlus20Percent"
              },
              {
                "conditionID": "OnKillEnemyAsLevelRatioMultiply10"
              },
              {
                "conditionID": "OnKillEnemyByOtherAllyAsLevelRatioMultiply5"
              }
            ]
          }
        ],
        "min": [
          {
            "level": 1,
            "conditionIDList": [
              {
                "conditionID": "OnDieAllyAsLevelRatio10"
              }
            ]
          }
        ]
      },
      "resistInfo": {
        "atkResistList": [
          {
            "type": "SLASH",
            "value": 2
          },
          {
            "type": "PENETRATE",
            "value": 0.75
          },
          {
            "type": "HIT",
            "value": 0.5
          }
        ],
        "attributeResistList": [
          {
            "type": "CRIMSON",
            "value": 1
          },
          {
            "type": "SCARLET",
            "value": 1
          },
          {
            "type": "AMBER",
            "value": 1
          },
          {
            "type": "SHAMROCK",
            "value": 1
          },
          {
            "type": "AZURE",
            "value": 1
          },
          {
            "type": "INDIGO",
            "value": 1
          },
          {
            "type": "VIOLET",
            "value": 1
          },
          {
            "type": "WHITE",
            "value": 2
          },
          {
            "type": "BLACK",
            "value": 2
          }
        ]
      },
      "startActionSlotNumList": [
        1,
        2,
        2
      ],
      "maxActionSlotNum": 2,
      "attributeList": [
        {
          "skillId": 9740301,
          "number": 3
        },
        {
          "skillId": 9740302,
          "number": 1
        },
        {
          "skillId": 9740303,
          "number": 1
        },
        {
          "skillId": 9740304,
          "number": 1
        }
      ],
      "passiveSet": {
        "passiveIdList": [
          9002801,
          9005401
        ]
      }
    },
    {
      "id": 97404,
      "appearance": "90055_KCorpAppearance",
      "sdPortrait": 90055,
      "associationList": ["K_CORP"],
      "unitKeywordList": ["SMALL"],
      "level": 3,
      "slotWeightConditionList": [
        "Default1"
      ],
      "hp": {
        "defaultStat": 45,
        "incrementByLevel": 1.55
      },
      "defCorrection": 0,
      "minSpeedList": [
        2
      ],
      "maxSpeedList": [
        6
      ],
      "breakSection": {
        "sectionList": [
          60,
          30
        ]
      },
      "mp": 45,
      "lowMorale": -20,
      "panic": -45,
      "panicType": 1004,
      "mentalConditionInfo": {
        "add": [
          {
            "level": 1,
            "conditionIDList": [
              {
                "conditionID": "OnWinDuelAsParryingCountMultiply10AndPlus20Percent"
              },
              {
                "conditionID": "OnKillEnemyAsLevelRatioMultiply10"
              },
              {
                "conditionID": "OnKillEnemyByOtherAllyAsLevelRatioMultiply5"
              }
            ]
          }
        ],
        "min": [
          {
            "level": 1,
            "conditionIDList": [
              {
                "conditionID": "OnDieAllyAsLevelRatio10"
              }
            ]
          }
        ]
      },
      "resistInfo": {
        "atkResistList": [
          {
            "type": "SLASH",
            "value": 2
          },
          {
            "type": "PENETRATE",
            "value": 0.75
          },
          {
            "type": "HIT",
            "value": 0.5
          }
        ],
        "attributeResistList": [
          {
            "type": "CRIMSON",
            "value": 1
          },
          {
            "type": "SCARLET",
            "value": 1
          },
          {
            "type": "AMBER",
            "value": 1
          },
          {
            "type": "SHAMROCK",
            "value": 1
          },
          {
            "type": "AZURE",
            "value": 1
          },
          {
            "type": "INDIGO",
            "value": 1
          },
          {
            "type": "VIOLET",
            "value": 1
          },
          {
            "type": "WHITE",
            "value": 2
          },
          {
            "type": "BLACK",
            "value": 2
          }
        ]
      },
      "startActionSlotNumList": [
        1,
        2,
        2
      ],
      "maxActionSlotNum": 2,
      "attributeList": [
        {
          "skillId": 9740401,
          "number": 3
        },
        {
          "skillId": 9740402,
          "number": 1
        },
        {
          "skillId": 9740403,
          "number": 1
        },
        {
          "skillId": 9740404,
          "number": 1
        }
      ],
      "passiveSet": {
        "passiveIdList": [
          9002801,
          9005401
        ]
      }
    },
    {
      "id": 97405,
      "appearance": "90056_KCorpAppearance",
      "sdPortrait": 90056,
      "associationList": ["K_CORP"],
      "unitKeywordList": ["MACHINE","SMALL"],
      "level": 2,
      "slotWeightConditionList": [
        "Default1"
      ],
      "hp": {
        "defaultStat": 80,
        "incrementByLevel": 2.76
      },
      "defCorrection": 10,
      "minSpeedList": [
        4
      ],
      "maxSpeedList": [
        6
      ],
      "breakSection": {
        "sectionList": [
          30,
          -10
        ]
      },
      "mp": 0,
      "hasMp": false,
      "lowMorale": 0,
      "panic": 0,
      "panicType": 1003,
      "resistInfo": {
        "atkResistList": [
          {
            "type": "SLASH",
            "value": 2
          },
          {
            "type": "PENETRATE",
            "value": 0.75
          },
          {
            "type": "HIT",
            "value": 0.5
          }
        ],
        "attributeResistList": [
          {
            "type": "CRIMSON",
            "value": 1
          },
          {
            "type": "SCARLET",
            "value": 1
          },
          {
            "type": "AMBER",
            "value": 1
          },
          {
            "type": "SHAMROCK",
            "value": 1
          },
          {
            "type": "AZURE",
            "value": 1
          },
          {
            "type": "INDIGO",
            "value": 1
          },
          {
            "type": "VIOLET",
            "value": 1
          },
          {
            "type": "WHITE",
            "value": 2
          },
          {
            "type": "BLACK",
            "value": 2
          }
        ]
      },
      "startActionSlotNumList": [
        1,
        2,
        2
      ],
      "passiveSet": {
        "passiveIdList": [
          9004601,
          9004603,
          9004604
        ]
      },
      "maxActionSlotNum": 2,
      "attributeList": [
        {
          "skillId": 9740501,
          "number": 2
        },
        {
          "skillId": 9740502,
          "number": 2
        },
        {
          "skillId": 9740503,
          "number": 2
        },
        {
          "skillId": 9740504,
          "number": 2
        },
        {
          "skillId": 9740505,
          "number": 2
        },
        {
          "skillId": 9740506,
          "number": 2
        },
        {
          "skillId": 9740507,
          "number": 2
        }
      ]
    },
    {
      "id": 97406,
      "appearance": "90028_KCorpAppearance",
      "sdPortrait": 90028,
      "associationList": ["K_CORP"],
      "unitKeywordList": ["SMALL"],
      "level": 2,
      "slotWeightConditionList": [
        "Default1"
      ],
      "hp": {
        "defaultStat": 29,
        "incrementByLevel": 1
      },
      "defCorrection": 0,
      "minSpeedList": [
        2
      ],
      "maxSpeedList": [
        5
      ],
      "breakSection": {
        "sectionList": [
          40,
          20
        ]
      },
      "mp": 45,
      "lowMorale": -25,
      "panic": -45,
      "panicType": 1012,
      "patternID": "ReturnedEnemy",
      "mentalConditionInfo": {
        "add": [
          {
            "level": 1,
            "conditionIDList": [
              {
                "conditionID": "OnWinDuelAsParryingCountMultiply10AndPlus20Percent"
              },
              {
                "conditionID": "OnKillEnemyAsLevelRatioMultiply10"
              },
              {
                "conditionID": "OnKillEnemyByOtherAllyAsLevelRatioMultiply5"
              }
            ]
          }
        ],
        "min": [
          {
            "level": 1,
            "conditionIDList": [
              {
                "conditionID": "OnDieAllyAsLevelRatio10"
              }
            ]
          }
        ]
      },
      "resistInfo": {
        "atkResistList": [
          {
            "type": "SLASH",
            "value": 2
          },
          {
            "type": "PENETRATE",
            "value": 0.75
          },
          {
            "type": "HIT",
            "value": 0.5
          }
        ],
        "attributeResistList": [
          {
            "type": "CRIMSON",
            "value": 1
          },
          {
            "type": "SCARLET",
            "value": 1
          },
          {
            "type": "AMBER",
            "value": 1
          },
          {
            "type": "SHAMROCK",
            "value": 1
          },
          {
            "type": "AZURE",
            "value": 1
          },
          {
            "type": "INDIGO",
            "value": 1
          },
          {
            "type": "VIOLET",
            "value": 1
          },
          {
            "type": "WHITE",
            "value": 2
          },
          {
            "type": "BLACK",
            "value": 2
          }
        ]
      },
      "startActionSlotNumList": [
        1,
        2,
        2
      ],
      "passiveSet": {
        "passiveIdList": [
          9002801,
          9006201,
          9006202
        ]
      },
      "maxActionSlotNum": 2,
      "attributeList": [
        {
          "skillId": 9740601,
          "number": 3
        },
        {
          "skillId": 9740602,
          "number": 3
        },
        {
          "skillId": 9740603,
          "number": 1
        }
      ]
    },
    {
      "id": 97407,
      "appearance": "90029_KCorpAppearance",
      "sdPortrait": 90030,
      "unitKeywordList": ["SMALL"],
      "associationList": ["K_CORP"],
      "level": 2,
      "slotWeightConditionList": [
        "Default1"
      ],
      "hp": {
        "defaultStat": 40,
        "incrementByLevel": 1.38
      },
      "defCorrection": 3,
      "minSpeedList": [
        1
      ],
      "maxSpeedList": [
        2
      ],
      "breakSection": {
        "sectionList": [
          60,
          30
        ]
      },
      "mp": 45,
      "lowMorale": -25,
      "panic": -45,
      "panicType": 1012,
      "patternID": "ReturnedEnemy",
      "mentalConditionInfo": {
        "add": [
          {
            "level": 1,
            "conditionIDList": [
              {
                "conditionID": "OnWinDuelAsParryingCountMultiply10AndPlus20Percent"
              },
              {
                "conditionID": "OnKillEnemyAsLevelRatioMultiply10"
              },
              {
                "conditionID": "OnKillEnemyByOtherAllyAsLevelRatioMultiply5"
              }
            ]
          }
        ],
        "min": [
          {
            "level": 1,
            "conditionIDList": [
              {
                "conditionID": "OnDieAllyAsLevelRatio10"
              }
            ]
          }
        ]
      },
      "resistInfo": {
        "atkResistList": [
          {
            "type": "SLASH",
            "value": 2
          },
          {
            "type": "PENETRATE",
            "value": 0.75
          },
          {
            "type": "HIT",
            "value": 0.5
          }
        ],
        "attributeResistList": [
          {
            "type": "CRIMSON",
            "value": 1
          },
          {
            "type": "SCARLET",
            "value": 1
          },
          {
            "type": "AMBER",
            "value": 1
          },
          {
            "type": "SHAMROCK",
            "value": 1
          },
          {
            "type": "AZURE",
            "value": 1
          },
          {
            "type": "INDIGO",
            "value": 1
          },
          {
            "type": "VIOLET",
            "value": 1
          },
          {
            "type": "WHITE",
            "value": 2
          },
          {
            "type": "BLACK",
            "value": 2
          }
        ]
      },
      "startActionSlotNumList": [
        1,
        2,
        2
      ],
      "passiveSet": {
        "passiveIdList": [
          9002801,
          9006201,
          9006202
        ]
      },
      "maxActionSlotNum": 2,
      "attributeList": [
        {
          "skillId": 9740701,
          "number": 3
        },
        {
          "skillId": 9740702,
          "number": 3
        },
        {
          "skillId": 9740703,
          "number": 1
        }
      ]
    },
    {
      "id": 97408,
      "appearance": "90054_KCorpAppearance",
      "sdPortrait": 90054,
      "associationList": ["K_CORP"],
      "unitKeywordList": ["SMALL"],
      "level": 3,
      "slotWeightConditionList": [
        "Default1"
      ],
      "hp": {
        "defaultStat": 41,
        "incrementByLevel": 1.41
      },
      "defCorrection": -2,
      "minSpeedList": [
        2
      ],
      "maxSpeedList": [
        5
      ],
      "breakSection": {
        "sectionList": [
          70,
          40
        ]
      },
      "mp": 45,
      "lowMorale": -25,
      "panic": -45,
      "panicType": 1012,
      "patternID": "ReturnedEnemy",
      "mentalConditionInfo": {
        "add": [
          {
            "level": 1,
            "conditionIDList": [
              {
                "conditionID": "OnWinDuelAsParryingCountMultiply10AndPlus20Percent"
              },
              {
                "conditionID": "OnKillEnemyAsLevelRatioMultiply10"
              },
              {
                "conditionID": "OnKillEnemyByOtherAllyAsLevelRatioMultiply5"
              }
            ]
          }
        ],
        "min": [
          {
            "level": 1,
            "conditionIDList": [
              {
                "conditionID": "OnDieAllyAsLevelRatio10"
              }
            ]
          }
        ]
      },
      "resistInfo": {
        "atkResistList": [
          {
            "type": "SLASH",
            "value": 2
          },
          {
            "type": "PENETRATE",
            "value": 0.75
          },
          {
            "type": "HIT",
            "value": 0.5
          }
        ],
        "attributeResistList": [
          {
            "type": "CRIMSON",
            "value": 1
          },
          {
            "type": "SCARLET",
            "value": 1
          },
          {
            "type": "AMBER",
            "value": 1
          },
          {
            "type": "SHAMROCK",
            "value": 1
          },
          {
            "type": "AZURE",
            "value": 1
          },
          {
            "type": "INDIGO",
            "value": 1
          },
          {
            "type": "VIOLET",
            "value": 1
          },
          {
            "type": "WHITE",
            "value": 2
          },
          {
            "type": "BLACK",
            "value": 2
          }
        ]
      },
      "startActionSlotNumList": [
        1,
        2,
        2
      ],
      "maxActionSlotNum": 2,
      "attributeList": [
        {
          "skillId": 9740801,
          "number": 3
        },
        {
          "skillId": 9740802,
          "number": 1
        },
        {
          "skillId": 9740803,
          "number": 1
        },
        {
          "skillId": 9740804,
          "number": 1
        }
      ],
      "passiveSet": {
        "passiveIdList": [
          9002801,
          9006201,
          9006202
        ]
      }
    },
    {
      "id": 97409,
      "appearance": "90055_KCorpAppearance",
      "sdPortrait": 90055,
      "associationList": ["K_CORP"],
      "unitKeywordList": ["SMALL"],
      "level": 3,
      "slotWeightConditionList": [
        "Default1"
      ],
      "hp": {
        "defaultStat": 45,
        "incrementByLevel": 1.55
      },
      "defCorrection": 0,
      "minSpeedList": [
        2
      ],
      "maxSpeedList": [
        6
      ],
      "breakSection": {
        "sectionList": [
          60,
          30
        ]
      },
      "mp": 45,
      "lowMorale": -25,
      "panic": -45,
      "panicType": 1012,
      "patternID": "ReturnedEnemy",
      "mentalConditionInfo": {
        "add": [
          {
            "level": 1,
            "conditionIDList": [
              {
                "conditionID": "OnWinDuelAsParryingCountMultiply10AndPlus20Percent"
              },
              {
                "conditionID": "OnKillEnemyAsLevelRatioMultiply10"
              },
              {
                "conditionID": "OnKillEnemyByOtherAllyAsLevelRatioMultiply5"
              }
            ]
          }
        ],
        "min": [
          {
            "level": 1,
            "conditionIDList": [
              {
                "conditionID": "OnDieAllyAsLevelRatio10"
              }
            ]
          }
        ]
      },
      "resistInfo": {
        "atkResistList": [
          {
            "type": "SLASH",
            "value": 2
          },
          {
            "type": "PENETRATE",
            "value": 0.75
          },
          {
            "type": "HIT",
            "value": 0.5
          }
        ],
        "attributeResistList": [
          {
            "type": "CRIMSON",
            "value": 1
          },
          {
            "type": "SCARLET",
            "value": 1
          },
          {
            "type": "AMBER",
            "value": 1
          },
          {
            "type": "SHAMROCK",
            "value": 1
          },
          {
            "type": "AZURE",
            "value": 1
          },
          {
            "type": "INDIGO",
            "value": 1
          },
          {
            "type": "VIOLET",
            "value": 1
          },
          {
            "type": "WHITE",
            "value": 2
          },
          {
            "type": "BLACK",
            "value": 2
          }
        ]
      },
      "startActionSlotNumList": [
        1,
        2,
        2
      ],
      "maxActionSlotNum": 2,
      "attributeList": [
        {
          "skillId": 9740901,
          "number": 3
        },
        {
          "skillId": 9740902,
          "number": 1
        },
        {
          "skillId": 9740903,
          "number": 1
        },
        {
          "skillId": 9740904,
          "number": 1
        }
      ],
      "passiveSet": {
        "passiveIdList": [
          9002801,
          9006201,
          9006202
        ]
      }
    },
    {
      "id": 97410,
      "appearance": "8502_KCorp_Grade3_FuryAppearance",
      "sdPortrait": 90069,
      "associationList": ["K_CORP"],
      "level": 3,
      "slotWeightConditionList": [
        "Default2"
      ],
      "hp": {
        "defaultStat": 68,
        "incrementByLevel": 2.34
      },
      "defCorrection": 5,
      "minSpeedList": [
        1
      ],
      "maxSpeedList": [
        5
      ],
      "breakSection": {
        "sectionList": [
        ]
      },
      "mp": 45,
      "lowMorale": -30,
      "panic": -45,
      "panicType": 1005,
      "patternID": "ReturnedEnemy",
      "mentalConditionInfo": {
        "add": [
          {
            "level": 1,
            "conditionIDList": [
              {
                "conditionID": "OnWinDuelAsParryingCountMultiply10AndPlus20Percent"
              },
              {
                "conditionID": "OnKillEnemyAsLevelRatioMultiply10"
              },
              {
                "conditionID": "OnKillEnemyByOtherAllyAsLevelRatioMultiply5"
              }
            ]
          }
        ],
        "min": [
          {
            "level": 1,
            "conditionIDList": [
              {
                "conditionID": "OnDieAllyAsLevelRatio10"
              }
            ]
          }
        ]
      },
      "resistInfo": {
        "atkResistList": [
          {
            "type": "SLASH",
            "value": 2
          },
          {
            "type": "PENETRATE",
            "value": 0.75
          },
          {
            "type": "HIT",
            "value": 0.5
          }
        ],
        "attributeResistList": [
          {
            "type": "CRIMSON",
            "value": 1
          },
          {
            "type": "SCARLET",
            "value": 1
          },
          {
            "type": "AMBER",
            "value": 1
          },
          {
            "type": "SHAMROCK",
            "value": 1
          },
          {
            "type": "AZURE",
            "value": 1
          },
          {
            "type": "INDIGO",
            "value": 1
          },
          {
            "type": "VIOLET",
            "value": 1
          },
          {
            "type": "WHITE",
            "value": 2
          },
          {
            "type": "BLACK",
            "value": 2
          }
        ]
      },
      "startActionSlotNumList": [
        1,
        2,
        2
      ],
      "maxActionSlotNum": 2,
      "attributeList": [
        {
          "skillId": 9741001,
          "number": 5
        },
        {
          "skillId": 9741002,
          "number": 3
        },
        {
          "skillId": 9741003,
          "number": 2
        }
      ],
      "passiveSet": {
        "passiveIdList": [
          852301,
          9006901,
          9006902,
          9006201,
          9006202
        ]
      }
    }
  ]
}