{
  "list": [
    {
      "id": 90088,
      "appearance": "90088_Fishman_CruiseAppearance",
      "unitKeywordList": ["MERMAID","ON_THE_LAKE","REGULAR"],
      "level": 2,
      "slotWeightConditionList": [
        "Default1"
      ],
      "hp": {
        "defaultStat": 55,
        "incrementByLevel": 1.9
      },
      "defCorrection": -2,
      "minSpeedList": [
        1
      ],
      "maxSpeedList": [
        4
      ],
      "breakSection": {
        "sectionList": [
          45,
          0
        ]
      },
      "mp": 0,
      "hasMp": false,
      "lowMorale": 0,
      "panic": 0,
      "panicType": 9998,
      "mentalConditionInfo": {
        "add": [
          {
            "level": 1,
            "conditionIDList": [
              {
                "conditionID": "OnWinDuelAsParryingCountMultiply10AndPlus20Percent"
              },
              {
                "conditionID": "OnKillEnemyAsLevelRatioMultiply10"
              },
              {
                "conditionID": "OnKillEnemyByOtherAllyAsLevelRatioMultiply5"
              }
            ]
          }
        ],
        "min": [
          {
            "level": 1,
            "conditionIDList": [
              {
                "conditionID": "OnDieAllyAsLevelRatio10"
              }
            ]
          }
        ]
      },
      "resistInfo": {
        "atkResistList": [
          {
            "type": "SLASH",
            "value": 1
          },
          {
            "type": "PENETRATE",
            "value": 1.5
          },
          {
            "type": "HIT",
            "value": 1
          }
        ],
        "attributeResistList": [
          {
            "type": "CRIMSON",
            "value": 1
          },
          {
            "type": "SCARLET",
            "value": 1
          },
          {
            "type": "AMBER",
            "value": 1
          },
          {
            "type": "SHAMROCK",
            "value": 0.8
          },
          {
            "type": "AZURE",
            "value": 0.8
          },
          {
            "type": "INDIGO",
            "value": 1
          },
          {
            "type": "VIOLET",
            "value": 1.5
          },
          {
            "type": "WHITE",
            "value": 2
          },
          {
            "type": "BLACK",
            "value": 2
          }
        ]
      },
      "startActionSlotNumList": [
        1,
        2,
        2
      ],
      "maxActionSlotNum": 2,
      "attributeList": [
        {
          "skillId": 9008801,
          "number": 3
        },
        {
          "skillId": 9008802,
          "number": 2
        },
        {
          "skillId": 9008803,
          "number": 1
        },
        {
          "skillId": 9008804,
          "number": 1
        }
      ],
      "passiveSet": {
        "passiveIdList": [
          9008801
        ]
      }
    },
    {
      "id": 90089,
      "appearance": "90089_Fishman_Infested_AAppearance",
      "unitKeywordList": ["MERMAID","WHITE_PARASITE","ON_THE_LAKE","SMALL"],
      "level": 2,
      "slotWeightConditionList": [
        "Default1"
      ],
      "hp": {
        "defaultStat": 53,
        "incrementByLevel": 1.83
      },
      "defCorrection": -2,
      "minSpeedList": [
        1
      ],
      "maxSpeedList": [
        4
      ],
      "breakSection": {
        "sectionList": [
          80,
          60,
          0
        ]
      },
      "mp": 0,
      "hasMp": false,
      "lowMorale": 0,
      "panic": 0,
      "panicType": 9998,
      "resistInfo": {
        "atkResistList": [
          {
            "type": "SLASH",
            "value": 1
          },
          {
            "type": "PENETRATE",
            "value": 1.2
          },
          {
            "type": "HIT",
            "value": 0.8
          }
        ],
        "attributeResistList": [
          {
            "type": "CRIMSON",
            "value": 1
          },
          {
            "type": "SCARLET",
            "value": 1
          },
          {
            "type": "AMBER",
            "value": 1
          },
          {
            "type": "SHAMROCK",
            "value": 1
          },
          {
            "type": "AZURE",
            "value": 0.8
          },
          {
            "type": "INDIGO",
            "value": 1
          },
          {
            "type": "VIOLET",
            "value": 1.6
          },
          {
            "type": "WHITE",
            "value": 2
          },
          {
            "type": "BLACK",
            "value": 2
          }
        ]
      },
      "startActionSlotNumList": [
        1,
        2,
        2
      ],
      "maxActionSlotNum": 2,
      "attributeList": [
        {
          "skillId": 9008901,
          "number": 3
        },
        {
          "skillId": 9008902,
          "number": 2
        },
        {
          "skillId": 9008903,
          "number": 1
        }
      ],
      "passiveSet": {
        "passiveIdList": [
          9008901,
          9008902,
          9008903
        ]
      }
    },
    {
      "id": 90090,
      "appearance": "90090_Fishman_Infested_BAppearance",
      "unitKeywordList": ["MERMAID","WHITE_PARASITE","ON_THE_LAKE","SMALL"],
      "level": 2,
      "slotWeightConditionList": [
        "Default1"
      ],
      "hp": {
        "defaultStat": 39,
        "incrementByLevel": 1.34
      },
      "defCorrection": -2,
      "minSpeedList": [
        1
      ],
      "maxSpeedList": [
        4
      ],
      "breakSection": {
        "sectionList": [
          80,
          45,
          0
        ]
      },
      "mp": 0,
      "hasMp": false,
      "lowMorale": 0,
      "panic": 0,
      "panicType": 9998,
      "resistInfo": {
        "atkResistList": [
          {
            "type": "SLASH",
            "value": 1
          },
          {
            "type": "PENETRATE",
            "value": 1
          },
          {
            "type": "HIT",
            "value": 1
          }
        ],
        "attributeResistList": [
          {
            "type": "CRIMSON",
            "value": 1
          },
          {
            "type": "SCARLET",
            "value": 1
          },
          {
            "type": "AMBER",
            "value": 1
          },
          {
            "type": "SHAMROCK",
            "value": 1
          },
          {
            "type": "AZURE",
            "value": 0.8
          },
          {
            "type": "INDIGO",
            "value": 1.6
          },
          {
            "type": "VIOLET",
            "value": 2
          },
          {
            "type": "WHITE",
            "value": 2
          },
          {
            "type": "BLACK",
            "value": 2
          }
        ]
      },
      "startActionSlotNumList": [
        1,
        2,
        2
      ],
      "maxActionSlotNum": 2,
      "attributeList": [
        {
          "skillId": 9009001,
          "number": 3
        },
        {
          "skillId": 9009002,
          "number": 2
        },
        {
          "skillId": 9009003,
          "number": 1
        }
      ],
      "passiveSet": {
        "passiveIdList": [
          9008901,
          9008902,
          9009001
        ]
      }
    },
    {
      "id": 90091,
      "appearance": "90091_Fishman_Infested_CAppearance",
      "unitKeywordList": ["MERMAID","WHITE_PARASITE","ON_THE_LAKE","SMALL"],
      "level": 2,
      "slotWeightConditionList": [
        "Default1"
      ],
      "hp": {
        "defaultStat": 46,
        "incrementByLevel": 1.59
      },
      "defCorrection": -2,
      "minSpeedList": [
        1
      ],
      "maxSpeedList": [
        4
      ],
      "breakSection": {
        "sectionList": [
          80,
          40,
          0
        ]
      },
      "mp": 0,
      "hasMp": false,
      "lowMorale": 0,
      "panic": 0,
      "panicType": 9998,
      "resistInfo": {
        "atkResistList": [
          {
            "type": "SLASH",
            "value": 1
          },
          {
            "type": "PENETRATE",
            "value": 1.2
          },
          {
            "type": "HIT",
            "value": 0.8
          }
        ],
        "attributeResistList": [
          {
            "type": "CRIMSON",
            "value": 1
          },
          {
            "type": "SCARLET",
            "value": 1
          },
          {
            "type": "AMBER",
            "value": 1
          },
          {
            "type": "SHAMROCK",
            "value": 1
          },
          {
            "type": "AZURE",
            "value": 0.8
          },
          {
            "type": "INDIGO",
            "value": 1.6
          },
          {
            "type": "VIOLET",
            "value": 1
          },
          {
            "type": "WHITE",
            "value": 2
          },
          {
            "type": "BLACK",
            "value": 2
          }
        ]
      },
      "startActionSlotNumList": [
        1,
        2,
        2
      ],
      "maxActionSlotNum": 2,
      "attributeList": [
        {
          "skillId": 9009101,
          "number": 3
        },
        {
          "skillId": 9009102,
          "number": 2
        },
        {
          "skillId": 9009103,
          "number": 1
        }
      ],
      "passiveSet": {
        "passiveIdList": [
          9008901,
          9008902,
          9009101
        ]
      }
    },
    {
      "id": 90092,
      "appearance": "90093_LCCB_Infested_BAppearance",
      "associationList": ["LIMBUS_COMPANY"],
      "unitKeywordList": ["WHITE_PARASITE","ON_THE_LAKE","SMALL"],
      "level": 2,
      "slotWeightConditionList": [
        "Default1"
      ],
      "hp": {
        "defaultStat": 85,
        "incrementByLevel": 2.93
      },
      "defCorrection": 3,
      "minSpeedList": [
        1
      ],
      "maxSpeedList": [
        4
      ],
      "breakSection": {
        "sectionList": [
          75,
          0
        ]
      },
      "mp": 0,
      "lowMorale": -10,
      "panic": -45,
      "panicType": 1013,
      "mentalConditionInfo": {
        "add": [
          {
            "level": 1,
            "conditionIDList": [
              {
                "conditionID": "OnWinDuelAsParryingCountMultiply10AndPlus20Percent"
              },
              {
                "conditionID": "OnKillEnemyAsLevelRatioMultiply10"
              },
              {
                "conditionID": "OnKillEnemyByOtherAllyAsLevelRatioMultiply5"
              }
            ]
          }
        ],
        "min": [
          {
            "level": 1,
            "conditionIDList": [
              {
                "conditionID": "OnDieAllyAsLevelRatio10"
              }
            ]
          }
        ]
      },
      "resistInfo": {
        "atkResistList": [
          {
            "type": "SLASH",
            "value": 1
          },
          {
            "type": "PENETRATE",
            "value": 2
          },
          {
            "type": "HIT",
            "value": 0.5
          }
        ],
        "attributeResistList": [
          {
            "type": "CRIMSON",
            "value": 1
          },
          {
            "type": "SCARLET",
            "value": 1
          },
          {
            "type": "AMBER",
            "value": 1
          },
          {
            "type": "SHAMROCK",
            "value": 1
          },
          {
            "type": "AZURE",
            "value": 1
          },
          {
            "type": "INDIGO",
            "value": 1
          },
          {
            "type": "VIOLET",
            "value": 1.2
          },
          {
            "type": "WHITE",
            "value": 2
          },
          {
            "type": "BLACK",
            "value": 2
          }
        ]
      },
      "startActionSlotNumList": [
        1,
        2,
        2
      ],
      "maxActionSlotNum": 2,
      "attributeList": [
        {
          "skillId": 9009201,
          "number": 3
        },
        {
          "skillId": 9009202,
          "number": 2
        },
        {
          "skillId": 9009203,
          "number": 1
        },
        {
          "skillId": 9009204,
          "number": 1
        }
      ],
      "passiveSet": {
        "passiveIdList": [
          9008901,
          9008902,
          9009201,
          9009202
        ]
      }
    },
    {
      "id": 90093,
      "appearance": "90092_LCCB_Infested_AAppearance",
      "associationList": ["LIMBUS_COMPANY"],
      "unitKeywordList": ["WHITE_PARASITE","ON_THE_LAKE","SMALL"],
      "level": 2,
      "slotWeightConditionList": [
        "Default1"
      ],
      "hp": {
        "defaultStat": 50,
        "incrementByLevel": 1.72
      },
      "defCorrection": -2,
      "minSpeedList": [
        1
      ],
      "maxSpeedList": [
        4
      ],
      "breakSection": {
        "sectionList": [
          85,
          50,
          0
        ]
      },
      "mp": 0,
      "lowMorale": -10,
      "panic": -45,
      "panicType": 1013,
      "mentalConditionInfo": {
        "add": [
          {
            "level": 1,
            "conditionIDList": [
              {
                "conditionID": "OnWinDuelAsParryingCountMultiply10AndPlus20Percent"
              },
              {
                "conditionID": "OnKillEnemyAsLevelRatioMultiply10"
              },
              {
                "conditionID": "OnKillEnemyByOtherAllyAsLevelRatioMultiply5"
              }
            ]
          }
        ],
        "min": [
          {
            "level": 1,
            "conditionIDList": [
              {
                "conditionID": "OnDieAllyAsLevelRatio10"
              }
            ]
          }
        ]
      },
      "resistInfo": {
        "atkResistList": [
          {
            "type": "SLASH",
            "value": 1
          },
          {
            "type": "PENETRATE",
            "value": 2
          },
          {
            "type": "HIT",
            "value": 0.5
          }
        ],
        "attributeResistList": [
          {
            "type": "CRIMSON",
            "value": 1
          },
          {
            "type": "SCARLET",
            "value": 1
          },
          {
            "type": "AMBER",
            "value": 1
          },
          {
            "type": "SHAMROCK",
            "value": 1
          },
          {
            "type": "AZURE",
            "value": 1
          },
          {
            "type": "INDIGO",
            "value": 1
          },
          {
            "type": "VIOLET",
            "value": 1.2
          },
          {
            "type": "WHITE",
            "value": 2
          },
          {
            "type": "BLACK",
            "value": 2
          }
        ]
      },
      "startActionSlotNumList": [
        1,
        2,
        2
      ],
      "maxActionSlotNum": 2,
      "attributeList": [
        {
          "skillId": 9009301,
          "number": 3
        },
        {
          "skillId": 9009302,
          "number": 2
        },
        {
          "skillId": 9009303,
          "number": 1
        }
      ],
      "passiveSet": {
        "passiveIdList": [
          9008901,
          9008902,
          9009301,
          9009302
        ]
      }
    },
    {
      "id": 90094,
      "appearance": "90094_DoubleHook_Infested_AAppearance",
      "associationList": ["DUAL_HOOK_PIRATE"],
      "unitKeywordList": ["CLAN","WHITE_PARASITE","ON_THE_LAKE","SMALL"],
      "level": 2,
      "slotWeightConditionList": [
        "Default1"
      ],
      "hp": {
        "defaultStat": 50,
        "incrementByLevel": 1.72
      },
      "defCorrection": -2,
      "minSpeedList": [
        1
      ],
      "maxSpeedList": [
        4
      ],
      "breakSection": {
        "sectionList": [
          80,
          45,
          0
        ]
      },
      "mp": 0,
      "lowMorale": -10,
      "panic": -45,
      "panicType": 1013,
      "mentalConditionInfo": {
        "add": [
          {
            "level": 1,
            "conditionIDList": [
              {
                "conditionID": "OnWinDuelAsParryingCountMultiply10AndPlus20Percent"
              },
              {
                "conditionID": "OnKillEnemyAsLevelRatioMultiply10"
              },
              {
                "conditionID": "OnKillEnemyByOtherAllyAsLevelRatioMultiply5"
              }
            ]
          }
        ],
        "min": [
          {
            "level": 1,
            "conditionIDList": [
              {
                "conditionID": "OnDieAllyAsLevelRatio10"
              }
            ]
          }
        ]
      },
      "resistInfo": {
        "atkResistList": [
          {
            "type": "SLASH",
            "value": 0.75
          },
          {
            "type": "PENETRATE",
            "value": 2
          },
          {
            "type": "HIT",
            "value": 1
          }
        ],
        "attributeResistList": [
          {
            "type": "CRIMSON",
            "value": 1.2
          },
          {
            "type": "SCARLET",
            "value": 1
          },
          {
            "type": "AMBER",
            "value": 1
          },
          {
            "type": "SHAMROCK",
            "value": 1
          },
          {
            "type": "AZURE",
            "value": 1
          },
          {
            "type": "INDIGO",
            "value": 1
          },
          {
            "type": "VIOLET",
            "value": 1
          },
          {
            "type": "WHITE",
            "value": 2
          },
          {
            "type": "BLACK",
            "value": 2
          }
        ]
      },
      "startActionSlotNumList": [
        1,
        2,
        2
      ],
      "maxActionSlotNum": 2,
      "attributeList": [
        {
          "skillId": 9009401,
          "number": 3
        },
        {
          "skillId": 9009402,
          "number": 2
        },
        {
          "skillId": 9009403,
          "number": 1
        },
        {
          "skillId": 9009404,
          "number": 1
        }
      ],
      "passiveSet": {
        "passiveIdList": [
          9008901,
          9008902,
          9009401
        ]
      }
    },
    {
      "id": 90095,
      "appearance": "90095_DoubleHook_Infested_BAppearance",
      "associationList": ["DUAL_HOOK_PIRATE"],
      "unitKeywordList": ["CLAN","WHITE_PARASITE","ON_THE_LAKE","SMALL"],
      "level": 2,
      "slotWeightConditionList": [
        "Default1"
      ],
      "hp": {
        "defaultStat": 47,
        "incrementByLevel": 1.62
      },
      "defCorrection": -2,
      "minSpeedList": [
        1
      ],
      "maxSpeedList": [
        4
      ],
      "breakSection": {
        "sectionList": [
          80,
          45,
          0
        ]
      },
      "mp": 0,
      "lowMorale": -10,
      "panic": -45,
      "panicType": 1013,
      "mentalConditionInfo": {
        "add": [
          {
            "level": 1,
            "conditionIDList": [
              {
                "conditionID": "OnWinDuelAsParryingCountMultiply10AndPlus20Percent"
              },
              {
                "conditionID": "OnKillEnemyAsLevelRatioMultiply10"
              },
              {
                "conditionID": "OnKillEnemyByOtherAllyAsLevelRatioMultiply5"
              }
            ]
          }
        ],
        "min": [
          {
            "level": 1,
            "conditionIDList": [
              {
                "conditionID": "OnDieAllyAsLevelRatio10"
              }
            ]
          }
        ]
      },
      "resistInfo": {
        "atkResistList": [
          {
            "type": "SLASH",
            "value": 0.5
          },
          {
            "type": "PENETRATE",
            "value": 2
          },
          {
            "type": "HIT",
            "value": 1
          }
        ],
        "attributeResistList": [
          {
            "type": "CRIMSON",
            "value": 1.2
          },
          {
            "type": "SCARLET",
            "value": 1
          },
          {
            "type": "AMBER",
            "value": 1
          },
          {
            "type": "SHAMROCK",
            "value": 1
          },
          {
            "type": "AZURE",
            "value": 1
          },
          {
            "type": "INDIGO",
            "value": 1
          },
          {
            "type": "VIOLET",
            "value": 1
          },
          {
            "type": "WHITE",
            "value": 2
          },
          {
            "type": "BLACK",
            "value": 2
          }
        ]
      },
      "startActionSlotNumList": [
        1,
        2,
        2
      ],
      "maxActionSlotNum": 2,
      "attributeList": [
        {
          "skillId": 9009501,
          "number": 3
        },
        {
          "skillId": 9009502,
          "number": 2
        },
        {
          "skillId": 9009503,
          "number": 1
        },
        {
          "skillId": 9009504,
          "number": 1
        }
      ],
      "passiveSet": {
        "passiveIdList": [
          9008901,
          9008902,
          9009501
        ]
      }
    },
    {
      "id": 90096,
      "appearance": "90096_MiddleFinger_Mob_AAppearance",
      "patternID": "90096",
      "unitKeywordList": ["CLAN","SMALL"],
      "associationList": ["MIDDLE_FINGER"],
      "level": 2,
      "slotWeightConditionList": [
        "Default1"
      ],
      "hp": {
        "defaultStat": 69,
        "incrementByLevel": 2.38
      },
      "defCorrection": 3,
      "minSpeedList": [
        1
      ],
      "maxSpeedList": [
        4
      ],
      "breakSection": {
        "sectionList": [
          75,
          0
        ]
      },
      "mp": 45,
      "hasMp": true,
      "lowMorale": -25,
      "panic": -45,
      "panicType": 1005,
      "mentalConditionInfo": {
        "add": [
          {
            "level": 1,
            "conditionIDList": [
              {
                "conditionID": "OnWinDuelAsParryingCountMultiply10AndPlus20Percent"
              },
              {
                "conditionID": "OnKillEnemyAsLevelRatioMultiply10"
              },
              {
                "conditionID": "OnKillEnemyByOtherAllyAsLevelRatioMultiply5"
              }
            ]
          }
        ],
        "min": [
          {
            "level": 1,
            "conditionIDList": [
              {
                "conditionID": "OnDieAllyAsLevelRatio10"
              }
            ]
          }
        ]
      },
      "resistInfo": {
        "atkResistList": [
          {
            "type": "SLASH",
            "value": 0.5
          },
          {
            "type": "PENETRATE",
            "value": 1
          },
          {
            "type": "HIT",
            "value": 2
          }
        ],
        "attributeResistList": [
          {
            "type": "CRIMSON",
            "value": 1
          },
          {
            "type": "SCARLET",
            "value": 1
          },
          {
            "type": "AMBER",
            "value": 1
          },
          {
            "type": "SHAMROCK",
            "value": 1
          },
          {
            "type": "AZURE",
            "value": 1
          },
          {
            "type": "INDIGO",
            "value": 1
          },
          {
            "type": "VIOLET",
            "value": 1
          },
          {
            "type": "WHITE",
            "value": 2
          },
          {
            "type": "BLACK",
            "value": 2
          }
        ]
      },
      "startActionSlotNumList": [
        1,
        2,
        2
      ],
      "maxActionSlotNum": 2,
      "attributeList": [
        {
          "skillId": 9009601,
          "number": 1
        },
        {
          "skillId": 9009602,
          "number": 1
        },
        {
          "skillId": 9009603,
          "number": 1
        },
        {
          "skillId": 9009604,
          "number": 1
        },
        {
          "skillId": 9009605,
          "number": 1
        },
        {
          "skillId": 9009606,
          "number": 1
        }
      ],
      "passiveSet": {
        "passiveIdList": [
          9009601,
          9009602,
          9009604
        ]
      },
      "patternList": [
        {
          "slotList": [
            {
              "skillParentList": [
                {
                  "skillChildList": [
                    {
                      "skillID": 9009601,
                      "chance": 1
                    }
                  ],
                  "chance": 1
                }
              ]
            },
            {
              "skillParentList": [
                {
                  "skillChildList": [
                    {
                      "skillID": 9009602,
                      "chance": 1
                    }
                  ],
                  "chance": 1
                }
              ]
            }
          ]
        },
        {
          "slotList": [
            {
              "skillParentList": [
                {
                  "skillChildList": [
                    {
                      "skillID": 9009604,
                      "chance": 1
                    }
                  ],
                  "chance": 1
                }
              ]
            },
            {
              "skillParentList": [
                {
                  "skillChildList": [
                    {
                      "skillID": 9009603,
                      "chance": 1
                    }
                  ],
                  "chance": 1
                }
              ]
            }
          ]
        },
        {
          "slotList": [
            {
              "skillParentList": [
                {
                  "skillChildList": [
                    {
                      "skillID": 9009601,
                      "chance": 1
                    }
                  ],
                  "chance": 1
                }
              ]
            },
            {
              "skillParentList": [
                {
                  "skillChildList": [
                    {
                      "skillID": 9009603,
                      "chance": 1
                    }
                  ],
                  "chance": 1
                }
              ]
            }
          ]
        },
        {
          "slotList": [
            {
              "skillParentList": [
                {
                  "skillChildList": [
                    {
                      "skillID": 9009604,
                      "chance": 1
                    }
                  ],
                  "chance": 1
                }
              ]
            },
            {
              "skillParentList": [
                {
                  "skillChildList": [
                    {
                      "skillID": 9009605,
                      "chance": 1
                    }
                  ],
                  "chance": 1
                }
              ]
            }
          ]
        }
      ]
    },
    {
      "id": 90097,
      "appearance": "90097_MiddleFinger_Mob_BAppearance",
      "patternID": "90097",
      "unitKeywordList": ["CLAN","SMALL"],
      "associationList": ["MIDDLE_FINGER"],
      "level": 2,
      "slotWeightConditionList": [
        "Default1"
      ],
      "hp": {
        "defaultStat": 69,
        "incrementByLevel": 2.38
      },
      "defCorrection": 3,
      "minSpeedList": [
        1
      ],
      "maxSpeedList": [
        4
      ],
      "breakSection": {
        "sectionList": [
          70,
          0
        ]
      },
      "mp": 45,
      "hasMp": true,
      "lowMorale": -25,
      "panic": -45,
      "panicType": 1005,
      "mentalConditionInfo": {
        "add": [
          {
            "level": 1,
            "conditionIDList": [
              {
                "conditionID": "OnWinDuelAsParryingCountMultiply10AndPlus20Percent"
              },
              {
                "conditionID": "OnKillEnemyAsLevelRatioMultiply10"
              },
              {
                "conditionID": "OnKillEnemyByOtherAllyAsLevelRatioMultiply5"
              }
            ]
          }
        ],
        "min": [
          {
            "level": 1,
            "conditionIDList": [
              {
                "conditionID": "OnDieAllyAsLevelRatio10"
              }
            ]
          }
        ]
      },
      "resistInfo": {
        "atkResistList": [
          {
            "type": "SLASH",
            "value": 0.5
          },
          {
            "type": "PENETRATE",
            "value": 1
          },
          {
            "type": "HIT",
            "value": 2
          }
        ],
        "attributeResistList": [
          {
            "type": "CRIMSON",
            "value": 1
          },
          {
            "type": "SCARLET",
            "value": 1
          },
          {
            "type": "AMBER",
            "value": 1
          },
          {
            "type": "SHAMROCK",
            "value": 1
          },
          {
            "type": "AZURE",
            "value": 1
          },
          {
            "type": "INDIGO",
            "value": 1
          },
          {
            "type": "VIOLET",
            "value": 1
          },
          {
            "type": "WHITE",
            "value": 2
          },
          {
            "type": "BLACK",
            "value": 2
          }
        ]
      },
      "startActionSlotNumList": [
        1,
        2,
        2
      ],
      "maxActionSlotNum": 2,
      "attributeList": [
        {
          "skillId": 9009701,
          "number": 1
        },
        {
          "skillId": 9009702,
          "number": 1
        },
        {
          "skillId": 9009703,
          "number": 1
        },
        {
          "skillId": 9009704,
          "number": 1
        },
        {
          "skillId": 9009705,
          "number": 1
        },
        {
          "skillId": 9009706,
          "number": 1
        }
      ],
      "passiveSet": {
        "passiveIdList": [
          9009601,
          9009602,
          9009604
        ]
      },
      "patternList": [
        {
          "slotList": [
            {
              "skillParentList": [
                {
                  "skillChildList": [
                    {
                      "skillID": 9009702,
                      "chance": 1
                    }
                  ],
                  "chance": 1
                }
              ]
            },
            {
              "skillParentList": [
                {
                  "skillChildList": [
                    {
                      "skillID": 9009701,
                      "chance": 1
                    }
                  ],
                  "chance": 1
                }
              ]
            }
          ]
        },
        {
          "slotList": [
            {
              "skillParentList": [
                {
                  "skillChildList": [
                    {
                      "skillID": 9009703,
                      "chance": 1
                    }
                  ],
                  "chance": 1
                }
              ]
            },
            {
              "skillParentList": [
                {
                  "skillChildList": [
                    {
                      "skillID": 9009704,
                      "chance": 1
                    }
                  ],
                  "chance": 1
                }
              ]
            }
          ]
        },
        {
          "slotList": [
            {
              "skillParentList": [
                {
                  "skillChildList": [
                    {
                      "skillID": 9009701,
                      "chance": 1
                    }
                  ],
                  "chance": 1
                }
              ]
            },
            {
              "skillParentList": [
                {
                  "skillChildList": [
                    {
                      "skillID": 9009703,
                      "chance": 1
                    }
                  ],
                  "chance": 1
                }
              ]
            }
          ]
        },
        {
          "slotList": [
            {
              "skillParentList": [
                {
                  "skillChildList": [
                    {
                      "skillID": 9009704,
                      "chance": 1
                    }
                  ],
                  "chance": 1
                }
              ]
            },
            {
              "skillParentList": [
                {
                  "skillChildList": [
                    {
                      "skillID": 9009705,
                      "chance": 1
                    }
                  ],
                  "chance": 1
                }
              ]
            }
          ]
        }
      ]
    },
    {
      "id": 90100,
      "appearance": "90100_Fishman_Infested_BAppearance",
      "sdPortrait": 90090,
      "unitKeywordList": ["MERMAID","WHITE_PARASITE","ON_THE_LAKE","REGULAR"],
      "level": 2,
      "slotWeightConditionList": [
        "Default1"
      ],
      "hp": {
        "defaultStat": 64,
        "incrementByLevel": 2.21
      },
      "defCorrection": -2,
      "minSpeedList": [
        2
      ],
      "maxSpeedList": [
        5
      ],
      "breakSection": {
        "sectionList": [
          60,
          0
        ]
      },
      "mp": 0,
      "hasMp": false,
      "lowMorale": 0,
      "panic": 0,
      "panicType": 9998,
      "resistInfo": {
        "atkResistList": [
          {
            "type": "SLASH",
            "value": 1
          },
          {
            "type": "PENETRATE",
            "value": 1
          },
          {
            "type": "HIT",
            "value": 1
          }
        ],
        "attributeResistList": [
          {
            "type": "CRIMSON",
            "value": 1
          },
          {
            "type": "SCARLET",
            "value": 1
          },
          {
            "type": "AMBER",
            "value": 1
          },
          {
            "type": "SHAMROCK",
            "value": 1
          },
          {
            "type": "AZURE",
            "value": 0.5
          },
          {
            "type": "INDIGO",
            "value": 1.2
          },
          {
            "type": "VIOLET",
            "value": 1.6
          },
          {
            "type": "WHITE",
            "value": 2
          },
          {
            "type": "BLACK",
            "value": 2
          }
        ]
      },
      "startActionSlotNumList": [
        1,
        2,
        2
      ],
      "maxActionSlotNum": 2,
      "attributeList": [
        {
          "skillId": 9009001,
          "number": 3
        },
        {
          "skillId": 9009002,
          "number": 2
        },
        {
          "skillId": 9009003,
          "number": 1
        }
      ],
      "passiveSet": {
        "passiveIdList": [
          9008901,
          9008902,
          9009001
        ]
      }
    },
    {
      "id": 97501,
      "sdPortrait": 90093,
      "appearance": "90092_LCCB_Infested_AAppearance",
      "associationList": ["LIMBUS_COMPANY"],
      "unitKeywordList": ["WHITE_PARASITE","ON_THE_LAKE","SMALL"],
      "level": 2,
      "slotWeightConditionList": [
        "Default1"
      ],
      "hp": {
        "defaultStat": 45,
        "incrementByLevel": 1.55
      },
      "defCorrection": 3,
      "minSpeedList": [
        1
      ],
      "maxSpeedList": [
        2
      ],
      "breakSection": {
        "sectionList": [
          85,
          50,
          0
        ]
      },
      "mp": 0,
      "lowMorale": -10,
      "panic": -45,
      "panicType": 1013,
      "mentalConditionInfo": {
        "add": [
          {
            "level": 1,
            "conditionIDList": [
              {
                "conditionID": "OnWinDuelAsParryingCountMultiply10AndPlus20Percent"
              },
              {
                "conditionID": "OnKillEnemyAsLevelRatioMultiply10"
              },
              {
                "conditionID": "OnKillEnemyByOtherAllyAsLevelRatioMultiply5"
              }
            ]
          }
        ],
        "min": [
          {
            "level": 1,
            "conditionIDList": [
              {
                "conditionID": "OnDieAllyAsLevelRatio10"
              }
            ]
          }
        ]
      },
      "resistInfo": {
        "atkResistList": [
          {
            "type": "SLASH",
            "value": 0.5
          },
          {
            "type": "PENETRATE",
            "value": 2
          },
          {
            "type": "HIT",
            "value": 0.75
          }
        ],
        "attributeResistList": [
          {
            "type": "CRIMSON",
            "value": 1
          },
          {
            "type": "SCARLET",
            "value": 1
          },
          {
            "type": "AMBER",
            "value": 1
          },
          {
            "type": "SHAMROCK",
            "value": 1
          },
          {
            "type": "AZURE",
            "value": 1
          },
          {
            "type": "INDIGO",
            "value": 1
          },
          {
            "type": "VIOLET",
            "value": 1
          },
          {
            "type": "WHITE",
            "value": 2
          },
          {
            "type": "BLACK",
            "value": 2
          }
        ]
      },
      "startActionSlotNumList": [
        1,
        2,
        2
      ],
      "maxActionSlotNum": 2,
      "attributeList": [
        {
          "skillId": 9750101,
          "number": 3
        },
        {
          "skillId": 9750102,
          "number": 2
        },
        {
          "skillId": 9750103,
          "number": 1
        }
      ],
      "passiveSet": {
        "passiveIdList": [
          9008901,
          9008902,
          9009301,
          9009302
        ]
      }
    },
    {
      "id": 97502,
      "sdPortrait": 90092,
      "appearance": "90093_LCCB_Infested_BAppearance",
      "associationList": ["LIMBUS_COMPANY"],
      "unitKeywordList": ["WHITE_PARASITE","ON_THE_LAKE","SMALL"],
      "level": 2,
      "slotWeightConditionList": [
        "Default1"
      ],
      "hp": {
        "defaultStat": 39,
        "incrementByLevel": 1.34
      },
      "defCorrection": 5,
      "minSpeedList": [
        2
      ],
      "maxSpeedList": [
        5
      ],
      "breakSection": {
        "sectionList": [
          75,
          0
        ]
      },
      "mp": 0,
      "lowMorale": -10,
      "panic": -45,
      "panicType": 1013,
      "mentalConditionInfo": {
        "add": [
          {
            "level": 1,
            "conditionIDList": [
              {
                "conditionID": "OnWinDuelAsParryingCountMultiply10AndPlus20Percent"
              },
              {
                "conditionID": "OnKillEnemyAsLevelRatioMultiply10"
              },
              {
                "conditionID": "OnKillEnemyByOtherAllyAsLevelRatioMultiply5"
              }
            ]
          }
        ],
        "min": [
          {
            "level": 1,
            "conditionIDList": [
              {
                "conditionID": "OnDieAllyAsLevelRatio10"
              }
            ]
          }
        ]
      },
      "resistInfo": {
        "atkResistList": [
          {
            "type": "SLASH",
            "value": 0.5
          },
          {
            "type": "PENETRATE",
            "value": 2
          },
          {
            "type": "HIT",
            "value": 0.75
          }
        ],
        "attributeResistList": [
          {
            "type": "CRIMSON",
            "value": 1
          },
          {
            "type": "SCARLET",
            "value": 1
          },
          {
            "type": "AMBER",
            "value": 1
          },
          {
            "type": "SHAMROCK",
            "value": 1
          },
          {
            "type": "AZURE",
            "value": 1
          },
          {
            "type": "INDIGO",
            "value": 1
          },
          {
            "type": "VIOLET",
            "value": 1
          },
          {
            "type": "WHITE",
            "value": 2
          },
          {
            "type": "BLACK",
            "value": 2
          }
        ]
      },
      "startActionSlotNumList": [
        1,
        2,
        2
      ],
      "maxActionSlotNum": 2,
      "attributeList": [
        {
          "skillId": 9750201,
          "number": 3
        },
        {
          "skillId": 9750202,
          "number": 2
        },
        {
          "skillId": 9750203,
          "number": 1
        },
        {
          "skillId": 9750204,
          "number": 1
        }
      ],
      "passiveSet": {
        "passiveIdList": [
          9008901,
          9008902,
          9009201,
          9009202
        ]
      }
    },
    {
      "id": 97503,
      "sdPortrait": 90094,
      "appearance": "90094_DoubleHook_Infested_AAppearance",
      "associationList": ["DUAL_HOOK_PIRATE"],
      "unitKeywordList": ["CLAN","WHITE_PARASITE","ON_THE_LAKE","SMALL"],
      "level": 2,
      "slotWeightConditionList": [
        "Default1"
      ],
      "hp": {
        "defaultStat": 43,
        "incrementByLevel": 1.48
      },
      "defCorrection": 3,
      "minSpeedList": [
        1
      ],
      "maxSpeedList": [
        4
      ],
      "breakSection": {
        "sectionList": [
          80,
          45,
          0
        ]
      },
      "mp": 0,
      "lowMorale": -10,
      "panic": -45,
      "panicType": 1013,
      "mentalConditionInfo": {
        "add": [
          {
            "level": 1,
            "conditionIDList": [
              {
                "conditionID": "OnWinDuelAsParryingCountMultiply10AndPlus20Percent"
              },
              {
                "conditionID": "OnKillEnemyAsLevelRatioMultiply10"
              },
              {
                "conditionID": "OnKillEnemyByOtherAllyAsLevelRatioMultiply5"
              }
            ]
          }
        ],
        "min": [
          {
            "level": 1,
            "conditionIDList": [
              {
                "conditionID": "OnDieAllyAsLevelRatio10"
              }
            ]
          }
        ]
      },
      "resistInfo": {
        "atkResistList": [
          {
            "type": "SLASH",
            "value": 0.5
          },
          {
            "type": "PENETRATE",
            "value": 2
          },
          {
            "type": "HIT",
            "value": 0.75
          }
        ],
        "attributeResistList": [
          {
            "type": "CRIMSON",
            "value": 1
          },
          {
            "type": "SCARLET",
            "value": 1
          },
          {
            "type": "AMBER",
            "value": 1
          },
          {
            "type": "SHAMROCK",
            "value": 1
          },
          {
            "type": "AZURE",
            "value": 1
          },
          {
            "type": "INDIGO",
            "value": 1
          },
          {
            "type": "VIOLET",
            "value": 1
          },
          {
            "type": "WHITE",
            "value": 2
          },
          {
            "type": "BLACK",
            "value": 2
          }
        ]
      },
      "startActionSlotNumList": [
        1,
        2,
        2
      ],
      "maxActionSlotNum": 2,
      "attributeList": [
        {
          "skillId": 9750301,
          "number": 3
        },
        {
          "skillId": 9750302,
          "number": 2
        },
        {
          "skillId": 9750303,
          "number": 1
        },
        {
          "skillId": 9750304,
          "number": 1
        }
      ],
      "passiveSet": {
        "passiveIdList": [
          9008901,
          9008902,
          9009401
        ]
      }
    },
    {
      "id": 97504,
      "sdPortrait": 90095,
      "appearance": "90095_DoubleHook_Infested_BAppearance",
      "associationList": ["DUAL_HOOK_PIRATE"],
      "unitKeywordList": ["CLAN","WHITE_PARASITE","ON_THE_LAKE","SMALL"],
      "level": 2,
      "slotWeightConditionList": [
        "Default1"
      ],
      "hp": {
        "defaultStat": 43,
        "incrementByLevel": 1.48
      },
      "defCorrection": 3,
      "minSpeedList": [
        1
      ],
      "maxSpeedList": [
        4
      ],
      "breakSection": {
        "sectionList": [
          80,
          45,
          0
        ]
      },
      "mp": 0,
      "lowMorale": -10,
      "panic": -45,
      "panicType": 1013,
      "mentalConditionInfo": {
        "add": [
          {
            "level": 1,
            "conditionIDList": [
              {
                "conditionID": "OnWinDuelAsParryingCountMultiply10AndPlus20Percent"
              },
              {
                "conditionID": "OnKillEnemyAsLevelRatioMultiply10"
              },
              {
                "conditionID": "OnKillEnemyByOtherAllyAsLevelRatioMultiply5"
              }
            ]
          }
        ],
        "min": [
          {
            "level": 1,
            "conditionIDList": [
              {
                "conditionID": "OnDieAllyAsLevelRatio10"
              }
            ]
          }
        ]
      },
      "resistInfo": {
        "atkResistList": [
          {
            "type": "SLASH",
            "value": 0.5
          },
          {
            "type": "PENETRATE",
            "value": 2
          },
          {
            "type": "HIT",
            "value": 0.75
          }
        ],
        "attributeResistList": [
          {
            "type": "CRIMSON",
            "value": 1
          },
          {
            "type": "SCARLET",
            "value": 1
          },
          {
            "type": "AMBER",
            "value": 1
          },
          {
            "type": "SHAMROCK",
            "value": 1
          },
          {
            "type": "AZURE",
            "value": 1
          },
          {
            "type": "INDIGO",
            "value": 1
          },
          {
            "type": "VIOLET",
            "value": 1
          },
          {
            "type": "WHITE",
            "value": 2
          },
          {
            "type": "BLACK",
            "value": 2
          }
        ]
      },
      "startActionSlotNumList": [
        1,
        2,
        2
      ],
      "maxActionSlotNum": 2,
      "attributeList": [
        {
          "skillId": 9750401,
          "number": 3
        },
        {
          "skillId": 9750402,
          "number": 2
        },
        {
          "skillId": 9750403,
          "number": 1
        },
        {
          "skillId": 9750404,
          "number": 1
        }
      ],
      "passiveSet": {
        "passiveIdList": [
          9008901,
          9008902,
          9009501
        ]
      }
    },
    {
      "id": 97505,
      "sdPortrait": 90089,
      "appearance": "90089_Fishman_Infested_AAppearance",
      "unitKeywordList": ["MERMAID","WHITE_PARASITE","ON_THE_LAKE","SMALL"],
      "level": 2,
      "slotWeightConditionList": [
        "Default1"
      ],
      "hp": {
        "defaultStat": 53,
        "incrementByLevel": 1.83
      },
      "defCorrection": 3,
      "minSpeedList": [
        1
      ],
      "maxSpeedList": [
        2
      ],
      "breakSection": {
        "sectionList": [
          80,
          60,
          0
        ]
      },
      "mp": 0,
      "hasMp": false,
      "lowMorale": 0,
      "panic": 0,
      "panicType": 9998,
      "resistInfo": {
        "atkResistList": [
          {
            "type": "SLASH",
            "value": 0.5
          },
          {
            "type": "PENETRATE",
            "value": 2
          },
          {
            "type": "HIT",
            "value": 0.75
          }
        ],
        "attributeResistList": [
          {
            "type": "CRIMSON",
            "value": 1
          },
          {
            "type": "SCARLET",
            "value": 1
          },
          {
            "type": "AMBER",
            "value": 1
          },
          {
            "type": "SHAMROCK",
            "value": 1
          },
          {
            "type": "AZURE",
            "value": 1
          },
          {
            "type": "INDIGO",
            "value": 1
          },
          {
            "type": "VIOLET",
            "value": 1
          },
          {
            "type": "WHITE",
            "value": 2
          },
          {
            "type": "BLACK",
            "value": 2
          }
        ]
      },
      "startActionSlotNumList": [
        1,
        2,
        2
      ],
      "maxActionSlotNum": 2,
      "attributeList": [
        {
          "skillId": 9750501,
          "number": 3
        },
        {
          "skillId": 9750502,
          "number": 2
        },
        {
          "skillId": 9750503,
          "number": 1
        }
      ],
      "passiveSet": {
        "passiveIdList": [
          9008901,
          9008902,
          9008903
        ]
      }
    },
    {
      "id": 97506,
      "sdPortrait": 90090,
      "appearance": "90090_Fishman_Infested_BAppearance",
      "unitKeywordList": ["MERMAID","WHITE_PARASITE","ON_THE_LAKE","SMALL"],
      "level": 2,
      "slotWeightConditionList": [
        "Default1"
      ],
      "hp": {
        "defaultStat": 55,
        "incrementByLevel": 1.9
      },
      "defCorrection": 3,
      "minSpeedList": [
        2
      ],
      "maxSpeedList": [
        5
      ],
      "breakSection": {
        "sectionList": [
          80,
          45,
          0
        ]
      },
      "mp": 0,
      "hasMp": false,
      "lowMorale": 0,
      "panic": 0,
      "panicType": 9998,
      "resistInfo": {
        "atkResistList": [
          {
            "type": "SLASH",
            "value": 0.5
          },
          {
            "type": "PENETRATE",
            "value": 2
          },
          {
            "type": "HIT",
            "value": 0.75
          }
        ],
        "attributeResistList": [
          {
            "type": "CRIMSON",
            "value": 1
          },
          {
            "type": "SCARLET",
            "value": 1
          },
          {
            "type": "AMBER",
            "value": 1
          },
          {
            "type": "SHAMROCK",
            "value": 1
          },
          {
            "type": "AZURE",
            "value": 1
          },
          {
            "type": "INDIGO",
            "value": 1
          },
          {
            "type": "VIOLET",
            "value": 1
          },
          {
            "type": "WHITE",
            "value": 2
          },
          {
            "type": "BLACK",
            "value": 2
          }
        ]
      },
      "startActionSlotNumList": [
        1,
        2,
        2
      ],
      "maxActionSlotNum": 2,
      "attributeList": [
        {
          "skillId": 9750601,
          "number": 3
        },
        {
          "skillId": 9750602,
          "number": 2
        },
        {
          "skillId": 9750603,
          "number": 1
        }
      ],
      "passiveSet": {
        "passiveIdList": [
          9008901,
          9008902,
          9009001
        ]
      }
    },
    {
      "id": 97507,
      "sdPortrait": 90091,
      "appearance": "90091_Fishman_Infested_CAppearance",
      "unitKeywordList": ["MERMAID","WHITE_PARASITE","ON_THE_LAKE","SMALL"],
      "level": 2,
      "slotWeightConditionList": [
        "Default1"
      ],
      "hp": {
        "defaultStat": 50,
        "incrementByLevel": 1.72
      },
      "defCorrection": 3,
      "minSpeedList": [
        1
      ],
      "maxSpeedList": [
        3
      ],
      "breakSection": {
        "sectionList": [
          80,
          40,
          0
        ]
      },
      "mp": 0,
      "hasMp": false,
      "lowMorale": 0,
      "panic": 0,
      "panicType": 9998,
      "resistInfo": {
        "atkResistList": [
          {
            "type": "SLASH",
            "value": 0.5
          },
          {
            "type": "PENETRATE",
            "value": 2
          },
          {
            "type": "HIT",
            "value": 0.75
          }
        ],
        "attributeResistList": [
          {
            "type": "CRIMSON",
            "value": 1
          },
          {
            "type": "SCARLET",
            "value": 1
          },
          {
            "type": "AMBER",
            "value": 1
          },
          {
            "type": "SHAMROCK",
            "value": 1
          },
          {
            "type": "AZURE",
            "value": 1
          },
          {
            "type": "INDIGO",
            "value": 1
          },
          {
            "type": "VIOLET",
            "value": 1
          },
          {
            "type": "WHITE",
            "value": 2
          },
          {
            "type": "BLACK",
            "value": 2
          }
        ]
      },
      "startActionSlotNumList": [
        1,
        2,
        2
      ],
      "maxActionSlotNum": 2,
      "attributeList": [
        {
          "skillId": 9750701,
          "number": 3
        },
        {
          "skillId": 9750702,
          "number": 2
        },
        {
          "skillId": 9750703,
          "number": 1
        }
      ],
      "passiveSet": {
        "passiveIdList": [
          9008901,
          9008902,
          9009101
        ]
      }
    }
  ]
}