{
  "list": [
    {
      "id": 90101,
      "appearance": "90101_Gnome_GreenAppearance",
      "unitKeywordList": ["SMALL"],
      "slotWeightConditionList": [
        "Default1"
      ],
      "hp": {
        "defaultStat": 42,
        "incrementByLevel": 1.45
      },
      "defCorrection": 0,
      "minSpeedList": [
        1
      ],
      "maxSpeedList": [
        4
      ],
      "breakSection": {
        "sectionList": [
          60,
          0
        ]
      },
      "mp": 0,
      "hasMp": true,
      "lowMorale": -20,
      "panic": -45,
      "panicType": 1005,
      "mentalConditionInfo": {
        "add": [
          {
            "level": 1,
            "conditionIDList": [
              {
                "conditionID": "OnWinDuelAsParryingCountMultiply10AndPlus20Percent"
              },
              {
                "conditionID": "OnKillEnemyAsLevelRatioMultiply10"
              },
              {
                "conditionID": "OnKillEnemyByOtherAllyAsLevelRatioMultiply5"
              }
            ]
          }
        ],
        "min": [
          {
            "level": 1,
            "conditionIDList": [
              {
                "conditionID": "OnDieAllyAsLevelRatio10"
              }
            ]
          }
        ]
      },
      "resistInfo": {
        "atkResistList": [
          {
            "type": "SLASH",
            "value": 1
          },
          {
            "type": "PENETRATE",
            "value": 1.5
          },
          {
            "type": "HIT",
            "value": 1
          }
        ],
        "attributeResistList": [
          {
            "type": "CRIMSON",
            "value": 1.5
          },
          {
            "type": "SCARLET",
            "value": 1
          },
          {
            "type": "AMBER",
            "value": 0.75
          },
          {
            "type": "SHAMROCK",
            "value": 1.5
          },
          {
            "type": "AZURE",
            "value": 0.75
          },
          {
            "type": "INDIGO",
            "value": 1
          },
          {
            "type": "VIOLET",
            "value": 1
          },
          {
            "type": "WHITE",
            "value": 2
          },
          {
            "type": "BLACK",
            "value": 2
          }
        ]
      },
      "startActionSlotNumList": [
        1,
        2,
        2
      ],
      "maxActionSlotNum": 2,
      "attributeList": [
        {
          "skillId": 9010101,
          "number": 2
        },
        {
          "skillId": 9010102,
          "number": 1
        },
        {
          "skillId": 9010103,
          "number": 1
        }
      ],
      "passiveSet": {
        "passiveIdList": [
          9010101,
          9010102
        ]
      }
    },
    {
      "id": 90102,
      "appearance": "90102_Gnome_RedAppearance",
      "unitKeywordList": ["SMALL"],
      "slotWeightConditionList": [
        "Default1"
      ],
      "hp": {
        "defaultStat": 45,
        "incrementByLevel": 1.55
      },
      "defCorrection": 0,
      "minSpeedList": [
        1
      ],
      "maxSpeedList": [
        3
      ],
      "breakSection": {
        "sectionList": [
          70,
          0
        ]
      },
      "mp": 0,
      "hasMp": true,
      "lowMorale": -20,
      "panic": -45,
      "panicType": 1005,
      "mentalConditionInfo": {
        "add": [
          {
            "level": 1,
            "conditionIDList": [
              {
                "conditionID": "OnWinDuelAsParryingCountMultiply10AndPlus20Percent"
              },
              {
                "conditionID": "OnKillEnemyAsLevelRatioMultiply10"
              },
              {
                "conditionID": "OnKillEnemyByOtherAllyAsLevelRatioMultiply5"
              }
            ]
          }
        ],
        "min": [
          {
            "level": 1,
            "conditionIDList": [
              {
                "conditionID": "OnDieAllyAsLevelRatio10"
              }
            ]
          }
        ]
      },
      "resistInfo": {
        "atkResistList": [
          {
            "type": "SLASH",
            "value": 1
          },
          {
            "type": "PENETRATE",
            "value": 1.5
          },
          {
            "type": "HIT",
            "value": 1
          }
        ],
        "attributeResistList": [
          {
            "type": "CRIMSON",
            "value": 1.5
          },
          {
            "type": "SCARLET",
            "value": 1
          },
          {
            "type": "AMBER",
            "value": 0.75
          },
          {
            "type": "SHAMROCK",
            "value": 1.5
          },
          {
            "type": "AZURE",
            "value": 0.75
          },
          {
            "type": "INDIGO",
            "value": 1
          },
          {
            "type": "VIOLET",
            "value": 1
          },
          {
            "type": "WHITE",
            "value": 2
          },
          {
            "type": "BLACK",
            "value": 2
          }
        ]
      },
      "startActionSlotNumList": [
        1,
        2,
        2
      ],
      "maxActionSlotNum": 2,
      "attributeList": [
        {
          "skillId": 9010201,
          "number": 2
        },
        {
          "skillId": 9010202,
          "number": 1
        },
        {
          "skillId": 9010203,
          "number": 1
        }
      ],
      "passiveSet": {
        "passiveIdList": [
          9010101,
          9010102
        ]
      }
    },
    {
      "id": 90103,
      "appearance": "90103_Gnome_BlackAppearance",
      "unitKeywordList": ["SMALL"],
      "slotWeightConditionList": [
        "Default1"
      ],
      "hp": {
        "defaultStat": 48,
        "incrementByLevel": 1.66
      },
      "defCorrection": 0,
      "minSpeedList": [
        1
      ],
      "maxSpeedList": [
        2
      ],
      "breakSection": {
        "sectionList": [
          50,
          0
        ]
      },
      "mp": 0,
      "hasMp": true,
      "lowMorale": -20,
      "panic": -45,
      "panicType": 1005,
      "mentalConditionInfo": {
        "add": [
          {
            "level": 1,
            "conditionIDList": [
              {
                "conditionID": "OnWinDuelAsParryingCountMultiply10AndPlus20Percent"
              },
              {
                "conditionID": "OnKillEnemyAsLevelRatioMultiply10"
              },
              {
                "conditionID": "OnKillEnemyByOtherAllyAsLevelRatioMultiply5"
              }
            ]
          }
        ],
        "min": [
          {
            "level": 1,
            "conditionIDList": [
              {
                "conditionID": "OnDieAllyAsLevelRatio10"
              }
            ]
          }
        ]
      },
      "resistInfo": {
        "atkResistList": [
          {
            "type": "SLASH",
            "value": 1
          },
          {
            "type": "PENETRATE",
            "value": 1.5
          },
          {
            "type": "HIT",
            "value": 1
          }
        ],
        "attributeResistList": [
          {
            "type": "CRIMSON",
            "value": 1.5
          },
          {
            "type": "SCARLET",
            "value": 1
          },
          {
            "type": "AMBER",
            "value": 0.75
          },
          {
            "type": "SHAMROCK",
            "value": 1.5
          },
          {
            "type": "AZURE",
            "value": 0.75
          },
          {
            "type": "INDIGO",
            "value": 1
          },
          {
            "type": "VIOLET",
            "value": 1
          },
          {
            "type": "WHITE",
            "value": 2
          },
          {
            "type": "BLACK",
            "value": 2
          }
        ]
      },
      "startActionSlotNumList": [
        1,
        2,
        2
      ],
      "maxActionSlotNum": 2,
      "attributeList": [
        {
          "skillId": 9010301,
          "number": 2
        },
        {
          "skillId": 9010302,
          "number": 1
        },
        {
          "skillId": 9010303,
          "number": 1
        }
      ],
      "passiveSet": {
        "passiveIdList": [
          9010101,
          9010102
        ]
      }
    },
    {
      "id": 90104,
      "appearance": "90104_Gnome_EliteAppearance",
      "unitKeywordList": ["SMALL"],
      "slotWeightConditionList": [
        "Default1"
      ],
      "hp": {
        "defaultStat": 79,
        "incrementByLevel": 2.72
      },
      "defCorrection": 0,
      "minSpeedList": [
        2
      ],
      "maxSpeedList": [
        5
      ],
      "breakSection": {
        "sectionList": [
          45,
          0
        ]
      },
      "mp": 0,
      "hasMp": true,
      "lowMorale": -20,
      "panic": -45,
      "panicType": 1005,
      "mentalConditionInfo": {
        "add": [
          {
            "level": 1,
            "conditionIDList": [
              {
                "conditionID": "OnWinDuelAsParryingCountMultiply10AndPlus20Percent"
              },
              {
                "conditionID": "OnKillEnemyAsLevelRatioMultiply10"
              },
              {
                "conditionID": "OnKillEnemyByOtherAllyAsLevelRatioMultiply5"
              }
            ]
          }
        ],
        "min": [
          {
            "level": 1,
            "conditionIDList": [
              {
                "conditionID": "OnDieAllyAsLevelRatio10"
              }
            ]
          }
        ]
      },
      "resistInfo": {
        "atkResistList": [
          {
            "type": "SLASH",
            "value": 1
          },
          {
            "type": "PENETRATE",
            "value": 1.2
          },
          {
            "type": "HIT",
            "value": 1
          }
        ],
        "attributeResistList": [
          {
            "type": "CRIMSON",
            "value": 1.5
          },
          {
            "type": "SCARLET",
            "value": 1
          },
          {
            "type": "AMBER",
            "value": 0.75
          },
          {
            "type": "SHAMROCK",
            "value": 1.5
          },
          {
            "type": "AZURE",
            "value": 0.75
          },
          {
            "type": "INDIGO",
            "value": 1
          },
          {
            "type": "VIOLET",
            "value": 1
          },
          {
            "type": "WHITE",
            "value": 2
          },
          {
            "type": "BLACK",
            "value": 2
          }
        ]
      },
      "startActionSlotNumList": [
        1,
        2,
        2
      ],
      "maxActionSlotNum": 3,
      "attributeList": [
        {
          "skillId": 9010401,
          "number": 2
        },
        {
          "skillId": 9010402,
          "number": 1
        },
        {
          "skillId": 9010403,
          "number": 1
        },
        {
          "skillId": 9010404,
          "number": 1
        }
      ],
      "passiveSet": {
        "passiveIdList": [
          9010101,
          9010102
        ]
      }
    },
    {
      "id": 90105,
      "sdPortrait": 90104,
      "appearance": "90104_Gnome_EliteAppearance",
      "unitKeywordList": ["SMALL"],
      "slotWeightConditionList": [
        "Default1"
      ],
      "hp": {
        "defaultStat": 89,
        "incrementByLevel": 3.07
      },
      "defCorrection": 0,
      "minSpeedList": [
        2
      ],
      "maxSpeedList": [
        5
      ],
      "breakSection": {
        "sectionList": [
          45,
          0
        ]
      },
      "mp": 0,
      "hasMp": true,
      "lowMorale": -20,
      "panic": -45,
      "panicType": 1005,
      "mentalConditionInfo": {
        "add": [
          {
            "level": 1,
            "conditionIDList": [
              {
                "conditionID": "OnWinDuelAsParryingCountMultiply10AndPlus20Percent"
              },
              {
                "conditionID": "OnKillEnemyAsLevelRatioMultiply10"
              },
              {
                "conditionID": "OnKillEnemyByOtherAllyAsLevelRatioMultiply5"
              }
            ]
          }
        ],
        "min": [
          {
            "level": 1,
            "conditionIDList": [
              {
                "conditionID": "OnDieAllyAsLevelRatio10"
              }
            ]
          }
        ]
      },
      "resistInfo": {
        "atkResistList": [
          {
            "type": "SLASH",
            "value": 1
          },
          {
            "type": "PENETRATE",
            "value": 1.2
          },
          {
            "type": "HIT",
            "value": 1
          }
        ],
        "attributeResistList": [
          {
            "type": "CRIMSON",
            "value": 1.5
          },
          {
            "type": "SCARLET",
            "value": 1
          },
          {
            "type": "AMBER",
            "value": 0.75
          },
          {
            "type": "SHAMROCK",
            "value": 1.5
          },
          {
            "type": "AZURE",
            "value": 0.75
          },
          {
            "type": "INDIGO",
            "value": 1
          },
          {
            "type": "VIOLET",
            "value": 1
          },
          {
            "type": "WHITE",
            "value": 2
          },
          {
            "type": "BLACK",
            "value": 2
          }
        ]
      },
      "startActionSlotNumList": [
        1,
        2,
        3
      ],
      "maxActionSlotNum": 3,
      "attributeList": [
        {
          "skillId": 9010401,
          "number": 2
        },
        {
          "skillId": 9010402,
          "number": 1
        },
        {
          "skillId": 9010403,
          "number": 1
        },
        {
          "skillId": 9010404,
          "number": 1
        }
      ],
      "passiveSet": {
        "passiveIdList": [
          9010101,
          9010102
        ]
      }
    }
  ]
}