{
  "list": [
    {
      "id": 90106,
      "nameID": 8147,
      "sdPortrait": 8147,
      "appearance": "8147_Ordeal_Dawn_Green_AAppearance",
      "unitKeywordList": ["MACHINE","REGULAR"],
      "level": 30,
      "classType": "TETH",
      "attributeType": "AMBER",
      "hp": {
        "defaultStat": 10,
        "incrementByLevel": 1.6
      },
      "patternID": "Normal_AutoPick",
      "startActionSlotNumList": [
        1,
        1,
        1
      ],
      "maxActionSlotNum": 1,
      "minSpeedList": [
        2
      ],
      "maxSpeedList": [
        5
      ],
      "breakSection": {
        "sectionList": [
          50
        ]
      },
      "mp": 0,
      "hasMp": false,
      "lowMorale": 0,
      "panic": 0,
      "panicType": 9998,
      "resistInfo": {
        "atkResistList": [
          {
            "type": "SLASH",
            "value": 1
          },
          {
            "type": "PENETRATE",
            "value": 1.2
          },
          {
            "type": "HIT",
            "value": 1.5
          }
        ],
        "attributeResistList": [
          {
            "type": "CRIMSON",
            "value": 1.5
          },
          {
            "type": "SCARLET",
            "value": 1.2
          },
          {
            "type": "AMBER",
            "value": 1
          },
          {
            "type": "SHAMROCK",
            "value": 1
          },
          {
            "type": "AZURE",
            "value": 1
          },
          {
            "type": "INDIGO",
            "value": 2
          },
          {
            "type": "VIOLET",
            "value": 1
          },
          {
            "type": "WHITE",
            "value": 2
          },
          {
            "type": "BLACK",
            "value": 2
          }
        ]
      },
      "attributeList": [
        {
          "skillId": 814701,
          "number": 4
        },
        {
          "skillId": 814702,
          "number": 2
        },
        {
          "skillId": 814703,
          "number": 1
        },
        {
          "skillId": 814704,
          "number": 1
        }
      ],
      "passiveSet": {
        "passiveIdList": [
          814702
        ]
      }
    },
    {
      "id": 90107,
      "nameID": 8148,
      "sdPortrait": 8148,
      "appearance": "8148_Ordeal_Dawn_Green_BAppearance",
      "unitKeywordList": ["MACHINE","REGULAR"],
      "level": 30,
      "classType": "TETH",
      "attributeType": "AMBER",
      "hp": {
        "defaultStat": 10,
        "incrementByLevel": 2.4
      },
      "patternID": "Normal_AutoPick",
      "startActionSlotNumList": [
        1,
        1,
        1
      ],
      "maxActionSlotNum": 1,
      "minSpeedList": [
        2
      ],
      "maxSpeedList": [
        5
      ],
      "breakSection": {
        "sectionList": [
          50
        ]
      },
      "mp": 0,
      "hasMp": false,
      "lowMorale": 0,
      "panic": 0,
      "panicType": 9998,
      "resistInfo": {
        "atkResistList": [
          {
            "type": "SLASH",
            "value": 1
          },
          {
            "type": "PENETRATE",
            "value": 1.2
          },
          {
            "type": "HIT",
            "value": 1.5
          }
        ],
        "attributeResistList": [
          {
            "type": "CRIMSON",
            "value": 1.5
          },
          {
            "type": "SCARLET",
            "value": 1.2
          },
          {
            "type": "AMBER",
            "value": 1
          },
          {
            "type": "SHAMROCK",
            "value": 1
          },
          {
            "type": "AZURE",
            "value": 1
          },
          {
            "type": "INDIGO",
            "value": 2
          },
          {
            "type": "VIOLET",
            "value": 1
          },
          {
            "type": "WHITE",
            "value": 2
          },
          {
            "type": "BLACK",
            "value": 2
          }
        ]
      },
      "attributeList": [
        {
          "skillId": 814801,
          "number": 4
        },
        {
          "skillId": 814802,
          "number": 2
        },
        {
          "skillId": 814803,
          "number": 1
        },
        {
          "skillId": 814804,
          "number": 1
        }
      ],
      "passiveSet": {
        "passiveIdList": [
          814702,
          814801
        ]
      }
    },
    {
      "id": 90108,
      "nameID": 8149,
      "sdPortrait": 8149,
      "appearance": "8149_Ordeal_Dawn_Green_CAppearance",
      "unitKeywordList": ["MACHINE","REGULAR"],
      "level": 30,
      "classType": "TETH",
      "attributeType": "AMBER",
      "hp": {
        "defaultStat": 10,
        "incrementByLevel": 3.2
      },
      "patternID": "Normal_AutoPick",
      "startActionSlotNumList": [
        1,
        1,
        1
      ],
      "maxActionSlotNum": 1,
      "minSpeedList": [
        2
      ],
      "maxSpeedList": [
        5
      ],
      "breakSection": {
        "sectionList": [
          50
        ]
      },
      "mp": 0,
      "hasMp": false,
      "lowMorale": 0,
      "panic": 0,
      "panicType": 9998,
      "resistInfo": {
        "atkResistList": [
          {
            "type": "SLASH",
            "value": 1
          },
          {
            "type": "PENETRATE",
            "value": 1.2
          },
          {
            "type": "HIT",
            "value": 1.5
          }
        ],
        "attributeResistList": [
          {
            "type": "CRIMSON",
            "value": 1.5
          },
          {
            "type": "SCARLET",
            "value": 1.2
          },
          {
            "type": "AMBER",
            "value": 1
          },
          {
            "type": "SHAMROCK",
            "value": 1
          },
          {
            "type": "AZURE",
            "value": 1
          },
          {
            "type": "INDIGO",
            "value": 2
          },
          {
            "type": "VIOLET",
            "value": 1
          },
          {
            "type": "WHITE",
            "value": 2
          },
          {
            "type": "BLACK",
            "value": 2
          }
        ]
      },
      "attributeList": [
        {
          "skillId": 814901,
          "number": 4
        },
        {
          "skillId": 814902,
          "number": 2
        },
        {
          "skillId": 814903,
          "number": 1
        },
        {
          "skillId": 814904,
          "number": 1
        }
      ],
      "passiveSet": {
        "passiveIdList": [
          814702,
          814801,
          814901,
          814902
        ]
      }
    },
    {
      "id": 90109,
      "nameID": 8150,
      "sdPortrait": 8150,
      "appearance": "8150_Ordeal_Dawn_Green_EliteAppearance",
      "unitKeywordList": ["MACHINE","LARGE"],
      "level": 30,
      "classType": "TETH",
      "attributeType": "AMBER",
      "hp": {
        "defaultStat": 10,
        "incrementByLevel": 4.3
      },
      "patternID": "Normal_AutoPick",
      "startActionSlotNumList": [
        1,
        1,
        1
      ],
      "maxActionSlotNum": 1,
      "minSpeedList": [
        2
      ],
      "maxSpeedList": [
        5
      ],
      "breakSection": {
        "sectionList": [
          30
        ]
      },
      "mp": 0,
      "hasMp": false,
      "lowMorale": 0,
      "panic": 0,
      "panicType": 9998,
      "resistInfo": {
        "atkResistList": [
          {
            "type": "SLASH",
            "value": 1
          },
          {
            "type": "PENETRATE",
            "value": 1.2
          },
          {
            "type": "HIT",
            "value": 1.5
          }
        ],
        "attributeResistList": [
          {
            "type": "CRIMSON",
            "value": 1.5
          },
          {
            "type": "SCARLET",
            "value": 1.2
          },
          {
            "type": "AMBER",
            "value": 1
          },
          {
            "type": "SHAMROCK",
            "value": 1
          },
          {
            "type": "AZURE",
            "value": 1
          },
          {
            "type": "INDIGO",
            "value": 2
          },
          {
            "type": "VIOLET",
            "value": 1
          },
          {
            "type": "WHITE",
            "value": 2
          },
          {
            "type": "BLACK",
            "value": 2
          }
        ]
      },
      "attributeList": [
        {
          "skillId": 815001,
          "number": 4
        },
        {
          "skillId": 815002,
          "number": 2
        },
        {
          "skillId": 815003,
          "number": 1
        },
        {
          "skillId": 815004,
          "number": 1
        }
      ],
      "passiveSet": {
        "passiveIdList": [
          814702,
          814801,
          814901,
          815001,
          815002
        ]
      }
    }
  ]
}