{
  "list": [
    {
      "id": 90114,
      "appearance": "90114_TCrop_Gang_1Appearance",
      "unitKeywordList": ["BACK_STREET","SMALL"],
      "level": 2,
      "slotWeightConditionList": [
        "Default1"
      ],
      "hp": {
        "defaultStat": 76,
        "incrementByLevel": 2.62
      },
      "defCorrection": -10,
      "minSpeedList": [
        1
      ],
      "maxSpeedList": [
        2
      ],
      "breakSection": {
        "sectionList": [
          70,
          30,
          0
        ]
      },
      "mp": 0,
      "hasMp": true,
      "lowMorale": -20,
      "panic": -45,
      "panicType": 1005,
      "mentalConditionInfo": {
        "add": [
          {
            "level": 1,
            "conditionIDList": [
              {
                "conditionID": "OnWinDuelAsParryingCountMultiply10AndPlus20Percent"
              },
              {
                "conditionID": "OnKillEnemyAsLevelRatioMultiply10"
              },
              {
                "conditionID": "OnKillEnemyByOtherAllyAsLevelRatioMultiply5"
              }
            ]
          }
        ],
        "min": [
          {
            "level": 1,
            "conditionIDList": [
              {
                "conditionID": "OnDieAllyAsLevelRatio10"
              }
            ]
          }
        ]
      },
      "resistInfo": {
        "atkResistList": [
          {
            "type": "SLASH",
            "value": 1
          },
          {
            "type": "PENETRATE",
            "value": 0.8
          },
          {
            "type": "HIT",
            "value": 2
          }
        ],
        "attributeResistList": [
          {
            "type": "CRIMSON",
            "value": 1
          },
          {
            "type": "SCARLET",
            "value": 1
          },
          {
            "type": "AMBER",
            "value": 1
          },
          {
            "type": "SHAMROCK",
            "value": 1
          },
          {
            "type": "AZURE",
            "value": 1
          },
          {
            "type": "INDIGO",
            "value": 1
          },
          {
            "type": "VIOLET",
            "value": 1
          },
          {
            "type": "WHITE",
            "value": 2
          },
          {
            "type": "BLACK",
            "value": 2
          }
        ]
      },
      "startActionSlotNumList": [
        1,
        2,
        2
      ],
      "maxActionSlotNum": 2,
      "attributeList": [
        {
          "skillId": 9011401,
          "number": 3
        },
        {
          "skillId": 9011402,
          "number": 2
        },
        {
          "skillId": 9011403,
          "number": 1
        },
        {
          "skillId": 9011404,
          "number": 1
        }
      ],
      "passiveSet": {
        "passiveIdList": [
        ]
      }
    },
    {
      "id": 90115,
      "appearance": "90115_TCrop_Gang_2Appearance",
      "unitKeywordList": ["BACK_STREET","SMALL"],
      "level": 2,
      "slotWeightConditionList": [
        "Default1"
      ],
      "hp": {
        "defaultStat": 51,
        "incrementByLevel": 1.76
      },
      "defCorrection": -13,
      "minSpeedList": [
        1
      ],
      "maxSpeedList": [
        3
      ],
      "breakSection": {
        "sectionList": [
          70,
          30,
          0
        ]
      },
      "mp": 0,
      "hasMp": true,
      "lowMorale": -20,
      "panic": -45,
      "panicType": 1005,
      "mentalConditionInfo": {
        "add": [
          {
            "level": 1,
            "conditionIDList": [
              {
                "conditionID": "OnWinDuelAsParryingCountMultiply10AndPlus20Percent"
              },
              {
                "conditionID": "OnKillEnemyAsLevelRatioMultiply10"
              },
              {
                "conditionID": "OnKillEnemyByOtherAllyAsLevelRatioMultiply5"
              }
            ]
          }
        ],
        "min": [
          {
            "level": 1,
            "conditionIDList": [
              {
                "conditionID": "OnDieAllyAsLevelRatio10"
              }
            ]
          }
        ]
      },
      "resistInfo": {
        "atkResistList": [
          {
            "type": "SLASH",
            "value": 1
          },
          {
            "type": "PENETRATE",
            "value": 0.8
          },
          {
            "type": "HIT",
            "value": 2
          }
        ],
        "attributeResistList": [
          {
            "type": "CRIMSON",
            "value": 1
          },
          {
            "type": "SCARLET",
            "value": 1
          },
          {
            "type": "AMBER",
            "value": 1
          },
          {
            "type": "SHAMROCK",
            "value": 1
          },
          {
            "type": "AZURE",
            "value": 1
          },
          {
            "type": "INDIGO",
            "value": 1
          },
          {
            "type": "VIOLET",
            "value": 1
          },
          {
            "type": "WHITE",
            "value": 2
          },
          {
            "type": "BLACK",
            "value": 2
          }
        ]
      },
      "startActionSlotNumList": [
        1,
        2,
        2
      ],
      "maxActionSlotNum": 2,
      "attributeList": [
        {
          "skillId": 9011501,
          "number": 3
        },
        {
          "skillId": 9011502,
          "number": 2
        },
        {
          "skillId": 9011503,
          "number": 1
        },
        {
          "skillId": 9011404,
          "number": 1
        }
      ],
      "passiveSet": {
        "passiveIdList": [
        ]
      }
    },
    {
      "id": 90116,
      "appearance": "90116_DeadRabbits_1Appearance",
      "associationList": ["DEAD_RABBITS"],
      "unitKeywordList": ["CLAN","GLASS_ENEMY","SMALL"],
      "level": 2,
      "slotWeightConditionList": [
        "Default1"
      ],
      "hp": {
        "defaultStat": 63,
        "incrementByLevel": 2.17
      },
      "defCorrection": -8,
      "minSpeedList": [
        1
      ],
      "maxSpeedList": [
        4
      ],
      "breakSection": {
        "sectionList": [
          60,
          20,
          0
        ]
      },
      "mp": 0,
      "hasMp": true,
      "lowMorale": -20,
      "panic": -45,
      "panicType": 1005,
      "mentalConditionInfo": {
        "add": [
          {
            "level": 1,
            "conditionIDList": [
              {
                "conditionID": "OnWinDuelAsParryingCountMultiply10AndPlus20Percent"
              },
              {
                "conditionID": "OnKillEnemyAsLevelRatioMultiply10"
              },
              {
                "conditionID": "OnKillEnemyByOtherAllyAsLevelRatioMultiply5"
              }
            ]
          }
        ],
        "min": [
          {
            "level": 1,
            "conditionIDList": [
              {
                "conditionID": "OnDieAllyAsLevelRatio10"
              }
            ]
          }
        ]
      },
      "resistInfo": {
        "atkResistList": [
          {
            "type": "SLASH",
            "value": 1
          },
          {
            "type": "PENETRATE",
            "value": 0.75
          },
          {
            "type": "HIT",
            "value": 2
          }
        ],
        "attributeResistList": [
          {
            "type": "CRIMSON",
            "value": 1
          },
          {
            "type": "SCARLET",
            "value": 1
          },
          {
            "type": "AMBER",
            "value": 1
          },
          {
            "type": "SHAMROCK",
            "value": 1
          },
          {
            "type": "AZURE",
            "value": 1
          },
          {
            "type": "INDIGO",
            "value": 1
          },
          {
            "type": "VIOLET",
            "value": 1
          },
          {
            "type": "WHITE",
            "value": 2
          },
          {
            "type": "BLACK",
            "value": 2
          }
        ]
      },
      "startActionSlotNumList": [
        1,
        2,
        2
      ],
      "maxActionSlotNum": 2,
      "attributeList": [
        {
          "skillId": 9011601,
          "number": 3
        },
        {
          "skillId": 9011602,
          "number": 2
        },
        {
          "skillId": 9011603,
          "number": 1
        },
        {
          "skillId": 9011604,
          "number": 1
        }
      ],
      "passiveSet": {
        "passiveIdList": [
          9011601
        ]
      }
    },
    {
      "id": 90117,
      "appearance": "90117_DeadRabbits_2Appearance",
      "associationList": ["DEAD_RABBITS"],
      "unitKeywordList": ["CLAN","GLASS_ENEMY","SMALL"],
      "level": 2,
      "slotWeightConditionList": [
        "Default1"
      ],
      "hp": {
        "defaultStat": 63,
        "incrementByLevel": 2.17
      },
      "defCorrection": -8,
      "minSpeedList": [
        1
      ],
      "maxSpeedList": [
        4
      ],
      "breakSection": {
        "sectionList": [
          60,
          20,
          0
        ]
      },
      "mp": 0,
      "hasMp": true,
      "lowMorale": -20,
      "panic": -45,
      "panicType": 1005,
      "mentalConditionInfo": {
        "add": [
          {
            "level": 1,
            "conditionIDList": [
              {
                "conditionID": "OnWinDuelAsParryingCountMultiply10AndPlus20Percent"
              },
              {
                "conditionID": "OnKillEnemyAsLevelRatioMultiply10"
              },
              {
                "conditionID": "OnKillEnemyByOtherAllyAsLevelRatioMultiply5"
              }
            ]
          }
        ],
        "min": [
          {
            "level": 1,
            "conditionIDList": [
              {
                "conditionID": "OnDieAllyAsLevelRatio10"
              }
            ]
          }
        ]
      },
      "resistInfo": {
        "atkResistList": [
          {
            "type": "SLASH",
            "value": 1
          },
          {
            "type": "PENETRATE",
            "value": 0.75
          },
          {
            "type": "HIT",
            "value": 2
          }
        ],
        "attributeResistList": [
          {
            "type": "CRIMSON",
            "value": 1
          },
          {
            "type": "SCARLET",
            "value": 1
          },
          {
            "type": "AMBER",
            "value": 1
          },
          {
            "type": "SHAMROCK",
            "value": 1
          },
          {
            "type": "AZURE",
            "value": 1
          },
          {
            "type": "INDIGO",
            "value": 1
          },
          {
            "type": "VIOLET",
            "value": 1
          },
          {
            "type": "WHITE",
            "value": 2
          },
          {
            "type": "BLACK",
            "value": 2
          }
        ]
      },
      "startActionSlotNumList": [
        1,
        2,
        2
      ],
      "maxActionSlotNum": 2,
      "attributeList": [
        {
          "skillId": 9011701,
          "number": 3
        },
        {
          "skillId": 9011702,
          "number": 2
        },
        {
          "skillId": 9011703,
          "number": 1
        },
        {
          "skillId": 9011704,
          "number": 1
        }
      ],
      "passiveSet": {
        "passiveIdList": [
          9011601
        ]
      }
    },
    {
      "id": 90118,
      "appearance": "90118_DeadRabbits_RedEye_1Appearance",
      "associationList": ["DEAD_RABBITS"],
      "unitKeywordList": ["CLAN","GLASS_ENEMY","SMALL"],
      "level": 2,
      "slotWeightConditionList": [
        "Default1"
      ],
      "hp": {
        "defaultStat": 74,
        "incrementByLevel": 2.55
      },
      "defCorrection": -8,
      "minSpeedList": [
        2
      ],
      "maxSpeedList": [
        4
      ],
      "breakSection": {
        "sectionList": [
          65,
          30,
          0
        ]
      },
      "mp": 0,
      "hasMp": true,
      "lowMorale": -20,
      "panic": -45,
      "panicType": 1020,
      "mentalConditionInfo": {
        "add": [
          {
            "level": 1,
            "conditionIDList": [
              {
                "conditionID": "OnWinDuelAsParryingCountMultiply10AndPlus20Percent"
              },
              {
                "conditionID": "OnKillEnemyAsLevelRatioMultiply10"
              },
              {
                "conditionID": "OnKillEnemyByOtherAllyAsLevelRatioMultiply5"
              }
            ]
          }
        ],
        "min": [
          {
            "level": 1,
            "conditionIDList": [
              {
                "conditionID": "OnDieAllyAsLevelRatio10"
              }
            ]
          }
        ]
      },
      "resistInfo": {
        "atkResistList": [
          {
            "type": "SLASH",
            "value": 1
          },
          {
            "type": "PENETRATE",
            "value": 1
          },
          {
            "type": "HIT",
            "value": 1
          }
        ],
        "attributeResistList": [
          {
            "type": "CRIMSON",
            "value": 1
          },
          {
            "type": "SCARLET",
            "value": 1.2
          },
          {
            "type": "AMBER",
            "value": 0.8
          },
          {
            "type": "SHAMROCK",
            "value": 0.5
          },
          {
            "type": "AZURE",
            "value": 2
          },
          {
            "type": "INDIGO",
            "value": 1
          },
          {
            "type": "VIOLET",
            "value": 1.5
          },
          {
            "type": "WHITE",
            "value": 2
          },
          {
            "type": "BLACK",
            "value": 2
          }
        ]
      },
      "startActionSlotNumList": [
        1,
        2,
        2
      ],
      "maxActionSlotNum": 2,
      "attributeList": [
        {
          "skillId": 9011801,
          "number": 3
        },
        {
          "skillId": 9011802,
          "number": 2
        },
        {
          "skillId": 9011803,
          "number": 1
        },
        {
          "skillId": 9011804,
          "number": 1
        }
      ],
      "passiveSet": {
        "passiveIdList": [
          9011601,
          9011801,
          9999999
        ]
      }
    },
    {
      "id": 90119,
      "appearance": "90119_DeadRabbits_RedEye_2Appearance",
      "associationList": ["DEAD_RABBITS"],
      "unitKeywordList": ["CLAN","GLASS_ENEMY","SMALL"],
      "level": 2,
      "slotWeightConditionList": [
        "Default1"
      ],
      "hp": {
        "defaultStat": 74,
        "incrementByLevel": 2.55
      },
      "defCorrection": -8,
      "minSpeedList": [
        2
      ],
      "maxSpeedList": [
        4
      ],
      "breakSection": {
        "sectionList": [
          65,
          30,
          0
        ]
      },
      "mp": 0,
      "hasMp": true,
      "lowMorale": -20,
      "panic": -45,
      "panicType": 1020,
      "mentalConditionInfo": {
        "add": [
          {
            "level": 1,
            "conditionIDList": [
              {
                "conditionID": "OnWinDuelAsParryingCountMultiply10AndPlus20Percent"
              },
              {
                "conditionID": "OnKillEnemyAsLevelRatioMultiply10"
              },
              {
                "conditionID": "OnKillEnemyByOtherAllyAsLevelRatioMultiply5"
              }
            ]
          }
        ],
        "min": [
          {
            "level": 1,
            "conditionIDList": [
              {
                "conditionID": "OnDieAllyAsLevelRatio10"
              }
            ]
          }
        ]
      },
      "resistInfo": {
        "atkResistList": [
          {
            "type": "SLASH",
            "value": 1
          },
          {
            "type": "PENETRATE",
            "value": 1
          },
          {
            "type": "HIT",
            "value": 1
          }
        ],
        "attributeResistList": [
          {
            "type": "CRIMSON",
            "value": 1
          },
          {
            "type": "SCARLET",
            "value": 1.2
          },
          {
            "type": "AMBER",
            "value": 0.8
          },
          {
            "type": "SHAMROCK",
            "value": 0.5
          },
          {
            "type": "AZURE",
            "value": 2
          },
          {
            "type": "INDIGO",
            "value": 1
          },
          {
            "type": "VIOLET",
            "value": 1.5
          },
          {
            "type": "WHITE",
            "value": 2
          },
          {
            "type": "BLACK",
            "value": 2
          }
        ]
      },
      "startActionSlotNumList": [
        1,
        2,
        2
      ],
      "maxActionSlotNum": 2,
      "attributeList": [
        {
          "skillId": 9011901,
          "number": 3
        },
        {
          "skillId": 9011902,
          "number": 2
        },
        {
          "skillId": 9011903,
          "number": 1
        },
        {
          "skillId": 9011904,
          "number": 1
        }
      ],
      "passiveSet": {
        "passiveIdList": [
          9011601,
          9011801,
          9999999
        ]
      }
    },
    {
      "id": 90120,
      "appearance": "90120_Maid_1Appearance",
      "associationList": ["LINTON"],
      "unitKeywordList": ["FIXER","BUTLER","SMALL"],
      "level": 2,
      "slotWeightConditionList": [
        "Default1"
      ],
      "hp": {
        "defaultStat": 62,
        "incrementByLevel": 2.14
      },
      "defCorrection": -13,
      "minSpeedList": [
        3
      ],
      "maxSpeedList": [
        5
      ],
      "breakSection": {
        "sectionList": [
          60,
          30,
          0
        ]
      },
      "mp": 0,
      "hasMp": true,
      "lowMorale": -20,
      "panic": -45,
      "panicType": 1017,
      "mentalConditionInfo": {
        "add": [
          {
            "level": 1,
            "conditionIDList": [
              {
                "conditionID": "OnWinDuelAsParryingCountMultiply10AndPlus20Percent"
              },
              {
                "conditionID": "OnKillEnemyAsLevelRatioMultiply10"
              },
              {
                "conditionID": "OnKillEnemyByOtherAllyAsLevelRatioMultiply5"
              }
            ]
          }
        ],
        "min": [
          {
            "level": 1,
            "conditionIDList": [
              {
                "conditionID": "OnDieAllyAsLevelRatio10"
              }
            ]
          }
        ]
      },
      "resistInfo": {
        "atkResistList": [
          {
            "type": "SLASH",
            "value": 2
          },
          {
            "type": "PENETRATE",
            "value": 0.75
          },
          {
            "type": "HIT",
            "value": 1
          }
        ],
        "attributeResistList": [
          {
            "type": "CRIMSON",
            "value": 1
          },
          {
            "type": "SCARLET",
            "value": 1
          },
          {
            "type": "AMBER",
            "value": 1
          },
          {
            "type": "SHAMROCK",
            "value": 1
          },
          {
            "type": "AZURE",
            "value": 1
          },
          {
            "type": "INDIGO",
            "value": 1
          },
          {
            "type": "VIOLET",
            "value": 1
          },
          {
            "type": "WHITE",
            "value": 2
          },
          {
            "type": "BLACK",
            "value": 2
          }
        ]
      },
      "startActionSlotNumList": [
        1,
        2,
        2
      ],
      "maxActionSlotNum": 2,
      "attributeList": [
        {
          "skillId": 9012001,
          "number": 3
        },
        {
          "skillId": 9012002,
          "number": 2
        },
        {
          "skillId": 9012003,
          "number": 1
        },
        {
          "skillId": 9012004,
          "number": 1
        }
      ],
      "passiveSet": {
        "passiveIdList": [
          9012001,
          9999999
        ]
      }
    },
    {
      "id": 90121,
      "appearance": "90121_Maid_2Appearance",
      "associationList": ["LINTON"],
      "unitKeywordList": ["FIXER","BUTLER","SMALL"],
      "level": 2,
      "slotWeightConditionList": [
        "Default1"
      ],
      "hp": {
        "defaultStat": 62,
        "incrementByLevel": 2.14
      },
      "defCorrection": -13,
      "minSpeedList": [
        3
      ],
      "maxSpeedList": [
        5
      ],
      "breakSection": {
        "sectionList": [
          60,
          30,
          0
        ]
      },
      "mp": 0,
      "hasMp": true,
      "lowMorale": -20,
      "panic": -45,
      "panicType": 1017,
      "mentalConditionInfo": {
        "add": [
          {
            "level": 1,
            "conditionIDList": [
              {
                "conditionID": "OnWinDuelAsParryingCountMultiply10AndPlus20Percent"
              },
              {
                "conditionID": "OnKillEnemyAsLevelRatioMultiply10"
              },
              {
                "conditionID": "OnKillEnemyByOtherAllyAsLevelRatioMultiply5"
              }
            ]
          }
        ],
        "min": [
          {
            "level": 1,
            "conditionIDList": [
              {
                "conditionID": "OnDieAllyAsLevelRatio10"
              }
            ]
          }
        ]
      },
      "resistInfo": {
        "atkResistList": [
          {
            "type": "SLASH",
            "value": 2
          },
          {
            "type": "PENETRATE",
            "value": 0.75
          },
          {
            "type": "HIT",
            "value": 1
          }
        ],
        "attributeResistList": [
          {
            "type": "CRIMSON",
            "value": 1
          },
          {
            "type": "SCARLET",
            "value": 1
          },
          {
            "type": "AMBER",
            "value": 1
          },
          {
            "type": "SHAMROCK",
            "value": 1
          },
          {
            "type": "AZURE",
            "value": 1
          },
          {
            "type": "INDIGO",
            "value": 1
          },
          {
            "type": "VIOLET",
            "value": 1
          },
          {
            "type": "WHITE",
            "value": 2
          },
          {
            "type": "BLACK",
            "value": 2
          }
        ]
      },
      "startActionSlotNumList": [
        1,
        2,
        2
      ],
      "maxActionSlotNum": 2,
      "attributeList": [
        {
          "skillId": 9012101,
          "number": 3
        },
        {
          "skillId": 9012102,
          "number": 2
        },
        {
          "skillId": 9012103,
          "number": 1
        },
        {
          "skillId": 9012004,
          "number": 1
        }
      ],
      "passiveSet": {
        "passiveIdList": [
          9012001,
          9999999
        ]
      }
    },
    {
      "id": 90122,
      "appearance": "90122_Maid_3Appearance",
      "associationList": ["LINTON"],
      "unitKeywordList": ["FIXER","BUTLER","SMALL"],
      "level": 2,
      "slotWeightConditionList": [
        "Default1"
      ],
      "hp": {
        "defaultStat": 92,
        "incrementByLevel": 3.17
      },
      "defCorrection": -6,
      "minSpeedList": [
        3
      ],
      "maxSpeedList": [
        5
      ],
      "breakSection": {
        "sectionList": [
          60,
          30,
          0
        ]
      },
      "mp": 0,
      "hasMp": true,
      "lowMorale": -20,
      "panic": -45,
      "panicType": 1017,
      "mentalConditionInfo": {
        "add": [
          {
            "level": 1,
            "conditionIDList": [
              {
                "conditionID": "OnWinDuelAsParryingCountMultiply10AndPlus20Percent"
              },
              {
                "conditionID": "OnKillEnemyAsLevelRatioMultiply10"
              },
              {
                "conditionID": "OnKillEnemyByOtherAllyAsLevelRatioMultiply5"
              }
            ]
          }
        ],
        "min": [
          {
            "level": 1,
            "conditionIDList": [
              {
                "conditionID": "OnDieAllyAsLevelRatio10"
              }
            ]
          }
        ]
      },
      "resistInfo": {
        "atkResistList": [
          {
            "type": "SLASH",
            "value": 1.5
          },
          {
            "type": "PENETRATE",
            "value": 0.5
          },
          {
            "type": "HIT",
            "value": 1
          }
        ],
        "attributeResistList": [
          {
            "type": "CRIMSON",
            "value": 1
          },
          {
            "type": "SCARLET",
            "value": 1
          },
          {
            "type": "AMBER",
            "value": 1
          },
          {
            "type": "SHAMROCK",
            "value": 1
          },
          {
            "type": "AZURE",
            "value": 1
          },
          {
            "type": "INDIGO",
            "value": 1
          },
          {
            "type": "VIOLET",
            "value": 1
          },
          {
            "type": "WHITE",
            "value": 2
          },
          {
            "type": "BLACK",
            "value": 2
          }
        ]
      },
      "startActionSlotNumList": [
        1,
        2,
        2
      ],
      "maxActionSlotNum": 3,
      "attributeList": [
        {
          "skillId": 9012201,
          "number": 3
        },
        {
          "skillId": 9012202,
          "number": 2
        },
        {
          "skillId": 9012203,
          "number": 1
        },
        {
          "skillId": 9012204,
          "number": 1
        },
        {
          "skillId": 9012205,
          "number": 1
        }
      ],
      "passiveSet": {
        "passiveIdList": [
          9012001,
          9012201,
          9999999
        ]
      }
    },
    {
      "id": 90123,
      "appearance": "90123_Butler_1Appearance",
      "associationList": ["LINTON"],
      "unitKeywordList": ["FIXER","BUTLER","SMALL"],
      "level": 2,
      "slotWeightConditionList": [
        "Default1"
      ],
      "hp": {
        "defaultStat": 92,
        "incrementByLevel": 3.17
      },
      "defCorrection": -10,
      "minSpeedList": [
        4
      ],
      "maxSpeedList": [
        5
      ],
      "breakSection": {
        "sectionList": [
          50,
          0
        ]
      },
      "mp": 0,
      "hasMp": true,
      "lowMorale": -20,
      "panic": -45,
      "panicType": 1017,
      "mentalConditionInfo": {
        "add": [
          {
            "level": 1,
            "conditionIDList": [
              {
                "conditionID": "OnWinDuelAsParryingCountMultiply10AndPlus20Percent"
              },
              {
                "conditionID": "OnKillEnemyAsLevelRatioMultiply10"
              },
              {
                "conditionID": "OnKillEnemyByOtherAllyAsLevelRatioMultiply5"
              }
            ]
          }
        ],
        "min": [
          {
            "level": 1,
            "conditionIDList": [
              {
                "conditionID": "OnDieAllyAsLevelRatio10"
              }
            ]
          }
        ]
      },
      "resistInfo": {
        "atkResistList": [
          {
            "type": "SLASH",
            "value": 2
          },
          {
            "type": "PENETRATE",
            "value": 0.75
          },
          {
            "type": "HIT",
            "value": 1
          }
        ],
        "attributeResistList": [
          {
            "type": "CRIMSON",
            "value": 1
          },
          {
            "type": "SCARLET",
            "value": 1
          },
          {
            "type": "AMBER",
            "value": 1
          },
          {
            "type": "SHAMROCK",
            "value": 1
          },
          {
            "type": "AZURE",
            "value": 1
          },
          {
            "type": "INDIGO",
            "value": 1
          },
          {
            "type": "VIOLET",
            "value": 1
          },
          {
            "type": "WHITE",
            "value": 2
          },
          {
            "type": "BLACK",
            "value": 2
          }
        ]
      },
      "startActionSlotNumList": [
        1,
        2,
        2
      ],
      "maxActionSlotNum": 2,
      "attributeList": [
        {
          "skillId": 9012301,
          "number": 3
        },
        {
          "skillId": 9012302,
          "number": 2
        },
        {
          "skillId": 9012303,
          "number": 1
        },
        {
          "skillId": 9012304,
          "number": 1
        }
      ],
      "passiveSet": {
        "passiveIdList": [
          9012301,
          9999999
        ]
      }
    },
    {
      "id": 90124,
      "appearance": "90124_Butler_2Appearance",
      "associationList": ["LINTON"],
      "unitKeywordList": ["FIXER","BUTLER","SMALL"],
      "level": 2,
      "slotWeightConditionList": [
        "Default1"
      ],
      "hp": {
        "defaultStat": 92,
        "incrementByLevel": 3.17
      },
      "defCorrection": -10,
      "minSpeedList": [
        4
      ],
      "maxSpeedList": [
        5
      ],
      "breakSection": {
        "sectionList": [
          50,
          0
        ]
      },
      "mp": 0,
      "hasMp": true,
      "lowMorale": -20,
      "panic": -45,
      "panicType": 1017,
      "mentalConditionInfo": {
        "add": [
          {
            "level": 1,
            "conditionIDList": [
              {
                "conditionID": "OnWinDuelAsParryingCountMultiply10AndPlus20Percent"
              },
              {
                "conditionID": "OnKillEnemyAsLevelRatioMultiply10"
              },
              {
                "conditionID": "OnKillEnemyByOtherAllyAsLevelRatioMultiply5"
              }
            ]
          }
        ],
        "min": [
          {
            "level": 1,
            "conditionIDList": [
              {
                "conditionID": "OnDieAllyAsLevelRatio10"
              }
            ]
          }
        ]
      },
      "resistInfo": {
        "atkResistList": [
          {
            "type": "SLASH",
            "value": 2
          },
          {
            "type": "PENETRATE",
            "value": 0.75
          },
          {
            "type": "HIT",
            "value": 1
          }
        ],
        "attributeResistList": [
          {
            "type": "CRIMSON",
            "value": 1
          },
          {
            "type": "SCARLET",
            "value": 1
          },
          {
            "type": "AMBER",
            "value": 1
          },
          {
            "type": "SHAMROCK",
            "value": 1
          },
          {
            "type": "AZURE",
            "value": 1
          },
          {
            "type": "INDIGO",
            "value": 1
          },
          {
            "type": "VIOLET",
            "value": 1
          },
          {
            "type": "WHITE",
            "value": 2
          },
          {
            "type": "BLACK",
            "value": 2
          }
        ]
      },
      "startActionSlotNumList": [
        1,
        2,
        2
      ],
      "maxActionSlotNum": 2,
      "attributeList": [
        {
          "skillId": 9012301,
          "number": 3
        },
        {
          "skillId": 9012302,
          "number": 2
        },
        {
          "skillId": 9012403,
          "number": 1
        },
        {
          "skillId": 9012304,
          "number": 1
        }
      ],
      "passiveSet": {
        "passiveIdList": [
          9012301,
          9999999
        ]
      }
    },
    {
      "id": 90125,
      "appearance": "90125_Butler_3Appearance",
      "associationList": ["LINTON"],
      "unitKeywordList": ["FIXER","BUTLER","SMALL"],
      "level": 2,
      "slotWeightConditionList": [
        "Default1"
      ],
      "hp": {
        "defaultStat": 138,
        "incrementByLevel": 4.76
      },
      "defCorrection": -2,
      "minSpeedList": [
        5
      ],
      "maxSpeedList": [
        6
      ],
      "breakSection": {
        "sectionList": [
          60,
          -10
        ]
      },
      "mp": 0,
      "hasMp": true,
      "lowMorale": -20,
      "panic": -45,
      "panicType": 1017,
      "mentalConditionInfo": {
        "add": [
          {
            "level": 1,
            "conditionIDList": [
              {
                "conditionID": "OnWinDuelAsParryingCountMultiply10AndPlus20Percent"
              },
              {
                "conditionID": "OnKillEnemyAsLevelRatioMultiply10"
              },
              {
                "conditionID": "OnKillEnemyByOtherAllyAsLevelRatioMultiply5"
              }
            ]
          }
        ],
        "min": [
          {
            "level": 1,
            "conditionIDList": [
              {
                "conditionID": "OnDieAllyAsLevelRatio10"
              }
            ]
          }
        ]
      },
      "resistInfo": {
        "atkResistList": [
          {
            "type": "SLASH",
            "value": 1.5
          },
          {
            "type": "PENETRATE",
            "value": 0.5
          },
          {
            "type": "HIT",
            "value": 1
          }
        ],
        "attributeResistList": [
          {
            "type": "CRIMSON",
            "value": 1
          },
          {
            "type": "SCARLET",
            "value": 1
          },
          {
            "type": "AMBER",
            "value": 1
          },
          {
            "type": "SHAMROCK",
            "value": 1
          },
          {
            "type": "AZURE",
            "value": 1
          },
          {
            "type": "INDIGO",
            "value": 1
          },
          {
            "type": "VIOLET",
            "value": 1
          },
          {
            "type": "WHITE",
            "value": 2
          },
          {
            "type": "BLACK",
            "value": 2
          }
        ]
      },
      "startActionSlotNumList": [
        1,
        2,
        2
      ],
      "maxActionSlotNum": 3,
      "attributeList": [
        {
          "skillId": 9012501,
          "number": 3
        },
        {
          "skillId": 9012502,
          "number": 2
        },
        {
          "skillId": 9012503,
          "number": 1
        },
        {
          "skillId": 9012504,
          "number": 1
        },
        {
          "skillId": 9012505,
          "number": 1
        }
      ],
      "passiveSet": {
        "passiveIdList": [
          9012301,
          9012501,
          9999999
        ]
      }
    },
    {
      "id": 90126,
      "appearance": "90126_Butler_W_1Appearance",
      "associationList": ["WUTHERING_HEIGHTS"],
      "unitKeywordList": ["FIXER","BUTLER"],
      "level": 2,
      "slotWeightConditionList": [
        "Default1"
      ],
      "hp": {
        "defaultStat": 77,
        "incrementByLevel": 2.66
      },
      "defCorrection": -5,
      "minSpeedList": [
        1
      ],
      "maxSpeedList": [
        4
      ],
      "breakSection": {
        "sectionList": [
          80,
          40,
          0
        ]
      },
      "mp": 0,
      "hasMp": true,
      "lowMorale": -20,
      "panic": -45,
      "panicType": 1018,
      "mentalConditionInfo": {
        "add": [
          {
            "level": 1,
            "conditionIDList": [
              {
                "conditionID": "OnWinDuelAsParryingCountMultiply10AndPlus20Percent"
              },
              {
                "conditionID": "OnKillEnemyAsLevelRatioMultiply10"
              },
              {
                "conditionID": "OnKillEnemyByOtherAllyAsLevelRatioMultiply5"
              }
            ]
          }
        ],
        "min": [
          {
            "level": 1,
            "conditionIDList": [
              {
                "conditionID": "OnDieAllyAsLevelRatio10"
              }
            ]
          }
        ]
      },
      "resistInfo": {
        "atkResistList": [
          {
            "type": "SLASH",
            "value": 1
          },
          {
            "type": "PENETRATE",
            "value": 0.75
          },
          {
            "type": "HIT",
            "value": 2
          }
        ],
        "attributeResistList": [
          {
            "type": "CRIMSON",
            "value": 1
          },
          {
            "type": "SCARLET",
            "value": 1
          },
          {
            "type": "AMBER",
            "value": 1
          },
          {
            "type": "SHAMROCK",
            "value": 1
          },
          {
            "type": "AZURE",
            "value": 1
          },
          {
            "type": "INDIGO",
            "value": 1
          },
          {
            "type": "VIOLET",
            "value": 1
          },
          {
            "type": "WHITE",
            "value": 2
          },
          {
            "type": "BLACK",
            "value": 2
          }
        ]
      },
      "startActionSlotNumList": [
        1,
        2,
        2
      ],
      "maxActionSlotNum": 2,
      "attributeList": [
        {
          "skillId": 9012601,
          "number": 3
        },
        {
          "skillId": 9012602,
          "number": 2
        },
        {
          "skillId": 9012603,
          "number": 1
        },
        {
          "skillId": 9012604,
          "number": 1
        }
      ],
      "passiveSet": {
        "passiveIdList": [
          9012601,
          9999999,
          9012602
        ]
      }
    },
    {
      "id": 90127,
      "appearance": "90127_Butler_W_2Appearance",
      "associationList": ["WUTHERING_HEIGHTS"],
      "unitKeywordList": ["FIXER","BUTLER","SMALL"],
      "level": 2,
      "slotWeightConditionList": [
        "Default1"
      ],
      "hp": {
        "defaultStat": 77,
        "incrementByLevel": 2.66
      },
      "defCorrection": -5,
      "minSpeedList": [
        1
      ],
      "maxSpeedList": [
        4
      ],
      "breakSection": {
        "sectionList": [
          80,
          40,
          0
        ]
      },
      "mp": 0,
      "hasMp": true,
      "lowMorale": -20,
      "panic": -45,
      "panicType": 1018,
      "mentalConditionInfo": {
        "add": [
          {
            "level": 1,
            "conditionIDList": [
              {
                "conditionID": "OnWinDuelAsParryingCountMultiply10AndPlus20Percent"
              },
              {
                "conditionID": "OnKillEnemyAsLevelRatioMultiply10"
              },
              {
                "conditionID": "OnKillEnemyByOtherAllyAsLevelRatioMultiply5"
              }
            ]
          }
        ],
        "min": [
          {
            "level": 1,
            "conditionIDList": [
              {
                "conditionID": "OnDieAllyAsLevelRatio10"
              }
            ]
          }
        ]
      },
      "resistInfo": {
        "atkResistList": [
          {
            "type": "SLASH",
            "value": 1
          },
          {
            "type": "PENETRATE",
            "value": 0.75
          },
          {
            "type": "HIT",
            "value": 2
          }
        ],
        "attributeResistList": [
          {
            "type": "CRIMSON",
            "value": 1
          },
          {
            "type": "SCARLET",
            "value": 1
          },
          {
            "type": "AMBER",
            "value": 1
          },
          {
            "type": "SHAMROCK",
            "value": 1
          },
          {
            "type": "AZURE",
            "value": 1
          },
          {
            "type": "INDIGO",
            "value": 1
          },
          {
            "type": "VIOLET",
            "value": 1
          },
          {
            "type": "WHITE",
            "value": 2
          },
          {
            "type": "BLACK",
            "value": 2
          }
        ]
      },
      "startActionSlotNumList": [
        1,
        2,
        2
      ],
      "maxActionSlotNum": 2,
      "attributeList": [
        {
          "skillId": 9012701,
          "number": 3
        },
        {
          "skillId": 9012702,
          "number": 2
        },
        {
          "skillId": 9012703,
          "number": 1
        },
        {
          "skillId": 9012704,
          "number": 1
        }
      ],
      "passiveSet": {
        "passiveIdList": [
          9012601,
          9999999,
          9012602
        ]
      }
    },
    {
      "id": 91014,
      "appearance": "91014_JosephineAppearance",
      "associationList": ["WUTHERING_HEIGHTS"],
      "unitKeywordList": ["FIXER","BUTLER","SMALL"],
      "level": 2,
      "slotWeightConditionList": [
        "Default1"
      ],
      "hp": {
        "defaultStat": 267,
        "incrementByLevel": 9.21
      },
      "defCorrection": -2,
      "minSpeedList": [
        3
      ],
      "maxSpeedList": [
        5
      ],
      "breakSection": {
        "sectionList": [
          55,
          30,
          0,
          -10
        ]
      },
      "mp": 0,
      "hasMp": true,
      "lowMorale": -20,
      "panic": -45,
      "panicType": 1018,
      "mentalConditionInfo": {
        "add": [
          {
            "level": 1,
            "conditionIDList": [
              {
                "conditionID": "OnWinDuelAsParryingCountMultiply10AndPlus20Percent"
              },
              {
                "conditionID": "OnKillEnemyAsLevelRatioMultiply10"
              },
              {
                "conditionID": "OnKillEnemyByOtherAllyAsLevelRatioMultiply5"
              }
            ]
          }
        ],
        "min": [
          {
            "level": 1,
            "conditionIDList": [
              {
                "conditionID": "OnDieAllyAsLevelRatio10"
              }
            ]
          }
        ]
      },
      "patternID": "91014",
      "resistInfo": {
        "atkResistList": [
          {
            "type": "SLASH",
            "value": 1
          },
          {
            "type": "PENETRATE",
            "value": 0.5
          },
          {
            "type": "HIT",
            "value": 1.2
          }
        ],
        "attributeResistList": [
          {
            "type": "CRIMSON",
            "value": 1
          },
          {
            "type": "SCARLET",
            "value": 1
          },
          {
            "type": "AMBER",
            "value": 1
          },
          {
            "type": "SHAMROCK",
            "value": 1
          },
          {
            "type": "AZURE",
            "value": 1
          },
          {
            "type": "INDIGO",
            "value": 1
          },
          {
            "type": "VIOLET",
            "value": 1
          },
          {
            "type": "WHITE",
            "value": 2
          },
          {
            "type": "BLACK",
            "value": 2
          }
        ]
      },
      "startActionSlotNumList": [
        2,
        3,
        4
      ],
      "maxActionSlotNum": 4,
      "attributeList": [
        {
          "skillId": 9101401,
          "number": 0
        },
        {
          "skillId": 9101402,
          "number": 0
        },
        {
          "skillId": 9101403,
          "number": 0
        },
        {
          "skillId": 9101404,
          "number": 0
        },
        {
          "skillId": 9101405,
          "number": 0
        }
      ],
      "passiveSet": {
        "passiveIdList": [
          9999999,
          9101401,
          9012602,
          9101402,
          9101403,
          9101404
        ]
      },
      "patternList": [
        {
          "slotList": [
            {
              "skillParentList": [
                {
                  "skillChildList": [
                    {
                      "skillID": 9101401,
                      "chance": 1
                    }
                  ],
                  "chance": 1
                }
              ]
            },
            {
              "skillParentList": [
                {
                  "skillChildList": [
                    {
                      "skillID": 9101401,
                      "chance": 1
                    }
                  ],
                  "chance": 1
                }
              ]
            },
            {
              "skillParentList": [
                {
                  "skillChildList": [
                    {
                      "skillID": 9101401,
                      "chance": 1
                    }
                  ],
                  "chance": 1
                }
              ]
            },
            {
              "skillParentList": [
                {
                  "skillChildList": [
                    {
                      "skillID": 9101402,
                      "chance": 1
                    }
                  ],
                  "chance": 1
                }
              ]
            },
            {
              "skillParentList": [
                {
                  "skillChildList": [
                    {
                      "skillID": 9101402,
                      "chance": 1
                    }
                  ],
                  "chance": 1
                }
              ]
            },
            {
              "skillParentList": [
                {
                  "skillChildList": [
                    {
                      "skillID": 9101402,
                      "chance": 1
                    }
                  ],
                  "chance": 1
                }
              ]
            }
          ]
        },
        {
          "slotList": [
            {
              "skillParentList": [
                {
                  "skillChildList": [
                    {
                      "skillID": 9101403,
                      "chance": 1
                    }
                  ],
                  "chance": 1
                }
              ]
            },
            {
              "skillParentList": [
                {
                  "skillChildList": [
                    {
                      "skillID": 9101403,
                      "chance": 1
                    }
                  ],
                  "chance": 1
                }
              ]
            },
            {
              "skillParentList": [
                {
                  "skillChildList": [
                    {
                      "skillID": 9101402,
                      "chance": 1
                    }
                  ],
                  "chance": 1
                }
              ]
            },
            {
              "skillParentList": [
                {
                  "skillChildList": [
                    {
                      "skillID": 9101402,
                      "chance": 1
                    }
                  ],
                  "chance": 1
                }
              ]
            },
            {
              "skillParentList": [
                {
                  "skillChildList": [
                    {
                      "skillID": 9101402,
                      "chance": 1
                    }
                  ],
                  "chance": 1
                }
              ]
            },
            {
              "skillParentList": [
                {
                  "skillChildList": [
                    {
                      "skillID": 9101403,
                      "chance": 1
                    }
                  ],
                  "chance": 1
                }
              ]
            }
          ]
        },
        {
          "slotList": [
            {
              "skillParentList": [
                {
                  "skillChildList": [
                    {
                      "skillID": 9101404,
                      "chance": 1
                    }
                  ],
                  "chance": 1
                }
              ]
            },
            {
              "skillParentList": [
                {
                  "skillChildList": [
                    {
                      "skillID": 9101405,
                      "chance": 1
                    }
                  ],
                  "chance": 1
                }
              ]
            },
            {
              "skillParentList": [
                {
                  "skillChildList": [
                    {
                      "skillID": 9101403,
                      "chance": 1
                    }
                  ],
                  "chance": 1
                }
              ]
            },
            {
              "skillParentList": [
                {
                  "skillChildList": [
                    {
                      "skillID": 9101403,
                      "chance": 1
                    }
                  ],
                  "chance": 1
                }
              ]
            },
            {
              "skillParentList": [
                {
                  "skillChildList": [
                    {
                      "skillID": 9101402,
                      "chance": 1
                    }
                  ],
                  "chance": 1
                }
              ]
            },
            {
              "skillParentList": [
                {
                  "skillChildList": [
                    {
                      "skillID": 9101401,
                      "chance": 1
                    }
                  ],
                  "chance": 1
                }
              ]
            }
          ]
        }
      ]
    }
  ]
}