{
  "list": [
    {
      "id": 10101,
      "pivotList": [
        {
          "cutsceneType": "GACKSUNG_BEFORE",
          "offsetX": -0.07,
          "offsetY": 0.21,
          "closeUp": 0.75
        },
        {
          "cutsceneType": "GACKSUNG_AFTER",
          "offsetX": -0.07,
          "offsetY": 0.21,
          "closeUp": 0.75
        }
      ]
    },
    {
      "id": 10102,
      "pivotList": [
        {
          "cutsceneType": "GACKSUNG_BEFORE",
          "offsetX": -0.14,
          "offsetY": 0.17,
          "closeUp": 0.77
        },
        {
          "cutsceneType": "GACKSUNG_AFTER",
          "offsetX": 0.17,
          "offsetY": 0.23,
          "closeUp": 0.8
        }
      ]
    },
    {
      "id": 10103,
      "pivotList": [
        {
          "cutsceneType": "GACKSUNG_BEFORE",
          "offsetX": -0.05,
          "offsetY": 0.23,
          "closeUp": 0.74
        },
        {
          "cutsceneType": "GACKSUNG_AFTER",
          "offsetX": 0.18,
          "offsetY": 0.32,
          "closeUp": 0.55
        }
      ]
    },
    {
      "id": 10104,
      "pivotList": [
        {
          "cutsceneType": "GACKSUNG_BEFORE",
          "offsetX": -0.09,
          "offsetY": 0.12,
          "closeUp": 0.85
        },
        {
          "cutsceneType": "GACKSUNG_AFTER",
          "offsetX": -0.27,
          "offsetY": 0.24,
          "closeUp": 0.85
        }
      ]
    },
    {
      "id": 10105,
      "pivotList": [
        {
          "cutsceneType": "GACKSUNG_BEFORE",
          "offsetX": 0.03,
          "offsetY": 0.18,
          "closeUp": 0.64
        },
        {
          "cutsceneType": "GACKSUNG_AFTER",
          "offsetX": -0.2,
          "offsetY": 0.18,
          "closeUp": 0.99
        }
      ]
    },
    {
      "id": 10106,
      "pivotList": [
        {
          "cutsceneType": "GACKSUNG_BEFORE",
          "offsetX": -0.02,
          "offsetY": 0.15,
          "closeUp": 0.6
        },
        {
          "cutsceneType": "GACKSUNG_AFTER",
          "offsetX": -0.02,
          "offsetY": 0.15,
          "closeUp": 0.54
        }
      ]
    },
    {
      "id": 10107,
      "pivotList": [
        {
          "cutsceneType": "GACKSUNG_BEFORE",
          "offsetX": 0.12,
          "offsetY": 0.17,
          "closeUp": 0.64
        },
        {
          "cutsceneType": "GACKSUNG_AFTER",
          "offsetX": -0.06,
          "offsetY": 0.17,
          "closeUp": 0.73
        }
      ]
    },
    {
      "id": 10108,
      "pivotList": [
        {
          "cutsceneType": "GACKSUNG_BEFORE",
          "offsetX": -0.02,
          "offsetY": 0.18,
          "closeUp": 0.54
        },
        {
          "cutsceneType": "GACKSUNG_AFTER",
          "offsetX": 0.02,
          "offsetY": 0.18,
          "closeUp": 1.12
        }
      ]
    },
    {
      "id": 10109,
      "pivotList": [
        {
          "cutsceneType": "GACKSUNG_BEFORE",
          "offsetX": -0.03,
          "offsetY": 0.21,
          "closeUp": 0.49
        },
        {
          "cutsceneType": "GACKSUNG_AFTER",
          "offsetX": 0.13,
          "offsetY": 0.21,
          "closeUp": 0.64
        }
      ]
    },
    {
      "id": 10110,
      "pivotList": [
        {
          "cutsceneType": "GACKSUNG_BEFORE",
          "offsetX": 0.16,
          "offsetY": 0.21,
          "closeUp": 0.48
        },
        {
          "cutsceneType": "GACKSUNG_AFTER",
          "offsetX": 0.02,
          "offsetY": 0.21,
          "closeUp": 0.68
        }
      ]
    },
    {
      "id": 10201,
      "pivotList": [
        {
          "cutsceneType": "GACKSUNG_BEFORE",
          "offsetX": -0.04,
          "offsetY": 0.19,
          "closeUp": 0.93
        },
        {
          "cutsceneType": "GACKSUNG_AFTER",
          "offsetX": -0.04,
          "offsetY": 0.19,
          "closeUp": 0.93
        }
      ]
    },
    {
      "id": 10202,
      "pivotList": [
        {
          "cutsceneType": "GACKSUNG_BEFORE",
          "offsetX": -0.04,
          "offsetY": 0.19,
          "closeUp": 0.93
        },
        {
          "cutsceneType": "GACKSUNG_AFTER",
          "offsetX": -0.09,
          "offsetY": 0.24,
          "closeUp": 0.75
        }
      ]
    },
    {
      "id": 10203,
      "pivotList": [
        {
          "cutsceneType": "GACKSUNG_BEFORE",
          "offsetX": -0.16,
          "offsetY": 0.22,
          "closeUp": 0.75
        },
        {
          "cutsceneType": "GACKSUNG_AFTER",
          "offsetX": 0.01,
          "offsetY": 0.3,
          "closeUp": 0.6
        }
      ]
    },
    {
      "id": 10204,
      "pivotList": [
        {
          "cutsceneType": "GACKSUNG_BEFORE",
          "offsetX": -0.15,
          "offsetY": 0.18,
          "closeUp": 0.72
        },
        {
          "cutsceneType": "GACKSUNG_AFTER",
          "offsetX": -0.12,
          "offsetY": 0.24,
          "closeUp": 0.76
        }
      ]
    },
    {
      "id": 10205,
      "pivotList": [
        {
          "cutsceneType": "GACKSUNG_BEFORE",
          "offsetX": -0.19,
          "offsetY": 0.27,
          "closeUp": 0.82
        },
        {
          "cutsceneType": "GACKSUNG_AFTER",
          "offsetX": -0.1,
          "offsetY": 0.24,
          "closeUp": 0.82
        }
      ]
    },
    {
      "id": 10206,
      "pivotList": [
        {
          "cutsceneType": "GACKSUNG_BEFORE",
          "offsetX": -0.12,
          "offsetY": 0.18,
          "closeUp": 0.76
        },
        {
          "cutsceneType": "GACKSUNG_AFTER",
          "offsetX": 0.08,
          "offsetY": 0,
          "closeUp": 0.81
        }
      ]
    },
    {
      "id": 10207,
      "pivotList": [
        {
          "cutsceneType": "GACKSUNG_BEFORE",
          "offsetX": 0.12,
          "offsetY": 0.19,
          "closeUp": 0.71
        },
        {
          "cutsceneType": "GACKSUNG_AFTER",
          "offsetX": -0.01,
          "offsetY": 0.19,
          "closeUp": 0.5
        }
      ]
    },
    {
      "id": 10208,
      "pivotList": [
        {
          "cutsceneType": "GACKSUNG_BEFORE",
          "offsetX": -0.12,
          "offsetY": 0.26,
          "closeUp": 0.59
        },
        {
          "cutsceneType": "GACKSUNG_AFTER",
          "offsetX": -0.05,
          "offsetY": 0.12,
          "closeUp": 0.74
        }
      ]
    },
    {
      "id": 10209,
      "pivotList": [
        {
          "cutsceneType": "GACKSUNG_BEFORE",
          "offsetX": 0.04,
          "offsetY": 0.19,
          "closeUp": 0.76
        },
        {
          "cutsceneType": "GACKSUNG_AFTER",
          "offsetX": -0.11,
          "offsetY": 0.15,
          "closeUp": 0.76
        }
      ]
    },
    {
      "id": 10210,
      "pivotList": [
        {
          "cutsceneType": "GACKSUNG_BEFORE",
          "offsetX": -0.09,
          "offsetY": 0.15,
          "closeUp": 0.76
        },
        {
          "cutsceneType": "GACKSUNG_AFTER",
          "offsetX": -0.12,
          "offsetY": 0.15,
          "closeUp": 0.76
        }
      ]
    },
    {
      "id": 10301,
      "pivotList": [
        {
          "cutsceneType": "GACKSUNG_BEFORE",
          "offsetX": -0.04,
          "offsetY": 0.19,
          "closeUp": 0.93
        },
        {
          "cutsceneType": "GACKSUNG_AFTER",
          "offsetX": -0.04,
          "offsetY": 0.19,
          "closeUp": 0.93
        }
      ]
    },
    {
      "id": 10302,
      "pivotList": [
        {
          "cutsceneType": "GACKSUNG_BEFORE",
          "offsetX": -0.04,
          "offsetY": 0.13,
          "closeUp": 0.72
        },
        {
          "cutsceneType": "GACKSUNG_AFTER",
          "offsetX": -0.09,
          "offsetY": 0.24,
          "closeUp": 0.75
        }
      ]
    },
    {
      "id": 10303,
      "pivotList": [
        {
          "cutsceneType": "GACKSUNG_BEFORE",
          "offsetX": -0.14,
          "offsetY": 0.1,
          "closeUp": 0.86
        },
        {
          "cutsceneType": "GACKSUNG_AFTER",
          "offsetX": 0.15,
          "offsetY": 0.25,
          "closeUp": 0.75
        }
      ]
    },
    {
      "id": 10304,
      "pivotList": [
        {
          "cutsceneType": "GACKSUNG_BEFORE",
          "offsetX": 0.01,
          "offsetY": 0.25,
          "closeUp": 0.59
        },
        {
          "cutsceneType": "GACKSUNG_AFTER",
          "offsetX": -0.05,
          "offsetY": 0.23,
          "closeUp": 0.59
        }
      ]
    },
    {
      "id": 10305,
      "pivotList": [
        {
          "cutsceneType": "GACKSUNG_BEFORE",
          "offsetX": -0.08,
          "offsetY": 0.23,
          "closeUp": 0.64
        },
        {
          "cutsceneType": "GACKSUNG_AFTER",
          "offsetX": 0.05,
          "offsetY": 0.23,
          "closeUp": 0.75
        }
      ]
    },
    {
      "id": 10306,
      "pivotList": [
        {
          "cutsceneType": "GACKSUNG_BEFORE",
          "offsetX": -0.08,
          "offsetY": 0.1,
          "closeUp": 0.72
        },
        {
          "cutsceneType": "GACKSUNG_AFTER",
          "offsetX": 0.16,
          "offsetY": 0.17,
          "closeUp": 0.78
        }
      ]
    },
    {
      "id": 10307,
      "pivotList": [
        {
          "cutsceneType": "GACKSUNG_BEFORE",
          "offsetX": -0.07,
          "offsetY": 0.18,
          "closeUp": 0.65
        },
        {
          "cutsceneType": "GACKSUNG_AFTER",
          "offsetX": 0.04,
          "offsetY": 0.18,
          "closeUp": 0.65
        }
      ]
    },
    {
      "id": 10308,
      "pivotList": [
        {
          "cutsceneType": "GACKSUNG_BEFORE",
          "offsetX": 0.1,
          "offsetY": 0.15,
          "closeUp": 0.82
        },
        {
          "cutsceneType": "GACKSUNG_AFTER",
          "offsetX": -0.03,
          "offsetY": 0.15,
          "closeUp": 0.82
        }
      ]
    },
    {
      "id": 10309,
      "pivotList": [
        {
          "cutsceneType": "GACKSUNG_BEFORE",
          "offsetX": -0.02,
          "offsetY": 0.12,
          "closeUp": 0.7
        },
        {
          "cutsceneType": "GACKSUNG_AFTER",
          "offsetX": 0.12,
          "offsetY": 0.18,
          "closeUp": 0.7
        }
      ]
    },
    {
      "id": 10401,
      "pivotList": [
        {
          "cutsceneType": "GACKSUNG_BEFORE",
          "offsetX": -0.04,
          "offsetY": 0.17,
          "closeUp": 0.95
        },
        {
          "cutsceneType": "GACKSUNG_AFTER",
          "offsetX": -0.04,
          "offsetY": 0.17,
          "closeUp": 0.95
        }
      ]
    },
    {
      "id": 10402,
      "pivotList": [
        {
          "cutsceneType": "GACKSUNG_BEFORE",
          "offsetX": -0.02,
          "offsetY": 0.1,
          "closeUp": 1.14
        },
        {
          "cutsceneType": "GACKSUNG_AFTER",
          "offsetX": -0.25,
          "offsetY": 0.21,
          "closeUp": 0.73
        }
      ]
    },
    {
      "id": 10403,
      "pivotList": [
        {
          "cutsceneType": "GACKSUNG_BEFORE",
          "offsetX": 0.13,
          "offsetY": 0.22,
          "closeUp": 0.68
        },
        {
          "cutsceneType": "GACKSUNG_AFTER",
          "offsetX": 0.04,
          "offsetY": 0.13,
          "closeUp": 1.11
        }
      ]
    },
    {
      "id": 10404,
      "pivotList": [
        {
          "cutsceneType": "GACKSUNG_BEFORE",
          "offsetX": 0.07,
          "offsetY": 0.15,
          "closeUp": 0.62
        },
        {
          "cutsceneType": "GACKSUNG_AFTER",
          "offsetX": -0.02,
          "offsetY": 0.18,
          "closeUp": 0.49
        }
      ]
    },
    {
      "id": 10405,
      "pivotList": [
        {
          "cutsceneType": "GACKSUNG_BEFORE",
          "offsetX": -0.23,
          "offsetY": 0.2,
          "closeUp": 0.81
        },
        {
          "cutsceneType": "GACKSUNG_AFTER",
          "offsetX": 0.14,
          "offsetY": 0.2,
          "closeUp": 0.48
        }
      ]
    },
    {
      "id": 10406,
      "pivotList": [
        {
          "cutsceneType": "GACKSUNG_BEFORE",
          "offsetX": -0.23,
          "offsetY": 0.12,
          "closeUp": 0.88
        },
        {
          "cutsceneType": "GACKSUNG_AFTER",
          "offsetX": 0.04,
          "offsetY": 0.12,
          "closeUp": 0.88
        }
      ]
    },
    {
      "id": 10407,
      "pivotList": [
        {
          "cutsceneType": "GACKSUNG_BEFORE",
          "offsetX": 0,
          "offsetY": 0.23,
          "closeUp": 0.57
        },
        {
          "cutsceneType": "GACKSUNG_AFTER",
          "offsetX": -0.02,
          "offsetY": 0.23,
          "closeUp": 0.81
        }
      ]
    },
    {
      "id": 10408,
      "pivotList": [
        {
          "cutsceneType": "GACKSUNG_BEFORE",
          "offsetX": 0.01,
          "offsetY": 0.18,
          "closeUp": 0.51
        },
        {
          "cutsceneType": "GACKSUNG_AFTER",
          "offsetX": 0.03,
          "offsetY": 0.18,
          "closeUp": 0.57
        }
      ]
    },
    {
      "id": 10409,
      "pivotList": [
        {
          "cutsceneType": "GACKSUNG_BEFORE",
          "offsetX": 0.07,
          "offsetY": 0.18,
          "closeUp": 0.61
        },
        {
          "cutsceneType": "GACKSUNG_AFTER",
          "offsetX": -0.02,
          "offsetY": 0.18,
          "closeUp": 0.61
        }
      ]
    },
    {
      "id": 10410,
      "pivotList": [
        {
          "cutsceneType": "GACKSUNG_BEFORE",
          "offsetX": 0.12,
          "offsetY": 0.18,
          "closeUp": 0.31
        },
        {
          "cutsceneType": "GACKSUNG_AFTER",
          "offsetX": 0.12,
          "offsetY": 0.21,
          "closeUp": 0.48
        }
      ]
    },
    {
      "id": 10501,
      "pivotList": [
        {
          "cutsceneType": "GACKSUNG_BEFORE",
          "offsetX": -0.02,
          "offsetY": 0.27,
          "closeUp": 0.61
        },
        {
          "cutsceneType": "GACKSUNG_AFTER",
          "offsetX": -0.02,
          "offsetY": 0.27,
          "closeUp": 0.61
        }
      ]
    },
    {
      "id": 10502,
      "pivotList": [
        {
          "cutsceneType": "GACKSUNG_BEFORE",
          "offsetX": -0.17,
          "offsetY": 0.22,
          "closeUp": 0.71
        },
        {
          "cutsceneType": "GACKSUNG_AFTER",
          "offsetX": -0.05,
          "offsetY": 0.27,
          "closeUp": 0.63
        }
      ]
    },
    {
      "id": 10503,
      "pivotList": [
        {
          "cutsceneType": "GACKSUNG_BEFORE",
          "offsetX": -0.07,
          "offsetY": 0.22,
          "closeUp": 0.71
        },
        {
          "cutsceneType": "GACKSUNG_AFTER",
          "offsetX": -0.05,
          "offsetY": 0.27,
          "closeUp": 0.49
        }
      ]
    },
    {
      "id": 10504,
      "pivotList": [
        {
          "cutsceneType": "GACKSUNG_BEFORE",
          "offsetX": -0.16,
          "offsetY": 0.22,
          "closeUp": 0.71
        },
        {
          "cutsceneType": "GACKSUNG_AFTER",
          "offsetX": -0.01,
          "offsetY": 0.25,
          "closeUp": 0.65
        }
      ]
    },
    {
      "id": 10505,
      "pivotList": [
        {
          "cutsceneType": "GACKSUNG_BEFORE",
          "offsetX": -0.06,
          "offsetY": 0.21,
          "closeUp": 0.56
        },
        {
          "cutsceneType": "GACKSUNG_AFTER",
          "offsetX": 0.16,
          "offsetY": 0.15,
          "closeUp": 0.66
        }
      ]
    },
    {
      "id": 10506,
      "pivotList": [
        {
          "cutsceneType": "GACKSUNG_BEFORE",
          "offsetX": -0.09,
          "offsetY": 0.26,
          "closeUp": 0.76
        },
        {
          "cutsceneType": "GACKSUNG_AFTER",
          "offsetX": -0.26,
          "offsetY": 0.18,
          "closeUp": 0.76
        }
      ]
    },
    {
      "id": 10507,
      "pivotList": [
        {
          "cutsceneType": "GACKSUNG_BEFORE",
          "offsetX": 0.01,
          "offsetY": 0.25,
          "closeUp": 0.69
        },
        {
          "cutsceneType": "GACKSUNG_AFTER",
          "offsetX": -0.08,
          "offsetY": 0.19,
          "closeUp": 1.05
        }
      ]
    },
    {
      "id": 10508,
      "pivotList": [
        {
          "cutsceneType": "GACKSUNG_BEFORE",
          "offsetX": -0.14,
          "offsetY": 0.27,
          "closeUp": 0.48
        },
        {
          "cutsceneType": "GACKSUNG_AFTER",
          "offsetX": -0.22,
          "offsetY": 0.22,
          "closeUp": 0.48
        }
      ]
    },
    {
      "id": 10509,
      "pivotList": [
        {
          "cutsceneType": "GACKSUNG_BEFORE",
          "offsetX": -0.22,
          "offsetY": -0.02,
          "closeUp": 0.87
        },
        {
          "cutsceneType": "GACKSUNG_AFTER",
          "offsetX": -0.01,
          "offsetY": 0.22,
          "closeUp": 0.54
        }
      ]
    },
    {
      "id": 10510,
      "pivotList": [
        {
          "cutsceneType": "GACKSUNG_BEFORE",
          "offsetX": -0.1,
          "offsetY": 0.19,
          "closeUp": 0.68
        },
        {
          "cutsceneType": "GACKSUNG_AFTER",
          "offsetX": -0.04,
          "offsetY": 0.19,
          "closeUp": 0.53
        }
      ]
    },
    {
      "id": 10601,
      "pivotList": [
        {
          "cutsceneType": "GACKSUNG_BEFORE",
          "offsetX": -0.04,
          "offsetY": 0.27,
          "closeUp": 0.63
        },
        {
          "cutsceneType": "GACKSUNG_AFTER",
          "offsetX": -0.04,
          "offsetY": 0.27,
          "closeUp": 0.63
        }
      ]
    },
    {
      "id": 10602,
      "pivotList": [
        {
          "cutsceneType": "GACKSUNG_BEFORE",
          "offsetX": -0.04,
          "offsetY": 0.25,
          "closeUp": 0.65
        },
        {
          "cutsceneType": "GACKSUNG_AFTER",
          "offsetX": 0.02,
          "offsetY": 0.27,
          "closeUp": 0.54
        }
      ]
    },
    {
      "id": 10603,
      "pivotList": [
        {
          "cutsceneType": "GACKSUNG_BEFORE",
          "offsetX": -0.13,
          "offsetY": 0.25,
          "closeUp": 0.58
        },
        {
          "cutsceneType": "GACKSUNG_AFTER",
          "offsetX": 0,
          "offsetY": 0.3,
          "closeUp": 0.55
        }
      ]
    },
    {
      "id": 10604,
      "pivotList": [
        {
          "cutsceneType": "GACKSUNG_BEFORE",
          "offsetX": 0.15,
          "offsetY": 0.18,
          "closeUp": 0.68
        },
        {
          "cutsceneType": "GACKSUNG_AFTER",
          "offsetX": -0.09,
          "offsetY": 0.18,
          "closeUp": 1.06
        }
      ]
    },
    {
      "id": 10605,
      "pivotList": [
        {
          "cutsceneType": "GACKSUNG_BEFORE",
          "offsetX": -0.11,
          "offsetY": 0.24,
          "closeUp": 0.68
        },
        {
          "cutsceneType": "GACKSUNG_AFTER",
          "offsetX": -0.26,
          "offsetY": 0.18,
          "closeUp": 1.08
        }
      ]
    },
    {
      "id": 10606,
      "pivotList": [
        {
          "cutsceneType": "GACKSUNG_BEFORE",
          "offsetX": -0.17,
          "offsetY": 0.2,
          "closeUp": 0.96
        },
        {
          "cutsceneType": "GACKSUNG_AFTER",
          "offsetX": -0.08,
          "offsetY": 0.2,
          "closeUp": 0.81
        }
      ]
    },
    {
      "id": 10607,
      "pivotList": [
        {
          "cutsceneType": "GACKSUNG_BEFORE",
          "offsetX": 0.14,
          "offsetY": 0.19,
          "closeUp": 0.97
        },
        {
          "cutsceneType": "GACKSUNG_AFTER",
          "offsetX": -0.04,
          "offsetY": 0.17,
          "closeUp": 0.66
        }
      ]
    },
    {
      "id": 10608,
      "pivotList": [
        {
          "cutsceneType": "GACKSUNG_BEFORE",
          "offsetX": 0.05,
          "offsetY": 0.01,
          "closeUp": 1.08
        },
        {
          "cutsceneType": "GACKSUNG_AFTER",
          "offsetX": -0.2,
          "offsetY": 0.24,
          "closeUp": 0.54
        }
      ]
    },
    {
      "id": 10609,
      "pivotList": [
        {
          "cutsceneType": "GACKSUNG_BEFORE",
          "offsetX": 0.01,
          "offsetY": 0.24,
          "closeUp": 0.49
        },
        {
          "cutsceneType": "GACKSUNG_AFTER",
          "offsetX": -0.02,
          "offsetY": 0.18,
          "closeUp": 0.49
        }
      ]
    },
    {
      "id": 10701,
      "pivotList": [
        {
          "cutsceneType": "GACKSUNG_BEFORE",
          "offsetX": -0.07,
          "offsetY": 0.21,
          "closeUp": 0.72
        },
        {
          "cutsceneType": "GACKSUNG_AFTER",
          "offsetX": -0.07,
          "offsetY": 0.21,
          "closeUp": 0.72
        }
      ]
    },
    {
      "id": 10702,
      "pivotList": [
        {
          "cutsceneType": "GACKSUNG_BEFORE",
          "offsetX": -0.19,
          "offsetY": 0.21,
          "closeUp": 0.68
        },
        {
          "cutsceneType": "GACKSUNG_AFTER",
          "offsetX": -0.19,
          "offsetY": 0.33,
          "closeUp": 0.93
        }
      ]
    },
    {
      "id": 10703,
      "pivotList": [
        {
          "cutsceneType": "GACKSUNG_BEFORE",
          "offsetX": -0.03,
          "offsetY": 0.24,
          "closeUp": 0.77
        },
        {
          "cutsceneType": "GACKSUNG_AFTER",
          "offsetX": -0.05,
          "offsetY": 0.27,
          "closeUp": 0.77
        }
      ]
    },
    {
      "id": 10704,
      "pivotList": [
        {
          "cutsceneType": "GACKSUNG_BEFORE",
          "offsetX": -0.15,
          "offsetY": 0.27,
          "closeUp": 0.72
        },
        {
          "cutsceneType": "GACKSUNG_AFTER",
          "offsetX": 0.04,
          "offsetY": 0.31,
          "closeUp": 0.76
        }
      ]
    },
    {
      "id": 10705,
      "pivotList": [
        {
          "cutsceneType": "GACKSUNG_BEFORE",
          "offsetX": -0.31,
          "offsetY": 0.15,
          "closeUp": 0.77
        },
        {
          "cutsceneType": "GACKSUNG_AFTER",
          "offsetX": 0.01,
          "offsetY": 0.24,
          "closeUp": 0.56
        }
      ]
    },
    {
      "id": 10706,
      "pivotList": [
        {
          "cutsceneType": "GACKSUNG_BEFORE",
          "offsetX": -0.07,
          "offsetY": 0.21,
          "closeUp": 0.81
        },
        {
          "cutsceneType": "GACKSUNG_AFTER",
          "offsetX": 0.14,
          "offsetY": 0.21,
          "closeUp": 0.63
        }
      ]
    },
    {
      "id": 10707,
      "pivotList": [
        {
          "cutsceneType": "GACKSUNG_BEFORE",
          "offsetX": -0.03,
          "offsetY": 0.17,
          "closeUp": 0.49
        },
        {
          "cutsceneType": "GACKSUNG_AFTER",
          "offsetX": -0.09,
          "offsetY": 0.3,
          "closeUp": 0.49
        }
      ]
    },
    {
      "id": 10708,
      "pivotList": [
        {
          "cutsceneType": "GACKSUNG_BEFORE",
          "offsetX": -0.09,
          "offsetY": 0.27,
          "closeUp": 0.4
        },
        {
          "cutsceneType": "GACKSUNG_AFTER",
          "offsetX": 0.02,
          "offsetY": 0.11,
          "closeUp": 0.64
        }
      ]
    },
    {
      "id": 10709,
      "pivotList": [
        {
          "cutsceneType": "GACKSUNG_BEFORE",
          "offsetX": 0.09,
          "offsetY": 0.15,
          "closeUp": 0.7
        },
        {
          "cutsceneType": "GACKSUNG_AFTER",
          "offsetX": -0.03,
          "offsetY": 0.15,
          "closeUp": 0.7
        }
      ]
    },
    {
      "id": 10710,
      "pivotList": [
        {
          "cutsceneType": "GACKSUNG_BEFORE",
          "offsetX": 0.02,
          "offsetY": 0.29,
          "closeUp": 0.58
        },
        {
          "cutsceneType": "GACKSUNG_AFTER",
          "offsetX": -0.19,
          "offsetY": 0.16,
          "closeUp": 0.4
        }
      ]
    },
    {
      "id": 10801,
      "pivotList": [
        {
          "cutsceneType": "GACKSUNG_BEFORE",
          "offsetX": -0.05,
          "offsetY": 0.18,
          "closeUp": 0.77
        },
        {
          "cutsceneType": "GACKSUNG_AFTER",
          "offsetX": -0.05,
          "offsetY": 0.18,
          "closeUp": 0.77
        }
      ]
    },
    {
      "id": 10802,
      "pivotList": [
        {
          "cutsceneType": "GACKSUNG_BEFORE",
          "offsetX": 0.22,
          "offsetY": 0.24,
          "closeUp": 0.8
        },
        {
          "cutsceneType": "GACKSUNG_AFTER",
          "offsetX": -0.17,
          "offsetY": 0.21,
          "closeUp": 0.8
        }
      ]
    },
    {
      "id": 10803,
      "pivotList": [
        {
          "cutsceneType": "GACKSUNG_BEFORE",
          "offsetX": -0.03,
          "offsetY": 0.24,
          "closeUp": 0.8
        },
        {
          "cutsceneType": "GACKSUNG_AFTER",
          "offsetX": -0.16,
          "offsetY": 0.15,
          "closeUp": 0.72
        }
      ]
    },
    {
      "id": 10804,
      "pivotList": [
        {
          "cutsceneType": "GACKSUNG_BEFORE",
          "offsetX": 0.18,
          "offsetY": 0.24,
          "closeUp": 0.8
        },
        {
          "cutsceneType": "GACKSUNG_AFTER",
          "offsetX": -0.08,
          "offsetY": 0.22,
          "closeUp": 1.05
        }
      ]
    },
    {
      "id": 10805,
      "pivotList": [
        {
          "cutsceneType": "GACKSUNG_BEFORE",
          "offsetX": -0.28,
          "offsetY": 0.23,
          "closeUp": 0.67
        },
        {
          "cutsceneType": "GACKSUNG_AFTER",
          "offsetX": 0.05,
          "offsetY": 0.23,
          "closeUp": 0.67
        }
      ]
    },
    {
      "id": 10806,
      "pivotList": [
        {
          "cutsceneType": "GACKSUNG_BEFORE",
          "offsetX": -0.15,
          "offsetY": 0.27,
          "closeUp": 0.93
        },
        {
          "cutsceneType": "GACKSUNG_AFTER",
          "offsetX": -0.15,
          "offsetY": 0.11,
          "closeUp": 0.95
        }
      ]
    },
    {
      "id": 10807,
      "pivotList": [
        {
          "cutsceneType": "GACKSUNG_BEFORE",
          "offsetX": 0.04,
          "offsetY": 0.23,
          "closeUp": 0.65
        },
        {
          "cutsceneType": "GACKSUNG_AFTER",
          "offsetX": 0.04,
          "offsetY": 0.29,
          "closeUp": 0.65
        }
      ]
    },
    {
      "id": 10808,
      "pivotList": [
        {
          "cutsceneType": "GACKSUNG_BEFORE",
          "offsetX": 0.18,
          "offsetY": 0.08,
          "closeUp": 0.49
        },
        {
          "cutsceneType": "GACKSUNG_AFTER",
          "offsetX": -0.1,
          "offsetY": 0.2,
          "closeUp": 0.49
        }
      ]
    },
    {
      "id": 10809,
      "pivotList": [
        {
          "cutsceneType": "GACKSUNG_BEFORE",
          "offsetX": -0.07,
          "offsetY": 0.09,
          "closeUp": 0.61
        },
        {
          "cutsceneType": "GACKSUNG_AFTER",
          "offsetX": 0.01,
          "offsetY": 0.18,
          "closeUp": 0.61
        }
      ]
    },
    {
      "id": 10901,
      "pivotList": [
        {
          "cutsceneType": "GACKSUNG_BEFORE",
          "offsetX": -0.07,
          "offsetY": 0.15,
          "closeUp": 1.08
        },
        {
          "cutsceneType": "GACKSUNG_AFTER",
          "offsetX": -0.07,
          "offsetY": 0.15,
          "closeUp": 1.08
        }
      ]
    },
    {
      "id": 10902,
      "pivotList": [
        {
          "cutsceneType": "GACKSUNG_BEFORE",
          "offsetX": 0.14,
          "offsetY": 0.3,
          "closeUp": 0.62
        },
        {
          "cutsceneType": "GACKSUNG_AFTER",
          "offsetX": -0.04,
          "offsetY": 0.3,
          "closeUp": 0.74
        }
      ]
    },
    {
      "id": 10903,
      "pivotList": [
        {
          "cutsceneType": "GACKSUNG_BEFORE",
          "offsetX": -0.01,
          "offsetY": 0.3,
          "closeUp": 0.83
        },
        {
          "cutsceneType": "GACKSUNG_AFTER",
          "offsetX": -0.01,
          "offsetY": 0.15,
          "closeUp": 0.81
        }
      ]
    },
    {
      "id": 10904,
      "pivotList": [
        {
          "cutsceneType": "GACKSUNG_BEFORE",
          "offsetX": 0.14,
          "offsetY": 0.08,
          "closeUp": 0.83
        },
        {
          "cutsceneType": "GACKSUNG_AFTER",
          "offsetX": 0.14,
          "offsetY": 0.2,
          "closeUp": 0.83
        }
      ]
    },
    {
      "id": 10905,
      "pivotList": [
        {
          "cutsceneType": "GACKSUNG_BEFORE",
          "offsetX": 0.16,
          "offsetY": 0.15,
          "closeUp": 0.66
        },
        {
          "cutsceneType": "GACKSUNG_AFTER",
          "offsetX": -0.05,
          "offsetY": 0.27,
          "closeUp": 0.67
        }
      ]
    },
    {
      "id": 10906,
      "pivotList": [
        {
          "cutsceneType": "GACKSUNG_BEFORE",
          "offsetX": -0.28,
          "offsetY": 0.26,
          "closeUp": 0.46
        },
        {
          "cutsceneType": "GACKSUNG_AFTER",
          "offsetX": -0.11,
          "offsetY": 0.26,
          "closeUp": 0.93
        }
      ]
    },
    {
      "id": 10907,
      "pivotList": [
        {
          "cutsceneType": "GACKSUNG_BEFORE",
          "offsetX": 0.02,
          "offsetY": 0.24,
          "closeUp": 0.74
        },
        {
          "cutsceneType": "GACKSUNG_AFTER",
          "offsetX": -0.13,
          "offsetY": 0.18,
          "closeUp": 0.74
        }
      ]
    },
    {
      "id": 10908,
      "pivotList": [
        {
          "cutsceneType": "GACKSUNG_BEFORE",
          "offsetX": -0.09,
          "offsetY": 0.25,
          "closeUp": 0.91
        },
        {
          "cutsceneType": "GACKSUNG_AFTER",
          "offsetX": 0.09,
          "offsetY": 0.23,
          "closeUp": 0.85
        }
      ]
    },
    {
      "id": 10909,
      "pivotList": [
        {
          "cutsceneType": "GACKSUNG_BEFORE",
          "offsetX": -0.19,
          "offsetY": 0.18,
          "closeUp": 0.7
        },
        {
          "cutsceneType": "GACKSUNG_AFTER",
          "offsetX": -0.1,
          "offsetY": 0.12,
          "closeUp": 0.97
        }
      ]
    },
    {
      "id": 10910,
      "pivotList": [
        {
          "cutsceneType": "GACKSUNG_BEFORE",
          "offsetX": 0.11,
          "offsetY": 0.15,
          "closeUp": 0.7
        },
        {
          "cutsceneType": "GACKSUNG_AFTER",
          "offsetX": 0.11,
          "offsetY": 0.21,
          "closeUp": 0.7
        }
      ]
    },
    {
      "id": 11001,
      "pivotList": [
        {
          "cutsceneType": "GACKSUNG_BEFORE",
          "offsetX": -0.02,
          "offsetY": 0.21,
          "closeUp": 0.96
        },
        {
          "cutsceneType": "GACKSUNG_AFTER",
          "offsetX": -0.02,
          "offsetY": 0.21,
          "closeUp": 0.96
        }
      ]
    },
    {
      "id": 11002,
      "pivotList": [
        {
          "cutsceneType": "GACKSUNG_BEFORE",
          "offsetX": -0.04,
          "offsetY": 0.2,
          "closeUp": 0.96
        },
        {
          "cutsceneType": "GACKSUNG_AFTER",
          "offsetX": -0.03,
          "offsetY": 0.21,
          "closeUp": 0.6
        }
      ]
    },
    {
      "id": 11003,
      "pivotList": [
        {
          "cutsceneType": "GACKSUNG_BEFORE",
          "offsetX": -0.22,
          "offsetY": 0.2,
          "closeUp": 0.78
        },
        {
          "cutsceneType": "GACKSUNG_AFTER",
          "offsetX": 0.03,
          "offsetY": 0.25,
          "closeUp": 0.61
        }
      ]
    },
    {
      "id": 11004,
      "pivotList": [
        {
          "cutsceneType": "GACKSUNG_BEFORE",
          "offsetX": 0.02,
          "offsetY": 0.2,
          "closeUp": 0.78
        },
        {
          "cutsceneType": "GACKSUNG_AFTER",
          "offsetX": -0.08,
          "offsetY": 0.22,
          "closeUp": 1.05
        }
      ]
    },
    {
      "id": 11005,
      "pivotList": [
        {
          "cutsceneType": "GACKSUNG_BEFORE",
          "offsetX": -0.11,
          "offsetY": 0.23,
          "closeUp": 0.71
        },
        {
          "cutsceneType": "GACKSUNG_AFTER",
          "offsetX": 0.16,
          "offsetY": 0.05,
          "closeUp": 0.48
        }
      ]
    },
    {
      "id": 11006,
      "pivotList": [
        {
          "cutsceneType": "GACKSUNG_BEFORE",
          "offsetX": -0.25,
          "offsetY": 0.02,
          "closeUp": 1.04
        },
        {
          "cutsceneType": "GACKSUNG_AFTER",
          "offsetX": -0.05,
          "offsetY": 0.24,
          "closeUp": 1.04
        }
      ]
    },
    {
      "id": 11007,
      "pivotList": [
        {
          "cutsceneType": "GACKSUNG_BEFORE",
          "offsetX": 0.04,
          "offsetY": 0.09,
          "closeUp": 0.69
        },
        {
          "cutsceneType": "GACKSUNG_AFTER",
          "offsetX": 0.04,
          "offsetY": 0.23,
          "closeUp": 0.69
        }
      ]
    },
    {
      "id": 11008,
      "pivotList": [
        {
          "cutsceneType": "GACKSUNG_BEFORE",
          "offsetX": -0.13,
          "offsetY": 0.24,
          "closeUp": 0.64
        },
        {
          "cutsceneType": "GACKSUNG_AFTER",
          "offsetX": 0.16,
          "offsetY": 0.06,
          "closeUp": 0.67
        }
      ]
    },
    {
      "id": 11009,
      "pivotList": [
        {
          "cutsceneType": "GACKSUNG_BEFORE",
          "offsetX": -0.03,
          "offsetY": 0.18,
          "closeUp": 0.55
        },
        {
          "cutsceneType": "GACKSUNG_AFTER",
          "offsetX": -0.18,
          "offsetY": 0.18,
          "closeUp": 0.55
        }
      ]
    },
    {
      "id": 11101,
      "pivotList": [
        {
          "cutsceneType": "GACKSUNG_BEFORE",
          "offsetX": -0.03,
          "offsetY": 0.22,
          "closeUp": 0.79
        },
        {
          "cutsceneType": "GACKSUNG_AFTER",
          "offsetX": -0.03,
          "offsetY": 0.22,
          "closeUp": 0.79
        }
      ]
    },
    {
      "id": 11102,
      "pivotList": [
        {
          "cutsceneType": "GACKSUNG_BEFORE",
          "offsetX": 0.02,
          "offsetY": 0.2,
          "closeUp": 0.97
        },
        {
          "cutsceneType": "GACKSUNG_AFTER",
          "offsetX": 0.09,
          "offsetY": 0.19,
          "closeUp": 0.75
        }
      ]
    },
    {
      "id": 11103,
      "pivotList": [
        {
          "cutsceneType": "GACKSUNG_BEFORE",
          "offsetX": 0.15,
          "offsetY": 0.23,
          "closeUp": 0.8
        },
        {
          "cutsceneType": "GACKSUNG_AFTER",
          "offsetX": -0.14,
          "offsetY": 0.12,
          "closeUp": 1.01
        }
      ]
    },
    {
      "id": 11104,
      "pivotList": [
        {
          "cutsceneType": "GACKSUNG_BEFORE",
          "offsetX": -0.09,
          "offsetY": 0.18,
          "closeUp": 1.06
        },
        {
          "cutsceneType": "GACKSUNG_AFTER",
          "offsetX": -0.09,
          "offsetY": 0.3,
          "closeUp": 0.76
        }
      ]
    },
    {
      "id": 11105,
      "pivotList": [
        {
          "cutsceneType": "GACKSUNG_BEFORE",
          "offsetX": -0.07,
          "offsetY": 0.09,
          "closeUp": 0.76
        },
        {
          "cutsceneType": "GACKSUNG_AFTER",
          "offsetX": -0.02,
          "offsetY": 0.12,
          "closeUp": 0.76
        }
      ]
    },
    {
      "id": 11106,
      "pivotList": [
        {
          "cutsceneType": "GACKSUNG_BEFORE",
          "offsetX": -0.03,
          "offsetY": 0.26,
          "closeUp": 0.67
        },
        {
          "cutsceneType": "GACKSUNG_AFTER",
          "offsetX": 0.1,
          "offsetY": 0.26,
          "closeUp": 0.67
        }
      ]
    },
    {
      "id": 11107,
      "pivotList": [
        {
          "cutsceneType": "GACKSUNG_BEFORE",
          "offsetX": -0.17,
          "offsetY": 0.18,
          "closeUp": 0.65
        },
        {
          "cutsceneType": "GACKSUNG_AFTER",
          "offsetX": 0.14,
          "offsetY": 0.18,
          "closeUp": 0.65
        }
      ]
    },
    {
      "id": 11108,
      "pivotList": [
        {
          "cutsceneType": "GACKSUNG_BEFORE",
          "offsetX": 0.17,
          "offsetY": 0.22,
          "closeUp": 0.54
        },
        {
          "cutsceneType": "GACKSUNG_AFTER",
          "offsetX": 0.08,
          "offsetY": 0.1,
          "closeUp": 0.86
        }
      ]
    },
    {
      "id": 11109,
      "pivotList": [
        {
          "cutsceneType": "GACKSUNG_BEFORE",
          "offsetX": -0.09,
          "offsetY": 0.15,
          "closeUp": 0.71
        },
        {
          "cutsceneType": "GACKSUNG_AFTER",
          "offsetX": 0.03,
          "offsetY": 0.15,
          "closeUp": 0.64
        }
      ]
    },
    {
      "id": 11110,
      "pivotList": [
        {
          "cutsceneType": "GACKSUNG_BEFORE",
          "offsetX": -0.08,
          "offsetY": 0.18,
          "closeUp": 0.61
        },
        {
          "cutsceneType": "GACKSUNG_AFTER",
          "offsetX": -0.2,
          "offsetY": 0.18,
          "closeUp": 0.61
        }
      ]
    },
    {
      "id": 11201,
      "pivotList": [
        {
          "cutsceneType": "GACKSUNG_BEFORE",
          "offsetX": -0.02,
          "offsetY": 0.09,
          "closeUp": 1
        },
        {
          "cutsceneType": "GACKSUNG_AFTER",
          "offsetX": -0.02,
          "offsetY": 0.09,
          "closeUp": 1
        }
      ]
    },
    {
      "id": 11202,
      "pivotList": [
        {
          "cutsceneType": "GACKSUNG_BEFORE",
          "offsetX": -0.03,
          "offsetY": 0.17,
          "closeUp": 0.96
        },
        {
          "cutsceneType": "GACKSUNG_AFTER",
          "offsetX": 0.01,
          "offsetY": 0.28,
          "closeUp": 0.68
        }
      ]
    },
    {
      "id": 11203,
      "pivotList": [
        {
          "cutsceneType": "GACKSUNG_BEFORE",
          "offsetX": -0.11,
          "offsetY": 0.29,
          "closeUp": 0.75
        },
        {
          "cutsceneType": "GACKSUNG_AFTER",
          "offsetX": -0.08,
          "offsetY": 0.22,
          "closeUp": 0.82
        }
      ]
    },
    {
      "id": 11204,
      "pivotList": [
        {
          "cutsceneType": "GACKSUNG_BEFORE",
          "offsetX": -0.14,
          "offsetY": 0.24,
          "closeUp": 0.7
        },
        {
          "cutsceneType": "GACKSUNG_AFTER",
          "offsetX": 0.01,
          "offsetY": 0.24,
          "closeUp": 0.59
        }
      ]
    },
    {
      "id": 11205,
      "pivotList": [
        {
          "cutsceneType": "GACKSUNG_BEFORE",
          "offsetX": -0.3,
          "offsetY": 0.22,
          "closeUp": 0.62
        },
        {
          "cutsceneType": "GACKSUNG_AFTER",
          "offsetX": 0.11,
          "offsetY": 0.21,
          "closeUp": 0.7
        }
      ]
    },
    {
      "id": 11206,
      "pivotList": [
        {
          "cutsceneType": "GACKSUNG_BEFORE",
          "offsetX": -0.2,
          "offsetY": 0.14,
          "closeUp": 0.82
        },
        {
          "cutsceneType": "GACKSUNG_AFTER",
          "offsetX": -0.2,
          "offsetY": 0.11,
          "closeUp": 0.82
        }
      ]
    },
    {
      "id": 11207,
      "pivotList": [
        {
          "cutsceneType": "GACKSUNG_BEFORE",
          "offsetX": 0.04,
          "offsetY": 0.21,
          "closeUp": 0.88
        },
        {
          "cutsceneType": "GACKSUNG_AFTER",
          "offsetX": 0.1,
          "offsetY": 0.21,
          "closeUp": 0.88
        }
      ]
    },
    {
      "id": 11208,
      "pivotList": [
        {
          "cutsceneType": "GACKSUNG_BEFORE",
          "offsetX": -0.06,
          "offsetY": -0.01,
          "closeUp": 1.01
        },
        {
          "cutsceneType": "GACKSUNG_AFTER",
          "offsetX": -0.2,
          "offsetY": 0.27,
          "closeUp": 0.71
        }
      ]
    },
    {
      "id": 11209,
      "pivotList": [
        {
          "cutsceneType": "GACKSUNG_BEFORE",
          "offsetX": -0.13,
          "offsetY": 0.19,
          "closeUp": 0.57
        },
        {
          "cutsceneType": "GACKSUNG_AFTER",
          "offsetX": -0.04,
          "offsetY": 0.19,
          "closeUp": 0.68
        }
      ]
    }
  ]
}