{
  "list": [
    {
      "priceTier": 1,
      "usd_cent": 99,
      "krw": 1100,
      "jpy": 100
    },
    {
      "priceTier": 3,
      "usd_cent": 299,
      "krw": 4400,
      "jpy": 400
    },
    {
      "priceTier": 4,
      "usd_cent": 399,
      "krw": 5100,
      "jpy": 460
    },
    {
      "priceTier": 7,
      "usd_cent": 699,
      "krw": 9900,
      "jpy": 1000
    },
    {
      "priceTier": 10,
      "usd_cent": 999,
      "krw": 14000,
      "jpy": 1500
    },
    {
      "priceTier": 11,
      "usd_cent": 1099,
      "krw": 15000,
      "jpy": 1500
    },
    {
      "priceTier": 12,
      "usd_cent": 1199,
      "krw": 17000,
      "jpy": 1650
    },
    {
      "priceTier": 19,
      "usd_cent": 1899,
      "krw": 28000,
      "jpy": 2600
    },
    {
      "priceTier": 22,
      "usd_cent": 2199,
      "krw": 33000,
      "jpy": 3000
    },
    {
      "priceTier": 24,
      "usd_cent": 2399,
      "krw": 33000,
      "jpy": 3400
    },
    {
      "priceTier": 31,
      "usd_cent": 3099,
      "krw": 44000,
      "jpy": 4500
    },
    {
      "priceTier": 33,
      "usd_cent": 3299,
      "krw": 46000,
      "jpy": 4800
    },
    {
      "priceTier": 42,
      "usd_cent": 4199,
      "krw": 55000,
      "jpy": 6000
    },
    {
      "priceTier": 52,
      "usd_cent": 5999,
      "krw": 88000,
      "jpy": 9000
    },
    {
      "priceTier": 53,
      "usd_cent": 6199,
      "krw": 90000,
      "jpy": 9200
    },
    {
      "priceTier": 54,
      "usd_cent": 6999,
      "krw": 99000,
      "jpy": 10000
    },
    {
      "priceTier": 56,
      "usd_cent": 7999,
      "krw": 110000,
      "jpy": 12000
    }
  ]
}