{
  "list": [
    {
      "personalityID": 10501,
      "battlePassiveList": [
        {
          "level": 1,
          "passiveIDList": [
            1050101
          ]
        }
      ],
      "supporterPassiveList": [
        {
          "level": 3,
          "passiveIDList": [
            1050121
          ]
        }
      ]
    },
    {
      "personalityID": 10502,
      "battlePassiveList": [
        {
          "level": 2,
          "passiveIDList": [
            1050201
          ]
        }
      ],
      "supporterPassiveList": [
        {
          "level": 3,
          "passiveIDList": [
            1050221
          ]
        }
      ]
    },
    {
      "personalityID": 10503,
      "battlePassiveList": [
        {
          "level": 2,
          "passiveIDList": [
            1050301
          ]
        },
        {
          "level": 4,
          "passiveIDList": [
            1050311
          ]
        }
      ],
      "supporterPassiveList": [
        {
          "level": 3,
          "passiveIDList": [
            1050321
          ]
        }
      ]
    },
    {
      "personalityID": 10504,
      "battlePassiveList": [
        {
          "level": 2,
          "passiveIDList": [
            1050401
          ]
        }
      ],
      "supporterPassiveList": [
        {
          "level": 3,
          "passiveIDList": [
            1050421
          ]
        }
      ]
    },
    {
      "personalityID": 10505,
      "battlePassiveList": [
        {
          "level": 2,
          "passiveIDList": [
            1050501
          ]
        }
      ],
      "supporterPassiveList": [
        {
          "level": 3,
          "passiveIDList": [
            1050521
          ]
        }
      ]
    },
    {
      "personalityID": 10506,
      "battlePassiveList": [
        {
          "level": 2,
          "passiveIDList": [
            1050601
          ]
        },
        {
          "level": 4,
          "passiveIDList": [
            1050611
          ]
        }
      ],
      "supporterPassiveList": [
        {
          "level": 3,
          "passiveIDList": [
            1050621
          ]
        }
      ]
    },
    {
      "personalityID": 10507,
      "battlePassiveList": [
        {
          "level": 2,
          "passiveIDList": [
            1050701
          ]
        },
        {
          "level": 4,
          "passiveIDList": [
            1050711
          ]
        }
      ],
      "supporterPassiveList": [
        {
          "level": 3,
          "passiveIDList": [
            1050721
          ]
        }
      ]
    },
    {
      "personalityID": 10508,
      "battlePassiveList": [
        {
          "level": 1,
          "passiveIDList": [
            1050802
          ]
        },
        {
          "level": 2,
          "passiveIDList": [
            1050802,
            1050801
          ]
        },
        {
          "level": 4,
          "passiveIDList": [
            1050802,
            1050811
          ]
        }
      ],
      "supporterPassiveList": [
        {
          "level": 3,
          "passiveIDList": [
            1050821
          ]
        }
      ]
    },
    {
      "personalityID": 10509,
      "battlePassiveList": [
        {
          "level": 2,
          "passiveIDList": [
            1050901
          ]
        },
        {
          "level": 4,
          "passiveIDList": [
            1050911
          ]
        }
      ],
      "supporterPassiveList": [
        {
          "level": 3,
          "passiveIDList": [
            1050921
          ]
        },
        {
          "level": 4,
          "passiveIDList": [
            1050931
          ]
        }
      ]
    },
    {
      "personalityID": 10510,
      "battlePassiveList": [
        {
          "level": 2,
          "passiveIDList": [
            1051001
          ]
        }
      ],
      "supporterPassiveList": [
        {
          "level": 3,
          "passiveIDList": [
            1051021
          ]
        }
      ]
    }
  ]
}