{
  "list": [
    {
      "id": 10110,
      "stageLevel": 4,
      "stageType": "Normal",
      "participantInfo": {
        "min": 5,
        "max": 5
      },
      "waveList": [
        {
          "battleMapInfo": {
            "mapName": "LCorpCenter_v1",
            "mapSize": 33.32
          },
          "unitList": [
            {
              "unitID": 90001,
              "unitCount": 1,
              "unitLevel": 4
            },
            {
              "unitID": 90012,
              "unitCount": 1,
              "unitLevel": 4
            },
            {
              "unitID": 90013,
              "unitCount": 1,
              "unitLevel": 4
            }
          ],
          "bgmList": [
            "Battle_Cp1_Ally_1",
            "Battle_Cp1_Enemy_1"
          ],
          "enemyPositionID": 16
        }
      ],
      "staminaCost": 0,
      "recommendedLevel": 4,
      "turnLimit": 99,
      "questlist": [
        {
          "args": [
            "10"
          ],
          "localizeId": 1
        }
      ],
      "rewardList": [
      ],
      "story": {
        "exit": [
          "1D101A"
        ]
      }
    },
    {
      "id": 10111,
      "stageLevel": 4,
      "stageType": "Normal",
      "participantInfo": {
        "min": 5,
        "max": 5
      },
      "waveList": [
        {
          "battleMapInfo": {
            "mapName": "LCorpElevator_v1",
            "mapSize": 33.32
          },
          "unitList": [
            {
              "unitID": 90002,
              "unitCount": 2,
              "unitLevel": 4
            },
            {
              "unitID": 90003,
              "unitCount": 1,
              "unitLevel": 4
            }
          ],
          "bgmList": [
            "Battle_Cp1_Ally_1",
            "Battle_Cp1_Enemy_1"
          ],
          "enemyPositionID": 16
        }
      ],
      "staminaCost": 0,
      "recommendedLevel": 4,
      "turnLimit": 99,
      "questlist": [
        {
          "args": [
            "10"
          ],
          "localizeId": 1
        }
      ],
      "rewardList": [
      ],
      "story": {
        "exit": [
          "1D101A"
        ]
      }
    },
    {
      "id": 10112,
      "stageLevel": 4,
      "stageType": "Normal",
      "participantInfo": {
        "min": 5,
        "max": 5
      },
      "waveList": [
        {
          "battleMapInfo": {
            "mapName": "LCorpElevator_v1",
            "mapSize": 33.32
          },
          "unitList": [
            {
              "unitID": 90002,
              "unitCount": 1,
              "unitLevel": 4
            },
            {
              "unitID": 90003,
              "unitCount": 2,
              "unitLevel": 4
            }
          ],
          "bgmList": [
            "Battle_Cp1_Ally_1",
            "Battle_Cp1_Enemy_1"
          ],
          "enemyPositionID": 16
        }
      ],
      "staminaCost": 0,
      "recommendedLevel": 4,
      "turnLimit": 99,
      "questlist": [
        {
          "args": [
            "10"
          ],
          "localizeId": 1
        }
      ],
      "rewardList": [
      ],
      "story": {
        "exit": [
          "1D101A"
        ]
      }
    },
    {
      "id": 10113,
      "stageLevel": 5,
      "stageType": "Normal",
      "participantInfo": {
        "min": 5,
        "max": 5
      },
      "waveList": [
        {
          "battleMapInfo": {
            "mapName": "LCorpCenter"
          },
          "unitList": [
            {
              "unitID": 90001,
              "unitCount": 1,
              "unitLevel": 5
            },
            {
              "unitID": 90002,
              "unitCount": 1,
              "unitLevel": 5
            },
            {
              "unitID": 90003,
              "unitCount": 1,
              "unitLevel": 5
            },
            {
              "unitID": 91001,
              "unitCount": 1,
              "unitLevel": 5
            }
          ],
          "bgmList": [
            "Battle_Cp1_Ally_2",
            "Battle_Cp1_Enemy_2"
          ],
          "enemyPositionID": 17
        }
      ],
      "staminaCost": 0,
      "recommendedLevel": 5,
      "turnLimit": 99,
      "questlist": [
        {
          "args": [
            "10"
          ],
          "localizeId": 1
        }
      ],
      "rewardList": [
      ],
      "story": {
        "enter": [
          "1D202B"
        ],
        "exit": [
          "1D202A"
        ]
      }
    },
    {
      "id": 10114,
      "stageLevel": 6,
      "stageType": "Normal",
      "participantInfo": {
        "min": 5,
        "max": 5
      },
      "waveList": [
        {
          "battleMapInfo": {
            "mapName": "SmokeWar"
          },
          "unitList": [
            {
              "unitID": 90014,
              "unitCount": 1,
              "unitLevel": 6
            },
            {
              "unitID": 90015,
              "unitCount": 2,
              "unitLevel": 6
            },
            {
              "unitID": 90016,
              "unitCount": 1,
              "unitLevel": 6
            }
          ],
          "bgmList": [
            "Battle_Cp1_Ally_1",
            "Battle_Cp1_Enemy_1"
          ],
          "enemyPositionID": 17
        }
      ],
      "staminaCost": 0,
      "recommendedLevel": 6,
      "turnLimit": 99,
      "questlist": [
        {
          "args": [
            "10"
          ],
          "localizeId": 1
        }
      ],
      "rewardList": [
      ],
      "story": {
        "enter": [
          "1D302B"
        ]
      }
    },
    {
      "id": 10115,
      "stageLevel": 6,
      "stageType": "Normal",
      "participantInfo": {
        "min": 5,
        "max": 5
      },
      "waveList": [
        {
          "battleMapInfo": {
            "mapName": "SmokeWar"
          },
          "unitList": [
            {
              "unitID": 90015,
              "unitCount": 2,
              "unitLevel": 6
            },
            {
              "unitID": 90003,
              "unitCount": 2,
              "unitLevel": 6
            }
          ],
          "bgmList": [
            "Battle_Cp1_Ally_1",
            "Battle_Cp1_Enemy_1"
          ],
          "enemyPositionID": 17
        }
      ],
      "staminaCost": 0,
      "recommendedLevel": 6,
      "turnLimit": 99,
      "questlist": [
        {
          "args": [
            "10"
          ],
          "localizeId": 1
        }
      ],
      "rewardList": [
      ],
      "story": {
        "enter": [
          "1D302B"
        ]
      }
    },
    {
      "id": 10116,
      "stageLevel": 6,
      "stageType": "Normal",
      "participantInfo": {
        "min": 5,
        "max": 5
      },
      "waveList": [
        {
          "battleMapInfo": {
            "mapName": "SmokeWar_v1"
          },
          "unitList": [
            {
              "unitID": 90014,
              "unitCount": 1,
              "unitLevel": 6
            },
            {
              "unitID": 90015,
              "unitCount": 1,
              "unitLevel": 6
            },
            {
              "unitID": 90016,
              "unitCount": 2,
              "unitLevel": 6
            },
            {
              "unitID": 91002,
              "unitCount": 1,
              "unitLevel": 6
            }
          ],
          "bgmList": [
            "Battle_Cp1_Ally_2",
            "Battle_Cp1_Enemy_2"
          ],
          "enemyPositionID": 18
        }
      ],
      "staminaCost": 0,
      "recommendedLevel": 6,
      "turnLimit": 99,
      "questlist": [
        {
          "args": [
            "10"
          ],
          "localizeId": 1
        }
      ],
      "rewardList": [
      ]
    },
    {
      "id": 10117,
      "stageLevel": 6,
      "stageType": "Normal",
      "participantInfo": {
        "min": 5,
        "max": 5
      },
      "waveList": [
        {
          "battleMapInfo": {
            "mapName": "SmokeWar_v1"
          },
          "unitList": [
            {
              "unitID": 90014,
              "unitCount": 2,
              "unitLevel": 6
            },
            {
              "unitID": 90001,
              "unitCount": 2,
              "unitLevel": 6
            }
          ],
          "bgmList": [
            "Battle_Cp1_Ally_1",
            "Battle_Cp1_Enemy_1"
          ],
          "enemyPositionID": 17
        }
      ],
      "staminaCost": 0,
      "recommendedLevel": 6,
      "turnLimit": 99,
      "questlist": [
        {
          "args": [
            "10"
          ],
          "localizeId": 1
        }
      ],
      "rewardList": [
      ],
      "story": {
        "enter": [
          "1D303B"
        ]
      }
    },
    {
      "id": 10118,
      "stageLevel": 6,
      "stageType": "Normal",
      "participantInfo": {
        "min": 5,
        "max": 5
      },
      "waveList": [
        {
          "battleMapInfo": {
            "mapName": "SmokeWar_v1"
          },
          "unitList": [
            {
              "unitID": 90014,
              "unitCount": 1,
              "unitLevel": 6
            },
            {
              "unitID": 90015,
              "unitCount": 2,
              "unitLevel": 6
            },
            {
              "unitID": 90016,
              "unitCount": 1,
              "unitLevel": 6
            }
          ],
          "bgmList": [
            "Battle_Cp1_Ally_2",
            "Battle_Cp1_Enemy_2"
          ],
          "enemyPositionID": 17
        }
      ],
      "staminaCost": 0,
      "recommendedLevel": 6,
      "turnLimit": 99,
      "questlist": [
        {
          "args": [
            "10"
          ],
          "localizeId": 1
        }
      ],
      "rewardList": [
      ]
    }
  ]
}