{
  "list": [
    {
      "id": 10501,
      "stageLevel": 36,
      "stageType": "Normal",
      "participantInfo": {
        "min": 6,
        "max": 6
      },
      "waveList": [
        {
          "battleMapInfo": {
            "mapName": "Cp5_Stomach"
          },
          "unitList": [
            {
              "unitID": 90089,
              "unitCount": 2,
              "unitLevel": 36
            },
            {
              "unitID": 90090,
              "unitCount": 2,
              "unitLevel": 36
            }
          ],
          "bgmList": [
            "Battle_Cp5_Ally_1",
            "Battle_Cp5_Enemy_2"
          ]
        }
      ],
      "staminaCost": 0,
      "recommendedLevel": 36,
      "turnLimit": 99,
      "stageScriptList": ["a1c5p1_4"],
      "questlist": [
        {
          "args": [
            "10"
          ],
          "localizeId": 1
        }
      ],
      "rewardList": [],
      "story": {
        "enter": [
          "5D101B"
        ]
      }
    },
    {
      "id": 10502,
      "stageLevel": 36,
      "stageType": "Normal",
      "participantInfo": {
        "min": 6,
        "max": 6
      },
      "waveList": [
        {
          "battleMapInfo": {
            "mapName": "Cp5_Stomach"
          },
          "unitList": [
            {
              "unitID": 90092,
              "unitCount": 3,
              "unitLevel": 36
            },
            {
              "unitID": 90093,
              "unitCount": 2,
              "unitLevel": 36
            }
          ],
          "bgmList": [
            "Battle_Cp5_Ally_1",
            "Battle_Cp5_Enemy_1"
          ]
        }
      ],
      "staminaCost": 0,
      "recommendedLevel": 36,
      "turnLimit": 99,
      "stageScriptList": ["a1c5p1_4"],
      "questlist": [
        {
          "args": [
            "10"
          ],
          "localizeId": 1
        }
      ],
      "rewardList": [],
      "story": {
        "enter": [
          "5D102B"
        ],
        "exit": [
          "5D102A"
        ]
      }
    },
    {
      "id": 10503,
      "stageLevel": 36,
      "stageType": "Normal",
      "participantInfo": {
        "min": 6,
        "max": 6
      },
      "waveList": [
        {
          "battleMapInfo": {
            "mapName": "Cp5_Stomach"
          },
          "unitList": [
            {
              "unitID": 90089,
              "unitCount": 2,
              "unitLevel": 36
            },
            {
              "unitID": 90090,
              "unitCount": 1,
              "unitLevel": 36
            },
            {
              "unitID": 90091,
              "unitCount": 2,
              "unitLevel": 36
            }
          ],
          "bgmList": [
            "Battle_Cp5_Ally_2",
            "Battle_Cp5_Enemy_3"
          ]
        }
      ],
      "staminaCost": 0,
      "recommendedLevel": 36,
      "turnLimit": 99,
      "stageScriptList": ["a1c5p1_4"],
      "questlist": [
        {
          "args": [
            "10"
          ],
          "localizeId": 1
        }
      ],
      "rewardList": []
    },
    {
      "id": 10504,
      "stageLevel": 37,
      "stageType": "Normal",
      "participantInfo": {
        "min": 6,
        "max": 6
      },
      "waveList": [
        {
          "battleMapInfo": {
            "mapName": "Cp5_PequodTown"
          },
          "unitList": [
            {
              "unitID": 90098,
              "unitCount": 2,
              "unitLevel": 37
            },
            {
              "unitID": 90099,
              "unitCount": 2,
              "unitLevel": 37
            }
          ],
          "bgmList": [
            "Battle_Cp5_Ally_3",
            "Battle_Cp5_Enemy_4"
          ]
        }
      ],
      "staminaCost": 0,
      "recommendedLevel": 37,
      "turnLimit": 99,
      "stageScriptList": ["a1c5p1_4"],
      "questlist": [
        {
          "args": [
            "10"
          ],
          "localizeId": 1
        }
      ],
      "rewardList": [],
      "story": {
        "enter": [
          "5D104B"
        ]
      }
    },
    {
      "id": 10505,
      "stageLevel": 37,
      "stageType": "Normal",
      "participantInfo": {
        "min": 6,
        "max": 6
      },
      "waveList": [
        {
          "battleMapInfo": {
            "mapName": "Cp5_PequodTown"
          },
          "unitList": [
            {
              "unitID": 90098,
              "unitCount": 2,
              "unitLevel": 37
            },
            {
              "unitID": 90099,
              "unitCount": 2,
              "unitLevel": 37
            }
          ],
          "bgmList": [
            "Battle_Cp5_Ally_2",
            "Battle_Cp5_Enemy_3"
          ]
        }
      ],
      "staminaCost": 0,
      "recommendedLevel": 37,
      "turnLimit": 99,
      "stageScriptList": ["a1c5p1_4"],
      "questlist": [
        {
          "args": [
            "10"
          ],
          "localizeId": 1
        }
      ],
      "rewardList": []
    },
    {
      "id": 10507,
      "stageLevel": 37,
      "stageType": "Normal",
      "participantInfo": {
        "min": 6,
        "max": 6
      },
      "waveList": [
        {
          "battleMapInfo": {
            "mapName": "Cp5_HeartEntrance1"
          },
          "unitList": [
            {
              "unitID": 90094,
              "unitCount": 3,
              "unitLevel": 37
            },
            {
              "unitID": 90095,
              "unitCount": 1,
              "unitLevel": 37
            },
            {
              "unitID": 90091,
              "unitCount": 1,
              "unitLevel": 37
            }
          ],
          "bgmList": [
            "Battle_Cp5_Ally_1",
            "Battle_Cp5_Enemy_1"
          ]
        }
      ],
      "staminaCost": 0,
      "recommendedLevel": 37,
      "turnLimit": 99,
      "stageScriptList": ["a1c5p1_4"],
      "questlist": [
        {
          "args": [
            "10"
          ],
          "localizeId": 1
        }
      ],
      "rewardList": [],
      "story": {
        "enter": [
          "5D201B"
        ]
      }
    },
    {
      "id": 10508,
      "stageLevel": 37,
      "stageType": "Normal",
      "participantInfo": {
        "min": 6,
        "max": 6
      },
      "waveList": [
        {
          "battleMapInfo": {
            "mapName": "Cp5_HeartEntrance1"
          },
          "unitList": [
            {
              "unitID": 90094,
              "unitCount": 1,
              "unitLevel": 37
            },
            {
              "unitID": 90095,
              "unitCount": 1,
              "unitLevel": 37
            },
            {
              "unitID": 90092,
              "unitCount": 2,
              "unitLevel": 37
            },
            {
              "unitID": 90093,
              "unitCount": 1,
              "unitLevel": 37
            }
          ],
          "bgmList": [
            "Battle_Cp5_Ally_1",
            "Battle_Cp5_Enemy_2"
          ]
        }
      ],
      "staminaCost": 0,
      "recommendedLevel": 37,
      "turnLimit": 99,
      "stageScriptList": ["a1c5p1_4"],
      "questlist": [
        {
          "args": [
            "10"
          ],
          "localizeId": 1
        }
      ],
      "rewardList": []
    },
    {
      "id": 10511,
      "stageLevel": 38,
      "stageType": "Normal",
      "participantInfo": {
        "min": 6,
        "max": 6
      },
      "waveList": [
        {
          "battleMapInfo": {
            "mapName": "Cp5_HeartEntrance2"
          },
          "unitList": [
            {
              "unitID": 90089,
              "unitCount": 1,
              "unitLevel": 38
            },
            {
              "unitID": 90090,
              "unitCount": 1,
              "unitLevel": 38
            },
            {
              "unitID": 90091,
              "unitCount": 1,
              "unitLevel": 38
            },
            {
              "unitID": 90093,
              "unitCount": 1,
              "unitLevel": 38
            },
            {
              "unitID": 90092,
              "unitCount": 1,
              "unitLevel": 38
            }
          ],
          "bgmList": [
            "Battle_Cp5_Ally_2",
            "Battle_Cp5_Enemy_3"
          ]
        }
      ],
      "staminaCost": 0,
      "recommendedLevel": 38,
      "turnLimit": 99,
      "stageScriptList": ["a1c5p1_4"],
      "questlist": [
        {
          "args": [
            "10"
          ],
          "localizeId": 1
        }
      ],
      "rewardList": [],
      "story": {
        "enter": [
          "5D204B"
        ]
      }
    },
    {
      "id": 10517,
      "stageLevel": 38,
      "stageType": "Normal",
      "participantInfo": {
        "min": 6,
        "max": 6
      },
      "waveList": [
        {
          "battleMapInfo": {
            "mapName": "Cp5_HeartEntrance1"
          },
          "unitList": [
            {
              "unitID": 90092,
              "unitCount": 1,
              "unitLevel": 38
            },
            {
              "unitID": 90093,
              "unitCount": 1,
              "unitLevel": 38
            },
            {
              "unitID": 90092,
              "unitCount": 1,
              "unitLevel": 38
            },
            {
              "unitID": 90093,
              "unitCount": 1,
              "unitLevel": 38
            },
            {
              "unitID": 90089,
              "unitCount": 1,
              "unitLevel": 38
            }
          ],
          "bgmList": [
            "Battle_Cp5_Ally_2",
            "Battle_Cp5_Enemy_3"
          ]
        }
      ],
      "staminaCost": 0,
      "recommendedLevel": 38,
      "turnLimit": 99,
      "stageScriptList": ["a1c5p1_4"],
      "questlist": [
        {
          "args": [
            "10"
          ],
          "localizeId": 1
        }
      ],
      "rewardList": []
    },
    {
      "id": 10518,
      "stageLevel": 38,
      "stageType": "Normal",
      "participantInfo": {
        "min": 6,
        "max": 6
      },
      "waveList": [
        {
          "battleMapInfo": {
            "mapName": "Cp5_HeartEntrance1"
          },
          "unitList": [
            {
              "unitID": 90089,
              "unitCount": 3,
              "unitLevel": 38
            },
            {
              "unitID": 90091,
              "unitCount": 2,
              "unitLevel": 38
            }
          ],
          "bgmList": [
            "Battle_Cp5_Ally_3",
            "Battle_Cp5_Enemy_4"
          ]
        },
        {
          "unitList": [
            {
              "unitID": 90089,
              "unitCount": 3,
              "unitLevel": 38
            },
            {
              "unitID": 90091,
              "unitCount": 2,
              "unitLevel": 38
            }
          ]
        }
      ],
      "staminaCost": 0,
      "recommendedLevel": 38,
      "turnLimit": 99,
      "stageScriptList": ["a1c5p1_4"],
      "questlist": [
        {
          "args": [
            "10"
          ],
          "localizeId": 1
        }
      ],
      "rewardList": []
    }
  ]
}