{
  "list": [
    {
      "id": 910901,
      "stageLevel": 45,
      "stageType": "Normal",
      "participantInfo": {
        "min": 6,
        "max": 6
      },
      "waveList": [
        {
          "battleMapInfo": {
            "mapName": "Cp6.5-1_DampishAlley_v1"
          },
          "unitList": [
            {
              "unitID": 90142,
              "unitCount": 4,
              "unitLevel": 45
            },
            {
              "unitID": 90143,
              "unitCount": 1,
              "unitLevel": 45
            }
          ],
          "bgmList": [
            "Battle_Cp6_5_TKT_Enemy"
          ]
        }
      ],
      "staminaCost": 0,
      "recommendedLevel": 45,
      "turnLimit": 99,
      "questlist": [
        {
          "args": [
            "10"
          ],
          "localizeId": 1
        }
      ],
      "rewardList": [],
      "stageScriptList": ["EnemyRun_Normal_AddForceFilter_NonMapFilter"]
    },
    {
      "id": 910902,
      "stageLevel": 45,
      "stageType": "Normal",
      "participantInfo": {
        "min": 6,
        "max": 6
      },
      "waveList": [
        {
          "battleMapInfo": {
            "mapName": "Cp6.5-1_TCorpIntersection"
          },
          "unitList": [
            {
              "unitID": 90140,
              "unitCount": 5,
              "unitLevel": 45
            }
          ],
          "bgmList": [
            "Battle_Cp6_5_TKT_Enemy"
          ]
        }
      ],
      "staminaCost": 0,
      "recommendedLevel": 45,
      "turnLimit": 99,
      "questlist": [
        {
          "args": [
            "10"
          ],
          "localizeId": 1
        }
      ],
      "rewardList": [],
      "stageScriptList": ["EnemyRun_Normal_AddForceFilter_NonMapFilter"]
    },
    {
      "id": 910903,
      "stageLevel": 45,
      "stageType": "Normal",
      "participantInfo": {
        "min": 6,
        "max": 6
      },
      "waveList": [
        {
          "battleMapInfo": {
            "mapName": "Cp6.5-1_DampishAlley"
          },
          "unitList": [
            {
              "unitID": 90142,
              "unitCount": 2,
              "unitLevel": 45
            },
            {
              "unitID": 90143,
              "unitCount": 3,
              "unitLevel": 45
            }
          ],
          "bgmList": [
            "Battle_Cp6_5_TKT_Enemy"
          ]
        }
      ],
      "staminaCost": 0,
      "recommendedLevel": 45,
      "turnLimit": 99,
      "questlist": [
        {
          "args": [
            "10"
          ],
          "localizeId": 1
        }
      ],
      "rewardList": [],
      "stageScriptList": ["EnemyRun_Normal_AddForceFilter_NonMapFilter"]
    },
    {
      "id": 910904,
      "stageLevel": 45,
      "stageType": "Normal",
      "participantInfo": {
        "min": 6,
        "max": 6
      },
      "waveList": [
        {
          "battleMapInfo": {
            "mapName": "Cp6.5-1_TCorpIntersection"
          },
          "unitList": [
            {
              "unitID": 90141,
              "unitCount": 5,
              "unitLevel": 45
            }
          ],
          "bgmList": [
            "Battle_Cp6_5_TKT_Enemy"
          ]
        }
      ],
      "staminaCost": 0,
      "recommendedLevel": 45,
      "turnLimit": 99,
      "questlist": [
        {
          "args": [
            "10"
          ],
          "localizeId": 1
        }
      ],
      "rewardList": [],
      "stageScriptList": ["EnemyRun_Normal_AddForceFilter_NonMapFilter"]
    },
    {
      "id": 910905,
      "stageLevel": 45,
      "stageType": "Normal",
      "participantInfo": {
        "min": 6,
        "max": 6
      },
      "waveList": [
        {
          "battleMapInfo": {
            "mapName": "Cp6.5-1_DampishAlley_v1"
          },
          "unitList": [
            {
              "unitID": 90142,
              "unitCount": 1,
              "unitLevel": 45
            },
            {
              "unitID": 90143,
              "unitCount": 4,
              "unitLevel": 45
            }
          ],
          "bgmList": [
            "Battle_Cp6_5_TKT_Enemy"
          ]
        }
      ],
      "staminaCost": 0,
      "recommendedLevel": 45,
      "turnLimit": 99,
      "questlist": [
        {
          "args": [
            "10"
          ],
          "localizeId": 1
        }
      ],
      "rewardList": [],
      "stageScriptList": ["EnemyRun_Normal_AddForceFilter_NonMapFilter"]
    },
    {
      "id": 910906,
      "stageLevel": 45,
      "stageType": "Normal",
      "participantInfo": {
        "min": 6,
        "max": 6
      },
      "waveList": [
        {
          "battleMapInfo": {
            "mapName": "Cp6.5-1_TCorpIntersection"
          },
          "unitList": [
            {
              "unitID": 90140,
              "unitCount": 1,
              "unitLevel": 45
            },
            {
              "unitID": 90141,
              "unitCount": 4,
              "unitLevel": 45
            }
          ],
          "bgmList": [
            "Battle_Cp6_5_TKT_Enemy"
          ]
        }
      ],
      "staminaCost": 0,
      "recommendedLevel": 45,
      "turnLimit": 99,
      "questlist": [
        {
          "args": [
            "10"
          ],
          "localizeId": 1
        }
      ],
      "rewardList": [],
      "stageScriptList": ["EnemyRun_Normal_AddForceFilter_NonMapFilter"]
    },
    {
      "id": 910907,
      "stageLevel": 45,
      "stageType": "Normal",
      "participantInfo": {
        "min": 6,
        "max": 6
      },
      "waveList": [
        {
          "battleMapInfo": {
            "mapName": "Cp6.5-1_DampishAlley"
          },
          "unitList": [
            {
              "unitID": 90143,
              "unitCount": 5,
              "unitLevel": 45
            }
          ],
          "bgmList": [
            "Battle_Cp6_5_TKT_Enemy"
          ]
        }
      ],
      "staminaCost": 0,
      "recommendedLevel": 45,
      "turnLimit": 99,
      "questlist": [
        {
          "args": [
            "10"
          ],
          "localizeId": 1
        }
      ],
      "rewardList": [],
      "stageScriptList": ["EnemyRun_Normal_AddForceFilter_NonMapFilter"]
    },
    {
      "id": 910908,
      "stageLevel": 45,
      "stageType": "Normal",
      "participantInfo": {
        "min": 6,
        "max": 6
      },
      "waveList": [
        {
          "battleMapInfo": {
            "mapName": "Cp6.5-1_TCorpIntersection"
          },
          "unitList": [
            {
              "unitID": 90140,
              "unitCount": 4,
              "unitLevel": 45
            },
            {
              "unitID": 90141,
              "unitCount": 1,
              "unitLevel": 45
            }
          ],
          "bgmList": [
            "Battle_Cp6_5_TKT_Enemy"
          ]
        }
      ],
      "staminaCost": 0,
      "recommendedLevel": 45,
      "turnLimit": 99,
      "questlist": [
        {
          "args": [
            "10"
          ],
          "localizeId": 1
        }
      ],
      "rewardList": [],
      "stageScriptList": ["EnemyRun_Normal_AddForceFilter_NonMapFilter"]
    },
    {
      "id": 910909,
      "stageLevel": 45,
      "stageType": "Normal",
      "participantInfo": {
        "min": 6,
        "max": 6
      },
      "waveList": [
        {
          "battleMapInfo": {
            "mapName": "Cp6.5-1_DampishAlley_v1"
          },
          "unitList": [
            {
              "unitID": 90142,
              "unitCount": 5,
              "unitLevel": 45
            }
          ],
          "bgmList": [
            "Battle_Cp6_5_TKT_Enemy"
          ]
        }
      ],
      "staminaCost": 0,
      "recommendedLevel": 45,
      "turnLimit": 99,
      "questlist": [
        {
          "args": [
            "10"
          ],
          "localizeId": 1
        }
      ],
      "rewardList": [],
      "stageScriptList": ["EnemyRun_Normal_AddForceFilter_NonMapFilter"]
    },
    {
      "id": 910910,
      "stageLevel": 45,
      "stageType": "Normal",
      "participantInfo": {
        "min": 6,
        "max": 6
      },
      "waveList": [
        {
          "battleMapInfo": {
            "mapName": "Cp6.5-1_TCorpIntersection"
          },
          "unitList": [
            {
              "unitID": 90140,
              "unitCount": 3,
              "unitLevel": 45
            },
            {
              "unitID": 90141,
              "unitCount": 2,
              "unitLevel": 45
            }
          ],
          "bgmList": [
            "Battle_Cp6_5_TKT_Enemy"
          ]
        }
      ],
      "staminaCost": 0,
      "recommendedLevel": 45,
      "turnLimit": 99,
      "questlist": [
        {
          "args": [
            "10"
          ],
          "localizeId": 1
        }
      ],
      "rewardList": [],
      "stageScriptList": ["EnemyRun_Normal_AddForceFilter_NonMapFilter"]
    },
    {
      "id": 910911,
      "stageLevel": 45,
      "stageType": "Normal",
      "participantInfo": {
        "min": 6,
        "max": 6
      },
      "waveList": [
        {
          "battleMapInfo": {
            "mapName": "Cp6.5-1_DampishAlley"
          },
          "unitList": [
            {
              "unitID": 90142,
              "unitCount": 4,
              "unitLevel": 45
            },
            {
              "unitID": 90143,
              "unitCount": 1,
              "unitLevel": 45
            }
          ],
          "bgmList": [
            "Battle_Cp6_5_TKT_Enemy"
          ]
        }
      ],
      "staminaCost": 0,
      "recommendedLevel": 45,
      "turnLimit": 99,
      "questlist": [
        {
          "args": [
            "10"
          ],
          "localizeId": 1
        }
      ],
      "rewardList": [],
      "stageScriptList": ["EnemyRun_Normal_AddForceFilter_NonMapFilter"]
    },
    {
      "id": 910912,
      "stageLevel": 45,
      "stageType": "Normal",
      "participantInfo": {
        "min": 6,
        "max": 6
      },
      "waveList": [
        {
          "battleMapInfo": {
            "mapName": "Cp6.5-1_TCorpIntersection"
          },
          "unitList": [
            {
              "unitID": 90140,
              "unitCount": 5,
              "unitLevel": 45
            }
          ],
          "bgmList": [
            "Battle_Cp6_5_TKT_Enemy"
          ]
        }
      ],
      "staminaCost": 0,
      "recommendedLevel": 45,
      "turnLimit": 99,
      "questlist": [
        {
          "args": [
            "10"
          ],
          "localizeId": 1
        }
      ],
      "rewardList": [],
      "stageScriptList": ["EnemyRun_Normal_AddForceFilter_NonMapFilter"]
    },
    {
      "id": 910913,
      "stageLevel": 45,
      "stageType": "Normal",
      "participantInfo": {
        "min": 6,
        "max": 6
      },
      "waveList": [
        {
          "battleMapInfo": {
            "mapName": "Cp6.5-1_DampishAlley_v1"
          },
          "unitList": [
            {
              "unitID": 90142,
              "unitCount": 2,
              "unitLevel": 45
            },
            {
              "unitID": 90143,
              "unitCount": 3,
              "unitLevel": 45
            }
          ],
          "bgmList": [
            "Battle_Cp6_5_TKT_Enemy"
          ]
        }
      ],
      "staminaCost": 0,
      "recommendedLevel": 45,
      "turnLimit": 99,
      "questlist": [
        {
          "args": [
            "10"
          ],
          "localizeId": 1
        }
      ],
      "rewardList": [],
      "stageScriptList": ["EnemyRun_Normal_AddForceFilter_NonMapFilter"]
    },
    {
      "id": 910914,
      "stageLevel": 45,
      "stageType": "Normal",
      "participantInfo": {
        "min": 6,
        "max": 6
      },
      "waveList": [
        {
          "battleMapInfo": {
            "mapName": "Cp6.5-1_TCorpIntersection"
          },
          "unitList": [
            {
              "unitID": 90141,
              "unitCount": 5,
              "unitLevel": 45
            }
          ],
          "bgmList": [
            "Battle_Cp6_5_TKT_Enemy"
          ]
        }
      ],
      "staminaCost": 0,
      "recommendedLevel": 45,
      "turnLimit": 99,
      "questlist": [
        {
          "args": [
            "10"
          ],
          "localizeId": 1
        }
      ],
      "rewardList": [],
      "stageScriptList": ["EnemyRun_Normal_AddForceFilter_NonMapFilter"]
    },
    {
      "id": 910915,
      "stageLevel": 45,
      "stageType": "Normal",
      "participantInfo": {
        "min": 6,
        "max": 6
      },
      "waveList": [
        {
          "battleMapInfo": {
            "mapName": "Cp6.5-1_DampishAlley"
          },
          "unitList": [
            {
              "unitID": 90142,
              "unitCount": 1,
              "unitLevel": 45
            },
            {
              "unitID": 90143,
              "unitCount": 4,
              "unitLevel": 45
            }
          ],
          "bgmList": [
            "Battle_Cp6_5_TKT_Enemy"
          ]
        }
      ],
      "staminaCost": 0,
      "recommendedLevel": 45,
      "turnLimit": 99,
      "questlist": [
        {
          "args": [
            "10"
          ],
          "localizeId": 1
        }
      ],
      "rewardList": [],
      "stageScriptList": ["EnemyRun_Normal_AddForceFilter_NonMapFilter"]
    },
    {
      "id": 910916,
      "stageLevel": 45,
      "stageType": "Normal",
      "participantInfo": {
        "min": 6,
        "max": 6
      },
      "waveList": [
        {
          "battleMapInfo": {
            "mapName": "Cp6.5-1_TCorpIntersection"
          },
          "unitList": [
            {
              "unitID": 90140,
              "unitCount": 1,
              "unitLevel": 45
            },
            {
              "unitID": 90141,
              "unitCount": 4,
              "unitLevel": 45
            }
          ],
          "bgmList": [
            "Battle_Cp6_5_TKT_Enemy"
          ]
        }
      ],
      "staminaCost": 0,
      "recommendedLevel": 45,
      "turnLimit": 99,
      "questlist": [
        {
          "args": [
            "10"
          ],
          "localizeId": 1
        }
      ],
      "rewardList": [],
      "stageScriptList": ["EnemyRun_Normal_AddForceFilter_NonMapFilter"]
    },
    {
      "id": 910917,
      "stageLevel": 45,
      "stageType": "Normal",
      "participantInfo": {
        "min": 6,
        "max": 6
      },
      "waveList": [
        {
          "battleMapInfo": {
            "mapName": "Cp6.5-1_DampishAlley_v1"
          },
          "unitList": [
            {
              "unitID": 90143,
              "unitCount": 5,
              "unitLevel": 45
            }
          ],
          "bgmList": [
            "Battle_Cp6_5_TKT_Enemy"
          ]
        }
      ],
      "staminaCost": 0,
      "recommendedLevel": 45,
      "turnLimit": 99,
      "questlist": [
        {
          "args": [
            "10"
          ],
          "localizeId": 1
        }
      ],
      "rewardList": [],
      "stageScriptList": ["EnemyRun_Normal_AddForceFilter_NonMapFilter"]
    },
    {
      "id": 910918,
      "stageLevel": 45,
      "stageType": "Normal",
      "participantInfo": {
        "min": 6,
        "max": 6
      },
      "waveList": [
        {
          "battleMapInfo": {
            "mapName": "Cp6.5-1_TCorpIntersection"
          },
          "unitList": [
            {
              "unitID": 90140,
              "unitCount": 4,
              "unitLevel": 45
            },
            {
              "unitID": 90141,
              "unitCount": 1,
              "unitLevel": 45
            }
          ],
          "bgmList": [
            "Battle_Cp6_5_TKT_Enemy"
          ]
        }
      ],
      "staminaCost": 0,
      "recommendedLevel": 45,
      "turnLimit": 99,
      "questlist": [
        {
          "args": [
            "10"
          ],
          "localizeId": 1
        }
      ],
      "rewardList": [],
      "stageScriptList": ["EnemyRun_Normal_AddForceFilter_NonMapFilter"]
    },
    {
      "id": 910936,
      "stageLevel": 45,
      "stageType": "Normal",
      "participantInfo": {
        "min": 6,
        "max": 6
      },
      "waveList": [
        {
          "battleMapInfo": {
            "mapName": "Cp6.5-1_YurodivyHideout"
          },
          "unitList": [
            {
              "unitID": 90140,
              "unitCount": 3,
              "unitLevel": 45
            },
            {
              "unitID": 90141,
              "unitCount": 2,
              "unitLevel": 45
            }
          ],
          "bgmList": [
            "Battle_Cp6_5_TKT_Enemy"
          ]
        },
        {
          "unitList": [
            {
              "unitID": 90140,
              "unitCount": 2,
              "unitLevel": 45
            },
            {
              "unitID": 90141,
              "unitCount": 1,
              "unitLevel": 45
            },
            {
              "unitID": 91017,
              "unitCount": 1,
              "unitLevel": 45
            }
          ]
        }
      ],
      "staminaCost": 0,
      "recommendedLevel": 45,
      "turnLimit": 99,
      "questlist": [
        {
          "args": [
            "10"
          ],
          "localizeId": 1
        }
      ],
      "rewardList": [],
      "stageScriptList": ["FilterAddForce_NonMapFilter"]
    },
    {
      "id": 910937,
      "stageLevel": 45,
      "stageType": "Normal",
      "participantInfo": {
        "min": 6,
        "max": 6
      },
      "waveList": [
        {
          "battleMapInfo": {
            "mapName": "Cp6.5-1_YurodivyHideout"
          },
          "unitList": [
            {
              "unitID": 90140,
              "unitCount": 3,
              "unitLevel": 45
            },
            {
              "unitID": 90141,
              "unitCount": 2,
              "unitLevel": 45
            }
          ],
          "bgmList": [
            "Battle_Cp6_5_TKT_Enemy"
          ]
        },
        {
          "unitList": [
            {
              "unitID": 90140,
              "unitCount": 2,
              "unitLevel": 45
            },
            {
              "unitID": 90141,
              "unitCount": 1,
              "unitLevel": 45
            },
            {
              "unitID": 91017,
              "unitCount": 1,
              "unitLevel": 45
            }
          ]
        }
      ],
      "staminaCost": 0,
      "recommendedLevel": 45,
      "turnLimit": 99,
      "questlist": [
        {
          "args": [
            "10"
          ],
          "localizeId": 1
        }
      ],
      "rewardList": [],
      "stageScriptList": ["FilterAddForce_NonMapFilter"]
    },
    {
      "id": 910938,
      "stageLevel": 45,
      "stageType": "Normal",
      "participantInfo": {
        "min": 6,
        "max": 6
      },
      "waveList": [
        {
          "battleMapInfo": {
            "mapName": "Cp6.5-1_YurodivyHideout"
          },
          "unitList": [
            {
              "unitID": 90140,
              "unitCount": 3,
              "unitLevel": 45
            },
            {
              "unitID": 90141,
              "unitCount": 2,
              "unitLevel": 45
            }
          ],
          "bgmList": [
            "Battle_Cp6_5_TKT_Enemy"
          ]
        },
        {
          "unitList": [
            {
              "unitID": 90140,
              "unitCount": 2,
              "unitLevel": 45
            },
            {
              "unitID": 90141,
              "unitCount": 1,
              "unitLevel": 45
            },
            {
              "unitID": 91017,
              "unitCount": 1,
              "unitLevel": 45
            }
          ]
        }
      ],
      "staminaCost": 0,
      "recommendedLevel": 45,
      "turnLimit": 99,
      "questlist": [
        {
          "args": [
            "10"
          ],
          "localizeId": 1
        }
      ],
      "rewardList": [],
      "stageScriptList": ["FilterAddForce_NonMapFilter"]
    },
    {
      "id": 910939,
      "stageLevel": 45,
      "stageType": "Normal",
      "participantInfo": {
        "min": 6,
        "max": 6
      },
      "waveList": [
        {
          "battleMapInfo": {
            "mapName": "Cp6.5-1_YurodivyHideout"
          },
          "unitList": [
            {
              "unitID": 90140,
              "unitCount": 3,
              "unitLevel": 45
            },
            {
              "unitID": 90141,
              "unitCount": 2,
              "unitLevel": 45
            }
          ],
          "bgmList": [
            "Battle_Cp6_5_TKT_Enemy"
          ]
        },
        {
          "unitList": [
            {
              "unitID": 90140,
              "unitCount": 2,
              "unitLevel": 45
            },
            {
              "unitID": 90141,
              "unitCount": 1,
              "unitLevel": 45
            },
            {
              "unitID": 91017,
              "unitCount": 1,
              "unitLevel": 45
            }
          ]
        }
      ],
      "staminaCost": 0,
      "recommendedLevel": 45,
      "turnLimit": 99,
      "questlist": [
        {
          "args": [
            "10"
          ],
          "localizeId": 1
        }
      ],
      "rewardList": [],
      "stageScriptList": ["FilterAddForce_NonMapFilter"]
    },
    {
      "id": 910940,
      "stageLevel": 45,
      "stageType": "Normal",
      "participantInfo": {
        "min": 6,
        "max": 6
      },
      "waveList": [
        {
          "battleMapInfo": {
            "mapName": "Cp6.5-1_YurodivyHideout"
          },
          "unitList": [
            {
              "unitID": 90140,
              "unitCount": 3,
              "unitLevel": 45
            },
            {
              "unitID": 90141,
              "unitCount": 2,
              "unitLevel": 45
            }
          ],
          "bgmList": [
            "Battle_Cp6_5_TKT_Enemy"
          ]
        },
        {
          "unitList": [
            {
              "unitID": 90140,
              "unitCount": 2,
              "unitLevel": 45
            },
            {
              "unitID": 90141,
              "unitCount": 1,
              "unitLevel": 45
            },
            {
              "unitID": 91017,
              "unitCount": 1,
              "unitLevel": 45
            }
          ]
        }
      ],
      "staminaCost": 0,
      "recommendedLevel": 45,
      "turnLimit": 99,
      "questlist": [
        {
          "args": [
            "10"
          ],
          "localizeId": 1
        }
      ],
      "rewardList": [],
      "stageScriptList": ["FilterAddForce_NonMapFilter"]
    }
  ]
}